date,trend,seasonal,resid
1981-01-01,,-5.35002370522203,
1981-01-02,,-5.8695937789838855,
1981-01-03,,-6.218338422468254,
1981-01-04,,-6.886126269324594,
1981-01-05,,-7.221306458997936,
1981-01-06,,-6.639114678176017,
1981-01-07,,-7.187616961281041,
1981-01-08,,-7.054204246142298,
1981-01-09,,-6.874877937747495,
1981-01-10,,-6.34970969046966,
1981-01-11,,-5.796353877333025,
1981-01-12,,-6.567875479019009,
1981-01-13,,-6.952945377157402,
1981-01-14,,-6.344883557698322,
1981-01-15,,-5.8177110954573665,
1981-01-16,,-5.446057424926983,
1981-01-17,,-4.891534067006366,
1981-01-18,,-4.98428643792312,
1981-01-19,,-5.72706199113703,
1981-01-20,,-5.9490205439996915,
1981-01-21,,-6.536574460402923,
1981-01-22,,-6.733023353975104,
1981-01-23,,-7.031281169219221,
1981-01-24,,-6.974241478316517,
1981-01-25,,-6.85518563005519,
1981-01-26,,-6.246212676068536,
1981-01-27,,-6.688383382074859,
1981-01-28,,-7.324531608277878,
1981-01-29,,-7.4403398274559605,
1981-01-30,,-7.088863887870433,
1981-01-31,,-7.545687913160211,
1981-02-01,,-7.297627498688838,
1981-02-02,,-7.335795394719748,
1981-02-03,,-7.293775724891859,
1981-02-04,,-6.831487702412056,
1981-02-05,,-6.521976638133868,
1981-02-06,,-6.593745517656172,
1981-02-07,,-6.734910954958596,
1981-02-08,,-6.943091495878863,
1981-02-09,,-6.357349311122979,
1981-02-10,,-6.145156827807209,
1981-02-11,,-7.438229535921012,
1981-02-12,,-7.513642251059754,
1981-02-13,,-7.509302244034816,
1981-02-14,,-7.6464121843228385,
1981-02-15,,-7.4344395815831135,
1981-02-16,,-7.514391109507243,
1981-02-17,,-7.884687561913284,
1981-02-18,,-7.442676322011634,
1981-02-19,,-7.944499293560633,
1981-02-20,,-7.9744669788433855,
1981-02-21,,-8.227892338871486,
1981-02-22,,-7.812736033989153,
1981-02-23,,-7.438166311474226,
1981-02-24,,-6.508159989029547,
1981-02-25,,-6.458881450216762,
1981-02-26,,-6.808605370132464,
1981-02-27,,-7.457442040311599,
1981-02-28,,-7.011469437571872,
1981-03-01,,-6.687996307961758,
1981-03-02,,-6.739202489907665,
1981-03-03,,-6.268228833427159,
1981-03-04,,-6.656306810244861,
1981-03-05,,-7.091073933532533,
1981-03-06,,-7.197087280915743,
1981-03-07,,-6.783026866444371,
1981-03-08,,-6.371295921590138,
1981-03-09,,-5.973124513089962,
1981-03-10,,-6.301552331846548,
1981-03-11,,-6.100935542243457,
1981-03-12,,-6.587050048741524,
1981-03-13,,-6.549626796194984,
1981-03-14,,-5.825435015373067,
1981-03-15,,-5.2572614993913325,
1981-03-16,,-5.983395675717289,
1981-03-17,,-5.6011146781760175,
1981-03-18,,-5.379382328334079,
1981-03-19,,-5.48494045970043,
1981-03-20,,-5.247581134094529,
1981-03-21,,-4.2096563009368175,
1981-03-22,,-4.157675268270854,
1981-03-23,,-4.757220052253995,
1981-03-24,,-4.175884611439101,
1981-03-25,,-4.427621176244159,
1981-03-26,,-4.121782749830391,
1981-03-27,,-4.871725847828283,
1981-03-28,,-4.816027217691297,
1981-03-29,,-5.09124323455115,
1981-03-30,,-5.183326128825824,
1981-03-31,,-5.528761323767869,
1981-04-01,,-4.983116785657577,
1981-04-02,,-4.696721281618237,
1981-04-03,,-4.554541443191823,
1981-04-04,,-4.402521773363936,
1981-04-05,,-4.0947479763846575,
1981-04-06,,-3.26172514533443,
1981-04-07,,-3.033782749830391,
1981-04-08,,-3.121732872766815,
1981-04-09,,-3.5048828552044693,
1981-04-10,,-3.3825512781057685,
1981-04-11,,-3.7824444990400856,
1981-04-12,,-4.325312781442614,
1981-04-13,,-4.430534418253292,
1981-04-14,,-4.3496829957032395,
1981-04-15,,-3.8241065994967074,
1981-04-16,,-3.699958373293686,
1981-04-17,,-3.529810849584518,
1981-04-18,,-3.295453982707103,
1981-04-19,,-3.9501670139680796,
1981-04-20,,-3.63545749517637,
1981-04-21,,-3.0300827147056983,
1981-04-22,,-2.676071474804047,
1981-04-23,,-2.658051804976158,
1981-04-24,,-2.376564625488979,
1981-04-25,,-2.1774286929283893,
1981-04-26,,-1.7045006985483397,
1981-04-27,,-1.60474165393998,
1981-04-28,,-1.3483911095072436,
1981-04-29,,-0.970426936693756,
1981-04-30,,-0.5687809935957578,
1981-05-01,,-0.44575535257011695,
1981-05-02,,-0.36008903715037677,
1981-05-03,,-0.10397944810928078,
1981-05-04,,-0.08841780427366439,
1981-05-05,,-0.2501269718184484,
1981-05-06,,-0.2514750575226986,
1981-05-07,,0.11849895020473389,
1981-05-08,,-0.08670371927190826,
1981-05-09,,-0.2317651874840614,
1981-05-10,,0.1394501268819379,
1981-05-11,,-0.018806985868325486,
1981-05-12,,0.16499912582819712,
1981-05-13,,0.8065144050695039,
1981-05-14,,0.8789808609880143,
1981-05-15,,1.1716327752837643,
1981-05-16,,1.6106717636926158,
1981-05-17,,1.9133068181358892,
1981-05-18,,2.3271382196111263,
1981-05-19,,2.3469380088629705,
1981-05-20,,2.079670709951836,
1981-05-21,,1.521290660777266,
1981-05-22,,0.8342860945672206,
1981-05-23,,0.4417557117080709,
1981-05-24,,0.5229106116026966,
1981-05-25,,1.26421303520649,
1981-05-26,,2.199844225933571,
1981-05-27,,2.769824556105682,
1981-05-28,,2.902159645673648,
1981-05-29,,2.3225720095654645,
1981-05-30,,2.6180395192247548,
1981-05-31,,3.3267370956209614,
1981-06-01,,3.5091782617607574,
1981-06-02,,3.7641561332043825,
1981-06-03,,3.4835597159230334,
1981-06-04,,4.096879701873156,
1981-06-05,,3.719338430359282,
1981-06-06,,3.140810154981692,
1981-06-07,,2.753534426144319,
1981-06-08,,2.720678086137294,
1981-06-09,,3.404964001135538,
1981-06-10,,4.208854412094443,
1981-06-11,,4.4431073098815865,
1981-06-12,,4.101932037665219,
1981-06-13,,4.352151918241264,
1981-06-14,,4.515270990949378,
1981-06-15,,4.64739533236139,
1981-06-16,,4.398231300046674,
1981-06-17,,4.771327892951485,
1981-06-18,,4.822098528708422,
1981-06-19,,5.01027696214713,
1981-06-20,,5.386000179568977,
1981-06-21,,5.604099231202276,
1981-06-22,,5.769240783713691,
1981-06-23,,6.115490871525423,
1981-06-24,,6.618806642512426,
1981-06-25,,6.442742013077933,
1981-06-26,,6.005523186242669,
1981-06-27,,6.105474011672947,
1981-06-28,,6.463422027127811,
1981-06-29,,6.6153679351011165,
1981-06-30,,6.7376236428636735,
1981-07-01,,6.846494735241616,
1981-07-02,-1.0912054794520545,7.677430615115167,1.773774864336886
1981-07-03,-1.0850136986301369,7.638049793197358,-1.8430360945672213
1981-07-04,-1.0720821917808219,7.216994998676809,-2.8749128068959875
1981-07-05,-1.0579999999999998,7.726461437032974,-1.288461437032974
1981-07-06,-1.039945205479452,7.816629930183659,-0.7666847247042075
1981-07-07,-1.0095342465753425,7.758190889087769,1.3713433574875724
1981-07-08,-0.9886575342465753,7.849064176759002,2.489593357487573
1981-07-09,-0.9757534246575341,7.624521711005577,2.5112317136519566
1981-07-10,-0.9440547945205479,7.535721711005578,1.8783330835149714
1981-07-11,-0.9283013698630136,7.660425820594618,1.1178755492683958
1981-07-12,-0.9129589041095889,7.659828560320647,-0.5168696562110577
1981-07-13,-0.9013424657534246,7.68018212547695,-1.368839659723525
1981-07-14,-0.8893150684931507,7.488536884872805,-1.5892218163796548
1981-07-15,-0.8703287671232877,7.555372852558088,-1.1950440854348008
1981-07-16,-0.8521917808219177,7.205849143390544,1.5663426374313731
1981-07-17,-0.8283561643835616,7.305116442301679,1.3532397220818835
1981-07-18,-0.7931232876712329,7.330495437735468,-5.8173721500642355
1981-07-19,-0.7800547945205479,7.646339484100062,-8.776284689579514
1981-07-20,-0.7648219178082192,7.703801373808528,-5.958979456000309
1981-07-21,-0.7513972602739727,8.03939533236139,-3.407998072087418
1981-07-22,-0.7320821917808219,8.195239378725985,-1.843157186945163
1981-07-23,-0.7173972602739727,8.524629614061425,-3.957232353787452
1981-07-24,-0.714054794520548,8.249456449326617,-5.575401654806069
1981-07-25,-0.7282465753424658,8.07071672329922,-7.212470147956755
1981-07-26,-0.754164383561644,8.549601865554225,-8.39543748199258
1981-07-27,-0.7717534246575344,8.76107921012746,-5.8593257854699266
1981-07-28,-0.7603835616438357,8.624287499554926,-3.2139039379110903
1981-07-29,-0.7594520547945207,8.375106607387734,1.0543454474067868
1981-07-30,-0.7668767123287672,8.768581141985555,3.298295570343212
1981-07-31,-0.7675616438356164,8.909926417714393,4.957635226121223
1981-08-01,-0.7633424657534247,8.911056027830305,3.83228643792312
1981-08-02,-0.7707397260273972,8.542165265624476,3.478574460402921
1981-08-03,-0.7817808219178082,8.147170534328373,3.5346102875894356
1981-08-04,-0.7873150684931507,8.681203551539472,4.0161115169536785
1981-08-05,-0.7941095890410959,8.519180369242317,5.164929219798779
1981-08-06,-0.7897534246575343,7.949296983221945,5.01045644143559
1981-08-07,-0.7651232876712329,8.453571658318538,2.6715516293526953
1981-08-08,-0.7527671232876714,9.16424113496062,2.078525988327053
1981-08-09,-0.7606849315068496,8.66974657928798,-1.1090616477811297
1981-08-10,-0.774054794520548,8.564114686067047,-2.0400598915464982
1981-08-11,-0.7837534246575344,8.37739533236139,-2.8936419077038558
1981-08-12,-0.7633424657534249,8.975322975494512,-1.6719805097410871
1981-08-13,-0.7265479452054797,8.932508785118678,-0.48596083991319894
1981-08-14,-0.6842465753424658,8.89066614374179,0.6235804316006757
1981-08-15,-0.6593150684931508,8.38539743984295,3.7339176286502003
1981-08-16,-0.6566849315068493,8.317084127584431,1.8896008039224181
1981-08-17,-0.6600273972602739,8.196149810759705,-2.066122413499431
1981-08-18,-0.6627671232876713,8.677133302154154,-0.004366178866483494
1981-08-19,-0.6441095890410958,7.893801373808529,1.3003082152325671
1981-08-20,-0.6110684931506849,7.751190906650114,0.4798775865005709
1981-08-21,-0.586,7.766952761233887,-5.590952761233887
1981-08-22,-0.564931506849315,7.973079912621312,-3.4681484057719967
1981-08-23,-0.5482191780821918,8.140393576126758,-3.8721743980445664
1981-08-24,-0.547041095890411,7.9143275417045595,-5.737286445814148
1981-08-25,-0.5590136986301371,8.228461718030514,-4.719448019400377
1981-08-26,-0.5703013698630137,7.889133302154154,-2.5288319322911406
1981-08-27,-0.5873424657534247,7.4533911173982705,-2.3260486516448458
1981-08-28,-0.6030136986301371,7.278654903840141,-1.0756412052100037
1981-08-29,-0.6014520547945207,7.753854060847515,0.08759799394700618
1981-08-30,-0.5817808219178083,7.775518971279549,0.47626185063825943
1981-08-31,-0.5673424657534247,7.320444155684187,1.3668983100692378
1981-09-01,-0.5725205479452056,6.861314545568274,-0.5987939976230683
1981-09-02,-0.5653698630136987,6.879403762287627,-1.1440338992739285
1981-09-03,-0.5586575342465754,6.47600298954439,-2.487345455297814
1981-09-04,-0.5643835616438357,6.201467689228267,-2.1070841275844314
1981-09-05,-0.5845205479452056,6.061980509741088,0.542540038204117
1981-09-06,-0.6006575342465754,6.24275887293041,2.477898661316165
1981-09-07,-0.6189589041095891,5.6700816688559454,3.898877235253644
1981-09-08,-0.6366849315068495,5.8623928736329045,3.434292057873945
1981-09-09,-0.6598082191780823,5.695381282484327,1.964426936693755
1981-09-10,-0.6966849315068494,5.494617671665921,1.3020672598409284
1981-09-11,-0.7157534246575343,5.281013878199114,2.06473954645842
1981-09-12,-0.7307945205479452,5.586893049256367,3.723901471291579
1981-09-13,-0.7445753424657535,6.073948195023842,-0.45937285255808824
1981-09-14,-0.7461643835616439,6.217741661831007,-4.431577278269363
1981-09-15,-0.7432602739726029,5.98430997935823,-2.6710497053856272
1981-09-16,-0.7367123287671233,5.390670358704909,0.08604197006221437
1981-09-17,-0.7296986301369863,4.631134004648008,2.0885646254889787
1981-09-18,-0.7375068493150686,4.917950302505401,3.4095565468096662
1981-09-19,-0.7575068493150687,5.093451531869645,1.6540553174454242
1981-09-20,-0.7726027397260276,5.059232353787453,3.6833703859385745
1981-09-21,-0.7901095890410961,5.30114735203122,3.7289622370098767
1981-09-22,-0.8105205479452057,5.471748686769539,2.2487718611756673
1981-09-23,-0.8340547945205482,5.39086494950224,0.10318984501830819
1981-09-24,-0.8546301369863015,5.345998072087418,-0.6913679351011162
1981-09-25,-0.8632602739726029,4.331037762990123,1.1222225109824802
1981-09-26,-0.8688219178082193,4.213026523088471,0.8957953947197481
1981-09-27,-0.8779452054794522,4.014211630218784,-2.516266424739332
1981-09-28,-0.8869041095890412,3.938477172895285,-4.611573063306244
1981-09-29,-0.8992876712328768,3.9207848652029775,-5.761497193970101
1981-09-30,-0.9153698630136987,3.8721484057719975,-1.7467785427582987
1981-10-01,-0.9275068493150685,3.723670007457983,0.35383684185708564
1981-10-02,-0.9400273972602741,3.1143795262496936,-0.9343521289894197
1981-10-03,-0.9554246575342467,3.4609703235802174,-0.9555456660459707
1981-10-04,-0.9586027397260275,3.9452815283571745,0.4133212113688529
1981-10-05,-0.9563287671232877,3.9082692347147447,1.6380595324085427
1981-10-06,-0.956109589041096,3.8416201303944075,3.0444894586466886
1981-10-07,-0.961972602739726,3.7382074152556646,0.8437651874840615
1981-10-08,-0.9646301369863014,3.4934508293757913,2.1411793076105097
1981-10-09,-0.9877808219178082,2.7181947703663076,4.869586051551501
1981-10-10,-1.0155068493150685,1.961820341142563,1.733686508172506
1981-10-11,-1.0436712328767126,2.31159203064028,-1.1579207977635675
1981-10-12,-1.07013698630137,2.551293470752679,-2.561156484451309
1981-10-13,-1.104876712328767,3.110797510092335,-6.875920797763568
1981-10-14,-1.1405205479452056,3.1437395543494477,-3.7032190064042423
1981-10-15,-1.1582465753424658,2.9772091714902973,1.7010374038521685
1981-10-16,-1.1613424657534248,2.783380579990473,1.0479618857629514
1981-10-17,-1.1586027397260275,2.857145947043512,4.581456792682515
1981-10-18,-1.1433698630136986,2.7451340046480075,3.368235858365691
1981-10-19,-1.131068493150685,2.5351747492914916,0.7958937438591933
1981-10-20,-1.1293424657534246,2.297583600714042,1.8717588650393826
1981-10-21,-1.131890410958904,1.5673257854699252,-2.865435374511021
1981-10-22,-1.1386301369863014,0.6918990204541192,-8.023268883467818
1981-10-23,-1.1439726027397261,0.5998140186978846,-8.415841415958159
1981-10-24,-1.1638630136986303,0.07143748199258068,-7.20757446829395
1981-10-25,-1.1786301369863013,0.434118198536311,-5.855488061550009
1981-10-26,-1.180821917808219,0.9325242399834485,-6.48170232217523
1981-10-27,-1.1686849315068493,0.9541547282166764,-7.315469796709827
1981-10-28,-1.1628219178082193,1.0387174257930725,-5.295895507984852
1981-10-29,-1.1592328767123288,1.0161645631306206,-1.146931686418292
1981-10-30,-1.17613698630137,0.7095365336258791,-1.1933995473245091
1981-10-31,-1.1876438356164385,0.8556067830111969,2.7420370526052418
1981-11-01,-1.1869315068493154,1.5459798072472348,2.8609516996020807
1981-11-02,-1.175178082191781,1.6977065371383482,4.997471545053433
1981-11-03,-1.1580273972602741,1.6723781212619873,5.325649275998287
1981-11-04,-1.1432876712328768,1.2832211138858016,4.860066557347075
1981-11-05,-1.1451232876712332,0.10286705698379968,2.3422562306874335
1981-11-06,-1.1707945205479453,-0.5999956054679039,-2.9592098739841513
1981-11-07,-1.1867671232876713,-0.9022604456505525,-7.110972431061775
1981-11-08,-1.1990684931506852,-0.5789769893807946,-9.63195451746852
1981-11-09,-1.2158082191780823,-0.33294748463896096,-9.441244296182957
1981-11-10,-1.2201095890410962,-0.3139752331461618,-10.375915177812743
1981-11-11,-1.21613698630137,-0.6598066346213988,-3.4840563790772316
1981-11-12,-1.2093972602739727,-1.6624030519027482,-2.2781996878232795
1981-11-13,-1.2023835616438356,-1.9510739335325336,-2.3965425048236306
1981-11-14,-1.1951506849315068,-2.8881269718184486,-5.686722343250044
1981-11-15,-1.1892602739726026,-4.0193633610000425,-5.581376365027355
1981-11-16,-1.1753424657534246,-3.271392163248023,-3.9532653709985524
1981-11-17,-1.1675068493150684,-2.9015333645125123,1.6090402138275808
1981-11-18,-1.1675342465753424,-3.2643222651096324,2.891856511684975
1981-11-19,-1.172082191780822,-3.2585365257348515,4.320618717515673
1981-11-20,-1.1835616438356165,-2.783034593876755,4.866596237712372
1981-11-21,-1.175780821917808,-3.6141571790541347,5.5099380009719425
1981-11-22,-1.1733698630136988,-4.008117839398357,7.261487702412056
1981-11-23,-1.1841095890410958,-4.270810498337591,6.424920087378687
1981-11-24,-1.1819726027397262,-3.8082077586115646,3.5801803613512906
1981-11-25,-1.1637260273972605,-4.5146468172698,-3.521627155332939
1981-11-26,-1.1415342465753424,-4.422303297775596,-3.436162455649062
1981-11-27,-1.1277534246575343,-3.870726901569063,0.7284803262265975
1981-11-28,-1.1236986301369862,-4.790910252464743,-3.0653911173982715
1981-11-29,-1.118904109589041,-4.439180712598216,-5.931915177812743
1981-11-30,-1.12,-4.460228833427158,-2.8897711665728423
1981-12-01,-1.1235068493150684,-4.114927814811072,-5.931565335873859
1981-12-02,-1.1314520547945204,-4.292378464617886,-6.366169480587593
1981-12-03,-1.1352876712328768,-4.150512640943843,-5.80419968782328
1981-12-04,-1.115205479452055,-3.947609233848656,0.33281471330071044
1981-12-05,-1.1015890410958904,-4.23279925843594,-6.125611700468171
1981-12-06,-1.0975890410958904,-4.137071826050973,-5.445339132853136
1981-12-07,-1.0975616438356166,-4.800926409823366,-3.0915119463410177
1981-12-08,-1.0978904109589043,-5.359052156223084,1.256942567181989
1981-12-09,-1.1041095890410957,-5.913653490961405,-0.562236919997499
1981-12-10,-1.1012054794520547,-5.665217242278582,-0.7035772782693632
1981-12-11,-1.1092328767123287,-5.219905686254697,1.3191385629670265
1981-12-12,-1.1284657534246576,-5.219241127069589,-2.612293119505754
1981-12-13,-1.153095890410959,-5.187364765987748,-8.239539343601292
1981-12-14,-1.1862465753424658,-5.240638387343562,-2.9231150373139716
1981-12-15,-1.2132054794520548,-5.291845974277177,-2.0249485462707675
1981-12-16,-1.2233972602739724,-5.151193357487574,0.764590617761546
1981-12-17,-1.20772602739726,-5.3989172774032745,-1.2733566951994657
1981-12-18,-1.181972602739726,-5.646160691523401,-0.23186670573687262
1981-12-19,-1.1679178082191781,-6.152559005538153,-7.179523186242669
1981-12-20,-1.149917808219178,-6.533144885411704,-5.016937306369116
1981-12-21,-1.1306849315068492,-6.692673512036221,-2.6766415564569304
1981-12-22,-1.0977808219178082,-6.35418246883285,-0.7580367092493425
1981-12-23,-1.0873698630136985,-5.93785791667268,-2.5547722203136214
1981-12-24,-1.0759999999999998,-6.405264309366745,-1.0687356906332557
1981-12-25,-1.0603835616438357,-6.692153666584869,-4.297462771771296
1981-12-26,-1.0521917808219179,-6.653272739292981,-5.724535479885101
1981-12-27,-1.0607397260273972,-5.980386192050272,-3.158874081922331
1981-12-28,-1.0632602739726025,-5.777692830617183,-0.8290468954102144
1981-12-29,-1.0552876712328767,-5.485762377508649,-0.20894995125847426
1981-12-30,-1.0502465753424657,-4.766436771607699,-0.8933166530498351
1981-12-31,-1.0501917808219177,-4.468885665179881,2.5690774460017987
1982-01-01,-1.0452602739726027,-5.35002370522203,0.9952839791946326
1982-01-02,-1.0321917808219179,-5.8695937789838855,1.5017855598058034
1982-01-03,-1.0244657534246575,-6.218338422468254,8.482804175892912
1982-01-04,-1.0127397260273971,-6.886126269324594,6.918865995351991
1982-01-05,-0.9954246575342465,-7.221306458997936,5.236731116532182
1982-01-06,-0.9906301369863011,-6.639114678176017,2.459744815162318
1982-01-07,-0.9846301369863013,-7.187616961281041,-4.007752901732658
1982-01-08,-0.9723835616438354,-7.054204246142298,2.616587807786133
1982-01-09,-0.962767123287671,-6.874877937747495,5.367645061035166
1982-01-10,-0.9495890410958902,-6.34970969046966,4.60929873156555
1982-01-11,-0.9330684931506847,-5.796353877333025,2.20942237048371
1982-01-12,-0.915698630136986,-6.567875479019009,1.9835741091559953
1982-01-13,-0.8973972602739724,-6.952945377157402,2.1503426374313737
1982-01-14,-0.8811232876712326,-6.344883557698322,1.5360068453695535
1982-01-15,-0.8732602739726025,-5.8177110954573665,4.1509713694299695
1982-01-16,-0.8695342465753424,-5.446057424926983,4.485591671502325
1982-01-17,-0.848849315068493,-4.891534067006366,2.230383382074859
1982-01-18,-0.8180273972602738,-4.98428643792312,1.8223138351833938
1982-01-19,-0.7908493150684931,-5.72706199113703,3.0979113062055235
1982-01-20,-0.7691232876712328,-5.9490205439996915,2.2081438316709248
1982-01-21,-0.7606027397260273,-6.536574460402923,0.17717720012895022
1982-01-22,-0.7514520547945205,-6.733023353975104,-1.3255245912303755
1982-01-23,-0.7440821917808218,-7.031281169219221,-1.9746366389999581
1982-01-24,-0.7322465753424656,-6.974241478316517,-4.683511946341018
1982-01-25,-0.7173972602739725,-6.85518563005519,-5.897417109670838
1982-01-26,-0.7136986301369863,-6.246212676068536,1.4799113062055218
1982-01-27,-0.7156986301369863,-6.688383382074859,-0.3259179877881557
1982-01-28,-0.7177808219178081,-7.324531608277878,-1.1076875698043143
1982-01-29,-0.7227671232876712,-7.4403398274559605,1.3931069507436318
1982-01-30,-0.7459178082191781,-7.088863887870433,4.0347816960896115
1982-01-31,-0.7543013698630137,-7.545687913160211,2.5999892830232243
1982-02-01,-0.7557260273972601,-7.297627498688838,1.9933535260860982
1982-02-02,-0.7690958904109588,-7.335795394719748,3.3548912851307064
1982-02-03,-0.7841643835616436,-7.293775724891859,1.667940108453502
1982-02-04,-0.7980547945205478,-6.831487702412056,1.9595424969326034
1982-02-05,-0.814821917808219,-6.521976638133868,2.666798555942087
1982-02-06,-0.8303287671232875,-6.593745517656172,4.07407428477946
1982-02-07,-0.8436712328767122,-6.734910954958596,2.8885821878353077
1982-02-08,-0.8446849315068492,-6.943091495878863,3.0777764273857127
1982-02-09,-0.8404109589041096,-6.357349311122979,2.957760270027088
1982-02-10,-0.8228493150684932,-6.145156827807209,6.228006142875702
1982-02-11,-0.806986301369863,-7.438229535921012,6.645215837290875
1982-02-12,-0.7975342465753426,-7.513642251059754,5.6811764976350965
1982-02-13,-0.7933150684931507,-7.509302244034816,4.742617312527967
1982-02-14,-0.7955068493150684,-7.6464121843228385,1.5619190336379072
1982-02-15,-0.7944383561643833,-7.4344395815831135,0.3788779377474967
1982-02-16,-0.791780821917808,-7.514391109507243,1.8761719314250511
1982-02-17,-0.787780821917808,-7.884687561913284,5.392468383831092
1982-02-18,-0.7874246575342463,-7.442676322011634,4.82010097954588
1982-02-19,-0.7942191780821917,-7.944499293560633,4.258718471642824
1982-02-20,-0.7961369863013698,-7.9744669788433855,3.050603965144756
1982-02-21,-0.7985753424657533,-8.227892338871486,0.25646768133723974
1982-02-22,-0.7906301369863012,-7.812736033989153,-3.9666338290245458
1982-02-23,-0.784931506849315,-7.438166311474226,-8.03690218167646
1982-02-24,-0.7766849315068491,-6.508159989029547,-8.045155079463603
1982-02-25,-0.7685753424657533,-6.458881450216762,-8.662543207317484
1982-02-26,-0.7636438356164383,-6.808605370132464,-7.5077507942510975
1982-02-27,-0.7650684931506847,-7.457442040311599,-1.1674894665377176
1982-02-28,-0.7707123287671231,-7.011469437571872,4.842181766338995
1982-03-01,-0.7722465753424657,-6.687996307961758,6.480242883304224
1982-03-02,-0.7894246575342463,-6.739202489907665,-0.4613728525580889
1982-03-03,-0.7974794520547943,-6.268228833427159,2.1057082854819535
1982-03-04,-0.792876712328767,-6.656306810244861,1.2291835225736287
1982-03-05,-0.7761095890410958,-7.091073933532533,-2.07281647742637
1982-03-06,-0.7521095890410958,-7.197087280915743,-4.930803130043162
1982-03-07,-0.7394794520547945,-6.783026866444371,-1.077493681500834
1982-03-08,-0.7485205479452054,-6.371295921590138,-0.3301835304646561
1982-03-09,-0.7690136986301369,-5.973124513089962,-0.6178617882799013
1982-03-10,-0.7810136986301369,-6.301552331846548,-1.077433969523316
1982-03-11,-0.7806849315068491,-6.100935542243457,-3.638379526249693
1982-03-12,-0.7723561643835615,-6.587050048741524,-1.660593786874914
1982-03-13,-0.7668493150684931,-6.549626796194984,-3.793523888736523
1982-03-14,-0.7659999999999998,-5.825435015373067,-4.748564984626933
1982-03-15,-0.7559726027397259,-5.2572614993913325,-1.3967658978689421
1982-03-16,-0.7309863013698629,-5.983395675717289,-0.8156180229128482
1982-03-17,-0.7095342465753423,-5.6011146781760175,-0.7893510752486401
1982-03-18,-0.6935342465753424,-5.379382328334079,-4.047083425090578
1982-03-19,-0.6849589041095889,-5.48494045970043,-4.630100636189982
1982-03-20,-0.6832328767123286,-5.247581134094529,-3.349185989193143
1982-03-21,-0.6752876712328765,-4.2096563009368175,-4.035056027830306
1982-03-22,-0.672712328767123,-4.157675268270854,-4.599612402962023
1982-03-23,-0.6738356164383559,-4.757220052253995,-4.1789443313076475
1982-03-24,-0.6759726027397257,-4.175884611439101,-3.1481427858211735
1982-03-25,-0.6806849315068491,-4.427621176244159,0.6283061077510075
1982-03-26,-0.6814246575342463,-4.121782749830391,2.1032074073646374
1982-03-27,-0.6770684931506846,-4.871725847828283,3.058794340978967
1982-03-28,-0.6719178082191779,-4.816027217691297,1.567945025910475
1982-03-29,-0.6604383561643834,-5.09124323455115,1.7616815907155328
1982-03-30,-0.6424931506849314,-5.183326128825824,0.32581927951075507
1982-03-31,-0.6195342465753423,-5.528761323767869,0.44829557034321077
1982-04-01,-0.6128767123287671,-4.983116785657577,2.685993497986344
1982-04-02,-0.6160273972602738,-4.696721281618237,3.1627486788785113
1982-04-03,-0.6075068493150684,-4.554541443191823,1.9320482925068916
1982-04-04,-0.5998904109589039,-4.402521773363936,4.90241218432284
1982-04-05,-0.6015342465753423,-4.0947479763846575,4.7562822229599995
1982-04-06,-0.6166301369863012,-3.26172514533443,3.7283552823207313
1982-04-07,-0.6430410958904108,-3.033782749830391,2.976823845720802
1982-04-08,-0.6631506849315068,-3.121732872766815,3.9648835576983217
1982-04-09,-0.6813424657534244,-3.5048828552044693,-2.6837746790421066
1982-04-10,-0.7066301369863012,-3.3825512781057685,-3.26081858490793
1982-04-11,-0.717945205479452,-3.7824444990400856,-2.1496102954804623
1982-04-12,-0.7197808219178081,-4.325312781442614,-1.804906396639577
1982-04-13,-0.7211506849315066,-4.430534418253292,-4.528314896815201
1982-04-14,-0.7059999999999997,-4.3496829957032395,-4.7543170042967615
1982-04-15,-0.7019178082191779,-3.8241065994967074,0.5860244077158856
1982-04-16,-0.7232054794520546,-3.699958373293686,3.7631638527457403
1982-04-17,-0.7385753424657533,-3.529810849584518,1.2383861920502715
1982-04-18,-0.7581095890410957,-3.295453982707103,0.2935635717481988
1982-04-19,-0.7694794520547943,-3.9501670139680796,0.5596464660228735
1982-04-20,-0.7702465753424657,-3.63545749517637,-1.834295929481165
1982-04-21,-0.7685205479452053,-3.0300827147056983,-2.381396737349096
1982-04-22,-0.7515616438356163,-2.676071474804047,-1.4923668813603364
1982-04-23,-0.7263561643835614,-2.658051804976158,-1.2655920306402808
1982-04-24,-0.7004657534246574,-2.376564625488979,-5.282969621086363
1982-04-25,-0.6819178082191778,-2.1774286929283893,-4.330653498852433
1982-04-26,-0.669643835616438,-1.7045006985483397,-2.475855465835222
1982-04-27,-0.650630136986301,-1.60474165393998,-2.274628209073719
1982-04-28,-0.624712328767123,-1.3483911095072436,-3.3668965617256337
1982-04-29,-0.6025479452054792,-0.970426936693756,-3.357025118100764
1982-04-30,-0.5880821917808218,-0.5687809935957578,-8.10313681462342
1982-05-01,-0.572876712328767,-0.44575535257011695,-4.611367935101116
1982-05-02,-0.5694246575342465,-0.36008903715037677,-2.440486305315377
1982-05-03,-0.5635068493150683,-0.10397944810928078,-0.28251370257565084
1982-05-04,-0.5657260273972602,-0.08841780427366439,0.46414383167092454
1982-05-05,-0.5733424657534246,-0.2501269718184484,-1.056530562428127
1982-05-06,-0.5817260273972602,-0.2514750575226986,-2.1167989150800413
1982-05-07,-0.5826301369863013,0.11849895020473389,-5.955868813218433
1982-05-08,-0.5753424657534245,-0.08670371927190826,-3.017953814974667
1982-05-09,-0.5621643835616437,-0.2317651874840614,-1.7560704289542948
1982-05-10,-0.5383013698630135,0.1394501268819379,-3.7911487570189246
1982-05-11,-0.5086301369863011,-0.018806985868325486,-1.6825628771453733
1982-05-12,-0.4760821917808217,0.16499912582819712,1.4710830659526244
1982-05-13,-0.46046575342465723,0.8065144050695039,1.2739513483551532
1982-05-14,-0.4442465753424655,0.8789808609880143,2.615265714354451
1982-05-15,-0.43287671232876684,1.1716327752837643,3.291243937045003
1982-05-16,-0.4263287671232874,1.6106717636926158,2.9556570034306713
1982-05-17,-0.41991780821917774,1.9133068181358892,2.0266109900832885
1982-05-18,-0.4190410958904107,2.3271382196111263,2.181902876279284
1982-05-19,-0.43715068493150666,2.3469380088629705,1.8502126760685362
1982-05-20,-0.4407945205479451,2.079670709951836,2.7711238105961087
1982-05-21,-0.44698630136986284,1.521290660777266,1.8756956405925969
1982-05-22,-0.45997260273972584,0.8342860945672206,3.1056865081725054
1982-05-23,-0.4675616438356162,0.4417557117080709,2.7258059321275456
1982-05-24,-0.4798356164383559,0.5229106116026966,-2.1930749951643405
1982-05-25,-0.48843835616438336,1.26421303520649,1.5742253209578934
1982-05-26,-0.49038356164383545,2.199844225933571,4.380539335710264
1982-05-27,-0.4712054794520546,2.769824556105682,3.0413809233463724
1982-05-28,-0.45197260273972584,2.902159645673648,1.6898129570660778
1982-05-29,-0.44599999999999984,2.3225720095654645,2.3734279904345352
1982-05-30,-0.43323287671232863,2.6180395192247548,4.085193357487574
1982-05-31,-0.4134794520547944,3.3267370956209614,2.816742356433833
1982-06-01,-0.39852054794520525,3.5091782617607574,3.759342286184448
1982-06-02,-0.3726027397260272,3.7641561332043825,3.8584466065216443
1982-06-03,-0.34391780821917783,3.4835597159230334,4.180358092296145
1982-06-04,-0.3182465753424655,4.096879701873156,3.8313668734693094
1982-06-05,-0.3101095890410956,3.719338430359282,4.4307711586818135
1982-06-06,-0.28386301369862976,3.140810154981692,4.563052858716938
1982-06-07,-0.25868493150684896,2.753534426144319,4.60515050536253
1982-06-08,-0.23671232876712306,2.720678086137294,5.1860342426298285
1982-06-09,-0.2239452054794519,3.404964001135538,4.148981204343913
1982-06-10,-0.20926027397260247,4.208854412094443,3.94040586187816
1982-06-11,-0.198684931506849,4.4431073098815865,1.5755776216252624
1982-06-12,-0.21246575342465726,4.101932037665219,-1.549466284240562
1982-06-13,-0.2126027397260271,4.352151918241264,-5.299549178515236
1982-06-14,-0.19498630136986278,4.515270990949378,-5.050284689579515
1982-06-15,-0.2064383561643834,4.64739533236139,-3.5409569761970072
1982-06-16,-0.1954520547945204,4.398231300046674,-0.17277924525215305
1982-06-17,-0.17999999999999985,4.771327892951485,2.3586721070485153
1982-06-18,-0.16424657534246556,4.822098528708422,1.0721480466340436
1982-06-19,-0.17517808219178066,5.01027696214713,-1.6850988799553495
1982-06-20,-0.16687671232876694,5.386000179568977,1.5908765327597898
1982-06-21,-0.14526027397260258,5.604099231202276,0.8811610427703265
1982-06-22,-0.14098630136986295,5.769240783713691,3.621745517656171
1982-06-23,-0.15065753424657524,6.115490871525423,-0.7048333372788482
1982-06-24,-0.16172602739726016,6.618806642512426,1.3429193848848344
1982-06-25,-0.1740547945205479,6.442742013077933,3.5713127814426135
1982-06-26,-0.15791780821917817,6.005523186242669,0.7223946219765098
1982-06-27,-0.13632876712328773,6.105474011672947,-4.339145244549659
1982-06-28,-0.11786301369863024,6.463422027127811,-2.1155590134291797
1982-06-29,-0.11372602739726034,6.6153679351011165,-2.7216419077038565
1982-06-30,-0.12271232876712326,6.7376236428636735,-3.2149113140965504
1982-07-01,-0.1223835616438356,6.846494735241616,0.23588882640221964
1982-07-02,-0.12235616438356159,7.677430615115167,2.604925549268394
1982-07-03,-0.11753424657534238,7.638049793197358,1.9594844533779847
1982-07-04,-0.11739726027397253,7.216994998676809,-1.009597738402837
1982-07-05,-0.12912328767123282,7.726461437032974,2.062661850638259
1982-07-06,-0.1325205479452054,7.816629930183659,4.645890617761546
1982-07-07,-0.1266849315068492,7.758190889087769,2.23849404241908
1982-07-08,-0.10643835616438345,7.849064176759002,3.797374179405381
1982-07-09,-0.08424657534246571,7.624521711005577,6.0897248643368895
1982-07-10,-0.09665753424657542,7.535721711005578,4.540935823240997
1982-07-11,-0.10778082191780834,7.660425820594618,5.1073550013231905
1982-07-12,-0.11457534246575354,7.659828560320647,4.714746782145107
1982-07-13,-0.10205479452054808,7.68018212547695,4.171872669043598
1982-07-14,-0.09134246575342482,7.488536884872805,4.292805580880619
1982-07-15,-0.08156164383561666,7.555372852558088,3.956188791277528
1982-07-16,-0.09471232876712349,7.205849143390544,3.6788631853765787
1982-07-17,-0.10876712328767138,7.305116442301679,1.9936506809859926
1982-07-18,-0.1197260273972604,7.330495437735468,1.0592305896617908
1982-07-19,-0.11421917808219184,7.646339484100062,1.8078796939821293
1982-07-20,-0.10441095890410966,7.703801373808528,3.3006095850955823
1982-07-21,-0.1311780821917809,8.03939533236139,3.9017827498303905
1982-07-22,-0.15997260273972613,8.195239378725985,0.694733224013742
1982-07-23,-0.17093150684931516,8.524629614061425,-1.1636981072121095
1982-07-24,-0.1548493150684933,8.249456449326617,-3.4446071342581233
1982-07-25,-0.13180821917808228,8.07071672329922,-3.488908504121138
1982-07-26,-0.10158904109589047,8.549601865554225,-3.6280128244583336
1982-07-27,-0.06619178082191782,8.76107921012746,-5.214887429305543
1982-07-28,-0.053232876712328785,8.624287499554926,-4.651054622842597
1982-07-29,-0.031424657534246586,8.375106607387734,-0.4336819498534865
1982-07-30,-0.012821917808219209,8.768581141985555,0.7242407758226648
1982-07-31,-0.0024109589041096113,8.909926417714393,-4.257515458810284
1982-08-01,-0.006054794520547961,8.911056027830305,0.014998766690242249
1982-08-02,-0.02145205479452056,8.542165265624476,2.2092867891700454
1982-08-03,-0.01052054794520554,8.147170534328373,-2.116649986383168
1982-08-04,-0.03216438356164389,8.681203551539472,-2.239039167977828
1982-08-05,-0.04917808219178088,8.519180369242317,-0.650002287050536
1982-08-06,-0.0713698630136987,7.949296983221945,-1.8279271202082468
1982-08-07,-0.09073972602739733,8.453571658318538,-3.66283193229114
1982-08-08,-0.11126027397260281,9.16424113496062,-3.4329808609880166
1982-08-09,-0.13249315068493153,8.66974657928798,-2.107253428603048
1982-08-10,-0.1577260273972603,8.564114686067047,-1.0963886586697864
1982-08-11,-0.1832054794520548,8.37739533236139,2.9158101470906637
1982-08-12,-0.21882191780821916,8.975322975494512,3.573498942313707
1982-08-13,-0.2563835616438356,8.932508785118678,2.493874776525157
1982-08-14,-0.28731506849315064,8.89066614374179,1.76664892475136
1982-08-15,-0.3007671232876711,8.38539743984295,2.5753696834447197
1982-08-16,-0.3060821917808218,8.317084127584431,1.9289980641963904
1982-08-17,-0.309835616438356,8.196149810759705,-1.4463141943213484
1982-08-18,-0.316849315068493,8.677133302154154,1.1097160129143404
1982-08-19,-0.3301643835616436,7.893801373808529,1.1163630097531136
1982-08-20,-0.33994520547945195,7.751190906650114,-2.2712457011706624
1982-08-21,-0.344794520547945,7.766952761233887,-6.532158240685942
1982-08-22,-0.3522465753424656,7.973079912621312,-4.570833337278847
1982-08-23,-0.3526027397260272,8.140393576126758,-1.167790836400731
1982-08-24,-0.34304109589041076,7.9143275417045595,-3.861286445814149
1982-08-25,-0.31936986301369846,8.228461718030514,-1.9490918550168157
1982-08-26,-0.29356164383561634,7.889133302154154,0.15442834168146202
1982-08-27,-0.26410958904109577,7.4533911173982705,-0.8492815283571753
1982-08-28,-0.23498630136986284,7.278654903840141,-1.9636686024702783
1982-08-29,-0.2264109589041094,7.753854060847515,-2.347443101943406
1982-08-30,-0.23728767123287658,7.775518971279549,-0.4282313000466722
1982-08-31,-0.26230136986301356,7.320444155684187,-5.208142785821173
1982-09-01,-0.27098630136986296,6.861314545568274,-3.8403282441984112
1982-09-02,-0.27682191780821913,6.879403762287627,0.24741815552059165
1982-09-03,-0.27263013698630134,6.47600298954439,3.346627147441912
1982-09-04,-0.2591232876712328,6.201467689228267,6.347655598442965
1982-09-05,-0.23306849315068498,6.061980509741088,4.801087983409597
1982-09-06,-0.21504109589041098,6.24275887293041,-1.2077177770399983
1982-09-07,-0.19506849315068497,5.6700816688559454,-4.00501317570526
1982-09-08,-0.1767671232876713,5.8623928736329045,-1.4056257503452327
1982-09-09,-0.15772602739726035,5.695381282484327,1.582344744912934
1982-09-10,-0.1354246575342466,5.494617671665921,3.7808069858683258
1982-09-11,-0.11536986301369859,5.281013878199114,3.4743559848145855
1982-09-12,-0.08736986301369862,5.586893049256367,3.3904768137573322
1982-09-13,-0.06076712328767121,6.073948195023842,2.516818928263829
1982-09-14,-0.05430136986301366,6.217741661831007,3.9965597080320068
1982-09-15,-0.04358904109589037,5.98430997935823,4.459279061737661
1982-09-16,-0.03208219178082187,5.390670358704909,5.221411833075912
1982-09-17,-0.012493150684931419,4.631134004648008,4.501359146036924
1982-09-18,0.011041095890411141,4.917950302505401,3.2910086016041884
1982-09-19,0.03131506849315084,5.093451531869645,3.7652333996372054
1982-09-20,0.05482191780821932,5.059232353787453,3.7959457284043276
1982-09-21,0.06802739726027414,5.30114735203122,2.460825250708506
1982-09-22,0.08063013698630149,5.471748686769539,0.5776211762441594
1982-09-23,0.09386301369863033,5.39086494950224,-2.5447279632008706
1982-09-24,0.08380821917808237,5.345998072087418,-1.8998062912655
1982-09-25,0.06046575342465774,4.331037762990123,1.7884964835852193
1982-09-26,0.03764383561643855,4.213026523088471,1.8693296412950904
1982-09-27,0.02745205479452082,4.014211630218784,0.7683363149866942
1982-09-28,0.015972602739726366,3.938477172895285,1.035550224364989
1982-09-29,0.017041095890411306,3.9207848652029775,1.7021740389066111
1982-09-30,0.020876712328767498,3.8721484057719975,-0.2530251181007648
1982-10-01,0.01871232876712369,3.723670007457983,-1.7423823362251065
1982-10-02,0.009452054794520978,3.1143795262496936,1.2261684189557847
1982-10-03,-0.004493150684931092,3.4609703235802174,0.873522827104714
1982-10-04,-0.02761643835616394,3.9452815283571745,-1.1176650900010108
1982-10-05,-0.05145205479452013,3.9082692347147447,-4.776817179920225
1982-10-06,-0.06838356164383522,3.8416201303944075,-7.483236568750572
1982-10-07,-0.07671232876712288,3.7382074152556646,-7.381495086488542
1982-10-08,-0.07882191780821876,3.4934508293757913,-5.384628911567573
1982-10-09,-0.058575342465753,2.7181947703663076,-5.289619427900554
1982-10-10,-0.032109589041095524,1.961820341142563,-3.3797107521014675
1982-10-11,-0.0173698630136983,2.31159203064028,-2.854222167626582
1982-10-12,-0.020410958904109308,2.551293470752679,-4.11088251184857
1982-10-13,-0.024630136986301045,3.110797510092335,-2.4261673731060336
1982-10-14,-0.024575342465753075,3.1437395543494477,-3.3291642118836946
1982-10-15,-0.030520547945205072,2.9772091714902973,-7.196688623545093
1982-10-16,-0.03073972602739683,2.783380579990473,-5.692640853963076
1982-10-17,-0.024602739726026952,2.857145947043512,-3.682543207317485
1982-10-18,-0.019452054794520134,2.7451340046480075,-1.9056819498534874
1982-10-19,-0.011972602739725637,2.5351747492914916,-0.6032021465517661
1982-10-20,0.0018356164383566062,2.297583600714042,1.3705807828476013
1982-10-21,0.018246575342466143,1.5673257854699252,2.1744276391876083
1982-10-22,0.03175342465753478,0.6918990204541192,0.00634755488834593
1982-10-23,0.04531506849315119,0.5998140186978846,-0.15512908719103585
1982-10-24,0.06254794520547986,0.07143748199258068,-1.6639854271980605
1982-10-25,0.07797260273972637,0.434118198536311,-2.632090801276038
1982-10-26,0.0859726027397264,0.9325242399834485,-0.8084968427231749
1982-10-27,0.09331506849315105,0.9541547282166764,0.8825302032901726
1982-10-28,0.1038082191780827,1.0387174257930725,1.5274743550288448
1982-10-29,0.11619178082191833,1.0161645631306206,2.857643656047461
1982-10-30,0.14202739726027447,0.7095365336258791,3.0384360691138466
1982-10-31,0.1549041095890416,0.8556067830111969,2.6594891073997617
1982-11-01,0.1568219178082197,1.5459798072472348,3.6771982749445455
1982-11-02,0.15400000000000053,1.6977065371383482,2.858293462861651
1982-11-03,0.15126027397260325,1.6723781212619873,1.2363616047654093
1982-11-04,0.15723287671232927,1.2832211138858016,0.4995460094018691
1982-11-05,0.17265753424657587,0.10286705698379968,0.6944754087696243
1982-11-06,0.19498630136986347,-0.5999956054679039,-1.6649906959019594
1982-11-07,0.1990684931506854,-0.9022604456505525,-3.6868080475001324
1982-11-08,0.1984109589041101,-0.5789769893807946,-2.3194339695233155
1982-11-09,0.20602739726027447,-0.33294748463896096,-0.03307991262131349
1982-11-10,0.2056438356164389,-0.3139752331461618,0.07833139752972293
1982-11-11,0.20432876712328824,-0.6598066346213988,0.7954778674981106
1982-11-12,0.20479452054794575,-1.6624030519027482,2.2276085313548024
1982-11-13,0.20273972602739776,-1.9510739335325336,0.3483342075051359
1982-11-14,0.1954520547945211,-2.8881269718184486,-4.687325082976073
1982-11-15,0.18361643835616495,-4.0193633610000425,-4.614253077356121
1982-11-16,0.17517808219178138,-3.271392163248023,-4.983785918943758
1982-11-17,0.15969863013698682,-2.9015333645125123,-6.328165265624475
1982-11-18,0.14520547945205528,-3.2643222651096324,0.2491167856575771
1982-11-19,0.1355342465753429,-3.2585365257348515,0.7530022791595083
1982-11-20,0.1286301369863018,-2.783034593876755,-1.1855955431095464
1982-11-21,0.10972602739726059,-3.6141571790541347,1.4544311516568742
1982-11-22,0.09279452054794553,-4.008117839398357,1.5153233188504118
1982-11-23,0.0866027397260277,-4.270810498337591,2.014207758611563
1982-11-24,0.0686575342465756,-3.8082077586115646,1.619550224364989
1982-11-25,0.040794520547945495,-4.5146468172698,2.2738522967218544
1982-11-26,0.017232876712329096,-4.422303297775596,2.4250704210632668
1982-11-27,0.004876712328767491,-3.870726901569063,1.7758501892402956
1982-11-28,-0.005999999999999617,-4.790910252464743,0.4769102524647417
1982-11-29,-0.0182465753424653,-4.439180712598216,0.17742728794068174
1982-11-30,-0.022575342465752983,-4.460228833427158,1.4728041758929113
1982-12-01,-0.026794520547944758,-4.114927814811072,2.4317223353590167
1982-12-02,-0.03243835616438306,-4.292378464617886,3.0048168207822687
1982-12-03,-0.035260273972602105,-4.150512640943843,2.465772914916445
1982-12-04,-0.034465753424656895,-3.947609233848656,2.222074987273313
1982-12-05,-0.03128767123287601,-4.23279925843594,2.3840869296688165
1982-12-06,-0.03260273972602672,-4.137071826050973,2.679674565777
1982-12-07,-0.0284931506849309,-4.800926409823366,3.8594195605082966
1982-12-08,-0.022657534246574674,-5.359052156223084,4.841709690469659
1982-12-09,-0.020356164383560985,-5.913653490961405,3.7140096553449657
1982-12-10,-0.022383561643834985,-5.665217242278582,2.0776008039224174
1982-12-11,-0.02380821917808159,-5.219905686254697,-4.796286094567221
1982-12-12,-0.012383561643835011,-5.219241127069589,-3.7783753112865757
1982-12-13,-0.0008493150684925274,-5.187364765987748,-2.961785918943759
1982-12-14,0.006684931506849935,-5.240638387343562,-8.296046544163287
1982-12-15,0.004410958904110255,-5.291845974277177,0.7674350153730671
1982-12-16,-0.01317808219178018,-5.151193357487574,5.194371439679354
1982-12-17,-0.03452054794520491,-5.3989172774032745,3.3034378253484795
1982-12-18,-0.04991780821917764,-5.646160691523401,-5.353921500257422
1982-12-19,-0.048575342465753,-6.152559005538153,-5.268865651996094
1982-12-20,-0.0547397260273969,-6.533144885411704,1.7778846114391014
1982-12-21,-0.06002739726027363,-6.692673512036221,-2.1872990907035046
1982-12-22,-0.07147945205479415,-6.35418246883285,-5.314338079112357
1982-12-23,-0.0669315068493147,-5.93785791667268,-7.615210576478004
1982-12-24,-0.06693150684931476,-6.405264309366745,-6.5778041837839405
1982-12-25,-0.07328767123287651,-6.692153666584869,0.6054413378177461
1982-12-26,-0.0707123287671231,-6.653272739292981,1.1739850680601043
1982-12-27,-0.05978082191780805,-5.980386192050272,2.58016701396808
1982-12-28,-0.06147945205479434,-5.777692830617183,-0.3208277173280223
1982-12-29,-0.05906849315068474,-5.485762377508649,-4.485169129340666
1982-12-30,-0.05084931506849297,-4.766436771607699,-1.7727139133238081
1982-12-31,-0.06101369863013689,-4.468885665179881,1.589899363810018
1983-01-01,-0.07391780821917796,-5.35002370522203,1.7839415134412082
1983-01-02,-0.07673972602739718,-5.8695937789838855,0.596333505011283
1983-01-03,-0.06731506849315058,-6.218338422468254,3.2456534909614048
1983-01-04,-0.07060273972602726,-6.886126269324594,4.73672900905062
1983-01-05,-0.08120547945205464,-7.221306458997936,6.452511938449991
1983-01-06,-0.08750684931506836,-6.639114678176017,8.946621527491086
1983-01-07,-0.09610958904109579,-7.187616961281041,3.2037265503221364
1983-01-08,-0.10605479452054792,-7.054204246142298,-2.779740959337154
1983-01-09,-0.10887671232876721,-6.874877937747495,0.45375465007626214
1983-01-10,-0.11339726027397265,-6.34970969046966,1.293106950743633
1983-01-11,-0.11876712328767128,-5.796353877333025,5.965121000620696
1983-01-12,-0.12512328767123296,-6.567875479019009,5.102998766690242
1983-01-13,-0.1350684931506851,-6.952945377157402,4.958013870308087
1983-01-14,-0.13975342465753438,-6.344883557698322,-4.005363017644144
1983-01-15,-0.13871232876712342,-5.8177110954573665,-1.7135765757755097
1983-01-16,-0.13041095890410967,-5.446057424926983,-0.2535316161689076
1983-01-17,-0.11805479452054804,-4.891534067006366,3.5095888615269137
1983-01-18,-0.106082191780822,-4.98428643792312,4.690368629703942
1983-01-19,-0.09986301369863013,-5.72706199113703,-7.363074995164339
1983-01-20,-0.0964109589041097,-5.9490205439996915,-8.974568497096197
1983-01-21,-0.07654794520547953,-6.536574460402923,-4.506877594391597
1983-01-22,-0.058054794520548084,-6.733023353975104,3.851078148495652
1983-01-23,-0.04405479452054807,-7.031281169219221,5.735335963739769
1983-01-24,-0.018547945205479584,-6.974241478316517,5.632789423521997
1983-01-25,0.013999999999999891,-6.85518563005519,6.29118563005519
1983-01-26,0.048493150684931416,-6.246212676068536,5.447719525383604
1983-01-27,0.08106849315068484,-6.688383382074859,6.837314888924174
1983-01-28,0.09383561643835606,-7.324531608277878,4.870695991839522
1983-01-29,0.10769863013698622,-7.4403398274559605,4.362641197318974
1983-01-30,0.1414520547945205,-7.088863887870433,1.817411833075913
1983-01-31,0.14923287671232877,-7.545687913160211,-3.9235449635521187
1983-02-01,0.13608219178082193,-7.297627498688838,5.091545306908016
1983-02-02,0.1197534246575343,-7.335795394719748,-5.433958029937788
1983-02-03,0.1078082191780822,-7.293775724891859,-5.434032494286223
1983-02-04,0.09616438356164388,-6.831487702412056,-7.034676681149588
1983-02-05,0.08736986301369866,-6.521976638133868,-5.305393224879831
1983-02-06,0.0874794520547946,-6.593745517656172,-4.333733934398623
1983-02-07,0.09646575342465764,-6.734910954958596,-5.801554798466062
1983-02-08,0.10893150684931519,-6.943091495878863,-7.085840010970451
1983-02-09,0.11252054794520555,-6.357349311122979,-7.295171236822226
1983-02-10,0.10052054794520554,-6.145156827807209,-7.695363720137997
1983-02-11,0.08520547945205484,-7.438229535921012,-7.956975943531043
1983-02-12,0.07095890410958909,-7.513642251059754,-6.477316653049836
1983-02-13,0.0647671232876713,-7.509302244034816,-1.0254648792528558
1983-02-14,0.06309589041095892,-7.6464121843228385,-1.2366837060881215
1983-02-15,0.05989041095890413,-7.4344395815831135,-1.8454508293757907
1983-02-16,0.06282191780821916,-7.514391109507243,-1.5384308083009754
1983-02-17,0.06295890410958908,-7.884687561913284,-0.31827134219630526
1983-02-18,0.06816438356164387,-7.442676322011634,0.39451193844998933
1983-02-19,0.08049315068493154,-7.944499293560633,1.6140061428757013
1983-02-20,0.10175342465753424,-7.9744669788433855,-0.5672864458141484
1983-02-21,0.11841095890410958,-8.227892338871486,-0.7905186200326231
1983-02-22,0.1276986301369863,-7.812736033989153,-1.3949625961478338
1983-02-23,0.13854794520547942,-7.438166311474226,-0.3203816337312535
1983-02-24,0.14526027397260266,-6.508159989029547,0.4528997150569447
1983-02-25,0.15158904109589036,-6.458881450216762,1.167292409120872
1983-02-26,0.16578082191780816,-6.808605370132464,2.1928245482146558
1983-02-27,0.17967123287671227,-7.457442040311599,1.0177708074348866
1983-02-28,0.1889863013698629,-7.011469437571872,-0.08751686379799128
1983-03-01,0.19531506849315067,-6.687996307961758,-3.6173187605313926
1983-03-02,0.21627397260273976,-6.739202489907665,-4.637071482695074
1983-03-03,0.2314520547945206,-6.268228833427159,-1.0532232213673618
1983-03-04,0.23438356164383567,-6.656306810244861,1.7319232486010252
1983-03-05,0.22043835616438365,-7.091073933532533,1.860635577368149
1983-03-06,0.1974794520547946,-7.197087280915743,3.6296078288609483
1983-03-07,0.1924383561643837,-6.783026866444371,4.570588510279987
1983-03-08,0.1985753424657536,-6.371295921590138,6.012720579124385
1983-03-09,0.2056438356164385,-5.973124513089962,5.087480677473524
1983-03-10,0.21723287671232894,-6.301552331846548,4.874319455134218
1983-03-11,0.21884931506849328,-6.100935542243457,3.502086227174964
1983-03-12,0.21394520547945217,-6.587050048741524,4.673104843262072
1983-03-13,0.1923835616438358,-6.549626796194984,5.467243234551148
1983-03-14,0.16613698630137,-5.825435015373067,4.029298029071697
1983-03-15,0.14942465753424666,-5.2572614993913325,0.05783684185708626
1983-03-16,0.14178082191780828,-5.983395675717289,2.2216148537994806
1983-03-17,0.13339726027397267,-5.6011146781760175,2.567717417902045
1983-03-18,0.11073972602739732,-5.379382328334079,2.298642602306681
1983-03-19,0.08536986301369874,-5.48494045970043,3.189570596686731
1983-03-20,0.07487671232876719,-5.247581134094529,3.2927044217657615
1983-03-21,0.0734246575342466,-4.2096563009368175,3.796231643402571
1983-03-22,0.06482191780821922,-4.157675268270854,-0.5171466495373656
1983-03-23,0.06515068493150708,-4.757220052253995,-0.31793063267751176
1983-03-24,0.06964383561643855,-4.175884611439101,0.9362407758226627
1983-03-25,0.09202739726027415,-4.427621176244159,-3.8144062210161156
1983-03-26,0.1139726027397262,-4.121782749830391,-7.2121898529093365
1983-03-27,0.1215890410958906,-4.871725847828283,-6.069863193267609
1983-03-28,0.13164383561643855,-4.816027217691297,-2.9556166179251413
1983-03-29,0.15191780821917825,-5.09124323455115,-3.240674573668028
1983-03-30,0.16682191780821937,-5.183326128825824,-0.09349578898239574
1983-03-31,0.17216438356164393,-5.528761323767869,1.0565969402062247
1983-04-01,0.1777260273972604,-4.983116785657577,1.1053907582603166
1983-04-02,0.18852054794520562,-4.696721281618237,-1.0217992663269682
1983-04-03,0.19391780821917828,-4.554541443191823,-3.959376365027355
1983-04-04,0.20556164383561665,-4.402521773363936,-4.343039870471681
1983-04-05,0.22575342465753437,-4.0947479763846575,-4.771005448272878
1983-04-06,0.25041095890410975,-3.26172514533443,-3.3186858135696795
1983-04-07,0.27386301369863025,-3.033782749830391,-0.9800802638682393
1983-04-08,0.2977808219178084,-3.121732872766815,2.2339520508490067
1983-04-09,0.31194520547945226,-3.5048828552044693,3.712937649725017
1983-04-10,0.325123287671233,-3.3825512781057685,5.3674279904345354
1983-04-11,0.34591780821917817,-3.7824444990400856,2.1665266908209073
1983-04-12,0.3486575342465755,-4.325312781442614,-3.983344752803962
1983-04-13,0.349095890410959,-4.430534418253292,-7.138561472157668
1983-04-14,0.3572328767123289,-4.3496829957032395,-5.797549881009089
1983-04-15,0.3648219178082194,-3.8241065994967074,-2.6507153183115126
1983-04-16,0.37865753424657556,-3.699958373293686,2.58130083904711
1983-04-17,0.3887123287671235,-3.529810849584518,2.351098520817395
1983-04-18,0.37668493150684956,-3.295453982707103,1.0387690512002536
1983-04-19,0.3700547945205481,-3.9501670139680796,2.1501122194475313
1983-04-20,0.3764383561643837,-3.63545749517637,2.059019139011986
1983-04-21,0.3735616438356165,-3.0300827147056983,2.4665210708700815
1983-04-22,0.3614246575342467,-2.676071474804047,2.3246468172698003
1983-04-23,0.3542191780821919,-2.658051804976158,2.603832626893966
1983-04-24,0.3569863013698631,-2.376564625488979,-0.050421675880883754
1983-04-25,0.3633150684931508,-2.1774286929283893,0.25411362443523844
1983-04-26,0.3703013698630138,-1.7045006985483397,-0.595800671314674
1983-04-27,0.3800000000000001,-1.60474165393998,-0.6252583460600205
1983-04-28,0.3908767123287672,-1.3483911095072436,-0.5524856028215237
1983-04-29,0.3906027397260275,-0.970426936693756,0.16982419696772855
1983-04-30,0.37961643835616454,-0.5687809935957578,0.35916455523959334
1983-05-01,0.3696986301369864,-0.44575535257011695,-0.8539432775668694
1983-05-02,0.352082191780822,-0.36008903715037677,-2.661993154630445
1983-05-03,0.3381369863013699,-0.10397944810928078,-2.2141575381920893
1983-05-04,0.3369315068493151,-0.08841780427366439,-1.4385137025756507
1983-05-05,0.3347123287671233,-0.2501269718184484,0.21541464305132507
1983-05-06,0.3347671232876713,-0.2514750575226986,2.5967079342350274
1983-05-07,0.33553424657534253,0.11849895020473389,1.2759668032199234
1983-05-08,0.344054794520548,-0.08670371927190826,-2.4473510752486396
1983-05-09,0.3579726027397261,-0.2317651874840614,-2.9162074152556645
1983-05-10,0.3726575342465754,0.1394501268819379,-1.9221076611285133
1983-05-11,0.3853424657534247,-0.018806985868325486,-2.7165354798850996
1983-05-12,0.39561643835616445,0.16499912582819712,0.11938443581563848
1983-05-13,0.40164383561643846,0.8065144050695039,0.5818417593140577
1983-05-14,0.4053698630136987,0.8789808609880143,1.015649275998287
1983-05-15,0.4048767123287672,1.1716327752837643,-0.2065094876125314
1983-05-16,0.40756164383561655,1.6106717636926158,-2.1982334075282326
1983-05-17,0.41854794520547955,1.9133068181358892,-1.8918547633413687
1983-05-18,0.4315342465753424,2.3271382196111263,-4.318672466186468
1983-05-19,0.44876712328767115,2.3469380088629705,-4.325705132150642
1983-05-20,0.4523561643835615,2.079670709951836,-1.6520268743353976
1983-05-21,0.4597260273972602,1.521290660777266,-1.5510166881745262
1983-05-22,0.4696986301369862,0.8342860945672206,-4.723984724704207
1983-05-23,0.45950684931506847,0.4417557117080709,-4.3812625610231395
1983-05-24,0.4551232876712329,0.5229106116026966,-5.38803389927393
1983-05-25,0.4546849315068493,1.26421303520649,-5.91889796671334
1983-05-26,0.4572602739726028,2.199844225933571,-6.737104499906174
1983-05-27,0.45942465753424666,2.769824556105682,-6.489249213639928
1983-05-28,0.46336986301369876,2.902159645673648,-3.735529508687347
1983-05-29,0.46208219178082205,2.3225720095654645,-2.5046542013462867
1983-05-30,0.4608493150684933,2.6180395192247548,-1.278888834293248
1983-05-31,0.44917808219178096,3.3267370956209614,0.37408482218725814
1983-06-01,0.4317260273972604,3.5091782617607574,1.389095710841982
1983-06-02,0.40257534246575355,3.7641561332043825,1.0232685243298647
1983-06-03,0.3819726027397261,3.4835597159230334,2.4244676813372408
1983-06-04,0.3742739726027398,4.096879701873156,3.4288463255241037
1983-06-05,0.3707123287671234,3.719338430359282,4.909949240873595
1983-06-06,0.37126027397260286,3.140810154981692,3.427929571045705
1983-06-07,0.35723287671232884,2.753534426144319,5.489232697143351
1983-06-08,0.3236712328767125,2.720678086137294,6.755650680985994
1983-06-09,0.296191780821918,3.404964001135538,4.468844218042545
1983-06-10,0.2912602739726029,4.208854412094443,2.6998853139329544
1983-06-11,0.28191780821917833,4.4431073098815865,0.5749748818992346
1983-06-12,0.27402739726027425,4.101932037665219,2.134040565074506
1983-06-13,0.27287671232876737,4.352151918241264,-1.575028630570031
1983-06-14,0.2707123287671235,4.515270990949378,-2.765983319716501
1983-06-15,0.289150684931507,4.64739533236139,-4.866546017292897
1983-06-16,0.2875068493150686,4.398231300046674,-7.075738149361742
1983-06-17,0.2668767123287672,4.771327892951485,-5.878204605280252
1983-06-18,0.2559178082191781,4.822098528708422,-4.968016336927601
1983-06-19,0.2668219178082192,5.01027696214713,-1.6370988799553494
1983-06-20,0.28509589041095895,5.386000179568977,-1.1110960699799364
1983-06-21,0.28153424657534243,5.604099231202276,-1.4756334777776177
1983-06-22,0.2936986301369863,5.769240783713691,-0.9929394138506771
1983-06-23,0.3093698630136986,6.115490871525423,0.49513926546087816
1983-06-24,0.34131506849315074,6.618806642512426,0.8398782889944236
1983-06-25,0.3815342465753425,6.442742013077933,0.6957237403467236
1983-06-26,0.4059178082191782,6.005523186242669,1.0985590055381529
1983-06-27,0.4140273972602741,6.105474011672947,-0.8995014089332214
1983-06-28,0.4127945205479454,6.463422027127811,-3.2662165476757563
1983-06-29,0.44038356164383574,6.6153679351011165,-2.3957514967449525
1983-06-30,0.4761643835616439,6.7376236428636735,-0.8137880264253168
1983-07-01,0.4987397260273973,6.846494735241616,-4.095234461269014
1983-07-02,0.49805479452054807,7.677430615115167,-2.7254854096357146
1983-07-03,0.5121369863013701,7.638049793197358,0.2998132205012709
1983-07-04,0.5257808219178083,7.216994998676809,1.7872241794053823
1983-07-05,0.5237808219178083,7.726461437032974,0.20975774104921907
1983-07-06,0.498054794520548,7.816629930183659,0.14531527529579424
1983-07-07,0.4624931506849316,7.758190889087769,-0.6506840397726998
1983-07-08,0.434109589041096,7.849064176759002,0.11682623419990179
1983-07-09,0.429123287671233,7.624521711005577,1.94635500132319
1983-07-10,0.42709589041095897,7.535721711005578,2.987182398583463
1983-07-11,0.4091232876712329,7.660425820594618,2.940450891734148
1983-07-12,0.3862465753424658,7.659828560320647,2.2539248643368888
1983-07-13,0.36750684931506855,7.68018212547695,1.382311025207981
1983-07-14,0.3509041095890411,7.488536884872805,0.22055900553815455
1983-07-15,0.333013698630137,7.555372852558088,1.8316134488117761
1983-07-16,0.3565479452054795,7.205849143390544,3.607602911403977
1983-07-17,0.35238356164383566,7.305116442301679,4.562499996054487
1983-07-18,0.3452602739726028,7.330495437735468,5.1042442882919286
1983-07-19,0.3344931506849316,7.646339484100062,5.729167365215008
1983-07-20,0.30380821917808226,7.703801373808528,5.16239040701339
1983-07-21,0.3095342465753425,8.03939533236139,4.721070421063267
1983-07-22,0.3236712328767123,8.195239378725985,7.461089388397303
1983-07-23,0.3337808219178082,8.524629614061425,5.081589564020767
1983-07-24,0.3232602739726027,8.249456449326617,1.1872832767007804
1983-07-25,0.299917808219178,8.07071672329922,5.389365468481602
1983-07-26,0.2714794520547945,8.549601865554225,7.87891868239098
1983-07-27,0.23621917808219178,8.76107921012746,7.0727016117903485
1983-07-28,0.21526027397260275,8.624287499554926,6.970452226472471
1983-07-29,0.19375342465753426,8.375106607387734,4.001139967954732
1983-07-30,0.17693150684931502,8.768581141985555,5.59448735116513
1983-07-31,0.15950684931506848,8.909926417714393,7.900566732970537
1983-08-01,0.1497808219178082,8.911056027830305,2.699163150251886
1983-08-02,0.15391780821917805,8.542165265624476,-2.766083073843654
1983-08-03,0.13323287671232875,8.147170534328373,-8.220403411040701
1983-08-04,0.14775342465753424,8.681203551539472,-6.778956976197007
1983-08-05,0.15972602739726022,8.519180369242317,-5.108906396639577
1983-08-06,0.18301369863013692,7.949296983221945,-5.292310681852082
1983-08-07,0.20772602739726023,8.453571658318538,-3.921297685715798
1983-08-08,0.21641095890410958,9.16424113496062,-0.4806520938647285
1983-08-09,0.23320547945205475,8.66974657928798,2.0770479412599663
1983-08-10,0.2448493150684931,8.564114686067047,-0.18896400113554002
1983-08-11,0.2472602739726027,8.37739533236139,-1.894655606333992
1983-08-12,0.24956164383561635,8.975322975494512,-2.4848846193301286
1983-08-13,0.2604383561643835,8.932508785118678,-3.2229471412830613
1983-08-14,0.2668493150684931,8.89066614374179,-1.0475154588102829
1983-08-15,0.25627397260273965,8.38539743984295,1.4083285875543101
1983-08-16,0.2486027397260273,8.317084127584431,0.2043131326895402
1983-08-17,0.236958904109589,8.196149810759705,-0.9231087148692945
1983-08-18,0.22169863013698626,8.677133302154154,0.6211680677088598
1983-08-19,0.2101643835616438,7.893801373808529,2.4760342426298276
1983-08-20,0.19901369863013696,7.751190906650114,1.6897953947197486
1983-08-21,0.18093150684931508,7.766952761233887,0.7021157319167974
1983-08-22,0.17038356164383567,7.973079912621312,0.9865365257348522
1983-08-23,0.16854794520547944,8.140393576126758,1.7010584786677612
1983-08-24,0.16438356164383566,7.9143275417045595,-0.408711103348395
1983-08-25,0.15498630136986302,8.228461718030514,0.026551980599622382
1983-08-26,0.1424657534246575,7.889133302154154,2.028400944421189
1983-08-27,0.1380547945205478,7.4533911173982705,3.9285540880811816
1983-08-28,0.12838356164383546,7.278654903840141,2.7429615345160245
1983-08-29,0.1197260273972602,7.753854060847515,0.7064199117552254
1983-08-30,0.11109589041095888,7.775518971279549,1.5333851383094927
1983-08-31,0.11745205479452052,7.320444155684187,2.0621037895212924
1983-09-01,0.13643835616438355,6.861314545568274,1.2922470982673415
1983-09-02,0.13008219178082198,6.879403762287627,0.910514045931551
1983-09-03,0.10531506849315073,6.47600298954439,-2.1213180580375406
1983-09-04,0.08649315068493163,6.201467689228267,-2.377960839913199
1983-09-05,0.07235616438356182,6.061980509741088,2.6556633258753495
1983-09-06,0.062109589041096064,6.24275887293041,0.7551315380284933
1983-09-07,0.04320547945205498,5.6700816688559454,-1.663287148308001
1983-09-08,0.009342465753424775,5.8623928736329045,2.63826466061367
1983-09-09,-0.03495890410958888,5.695381282484327,2.0495776216252617
1983-09-10,-0.06717808219178067,5.494617671665921,1.9225604105258594
1983-09-11,-0.09580821917808205,5.281013878199114,-4.415205659021032
1983-09-12,-0.12315068493150674,5.586893049256367,-6.15374236432486
1983-09-13,-0.14608219178082177,6.073948195023842,-3.49786600324302
1983-09-14,-0.1526301369863013,6.217741661831007,1.3048884751552947
1983-09-15,-0.1649589041095889,5.98430997935823,1.5206489247513595
1983-09-16,-0.1773424657534245,5.390670358704909,-2.9033278929514847
1983-09-17,-0.18923287671232858,4.631134004648008,-4.581901127935679
1983-09-18,-0.20320547945205458,4.917950302505401,-0.3247448230533472
1983-09-19,-0.2180273972602737,5.093451531869645,3.484575865390628
1983-09-20,-0.23747945205479426,5.059232353787453,0.9482470982673403
1983-09-21,-0.24506849315068463,5.30114735203122,2.893921141119466
1983-09-22,-0.24931506849315038,5.471748686769539,2.5475663817236107
1983-09-23,-0.2595616438356162,5.39086494950224,5.978696694333375
1983-09-24,-0.2522739726027394,5.345998072087418,6.446275900515322
1983-09-25,-0.23602739726027366,4.331037762990123,4.864989634270152
1983-09-26,-0.22158904109589012,4.213026523088471,5.798562518007419
1983-09-27,-0.21515068493150663,4.014211630218784,8.410939054712724
1983-09-28,-0.20172602739726003,3.938477172895285,6.6932488545019755
1983-09-29,-0.20665753424657513,3.9207848652029775,3.875872669043597
1983-09-30,-0.21999999999999975,3.8721484057719975,2.017851594228002
1983-10-01,-0.23169863013698608,3.723670007457983,2.4480286226790033
1983-10-02,-0.231890410958904,3.1143795262496936,3.437510884709211
1983-10-03,-0.23290410958904098,3.4609703235802174,5.351933786008824
1983-10-04,-0.242876712328767,3.9452815283571745,6.467595183971593
1983-10-05,-0.24873972602739713,3.9082692347147447,4.420470491312653
1983-10-06,-0.25227397260273954,3.8416201303944075,1.2606538422083315
1983-10-07,-0.2629589041095889,3.7382074152556646,1.5347514888539244
1983-10-08,-0.28101369863013687,3.4934508293757913,-0.012437130745654112
1983-10-09,-0.299917808219178,2.7181947703663076,-0.23827696214712946
1983-10-10,-0.3256712328767122,1.961820341142563,4.5038508917341495
1983-10-11,-0.33652054794520525,2.31159203064028,-1.5350714826950749
1983-10-12,-0.33331506849315057,2.551293470752679,-3.6379784022595283
1983-10-13,-0.32282191780821906,3.110797510092335,0.842024407715884
1983-10-14,-0.3127945205479451,3.1437395543494477,-0.2709450338015027
1983-10-15,-0.29712328767123275,2.9772091714902973,-1.8800858838190644
1983-10-16,-0.29621917808219167,2.783380579990473,-1.7571614019082815
1983-10-17,-0.306876712328767,2.857145947043512,-7.790269234714745
1983-10-18,-0.3267123287671232,2.7451340046480075,-4.018421675880885
1983-10-19,-0.344876712328767,2.5351747492914916,2.0597019630372753
1983-10-20,-0.3492602739726026,2.297583600714042,0.6716766732585606
1983-10-21,-0.3495890410958903,1.5673257854699252,-1.887736744374035
1983-10-22,-0.3486575342465753,0.6918990204541192,-2.243241486207544
1983-10-23,-0.34638356164383555,0.5998140186978846,1.246569542945951
1983-10-24,-0.3338082191780821,0.07143748199258068,1.0423707371855013
1983-10-25,-0.3247671232876712,0.434118198536311,0.32064892475136014
1983-10-26,-0.31731506849315066,0.9325242399834485,3.134790828509702
1983-10-27,-0.3104931506849315,0.9541547282166764,5.2563384224682554
1983-10-28,-0.3086849315068493,1.0387174257930725,1.8399675057137768
1983-10-29,-0.3175342465753424,1.0161645631306206,-0.7186303165552783
1983-10-30,-0.3373972602739725,0.7095365336258791,-0.10213927335190653
1983-10-31,-0.35284931506849304,0.8556067830111969,-3.262757467942704
1983-11-01,-0.3572054794520547,1.5459798072472348,-0.8987743277951801
1983-11-02,-0.35594520547945196,1.6977065371383482,2.9282386683411037
1983-11-03,-0.3537534246575341,1.6723781212619873,0.931375303395547
1983-11-04,-0.3536986301369861,1.2832211138858016,1.0304775162511846
1983-11-05,-0.35531506849315053,0.10286705698379968,1.5024480115093508
1983-11-06,-0.35328767123287663,-0.5999956054679039,1.9932832767007806
1983-11-07,-0.3457260273972602,-0.9022604456505525,1.9379864730478127
1983-11-08,-0.3467397260273972,-0.5789769893807946,3.585716715408192
1983-11-09,-0.3535342465753424,-0.33294748463896096,5.156481731214303
1983-11-10,-0.36005479452054784,-0.3139752331461618,4.39403002766671
1983-11-11,-0.37378082191780815,-0.6598066346213988,3.5735874565392067
1983-11-12,-0.38695890410958894,-1.6624030519027482,4.179361956012337
1983-11-13,-0.3997260273972601,-1.9510739335325336,0.7707999609297935
1983-11-14,-0.4095616438356163,-2.8881269718184486,-3.102311384345936
1983-11-15,-0.41271232876712316,-4.0193633610000425,-0.007924310232835019
1983-11-16,-0.4159452054794519,-3.271392163248023,0.3473373687274752
1983-11-17,-0.4151232876712328,-2.9015333645125123,0.5366566521837455
1983-11-18,-0.41309589041095884,-3.2643222651096324,2.1174181555205913
1983-11-19,-0.417917808219178,-3.2585365257348515,3.9964543339540297
1983-11-20,-0.42238356164383556,-2.783034593876755,3.0054181555205908
1983-11-21,-0.41863013698630136,-3.6141571790541347,-1.7372126839595632
1983-11-22,-0.4145205479452055,-4.008117839398357,0.42263838734356307
1983-11-23,-0.40720547945205476,-4.270810498337591,2.3480159777896454
1983-11-24,-0.39698630136986296,-3.8082077586115646,3.0251940599814278
1983-11-25,-0.3885479452054794,-4.5146468172698,3.4931947624752797
1983-11-26,-0.38035616438356157,-4.422303297775596,4.262659462159157
1983-11-27,-0.38619178082191774,-3.870726901569063,1.6969186823909808
1983-11-28,-0.3983561643835616,-4.790910252464743,0.4192664168483047
1983-11-29,-0.41665753424657537,-4.439180712598216,-3.684161753155208
1983-11-30,-0.4346301369863014,-4.460228833427158,-4.485141029586541
1983-12-01,-0.44832876712328773,-4.114927814811072,-7.78674341806564
1983-12-02,-0.4557808219178082,-4.292378464617886,-4.091840713464307
1983-12-03,-0.46397260273972607,-4.150512640943843,0.08448524368356836
1983-12-04,-0.48087671232876705,-3.947609233848656,1.3684859461774228
1983-12-05,-0.5093150684931507,-4.23279925843594,3.062114326929091
1983-12-06,-0.5322465753424657,-4.137071826050973,-1.9406815986065613
1983-12-07,-0.5593150684931505,-4.800926409823366,-7.859758521683484
1983-12-08,-0.589780821917808,-5.359052156223084,-4.621167021859108
1983-12-09,-0.6140273972602737,-5.913653490961405,2.507680888221679
1983-12-10,-0.6290136986301367,-5.665217242278582,-0.7257690590912809
1983-12-11,-0.63372602739726,-5.219905686254697,-7.066368286348042
1983-12-12,-0.6442465753424655,-5.219241127069589,-3.566512297587945
1983-12-13,-0.6451506849315065,-5.187364765987748,-3.107484549080745
1983-12-14,-0.6369041095890408,-5.240638387343562,-0.9224575030673972
1983-12-15,-0.6187397260273968,-5.291845974277177,0.7905857003045735
1983-12-16,-0.6001917808219175,-5.151193357487574,-1.7486148616905082
1983-12-17,-0.5880547945205477,-5.3989172774032745,-0.1430279280761777
1983-12-18,-0.5732328767123285,-5.646160691523401,-0.8506064317642705
1983-12-19,-0.5664109589041093,-6.152559005538153,1.9189699644422626
1983-12-20,-0.5574794520547942,-6.533144885411704,0.980624337466498
1983-12-21,-0.5473424657534245,-6.692673512036221,2.7400159777896453
1983-12-22,-0.5392876712328765,-6.35418246883285,0.8734701400657263
1983-12-23,-0.5430136986301368,-5.93785791667268,4.520871615302817
1983-12-24,-0.5522191780821915,-6.405264309366745,8.587483487448937
1983-12-25,-0.5693424657534245,-6.692153666584869,10.001496132338294
1983-12-26,-0.5856986301369862,-6.653272739292981,4.648971369429967
1983-12-27,-0.5896712328767121,-5.980386192050272,2.660057424926984
1983-12-28,-0.5759999999999997,-5.777692830617183,10.263692830617183
1983-12-29,-0.5725479452054792,-5.485762377508649,9.088310322714127
1983-12-30,-0.5829589041095888,-4.766436771607699,6.999395675717288
1983-12-31,-0.5818904109589039,-4.468885665179881,1.860776076138785
1984-01-01,-0.5729863013698628,-5.35002370522203,7.423010006591893
1984-01-02,-0.5819999999999999,-5.8695937789838855,6.081593778983885
1984-01-03,-0.608767123287671,-6.218338422468254,3.0571055457559253
1984-01-04,-0.631890410958904,-6.886126269324594,-4.091983319716501
1984-01-05,-0.6496438356164385,-7.221306458997936,-5.959049705385625
1984-01-06,-0.6573150684931508,-6.639114678176017,-0.8435702533308325
1984-01-07,-0.6578904109589041,-7.187616961281041,1.9455073722399447
1984-01-08,-0.6596712328767125,-7.054204246142298,-2.9661245209809888
1984-01-09,-0.6549041095890412,-6.874877937747495,-5.5602179526634625
1984-01-10,-0.6479452054794522,-6.34970969046966,-6.5223451040508875
1984-01-11,-0.639123287671233,-5.796353877333025,-0.3545228349957421
1984-01-12,-0.6324931506849317,-6.567875479019009,-0.4496313702960597
1984-01-13,-0.6314520547945207,-6.952945377157402,-1.0756025680480779
1984-01-14,-0.6370958904109589,-6.344883557698322,5.081979448109281
1984-01-15,-0.6543835616438356,-5.8177110954573665,-2.7179053428987983
1984-01-16,-0.6853150684931507,-5.446057424926983,-2.298627506579866
1984-01-17,-0.7196712328767123,-4.891534067006366,0.18120529988307865
1984-01-18,-0.7466301369863012,-4.98428643792312,-5.869083425090579
1984-01-19,-0.768739726027397,-5.72706199113703,-4.604198282835573
1984-01-20,-0.7861643835616436,-5.9490205439996915,-3.124815072438664
1984-01-21,-0.8049589041095888,-6.536574460402923,-0.0884666354874879
1984-01-22,-0.8181369863013697,-6.733023353975104,0.7711603402764728
1984-01-23,-0.8213972602739724,-7.031281169219221,-2.0073215705068064
1984-01-24,-0.8330410958904109,-6.974241478316517,-3.932717425793073
1984-01-25,-0.8546027397260273,-6.85518563005519,-5.710211630218782
1984-01-26,-0.8920273972602739,-6.246212676068536,-1.26175992667119
1984-01-27,-0.9296164383561643,-6.688383382074859,-0.002000179568977245
1984-01-28,-0.9541643835616438,-7.324531608277878,-0.22130400816047846
1984-01-29,-0.9667123287671233,-7.4403398274559605,-0.9229478437769165
1984-01-30,-0.9818082191780821,-7.088863887870433,-0.6093278929514847
1984-01-31,-0.9844383561643837,-7.545687913160211,-1.2798737306754058
1984-02-01,-0.9854520547945207,-7.297627498688838,-1.3369204465166398
1984-02-02,-0.9661369863013698,-7.335795394719748,0.951932381021118
1984-02-03,-0.9442191780821918,-7.293775724891859,-0.012005097025949318
1984-02-04,-0.9273424657534247,-6.831487702412056,2.4888301681654807
1984-02-05,-0.9187945205479453,-6.521976638133868,4.7207711586818135
1984-02-06,-0.9213424657534248,-6.593745517656172,-0.1549120165904032
1984-02-07,-0.9325753424657535,-6.734910954958596,1.3574862974243498
1984-02-08,-0.9509315068493152,-6.943091495878863,-1.7759769972718216
1984-02-09,-0.9596164383561646,-6.357349311122979,-5.343034250520857
1984-02-10,-0.967068493150685,-6.145156827807209,-5.787774679042106
1984-02-11,-0.9733698630136987,-7.438229535921012,-2.92840060106529
1984-02-12,-0.9738630136986302,-7.513642251059754,-3.0924947352416163
1984-02-13,-0.9808219178082194,-7.509302244034816,-3.8398758381569644
1984-02-14,-0.9938082191780824,-7.6464121843228385,-2.9797795964990774
1984-02-15,-1.0018356164383562,-7.4344395815831135,-5.033724801978531
1984-02-16,-1.006219178082192,-7.514391109507243,-6.039389712410565
1984-02-17,-1.0158356164383564,-7.884687561913284,-3.449476821648358
1984-02-18,-1.0272328767123289,-7.442676322011634,-2.5800908012760377
1984-02-19,-1.0338904109589044,-7.944499293560633,-3.8716102954804628
1984-02-20,-1.0344657534246577,-7.9744669788433855,-3.281067267731955
1984-02-21,-1.0366849315068494,-8.227892338871486,-0.3054227296216645
1984-02-22,-1.0405479452054798,-7.812736033989153,-1.7467160208053665
1984-02-23,-1.0430958904109593,-7.438166311474226,-2.5687377981148147
1984-02-24,-1.0520821917808223,-6.508159989029547,-2.9197578191896305
1984-02-25,-1.0669589041095893,-6.458881450216762,0.7758403543263519
1984-02-26,-1.087205479452055,-6.808605370132464,-0.08418915041548125
1984-02-27,-1.0995342465753426,-7.457442040311599,-0.8630237131130576
1984-02-28,-1.102328767123288,-7.011469437571872,-1.946201795304841
1984-02-29,-1.1084931506849318,-6.687996307961758,0.006489458646689705
1984-03-01,-1.1156164383561644,-6.739202489907665,3.6248189282638292
1984-03-02,-1.117287671232877,-6.268228833427159,-2.0244834953399646
1984-03-03,-1.1153972602739728,-6.656306810244861,-5.958295929481166
1984-03-04,-1.0989041095890415,-7.091073933532533,-3.690021956878427
1984-03-05,-1.0798630136986302,-7.197087280915743,-0.2530497053856262
1984-03-06,-1.0796438356164386,-6.783026866444371,2.10267070206081
1984-03-07,-1.0928767123287675,-6.371295921590138,0.4041726339189067
1984-03-08,-1.1129315068493153,-5.973124513089962,-5.953943980060721
1984-03-09,-1.1411506849315072,-6.301552331846548,-9.937296983221945
1984-03-10,-1.164246575342466,-6.100935542243457,-6.874817882414078
1984-03-11,-1.1804109589041096,-6.587050048741524,-4.382538992354366
1984-03-12,-1.1832876712328768,-6.549626796194984,-3.1370855325721383
1984-03-13,-1.1776712328767127,-5.825435015373067,-2.996893751750221
1984-03-14,-1.1694794520547946,-5.2572614993913325,-1.0132590485538735
1984-03-15,-1.165342465753425,-5.983395675717289,-0.9712618585292851
1984-03-16,-1.1674246575342468,-5.6011146781760175,-0.6514606642897354
1984-03-17,-1.173287671232877,-5.379382328334079,-0.7573300004330443
1984-03-18,-1.1725753424657537,-5.48494045970043,-0.6524841978338163
1984-03-19,-1.1778356164383563,-5.247581134094529,-0.8645832494671151
1984-03-20,-1.1966301369863017,-4.2096563009368175,-2.0337135620768816
1984-03-21,-1.2044383561643839,-4.157675268270854,-2.0178863755647622
1984-03-22,-1.2098082191780826,-4.757220052253995,-0.5929717285679219
1984-03-23,-1.2190136986301372,-4.175884611439101,-1.5151016899307619
1984-03-24,-1.2556986301369866,-4.427621176244159,0.19331980638114565
1984-03-25,-1.2877808219178084,-4.121782749830391,0.11956357174819932
1984-03-26,-1.319123287671233,-4.871725847828283,0.6408491354995158
1984-03-27,-1.3588493150684933,-4.816027217691297,0.8848765327597903
1984-03-28,-1.3995890410958907,-5.09124323455115,3.21083227564704
1984-03-29,-1.42413698630137,-5.183326128825824,-0.30253688487280606
1984-03-30,-1.4329589041095891,-5.528761323767869,-2.208279772122542
1984-03-31,-1.4370684931506852,-4.983116785657577,-1.549814721191737
1984-04-01,-1.4407945205479458,-4.696721281618237,0.5375158021661832
1984-04-02,-1.4471506849315072,-4.554541443191823,-2.6883078718766686
1984-04-03,-1.477205479452055,-4.402521773363936,-6.300272747184009
1984-04-04,-1.5096986301369868,-4.0947479763846575,-5.1755533934783555
1984-04-05,-1.537616438356165,-3.26172514533443,-2.8206584163094055
1984-04-06,-1.5538904109589047,-3.033782749830391,-3.0523268392107044
1984-04-07,-1.5712602739726031,-3.121732872766815,-2.4870068532605814
1984-04-08,-1.5887123287671236,-3.5048828552044693,-1.2864048160284067
1984-04-09,-1.5966575342465756,-3.3825512781057685,-2.110791187647656
1984-04-10,-1.6028493150684935,-3.7824444990400856,0.15529381410857868
1984-04-11,-1.5921643835616441,-4.325312781442614,-0.8725228349957419
1984-04-12,-1.5764383561643838,-4.430534418253292,-1.3830272255823237
1984-04-13,-1.58013698630137,-4.3496829957032395,-0.20018001799539054
1984-04-14,-1.5758904109589045,-3.8241065994967074,5.009997010455612
1984-04-15,-1.5606027397260276,-3.699958373293686,4.8505611130197135
1984-04-16,-1.5484657534246578,-3.529810849584518,0.39827660300917644
1984-04-17,-1.5188219178082192,-3.295453982707103,-4.305724099484676
1984-04-18,-1.500164383561644,-3.9501670139680796,-2.6096686024702764
1984-04-19,-1.5078356164383562,-3.63545749517637,2.3432931116147264
1984-04-20,-1.5127397260273974,-3.0300827147056983,4.232822440733096
1984-04-21,-1.508986301369863,-2.676071474804047,4.53505777617391
1984-04-22,-1.5055890410958903,-2.658051804976158,5.293640846072048
1984-04-23,-1.5046575342465753,-2.376564625488979,6.401222159735554
1984-04-24,-1.4944383561643837,-2.1774286929283893,5.411867049092773
1984-04-25,-1.490904109589041,-1.7045006985483397,3.985404808137381
1984-04-26,-1.4927671232876714,-1.60474165393998,3.737508777227651
1984-04-27,-1.5077808219178084,-1.3483911095072436,2.006171931425052
1984-04-28,-1.519150684931507,-0.970426936693756,-1.1504223783747367
1984-04-29,-1.5183287671232877,-0.5687809935957578,-4.992890239280954
1984-04-30,-1.5080000000000002,-0.44575535257011695,-4.616244647429883
1984-05-01,-1.485452054794521,-0.36008903715037677,-2.414458908055102
1984-05-02,-1.470438356164384,-0.10397944810928078,0.05441780427366466
1984-05-03,-1.4667123287671235,-0.08841780427366439,1.1651301330407877
1984-05-04,-1.464246575342466,-0.2501269718184484,2.0343735471609143
1984-05-05,-1.469315068493151,-0.2514750575226986,3.8107901260158497
1984-05-06,-1.4747123287671235,0.11849895020473389,3.82621337856239
1984-05-07,-1.4797534246575346,-0.08670371927190826,2.1364571439294426
1984-05-08,-1.4830410958904112,-0.2317651874840614,-1.4451937166255275
1984-05-09,-1.4887123287671233,0.1394501268819379,-2.5407377981148147
1984-05-10,-1.4957534246575344,-0.018806985868325486,-3.2154395894741405
1984-05-11,-1.5007123287671236,0.16499912582819712,-2.9942867970610734
1984-05-12,-1.4948767123287674,0.8065144050695039,-2.3316376927407365
1984-05-13,-1.4885479452054797,0.8789808609880143,-1.7504329157825345
1984-05-14,-1.4770136986301372,1.1716327752837643,-1.9146190766536273
1984-05-15,-1.4598356164383564,1.6106717636926158,-1.4808361472542595
1984-05-16,-1.453205479452055,1.9133068181358892,-1.2001013386838342
1984-05-17,-1.4496164383561647,2.3271382196111263,-2.1375217812549616
1984-05-18,-1.4520273972602742,2.3469380088629705,-1.6849106116026964
1984-05-19,-1.466219178082192,2.079670709951836,-1.4934515318696442
1984-05-20,-1.4840547945205482,1.521290660777266,-1.2372358662567178
1984-05-21,-1.4989041095890414,0.8342860945672206,-1.385381984978179
1984-05-22,-1.4959726027397262,0.4417557117080709,-0.9257831089683446
1984-05-23,-1.500109589041096,0.5229106116026966,-0.7628010225616005
1984-05-24,-1.5001095890410963,1.26421303520649,-0.2341034461653937
1984-05-25,-1.4944657534246577,2.199844225933571,-1.7053784725089134
1984-05-26,-1.4890958904109595,2.769824556105682,-1.5507286656947223
1984-05-27,-1.4886027397260277,2.902159645673648,-3.9135569059476203
1984-05-28,-1.489287671232877,2.3225720095654645,-4.993284338332588
1984-05-29,-1.4895342465753427,2.6180395192247548,-6.008505272649412
1984-05-30,-1.4600547945205482,3.3267370956209614,-4.276682301100413
1984-05-31,-1.432328767123288,3.5091782617607574,-1.7468494946374693
1984-06-01,-1.3988493150684933,3.7641561332043825,0.10469318186411103
1984-06-02,-1.3811232876712332,3.4835597159230334,1.1975635717481996
1984-06-03,-1.3765753424657539,4.096879701873156,-0.9903043594074026
1984-06-04,-1.3698904109589045,3.719338430359282,-3.7294480194003774
1984-06-05,-1.3699726027397263,3.140810154981692,-3.200837552241966
1984-06-06,-1.3538356164383565,2.753534426144319,-2.679698809705963
1984-06-07,-1.3180000000000003,2.720678086137294,-2.722678086137294
1984-06-08,-1.2920547945205483,3.404964001135538,-2.79290920661499
1984-06-09,-1.2847123287671236,4.208854412094443,-1.194142083327319
1984-06-10,-1.2826849315068496,4.4431073098815865,0.4195776216252636
1984-06-11,-1.2546301369863018,4.101932037665219,-0.17730190067891716
1984-06-12,-1.2266027397260277,4.352151918241264,-0.40554917851523564
1984-06-13,-1.1945753424657537,4.515270990949378,1.7093043515163764
1984-06-14,-1.180301369863014,4.64739533236139,3.232906037501624
1984-06-15,-1.1825753424657535,4.398231300046674,1.1643440424190796
1984-06-16,-1.1764657534246576,4.771327892951485,-0.004862139526826681
1984-06-17,-1.1725205479452057,4.822098528708422,1.8704220192367833
1984-06-18,-1.1653698630136988,5.01027696214713,2.2850929008665686
1984-06-19,-1.1627671232876713,5.386000179568977,3.5967669437186958
1984-06-20,-1.1732602739726028,5.604099231202276,3.6791610427703256
1984-06-21,-1.1754520547945206,5.769240783713691,3.4162112710808294
1984-06-22,-1.1727945205479453,6.115490871525423,0.6173036490225217
1984-06-23,-1.196191780821918,6.618806642512426,-0.9826148616905073
1984-06-24,-1.21413698630137,6.442742013077933,-3.9586050267765636
1984-06-25,-1.237178082191781,6.005523186242669,-3.2283451040508875
1984-06-26,-1.258109589041096,6.105474011672947,-0.6773644226318511
1984-06-27,-1.2761917808219179,6.463422027127811,3.412769753694107
1984-06-28,-1.3136164383561646,6.6153679351011165,0.6182485032550478
1984-06-29,-1.3526027397260276,6.7376236428636735,-2.785020903137646
1984-06-30,-1.394246575342466,6.846494735241616,-1.8122481598991493
1984-07-01,-1.4254520547945209,7.677430615115167,2.448021439679353
1984-07-02,-1.4689589041095892,7.638049793197358,-1.0090908890877683
1984-07-03,-1.5000821917808222,7.216994998676809,-5.956912806895987
1984-07-04,-1.5286575342465756,7.726461437032974,-6.1778039027863985
1984-07-05,-1.548356164383562,7.816629930183659,-4.288273765800097
1984-07-06,-1.5637260273972606,7.758190889087769,-1.4244648616905087
1984-07-07,-1.6108219178082195,7.849064176759002,1.9517577410492173
1984-07-08,-1.6606301369863017,7.624521711005577,3.3861084259807237
1984-07-09,-1.6878630136986303,7.535721711005578,6.842141302693052
1984-07-10,-1.712082191780822,7.660425820594618,7.6016563711862055
1984-07-11,-1.7342739726027399,7.659828560320647,7.594445412282092
1984-07-12,-1.7693698630136985,7.68018212547695,5.939187737536749
1984-07-13,-1.7955068493150685,7.488536884872805,2.746969964442264
1984-07-14,-1.8187671232876712,7.555372852558088,1.9233942707295828
1984-07-15,-1.857945205479452,7.205849143390544,-0.4879039379110912
1984-07-16,-1.8700547945205481,7.305116442301679,-4.5050616477811305
1984-07-17,-1.8806849315068492,7.330495437735468,-5.209810506228619
1984-07-18,-1.8876438356164384,7.646339484100062,-1.8886956484836235
1984-07-19,-1.8761369863013697,7.703801373808528,-0.7276643875071578
1984-07-20,-1.865041095890411,8.03939533236139,0.5356457635290202
1984-07-21,-1.8580273972602739,8.195239378725985,2.782788018534289
1984-07-22,-1.858904109589041,8.524629614061425,2.464274495527617
1984-07-23,-1.858191780821918,8.249456449326617,2.178735331495302
1984-07-24,-1.8413150684931507,8.07071672329922,3.28059834519393
1984-07-25,-1.8145205479452056,8.549601865554225,2.094918682390981
1984-07-26,-1.8094246575342465,8.76107921012746,-4.541654552593214
1984-07-27,-1.811232876712329,8.624287499554926,-4.723054622842597
1984-07-28,-1.8138904109589042,8.375106607387734,-2.9512161964288293
1984-07-29,-1.8151232876712329,8.768581141985555,3.0065421456856782
1984-07-30,-1.809150684931507,8.909926417714393,4.359224267217115
1984-07-31,-1.8055342465753426,8.911056027830305,3.6944782187450382
1984-08-01,-1.7882465753424657,8.542165265624476,-1.1939186902820111
1984-08-02,-1.7681917808219179,8.147170534328373,0.7310212464935457
1984-08-03,-1.7545205479452055,8.681203551539472,3.123316996405734
1984-08-04,-1.7372876712328769,8.519180369242317,2.948107301990561
1984-08-05,-1.7368767123287672,7.949296983221945,-0.252420270893178
1984-08-06,-1.7335616438356165,8.453571658318538,-2.9100100144829213
1984-08-07,-1.71572602739726,9.16424113496062,-2.648515107563359
1984-08-08,-1.7094246575342464,8.66974657928798,-2.680321921753732
1984-08-09,-1.6946575342465753,8.564114686067047,-1.4194571518204713
1984-08-10,-1.665808219178082,8.37739533236139,-2.701587113183308
1984-08-11,-1.6382465753424658,8.975322975494512,-2.897076400152046
1984-08-12,-1.6270684931506847,8.932508785118678,-1.5154402919679928
1984-08-13,-1.619835616438356,8.89066614374179,-1.7008305273034328
1984-08-14,-1.614821917808219,8.38539743984295,-1.4605755220347323
1984-08-15,-1.6060821917808217,8.317084127584431,-0.8710019358036103
1984-08-16,-1.5882191780821917,8.196149810759705,-0.6979306326775134
1984-08-17,-1.5723561643835615,8.677133302154154,-1.094777137770592
1984-08-18,-1.5658082191780822,7.893801373808529,0.0920068453695535
1984-08-19,-1.5593698630136985,7.751190906650114,1.0181789563635846
1984-08-20,-1.563013698630137,7.766952761233887,2.236060937396249
1984-08-21,-1.5684931506849313,7.973079912621312,1.9154132380636195
1984-08-22,-1.5680821917808219,8.140393576126758,2.027688615654064
1984-08-23,-1.5663561643835615,7.9143275417045595,0.3920286226790024
1984-08-24,-1.5686575342465754,8.228461718030514,-1.5298041837839396
1984-08-25,-1.5602739726027397,7.889133302154154,-1.6988593295514152
1984-08-26,-1.548876712328767,7.4533911173982705,-1.7745144050695032
1984-08-27,-1.5265479452054793,7.278654903840141,-0.10210695863466146
1984-08-28,-1.5030410958904108,7.753854060847515,1.3091870350428954
1984-08-29,-1.4837808219178081,7.775518971279549,0.8782618506382587
1984-08-30,-1.474657534246575,7.320444155684187,1.0542133785623884
1984-08-31,-1.4768219178082191,6.861314545568274,2.2955073722399453
1984-09-01,-1.470931506849315,6.879403762287627,3.2015277445616874
1984-09-02,-1.4533698630136986,6.47600298954439,5.457366873469309
1984-09-03,-1.4347123287671233,6.201467689228267,6.093244639538855
1984-09-04,-1.4254246575342466,6.061980509741088,4.233444147793159
1984-09-05,-1.422767123287671,6.24275887293041,-2.589991749642739
1984-09-06,-1.4141643835616438,5.6700816688559454,-7.525917285294302
1984-09-07,-1.3873424657534246,5.8623928736329045,-6.26505040787948
1984-09-08,-1.3596164383561642,5.695381282484327,-5.055764844128163
1984-09-09,-1.3439452054794518,5.494617671665921,-2.700672466186469
1984-09-10,-1.3399999999999999,5.281013878199114,-4.2210138781991144
1984-09-11,-1.3370958904109589,5.586893049256367,-2.8897971588454077
1984-09-12,-1.3251780821917807,6.073948195023842,0.6712298871679385
1984-09-13,-1.3273150684931505,6.217741661831007,3.989573406662145
1984-09-14,-1.3362739726027397,5.98430997935823,1.9319639932445103
1984-09-15,-1.3477808219178082,5.390670358704909,-3.8728895367871012
1984-09-16,-1.3675342465753424,4.631134004648008,-3.143599758072665
1984-09-17,-1.3861095890410957,4.917950302505401,-1.0618407134643055
1984-09-18,-1.403945205479452,5.093451531869645,-2.1895063263901933
1984-09-19,-1.4145753424657532,5.059232353787453,-0.7246570113217006
1984-09-20,-1.4152054794520548,5.30114735203122,2.104058127420836
1984-09-21,-1.4135890410958902,5.471748686769539,0.3518403543263515
1984-09-22,-1.4147123287671233,5.39086494950224,-6.256152620735117
1984-09-23,-1.4213698630136986,5.345998072087418,-4.0946282090737185
1984-09-24,-1.4232602739726028,4.331037762990123,-5.38777748901752
1984-09-25,-1.4202191780821918,4.213026523088471,-7.502807345006279
1984-09-26,-1.4222465753424656,4.014211630218784,-5.251965054876319
1984-09-27,-1.4452328767123286,3.938477172895285,-1.0232442961829564
1984-09-28,-1.4465205479452055,3.9207848652029775,1.8957356827422278
1984-09-29,-1.4282739726027396,3.8721484057719975,1.726125566830742
1984-09-30,-1.4093972602739726,3.723670007457983,2.2657272528159895
1984-10-01,-1.396054794520548,3.1143795262496936,2.2816752682708548
1984-10-02,-1.3762465753424657,3.4609703235802174,-4.474723748237752
1984-10-03,-1.3404109589041098,3.9452815283571745,-4.294870569453065
1984-10-04,-1.3098356164383562,3.9082692347147447,-4.708433618276389
1984-10-05,-1.2926301369863016,3.8416201303944075,-3.638989993408106
1984-10-06,-1.2794520547945205,3.7382074152556646,-3.788755360461144
1984-10-07,-1.269013698630137,3.4934508293757913,-5.394437130745654
1984-10-08,-1.2563561643835617,2.7181947703663076,-2.1818386059827457
1984-10-09,-1.241068493150685,1.961820341142563,3.159248152008122
1984-10-10,-1.2417808219178084,2.31159203064028,3.2701887912775285
1984-10-11,-1.2373424657534247,2.551293470752679,3.0060489950007465
1984-10-12,-1.2427945205479451,3.110797510092335,0.4119970104556101
1984-10-13,-1.2407123287671231,3.1437395543494477,2.2069727744176757
1984-10-14,-1.2603835616438355,2.9772091714902973,4.663174390153538
1984-10-15,-1.2818082191780822,2.783380579990473,3.6584276391876087
1984-10-16,-1.2852054794520547,2.857145947043512,4.008059532408542
1984-10-17,-1.2728219178082192,2.7451340046480075,3.7376879131602117
1984-10-18,-1.2626575342465753,2.5351747492914916,0.17748278495508352
1984-10-19,-1.2550958904109586,2.297583600714042,-0.21248771030308333
1984-10-20,-1.2513424657534244,1.5673257854699252,0.3840166802834992
1984-10-21,-1.2513698630136985,0.6918990204541192,-0.10052915744042079
1984-10-22,-1.2552602739726026,0.5998140186978846,2.495446255274718
1984-10-23,-1.2620821917808218,0.07143748199258068,5.700644709788241
1984-10-24,-1.2795616438356163,0.434118198536311,2.565443445299305
1984-10-25,-1.28586301369863,0.9325242399834485,3.4233387737151815
1984-10-26,-1.2981369863013699,0.9541547282166764,0.7639822580846934
1984-10-27,-1.3062465753424655,1.0387174257930725,-1.312470850450607
1984-10-28,-1.3254520547945203,1.0161645631306206,0.5892874916638997
1984-10-29,-1.3328767123287673,0.7095365336258791,4.663340178702888
1984-10-30,-1.3260547945205479,0.8556067830111969,5.940448011509351
1984-10-31,-1.3204383561643835,1.5459798072472348,5.544458548917149
1984-11-01,-1.3270136986301369,1.6977065371383482,5.259307161491789
1984-11-02,-1.3457534246575342,1.6723781212619873,2.8233753033955473
1984-11-03,-1.3542465753424657,1.2832211138858016,0.1810254614566642
1984-11-04,-1.365178082191781,0.10286705698379968,0.5423110252079812
1984-11-05,-1.3756164383561644,-0.5999956054679039,1.1756120438240683
1984-11-06,-1.3774794520547946,-0.9022604456505525,1.7697398977053471
1984-11-07,-1.3803561643835618,-0.5789769893807946,2.549333153764356
1984-11-08,-1.3754794520547944,-0.33294748463896096,3.608426936693755
1984-11-09,-1.3652876712328768,-0.3139752331461618,3.589262904379039
1984-11-10,-1.3535616438356164,-0.6598066346213988,6.683368278457015
1984-11-11,-1.3467671232876712,-1.6624030519027482,7.44917017519042
1984-11-12,-1.3400547945205479,-1.9510739335325336,5.921128728053081
1984-11-13,-1.3287397260273972,-2.8881269718184486,4.086866697845846
1984-11-14,-1.3206849315068494,-4.0193633610000425,3.320048292506892
1984-11-15,-1.3114794520547945,-3.271392163248023,2.552871615302818
1984-11-16,-1.2975890410958906,-2.9015333645125123,0.5391224056084027
1984-11-17,-1.2886575342465754,-3.2643222651096324,-2.187020200643792
1984-11-18,-1.2797260273972602,-3.2585365257348515,-1.6517374468678883
1984-11-19,-1.2713698630136987,-2.783034593876755,-1.5655955431095463
1984-11-20,-1.264849315068493,-3.6141571790541347,0.17900649412262748
1984-11-21,-1.2628493150684932,-4.008117839398357,-0.23903284553314919
1984-11-22,-1.2582465753424656,-4.270810498337591,3.1990570736800565
1984-11-23,-1.2483561643835615,-3.8082077586115646,5.936563922995126
1984-11-24,-1.2320821917808218,-4.5146468172698,6.2967290090506225
1984-11-25,-1.2150136986301368,-4.422303297775596,5.277316996405732
1984-11-26,-1.191945205479452,-3.870726901569063,2.2526721070485145
1984-11-27,-1.1700273972602737,-4.790910252464743,1.100937649725016
1984-11-28,-1.15,-4.439180712598216,7.8091807125982164
1984-11-29,-1.1336986301369862,-4.460228833427158,6.3339274635641445
1984-11-30,-1.118821917808219,-4.114927814811072,5.103749732619291
1984-12-01,-1.1106849315068492,-4.292378464617886,3.033063396124735
1984-12-02,-1.1053972602739726,-4.150512640943843,2.3859099012178153
1984-12-03,-1.0905753424657534,-3.947609233848656,4.41818457631441
1984-12-04,-1.0666027397260274,-4.23279925843594,3.589401998161968
1984-12-05,-1.0464383561643835,-4.137071826050973,4.463510182215357
1984-12-06,-1.022876712328767,-4.800926409823366,5.683803122152133
1984-12-07,-1.0087945205479452,-5.359052156223084,5.267846676771029
1984-12-08,-1.0104931506849315,-5.913653490961405,5.584146641646337
1984-12-09,-1.0210684931506848,-5.665217242278582,0.40628573542926727
1984-12-10,-1.0324657534246575,-5.219905686254697,3.5723714396793547
1984-12-11,-1.0455616438356166,-5.219241127069589,7.064802770905206
1984-12-12,-1.0481917808219179,-5.187364765987748,8.985556546809667
1984-12-13,-1.0564657534246575,-5.240638387343562,4.7071041407682195
1984-12-14,-1.0607671232876712,-5.291845974277177,0.4026130975648474
1984-12-15,-1.071917808219178,-5.151193357487574,0.9531111657067521
1984-12-16,-1.0760273972602739,-5.3989172774032745,1.784944674663548
1984-12-17,-1.0943013698630135,-5.646160691523401,2.280462061386415
1984-12-18,-1.106904109589041,-6.152559005538153,3.409463115127194
1984-12-19,-1.1203835616438353,-6.533144885411704,-2.2864715529444597
1984-12-20,-1.142849315068493,-6.692673512036221,2.535522827104714
1984-12-21,-1.1551506849315067,-6.35418246883285,2.459333153764357
1984-12-22,-1.166109589041096,-5.93785791667268,-3.3960324942862243
1984-12-23,-1.176739726027397,-6.405264309366745,2.6620040353941423
1984-12-24,-1.1778356164383559,-6.692153666584869,2.1999892830232257
1984-12-25,-1.177643835616438,-6.653272739292981,-2.3990834250905815
1984-12-26,-1.1766575342465753,-5.980386192050272,-3.3529562737031533
1984-12-27,-1.194,-5.777692830617183,-2.778307169382818
1984-12-28,-1.2032876712328766,-5.485762377508649,-4.510949951258474
1984-12-29,-1.1935890410958905,-4.766436771607699,-7.589974187296411
1984-12-30,-1.180958904109589,-4.468885665179881,-8.93015543071053
1984-12-31,-1.186082191780822,-5.35002370522203,-7.843894102997149
1985-01-01,-1.182,-5.8695937789838855,-4.678406221016115
1985-01-02,-1.1501643835616437,-6.218338422468254,-6.831497193970102
1985-01-03,-1.1163287671232878,-6.886126269324594,-10.797544963552118
1985-01-04,-1.1027123287671232,-7.221306458997936,-11.115981212234942
1985-01-05,-1.100219178082192,-6.639114678176017,-17.59066614374179
1985-01-06,-1.1027397260273972,-7.187616961281041,-15.78964331269156
1985-01-07,-1.106219178082192,-7.054204246142298,-12.459576575775511
1985-01-08,-1.12013698630137,-6.874877937747495,-13.934985075951136
1985-01-09,-1.1405479452054796,-6.34970969046966,-14.129742364324862
1985-01-10,-1.156219178082192,-5.796353877333025,-12.647426944584783
1985-01-11,-1.1637260273972605,-6.567875479019009,-9.458398493583733
1985-01-12,-1.1569589041095891,-6.952945377157402,-9.040095718733008
1985-01-13,-1.1412876712328768,-6.344883557698322,-8.713828771068801
1985-01-14,-1.125808219178082,-5.8177110954573665,-6.66648068536455
1985-01-15,-1.1047945205479452,-5.446057424926983,-5.759148054525071
1985-01-16,-1.082219178082192,-4.891534067006366,-1.996246754911442
1985-01-17,-1.0637260273972604,-4.98428643792312,-1.35198753467962
1985-01-18,-1.0496438356164384,-5.72706199113703,-0.2732941732465308
1985-01-19,-1.044191780821918,-5.9490205439996915,-0.30678767517839045
1985-01-20,-1.0570136986301373,-6.536574460402923,-0.15641184096693994
1985-01-21,-1.059095890410959,-6.733023353975104,1.2721192443860634
1985-01-22,-1.053315068493151,-7.031281169219221,4.384596237712372
1985-01-23,-1.046082191780822,-6.974241478316517,6.06032367009734
1985-01-24,-1.035178082191781,-6.85518563005519,-3.66963628775303
1985-01-25,-1.0040000000000002,-6.246212676068536,-1.8097873239314648
1985-01-26,-0.9785479452054796,-6.688383382074859,-0.9230686727196611
1985-01-27,-0.9588767123287674,-7.324531608277878,-0.6665916793933535
1985-01-28,-0.9613698630136988,-7.4403398274559605,1.2517096904696592
1985-01-29,-0.9763287671232879,-7.088863887870433,0.7051926549937209
1985-01-30,-0.9957260273972603,-7.545687913160211,5.0414139405574705
1985-01-31,-0.9985479452054795,-7.297627498688838,5.996175443894318
1985-02-01,-1.0025479452054795,-7.335795394719748,5.978343339925227
1985-02-02,-1.0063835616438357,-7.293775724891859,6.340159286535695
1985-02-03,-1.0166575342465753,-6.831487702412056,2.728145236658631
1985-02-04,-1.0055616438356165,-6.521976638133868,6.017538281969484
1985-02-05,-1.0142191780821919,-6.593745517656172,6.4479646957383645
1985-02-06,-1.0307123287671234,-6.734910954958596,3.7556232837257193
1985-02-07,-1.0291780821917809,-6.943091495878863,3.692269578070644
1985-02-08,-1.0196164383561646,-6.357349311122979,5.246965749479144
1985-02-09,-1.007013698630137,-6.145156827807209,4.312170526437345
1985-02-10,-0.994246575342466,-7.438229535921012,1.172476111263478
1985-02-11,-0.9813698630136989,-7.513642251059754,-0.4449878859265466
1985-02-12,-0.9660273972602742,-7.509302244034816,-2.024670358704909
1985-02-13,-0.9489863013698634,-7.6464121843228385,0.16539848569270266
1985-02-14,-0.9357534246575346,-7.4344395815831135,1.4201930062406483
1985-02-15,-0.9257534246575345,-7.514391109507243,-0.3298554658352222
1985-02-16,-0.9261369863013701,-7.884687561913284,-1.1491754517853456
1985-02-17,-0.9267945205479455,-7.442676322011634,-0.3305291574404201
1985-02-18,-0.9179726027397264,-7.944499293560633,-5.317528103699639
1985-02-19,-0.9164383561643838,-7.9744669788433855,-5.399094664992229
1985-02-20,-0.9028493150684935,-8.227892338871486,-0.28925834606002
1985-02-21,-0.8961095890410962,-7.812736033989153,-1.2611543769697517
1985-02-22,-0.8867671232876715,-7.438166311474226,-3.5650665652381024
1985-02-23,-0.8705753424657536,-6.508159989029547,-0.041264668504698676
1985-02-24,-0.8731232876712332,-6.458881450216762,4.742004737887996
1985-02-25,-0.88627397260274,-6.808605370132464,7.864879342735204
1985-02-26,-0.9008219178082195,-7.457442040311599,7.518263958119818
1985-02-27,-0.9085479452054797,-7.011469437571872,4.890017382777351
1985-02-28,-0.9078630136986305,-6.687996307961758,3.135859321660389
1985-03-01,-0.8998356164383565,-6.739202489907665,2.6190381063460224
1985-03-02,-0.8927123287671237,-6.268228833427159,-0.09905883780571756
1985-03-03,-0.8944657534246578,-6.656306810244861,0.23077256366951904
1985-03-04,-0.9000821917808223,-7.091073933532533,2.921156125313355
1985-03-05,-0.9101917808219182,-7.197087280915743,2.9672790617376616
1985-03-06,-0.9281917808219181,-6.783026866444371,2.921218647266289
1985-03-07,-0.9138904109589043,-6.371295921590138,3.365186332549043
1985-03-08,-0.8970684931506852,-5.973124513089962,3.620193006240647
1985-03-09,-0.8817808219178085,-6.301552331846548,-0.07666684623564368
1985-03-10,-0.8656712328767127,-6.100935542243457,-1.4533932248798305
1985-03-11,-0.8628219178082194,-6.587050048741524,-3.2601280334502576
1985-03-12,-0.8449315068493153,-6.549626796194984,-2.4154416969557015
1985-03-13,-0.8186301369863016,-5.825435015373067,0.9940651523593687
1985-03-14,-0.8067671232876713,-5.2572614993913325,-2.1559713773209968
1985-03-15,-0.8077260273972603,-5.983395675717289,-4.598878296885451
1985-03-16,-0.8110136986301371,-5.6011146781760175,-5.207871623193844
1985-03-17,-0.8019726027397261,-5.379382328334079,-8.338645068926194
1985-03-18,-0.7976986301369864,-5.48494045970043,-7.807360910162584
1985-03-19,-0.7851506849315069,-5.247581134094529,-7.767268180973965
1985-03-20,-0.7612876712328768,-4.2096563009368175,-6.349056027830306
1985-03-21,-0.7451232876712329,-4.157675268270854,-2.7072014440579135
1985-03-22,-0.739178082191781,-4.757220052253995,-0.47360186555422334
1985-03-23,-0.7262465753424661,-4.175884611439101,-2.4178688132184334
1985-03-24,-0.6949863013698632,-4.427621176244159,-2.7973925223859775
1985-03-25,-0.6679178082191783,-4.121782749830391,-1.1902994419504314
1985-03-26,-0.6353150684931509,-4.871725847828283,1.0670409163214334
1985-03-27,-0.5989589041095893,-4.816027217691297,-0.6150138781991137
1985-03-28,-0.5692602739726029,-5.09124323455115,-6.009496491476248
1985-03-29,-0.5463561643835619,-5.183326128825824,-1.6503177067906138
1985-03-30,-0.5329589041095892,-5.528761323767869,3.5517202278774582
1985-03-31,-0.5189589041095892,-4.983116785657577,4.4220756897671665
1985-04-01,-0.5045479452054797,-4.696721281618237,4.471269226823717
1985-04-02,-0.49356164383561674,-4.554541443191823,3.5881030870274397
1985-04-03,-0.4648767123287675,-4.402521773363936,5.767398485692703
1985-04-04,-0.43704109589041124,-4.0947479763846575,4.911789072275068
1985-04-05,-0.4062465753424661,-3.26172514533443,2.327971720676896
1985-04-06,-0.38438356164383597,-3.033782749830391,0.588166311474227
1985-04-07,-0.36334246575342505,-3.121732872766815,0.11507533852023988
1985-04-08,-0.33515068493150735,-3.5048828552044693,2.0800335401359766
1985-04-09,-0.327452054794521,-3.3825512781057685,2.2000033329002893
1985-04-10,-0.33816438356164424,-3.7824444990400856,-1.36939111739827
1985-04-11,-0.34172602739726066,-4.325312781442614,-0.502961191160125
1985-04-12,-0.3305753424657538,-4.430534418253292,-4.618890239280955
1985-04-13,-0.3175616438356168,-4.3496829957032395,-0.7027553604611443
1985-04-14,-0.3223835616438359,-3.8241065994967074,-3.423509838859457
1985-04-15,-0.33153424657534275,-3.699958373293686,-4.198507380130971
1985-04-16,-0.3398356164383564,-3.529810849584518,-2.0503535339771255
1985-04-17,-0.3464383561643839,-3.295453982707103,-0.9581076611285124
1985-04-18,-0.34915068493150714,-3.9501670139680796,-0.05068230110041316
1985-04-19,-0.3473972602739729,-3.63545749517637,3.942854755450343
1985-04-20,-0.3500000000000003,-3.0300827147056983,4.4400827147056985
1985-04-21,-0.3481643835616441,-2.676071474804047,3.3642358583656913
1985-04-22,-0.3424931506849318,-2.658051804976158,2.71054495566109
1985-04-23,-0.3429589041095893,-2.376564625488979,2.7495235295985685
1985-04-24,-0.34728767123287696,-2.1774286929283893,-2.1152836358387335
1985-04-25,-0.3510684931506852,-1.7045006985483397,0.5455691916990248
1985-04-26,-0.35871232876712356,-1.60474165393998,-1.8765460172928965
1985-04-27,-0.35578082191780847,-1.3483911095072436,-2.105828068574948
1985-04-28,-0.34520547945205504,-0.970426936693756,-9.33436758385419
1985-04-29,-0.3396164383561646,-0.5687809935957578,-8.881602568048077
1985-04-30,-0.34621917808219205,-0.44575535257011695,-3.288025469347691
1985-05-01,-0.3560000000000002,-0.36008903715037677,-1.4939109628496228
1985-05-02,-0.3705479452054797,-0.10397944810928078,-3.4454726066852395
1985-05-03,-0.39263013698630156,-0.08841780427366439,-6.748952058740034
1985-05-04,-0.41835616438356193,-0.2501269718184484,-2.1115168637979895
1985-05-05,-0.4336986301369866,-0.2514750575226986,-1.2148263123403145
1985-05-06,-0.44076712328767154,0.11849895020473389,-1.0177318269170623
1985-05-07,-0.44235616438356196,-0.08670371927190826,0.4190598836554702
1985-05-08,-0.45758904109589077,-0.2317651874840614,-3.520645771420048
1985-05-09,-0.47060273972602773,0.1394501268819379,-1.77884738715591
1985-05-10,-0.47473972602739756,-0.018806985868325486,-0.5164532881042769
1985-05-11,-0.4715616438356167,0.16499912582819712,0.2565625180074196
1985-05-12,-0.4833150684931509,0.8065144050695039,-0.8631993365763531
1985-05-13,-0.5165479452054798,0.8789808609880143,-0.2724329157825346
1985-05-14,-0.5412876712328769,1.1716327752837643,1.2796548959491127
1985-05-15,-0.5709589041095893,1.6106717636926158,0.5702871404169736
1985-05-16,-0.5997260273972604,1.9133068181358892,1.3064192092613713
1985-05-17,-0.615315068493151,2.3271382196111263,2.0981768488820247
1985-05-18,-0.6296712328767127,2.3469380088629705,0.7527332240137423
1985-05-19,-0.6306301369863017,2.079670709951836,0.9309594270344652
1985-05-20,-0.6327945205479455,1.521290660777266,0.9615038597706793
1985-05-21,-0.6407123287671236,0.8342860945672206,0.13642623419990296
1985-05-22,-0.6401369863013702,0.4417557117080709,-1.0516187254067006
1985-05-23,-0.656356164383562,0.5229106116026966,0.0734455527808654
1985-05-24,-0.6770136986301374,1.26421303520649,2.5528006634236475
1985-05-25,-0.705397260273973,2.199844225933571,3.445553034340402
1985-05-26,-0.7289041095890415,2.769824556105682,3.91907955348336
1985-05-27,-0.7557534246575346,2.902159645673648,3.7735937789838863
1985-05-28,-0.7777534246575346,2.3225720095654645,2.29518141509207
1985-05-29,-0.796356164383562,2.6180395192247548,0.6083166451588076
1985-05-30,-0.8348219178082196,3.3267370956209614,1.048084822187258
1985-05-31,-0.8574794520547948,3.5091782617607574,3.1083011902940374
1985-06-01,-0.8615616438356167,3.7641561332043825,2.5374055106312348
1985-06-02,-0.8512876712328772,3.4835597159230334,2.5977279553098445
1985-06-03,-0.8358904109589044,4.096879701873156,3.8790107090857475
1985-06-04,-0.8229863013698633,3.719338430359282,4.473647871010582
1985-06-05,-0.8076986301369866,3.140810154981692,3.596888475155294
1985-06-06,-0.8059726027397263,2.753534426144319,5.372438176595407
1985-06-07,-0.8126575342465756,2.720678086137294,1.9119794481092818
1985-06-08,-0.8142465753424661,3.404964001135538,-3.890717425793072
1985-06-09,-0.8157808219178084,4.208854412094443,-5.523073590176634
1985-06-10,-0.8046301369863016,4.4431073098815865,-4.218477172895285
1985-06-11,-0.8186027397260276,4.101932037665219,-5.393329297939191
1985-06-12,-0.8474246575342468,4.352151918241264,-1.744727260707017
1985-06-13,-0.8846027397260275,4.515270990949378,-1.6206682512233503
1985-06-14,-0.8907397260273974,4.64739533236139,1.3733443936660068
1985-06-15,-0.8817808219178084,4.398231300046674,-3.2064504781288656
1985-06-16,-0.8697534246575344,4.771327892951485,-1.8115744682939505
1985-06-17,-0.8568767123287673,4.822098528708422,-5.1152218163796555
1985-06-18,-0.8419726027397263,5.01027696214713,-2.638304359407404
1985-06-19,-0.8359726027397263,5.386000179568977,-1.6500275768292507
1985-06-20,-0.8266575342465755,5.604099231202276,-4.8674416969557
1985-06-21,-0.8233424657534248,5.769240783713691,-1.4258983179602662
1985-06-22,-0.8130684931506852,6.115490871525423,-3.7424223783747377
1985-06-23,-0.7864109589041098,6.618806642512426,-5.272395683608316
1985-06-24,-0.7825479452054798,6.442742013077933,-4.790194067872454
1985-06-25,-0.7797534246575345,6.005523186242669,-3.615769761585134
1985-06-26,-0.7640000000000002,6.105474011672947,-0.8114740116729466
1985-06-27,-0.7523835616438359,6.463422027127811,-3.4410384654839747
1985-06-28,-0.7448493150684934,6.6153679351011165,-3.3405186200326233
1985-06-29,-0.725205479452055,6.7376236428636735,0.12758183658838096
1985-06-30,-0.7083561643835619,6.846494735241616,2.1118614291419453
1985-07-01,-0.6973972602739729,7.677430615115167,-0.1500333548411943
1985-07-02,-0.6790684931506853,7.638049793197358,-0.3089813000466721
1985-07-03,-0.6745753424657537,7.216994998676809,4.837580343788946
1985-07-04,-0.6569315068493156,7.726461437032974,5.300470069816342
1985-07-05,-0.6297534246575347,7.816629930183659,-0.23687650552612372
1985-07-06,-0.610438356164384,7.758190889087769,-1.4677525329233854
1985-07-07,-0.5697534246575348,7.849064176759002,-0.009310752101468367
1985-07-08,-0.5344383561643841,7.624521711005577,0.9899166451588082
1985-07-09,-0.5079178082191786,7.535721711005578,0.5821960972136013
1985-07-10,-0.4655068493150689,7.660425820594618,-1.094918971279549
1985-07-11,-0.4274520547945209,7.659828560320647,0.5676234944738736
1985-07-12,-0.38945205479452083,7.68018212547695,1.8192699293175707
1985-07-13,-0.35315068493150714,7.488536884872805,3.7746138000587015
1985-07-14,-0.3347123287671235,7.555372852558088,6.159339476209036
1985-07-15,-0.3116164383561646,7.205849143390544,3.6157672949656208
1985-07-16,-0.28641095890410967,7.305116442301679,1.5812945166024308
1985-07-17,-0.27989041095890416,7.330495437735468,1.4293949732234363
1985-07-18,-0.28972602739726033,7.646339484100062,3.263386543297197
1985-07-19,-0.3067671232876713,7.703801373808528,2.842965749479143
1985-07-20,-0.30879452054794526,8.03939533236139,0.9693991881865536
1985-07-21,-0.2902465753424659,8.195239378725985,-3.4649928033835184
1985-07-22,-0.2940000000000001,8.524629614061425,0.13937038593857487
1985-07-23,-0.29509589041095896,8.249456449326617,2.7256394410843416
1985-07-24,-0.3096164383561645,8.07071672329922,4.388899715056944
1985-07-25,-0.324109589041096,8.549601865554225,4.5845077234868725
1985-07-26,-0.32293150684931515,8.76107921012746,5.351852296721853
1985-07-27,-0.3389315068493152,8.624287499554926,3.0946440072943897
1985-07-28,-0.3586301369863015,8.375106607387734,2.7735235295985667
1985-07-29,-0.38024657534246586,8.768581141985555,0.6616654333569123
1985-07-30,-0.39315068493150696,8.909926417714393,-2.516775732782886
1985-07-31,-0.4053972602739726,8.911056027830305,-4.785658767556333
1985-08-01,-0.41884931506849316,8.542165265624476,-3.593315950555983
1985-08-02,-0.42928767123287676,8.147170534328373,-2.0678828630954955
1985-08-03,-0.442109589041096,8.681203551539472,0.4109060375016238
1985-08-04,-0.4572602739726027,8.519180369242317,-2.081920095269714
1985-08-05,-0.46665753424657536,7.949296983221945,2.52736055102463
1985-08-06,-0.48871232876712334,8.453571658318538,-7.314859329551414
1985-08-07,-0.5142465753424658,9.16424113496062,-9.869994559618153
1985-08-08,-0.5395068493150684,8.66974657928798,-3.290239729972911
1985-08-09,-0.5744931506849316,8.564114686067047,0.9503784646178843
1985-08-10,-0.6229041095890411,8.37739533236139,0.8555087772276497
1985-08-11,-0.6823287671232876,8.975322975494512,0.8070057916287752
1985-08-12,-0.7268219178082191,8.932508785118678,2.284313132689542
1985-08-13,-0.7406849315068493,8.89066614374179,3.0200187877650606
1985-08-14,-0.7465479452054794,8.38539743984295,3.8911505053625284
1985-08-15,-0.7583013698630137,8.317084127584431,3.111217242278583
1985-08-16,-0.7700821917808219,8.196149810759705,2.1339323810211184
1985-08-17,-0.7723561643835615,8.677133302154154,-2.0347771377705923
1985-08-18,-0.7683013698630137,7.893801373808529,-0.945500003945515
1985-08-19,-0.7673150684931507,7.751190906650114,3.446124161843036
1985-08-20,-0.7496438356164383,7.766952761233887,1.9826910743825517
1985-08-21,-0.7347945205479454,7.973079912621312,6.041714607926632
1985-08-22,-0.7438082191780824,8.140393576126758,3.6634146430513255
1985-08-23,-0.7469589041095891,7.9143275417045595,2.982631362405029
1985-08-24,-0.7391506849315068,8.228461718030514,3.5506889669009922
1985-08-25,-0.7364657534246576,7.889133302154154,-3.4526675487294964
1985-08-26,-0.7567397260273973,7.4533911173982705,-7.3666513913708735
1985-08-27,-0.7904109589041096,7.278654903840141,-6.1482439449360315
1985-08-28,-0.8232328767123288,7.753854060847515,-2.1906211841351864
1985-08-29,-0.8427397260273974,7.775518971279549,0.48722075474784887
1985-08-30,-0.8504109589041097,7.320444155684187,3.3599668032199235
1985-08-31,-0.8478630136986303,6.861314545568274,4.266548468130355
1985-09-01,-0.8364657534246577,6.879403762287627,1.9270619911370304
1985-09-02,-0.8333150684931507,6.47600298954439,2.7873120789487613
1985-09-03,-0.8400547945205481,6.201467689228267,1.80858710529228
1985-09-04,-0.8281643835616439,6.061980509741088,-2.933816126179444
1985-09-05,-0.8236712328767124,6.24275887293041,2.030912359946302
1985-09-06,-0.8354520547945206,5.6700816688559454,-1.9646296140614248
1985-09-07,-0.8486849315068494,5.8623928736329045,-1.2237079421260546
1985-09-08,-0.8446849315068494,5.695381282484327,0.3093036490225227
1985-09-09,-0.8341917808219179,5.494617671665921,-2.170425890844003
1985-09-10,-0.815041095890411,5.281013878199114,1.784027217691297
1985-09-11,-0.799041095890411,5.586893049256367,6.172148046634045
1985-09-12,-0.796931506849315,6.073948195023842,4.472983311825473
1985-09-13,-0.7881643835616439,6.217741661831007,3.100422721730637
1985-09-14,-0.7708219178082192,5.98430997935823,0.16651193844998957
1985-09-15,-0.7534794520547945,5.390670358704909,-1.1671909066501147
1985-09-16,-0.7276986301369862,4.631134004648008,-2.2234353745110216
1985-09-17,-0.7032054794520548,4.917950302505401,2.835255176946653
1985-09-18,-0.6791780821917809,5.093451531869645,5.7957265503221365
1985-09-19,-0.663123287671233,5.059232353787453,4.42389093388378
1985-09-20,-0.6686301369863015,5.30114735203122,3.5274827849550823
1985-09-21,-0.6830136986301372,5.471748686769539,4.3412650118605995
1985-09-22,-0.6709315068493151,5.39086494950224,4.4100665573470765
1985-09-23,-0.6583561643835618,5.345998072087418,5.0223580922961455
1985-09-24,-0.6656986301369865,4.331037762990123,5.754660867146864
1985-09-25,-0.6835068493150687,4.213026523088471,5.0304803262265985
1985-09-26,-0.6759726027397261,4.014211630218784,4.841760972520942
1985-09-27,-0.6446849315068495,3.938477172895285,6.536207758611566
1985-09-28,-0.6379452054794522,3.9207848652029775,5.977160340276475
1985-09-29,-0.6523835616438358,3.8721484057719975,6.060235155871838
1985-09-30,-0.656246575342466,3.723670007457983,6.772576567884483
1985-10-01,-0.6689041095890413,3.1143795262496936,5.564524583339347
1985-10-02,-0.6704931506849316,3.4609703235802174,5.289522827104714
1985-10-03,-0.6797534246575344,3.9452815283571745,5.20447189630036
1985-10-04,-0.7014794520547948,3.9082692347147447,5.923210217340051
1985-10-05,-0.7150684931506852,3.8416201303944075,3.7634483627562774
1985-10-06,-0.7148767123287673,3.7382074152556646,3.326669297073102
1985-10-07,-0.7109589041095892,3.4934508293757913,4.337508074733798
1985-10-08,-0.7087123287671235,2.7181947703663076,0.08051755840081576
1985-10-09,-0.7133972602739729,1.961820341142563,-1.2784230808685901
1985-10-10,-0.716109589041096,2.31159203064028,1.444517558400816
1985-10-11,-0.7297534246575345,2.551293470752679,6.568459953904856
1985-10-12,-0.7404657534246577,3.110797510092335,4.659668243332323
1985-10-13,-0.7646849315068495,3.1437395543494477,-0.0290546228425983
1985-10-14,-0.7706301369863016,2.9772091714902973,0.8334209654960043
1985-10-15,-0.7669041095890413,2.783380579990473,0.11352352959856793
1985-10-16,-0.7632876712328769,2.857145947043512,1.0761417241893647
1985-10-17,-0.7638630136986304,2.7451340046480075,2.2387290090506227
1985-10-18,-0.772328767123288,2.5351747492914916,0.3271540178317962
1985-10-19,-0.7970684931506852,2.297583600714042,-1.6205151075633568
1985-10-20,-0.8224931506849319,1.5673257854699252,0.6251673652150067
1985-10-21,-0.83241095890411,0.6918990204541192,1.5505119384499908
1985-10-22,-0.8371780821917811,0.5998140186978846,1.9073640634938964
1985-10-23,-0.8405205479452058,0.07143748199258068,3.6990830659526255
1985-10-24,-0.8318904109589045,0.434118198536311,0.7377722124225936
1985-10-25,-0.8296164383561646,0.9325242399834485,0.17709219837271617
1985-10-26,-0.8239726027397264,0.9541547282166764,1.35981787452305
1985-10-27,-0.821397260273973,1.0387174257930725,2.0626798344809
1985-10-28,-0.7957260273972606,1.0161645631306206,2.09956146426664
1985-10-29,-0.7713698630136989,0.7095365336258791,1.6918333293878196
1985-10-30,-0.7625479452054797,0.8556067830111969,1.8069411621942828
1985-10-31,-0.7519178082191782,1.5459798072472348,-0.33406199902805667
1985-11-01,-0.7363835616438358,1.6977065371383482,-3.3913229754945124
1985-11-02,-0.7128493150684934,1.6723781212619873,-7.199528806193494
1985-11-03,-0.7027123287671233,1.2832211138858016,-6.070508785118678
1985-11-04,-0.6945205479452056,0.10286705698379968,-2.708346509038594
1985-11-05,-0.6877808219178084,-0.5999956054679039,-0.0922235726142876
1985-11-06,-0.6838630136986303,-0.9022604456505525,-4.483876540650817
1985-11-07,-0.6793698630136988,-0.5789769893807946,-2.9016531476055065
1985-11-08,-0.6787123287671235,-0.33294748463896096,1.4016598134060843
1985-11-09,-0.6702739726027399,-0.3139752331461618,4.054249205748902
1985-11-10,-0.6604109589041098,-0.6598066346213988,1.7002175935255086
1985-11-11,-0.6466849315068495,-1.6624030519027482,-5.380912016590402
1985-11-12,-0.6320547945205481,-1.9510739335325336,-3.8168712719469187
1985-11-13,-0.6273424657534249,-2.8881269718184486,-7.444530562428127
1985-11-14,-0.6245753424657536,-4.0193633610000425,-7.876061296534203
1985-11-15,-0.6230410958904112,-3.271392163248023,-3.8255667408615657
1985-11-16,-0.621178082191781,-2.9015333645125123,-5.377288553295707
1985-11-17,-0.6067671232876715,-3.2643222651096324,-3.218910611602696
1985-11-18,-0.5912328767123289,-3.2585365257348515,-3.1302305975528197
1985-11-19,-0.5746301369863015,-2.783034593876755,-5.152335269136943
1985-11-20,-0.5578082191780822,-3.6141571790541347,-0.3180346017677831
1985-11-21,-0.5390684931506851,-4.008117839398357,-6.882813667450957
1985-11-22,-0.5183561643835617,-4.270810498337591,-5.080833337278847
1985-11-23,-0.5174246575342466,-3.8082077586115646,-5.1543675838541905
1985-11-24,-0.5155616438356165,-4.5146468172698,-2.9997915388945824
1985-11-25,-0.5112602739726029,-4.422303297775596,-5.226436428251802
1985-11-26,-0.5095342465753426,-3.870726901569063,-6.459738851855596
1985-11-27,-0.5096164383561645,-4.790910252464743,-6.349473309179093
1985-11-28,-0.5225205479452057,-4.439180712598216,-6.858298739456578
1985-11-29,-0.5468493150684934,-4.460228833427158,-2.522921851504349
1985-11-30,-0.573232876712329,-4.114927814811072,3.0681606915234005
1985-12-01,-0.5951780821917811,-4.292378464617886,6.267556546809667
1985-12-02,-0.6110410958904113,-4.150512640943843,7.511553736834254
1985-12-03,-0.6307945205479455,-3.947609233848656,8.668403754396602
1985-12-04,-0.6556986301369867,-4.23279925843594,8.758497888572926
1985-12-05,-0.6857534246575345,-4.137071826050973,4.732825250708507
1985-12-06,-0.7191506849315072,-4.800926409823366,2.940077094754873
1985-12-07,-0.7377534246575346,-5.359052156223084,4.416805580880619
1985-12-08,-0.7346301369863018,-5.913653490961405,4.748283627947707
1985-12-09,-0.7183835616438359,-5.665217242278582,4.173600803922418
1985-12-10,-0.6984657534246578,-5.219905686254697,-1.8616285603206455
1985-12-11,-0.6848493150684933,-5.219241127069589,-3.815909557861918
1985-12-12,-0.6946301369863016,-5.187364765987748,-4.93800509702595
1985-12-13,-0.6955342465753427,-5.240638387343562,2.106172633918905
1985-12-14,-0.6905479452054797,-5.291845974277177,3.302393919482656
1985-12-15,-0.6713698630136988,-5.151193357487574,4.942563220501273
1985-12-16,-0.6576712328767125,-5.3989172774032745,6.066588510279987
1985-12-17,-0.6343287671232879,-5.646160691523401,7.260489458646689
1985-12-18,-0.6186027397260276,-6.152559005538153,5.111161745264181
1985-12-19,-0.6036438356164385,-6.533144885411704,0.5967887210281422
1985-12-20,-0.5789589041095893,-6.692673512036221,3.18163241614581
1985-12-21,-0.5645205479452058,-6.35418246883285,5.618703016778055
1985-12-22,-0.5374794520547947,-5.93785791667268,5.705337368727475
1985-12-23,-0.5103561643835618,-6.405264309366745,3.4056204737503073
1985-12-24,-0.4934520547945207,-6.692153666584869,2.5356057213793894
1985-12-25,-0.47230136986301385,-6.653272739292981,2.6455741091559943
1985-12-26,-0.455150684931507,-5.980386192050272,0.1655368769817791
1985-12-27,-0.42693150684931525,-5.777692830617183,-0.7953756625335018
1985-12-28,-0.40035616438356175,-5.485762377508649,1.8561185418922101
1985-12-29,-0.38706849315068503,-4.766436771607699,-2.2464947352416162
1985-12-30,-0.3845205479452056,-4.468885665179881,-5.726593786874913
1985-12-31,-0.37961643835616454,-5.35002370522203,-1.9603598564218059
1986-01-01,-0.37068493150684945,-5.8695937789838855,-3.849721289509265
1986-01-02,-0.37646575342465755,-6.218338422468254,-1.165195824107088
1986-01-03,-0.38578082191780816,-6.886126269324594,-1.6080929087575981
1986-01-04,-0.3758630136986301,-7.221306458997936,-4.792830527303434
1986-01-05,-0.37380821917808216,-6.639114678176017,-3.4670771026459013
1986-01-06,-0.3854520547945206,-7.187616961281041,-3.616930983924439
1986-01-07,-0.4026301369863013,-7.054204246142298,-3.4831656168714
1986-01-08,-0.41684931506849304,-6.874877937747495,0.8417272528159883
1986-01-09,-0.42336986301369867,-6.34970969046966,-0.9569204465166417
1986-01-10,-0.429068493150685,-5.796353877333025,0.4954223704837091
1986-01-11,-0.4393424657534247,-6.567875479019009,3.067217944772434
1986-01-12,-0.4594246575342467,-6.952945377157402,-3.007629965308352
1986-01-13,-0.48816438356164393,-6.344883557698322,-0.936952058740034
1986-01-14,-0.5028767123287672,-5.8177110954573665,1.9105878077861336
1986-01-15,-0.5024657534246576,-5.446057424926983,-3.98147682164836
1986-01-16,-0.5002739726027399,-4.891534067006366,-6.168191960390895
1986-01-17,-0.5137260273972604,-4.98428643792312,-8.121987534679619
1986-01-18,-0.5342739726027398,-5.72706199113703,-1.5286640362602304
1986-01-19,-0.5481917808219179,-5.9490205439996915,5.96721232482161
1986-01-20,-0.5438904109589041,-6.536574460402923,-2.039535128638173
1986-01-21,-0.5415616438356164,-6.733023353975104,0.3545849978107203
1986-01-22,-0.5463835616438356,-7.031281169219221,-1.4223352691369433
1986-01-23,-0.5730136986301371,-6.974241478316517,0.2972551769466545
1986-01-24,-0.5930684931506849,-6.85518563005519,-3.6817458767941256
1986-01-25,-0.6110684931506849,-6.246212676068536,-8.04271883078078
1986-01-26,-0.6170136986301369,-6.688383382074859,-8.474602919295004
1986-01-27,-0.614849315068493,-7.324531608277878,-8.900619076653628
1986-01-28,-0.6084109589041096,-7.4403398274559605,-3.81124921363993
1986-01-29,-0.5909863013698631,-7.088863887870433,-4.150149810759704
1986-01-30,-0.5716986301369863,-7.545687913160211,-0.2926134567028029
1986-01-31,-0.556958904109589,-7.297627498688838,1.7445864027984266
1986-02-01,-0.5375068493150684,-7.335795394719748,0.8333022440348161
1986-02-02,-0.5262465753424657,-7.293775724891859,0.3300223002343241
1986-02-03,-0.511972602739726,-6.831487702412056,-1.2065396948482183
1986-02-04,-0.5182739726027397,-6.521976638133868,-2.519749389263392
1986-02-05,-0.4876438356164383,-6.593745517656172,-3.3986106467273896
1986-02-06,-0.4572054794520548,-6.734910954958596,-6.0378835655893495
1986-02-07,-0.44794520547945205,-6.943091495878863,-9.658963298641684
1986-02-08,-0.44599999999999995,-6.357349311122979,-12.99665068887702
1986-02-09,-0.44339726027397247,-6.145156827807209,-17.94144591191882
1986-02-10,-0.44115068493150666,-7.438229535921012,-15.62061977914748
1986-02-11,-0.4547397260273971,-7.513642251059754,-6.031618022912849
1986-02-12,-0.46799999999999986,-7.509302244034816,-4.662697755965184
1986-02-13,-0.47945205479452047,-7.6464121843228385,-4.594135760882641
1986-02-14,-0.4815068493150684,-7.4344395815831135,-3.334053569101819
1986-02-15,-0.47684931506849293,-7.514391109507243,-1.608759575424263
1986-02-16,-0.4604383561643834,-7.884687561913284,-0.13487408192233286
1986-02-17,-0.45224657534246565,-7.442676322011634,-0.44507710264590017
1986-02-18,-0.4624109589041095,-7.944499293560633,0.6769102524647419
1986-02-19,-0.4759999999999999,-7.9744669788433855,-0.4195330211566146
1986-02-20,-0.49175342465753413,-8.227892338871486,-3.9903542364709796
1986-02-21,-0.49293150684931497,-7.812736033989153,-2.8143324591615313
1986-02-22,-0.5086849315068493,-7.438166311474226,-1.0931487570189242
1986-02-23,-0.532958904109589,-6.508159989029547,0.6011188931391356
1986-02-24,-0.5316438356164384,-6.458881450216762,-2.999474714166799
1986-02-25,-0.513013698630137,-6.808605370132464,-4.798380931237397
1986-02-26,-0.5025479452054794,-7.457442040311599,-4.8600100144829215
1986-02-27,-0.5151232876712328,-7.011469437571872,-2.623407274756895
1986-02-28,-0.5404657534246575,-6.687996307961758,-0.03153793861358434
1986-03-01,-0.5695068493150686,-6.739202489907665,3.218709339222734
1986-03-02,-0.596876712328767,-6.268228833427159,3.765105545755926
1986-03-03,-0.6141917808219177,-6.656306810244861,1.1004985910667786
1986-03-04,-0.6237808219178083,-7.091073933532533,0.18485475545034102
1986-03-05,-0.6237808219178083,-7.197087280915743,7.020868102833552
1986-03-06,-0.6268493150684932,-6.783026866444371,4.259876181512864
1986-03-07,-0.6278356164383561,-6.371295921590138,-1.2208684619715067
1986-03-08,-0.6126301369863012,-5.973124513089962,-1.4942453499237374
1986-03-09,-0.6053698630136986,-6.301552331846548,1.1069221948602461
1986-03-10,-0.6013698630136985,-6.100935542243457,2.112305405257156
1986-03-11,-0.5964931506849314,-6.587050048741524,3.4635431994264554
1986-03-12,-0.6055890410958904,-6.549626796194984,3.185215837290874
1986-03-13,-0.6195342465753424,-5.825435015373067,1.5649692619484092
1986-03-14,-0.6297260273972602,-5.2572614993913325,0.8669875267885931
1986-03-15,-0.6317534246575341,-5.983395675717289,1.5551491003748232
1986-03-16,-0.6222465753424657,-5.6011146781760175,0.9333612535184832
1986-03-17,-0.6073698630136986,-5.379382328334079,0.8767521913477774
1986-03-18,-0.5869589041095888,-5.48494045970043,0.9218993638100184
1986-03-19,-0.581808219178082,-5.247581134094529,0.79938935327261
1986-03-20,-0.5910958904109587,-4.2096563009368175,-0.659247808652224
1986-03-21,-0.5950410958904108,-4.157675268270854,-4.867283635838735
1986-03-22,-0.6004657534246574,-4.757220052253995,-5.862314194321348
1986-03-23,-0.6083013698630135,-4.175884611439101,1.8741859813021144
1986-03-24,-0.6134794520547945,-4.427621176244159,1.7111006282989534
1986-03-25,-0.6161369863013699,-4.121782749830391,-3.9220802638682386
1986-03-26,-0.6210684931506849,-4.871725847828283,-5.447205659021031
1986-03-27,-0.6283287671232878,-4.816027217691297,2.164355984814585
1986-03-28,-0.6397260273972603,-5.09124323455115,5.48096926194841
1986-03-29,-0.6595616438356164,-5.183326128825824,0.92288777266144
1986-03-30,-0.6775890410958904,-5.528761323767869,-1.573649635136241
1986-03-31,-0.6864931506849313,-4.983116785657577,3.179609936342508
1986-04-01,-0.6885205479452052,-4.696721281618237,0.035241829563442906
1986-04-02,-0.6868493150684929,-4.554541443191823,3.201390758260316
1986-04-03,-0.6824931506849312,-4.402521773363936,2.605014924048867
1986-04-04,-0.679643835616438,-4.0947479763846575,-2.7756081879989045
1986-04-05,-0.6794246575342463,-3.26172514533443,-2.358850197131323
1986-04-06,-0.6741369863013695,-3.033782749830391,0.9479197361317606
1986-04-07,-0.6724383561643832,-3.121732872766815,1.8541712289311982
1986-04-08,-0.6719178082191777,-3.5048828552044693,3.2368006634236473
1986-04-09,-0.665561643835616,-3.3825512781057685,0.8281129219413841
1986-04-10,-0.6490684931506847,-3.7824444990400856,-2.0484870078092303
1986-04-11,-0.6421643835616435,-4.325312781442614,-5.182522834995742
1986-04-12,-0.653698630136986,-4.430534418253292,-8.205766951609721
1986-04-13,-0.6604931506849312,-4.3496829957032395,-9.199823853611829
1986-04-14,-0.6528767123287669,-3.8241065994967074,-5.263016688174526
1986-04-15,-0.6430958904109587,-3.699958373293686,-2.5269457362953553
1986-04-16,-0.631753424657534,-3.529810849584518,-0.43843572575794765
1986-04-17,-0.6246027397260272,-3.295453982707103,-0.8899432775668692
1986-04-18,-0.6192876712328765,-3.9501670139680796,-2.8705453147990445
1986-04-19,-0.6130136986301367,-3.63545749517637,-4.821528806193493
1986-04-20,-0.6099452054794519,-3.0300827147056983,-4.57997207981485
1986-04-21,-0.6141095890410956,-2.676071474804047,0.010181063845142724
1986-04-22,-0.6248493150684928,-2.658051804976158,1.2529011200446512
1986-04-23,-0.6210684931506847,-2.376564625488979,1.8076331186396637
1986-04-24,-0.6384383561643832,-2.1774286929283893,1.3258670490927724
1986-04-25,-0.6513972602739723,-1.7045006985483397,1.675897958822312
1986-04-26,-0.6602191780821914,-1.60474165393998,0.48496083202217144
1986-04-27,-0.6826849315068491,-1.3483911095072436,-0.8389239589859074
1986-04-28,-0.704602739726027,-0.970426936693756,0.39502967641978304
1986-04-29,-0.7081095890410956,-0.5687809935957578,0.3768905826368534
1986-04-30,-0.711698630136986,-0.44575535257011695,0.29745398270710294
1986-05-01,-0.7178904109589037,-0.36008903715037677,2.7479794481092807
1986-05-02,-0.7201095890410956,-0.10397944810928078,2.5740890371503764
1986-05-03,-0.7110410958904106,-0.08841780427366439,2.159458900164075
1986-05-04,-0.7058630136986298,-0.2501269718184484,1.8759899855170783
1986-05-05,-0.7079178082191777,-0.2514750575226986,2.0493928657418765
1986-05-06,-0.7133150684931504,0.11849895020473389,1.7148161182884167
1986-05-07,-0.7167123287671231,-0.08670371927190826,2.1234160480390316
1986-05-08,-0.7051780821917806,-0.2317651874840614,-1.6330567303241579
1986-05-09,-0.6905479452054792,0.1394501268819379,-1.3189021816764588
1986-05-10,-0.6869041095890409,-0.018806985868325486,2.775711095457366
1986-05-11,-0.6964383561643832,0.16499912582819712,4.081439230336185
1986-05-12,-0.6924383561643832,0.8065144050695039,4.355923951094879
1986-05-13,-0.6670410958904107,0.8789808609880143,5.218060234902396
1986-05-14,-0.6538904109589037,1.1716327752837643,3.1122576356751397
1986-05-15,-0.6254246575342463,1.6106717636926158,1.6347528938416307
1986-05-16,-0.5953972602739723,1.9133068181358892,1.8620904421380833
1986-05-17,-0.5712876712328765,2.3271382196111263,2.73414945162175
1986-05-18,-0.543616438356164,2.3469380088629705,5.926678429493194
1986-05-19,-0.5208767123287668,2.079670709951836,6.491206002376931
1986-05-20,-0.5072602739726024,1.521290660777266,6.895969613195335
1986-05-21,-0.4852054794520545,0.8342860945672206,6.120919384884834
1986-05-22,-0.47638356164383533,0.4417557117080709,5.624627849935765
1986-05-23,-0.45671232876712303,0.5229106116026966,7.433801717164426
1986-05-24,-0.4382191780821915,1.26421303520649,2.6540061428757014
1986-05-25,-0.4293150684931505,2.199844225933571,3.8494708425595796
1986-05-26,-0.42602739726027394,2.769824556105682,5.186202841154593
1986-05-27,-0.3935890410958903,2.902159645673648,4.041429395422242
1986-05-28,-0.3660273972602738,2.3225720095654645,1.8534553876948094
1986-05-29,-0.35421917808219167,2.6180395192247548,-4.543820341142563
1986-05-30,-0.32876712328767094,3.3267370956209614,-8.33796997233329
1986-05-31,-0.32164383561643817,3.5091782617607574,-7.057534426144319
1986-06-01,-0.3172328767123285,3.7641561332043825,-6.016923256492054
1986-06-02,-0.3219726027397258,3.4835597159230334,-3.7215871131833076
1986-06-03,-0.33189041095890376,4.096879701873156,-3.834989290914253
1986-06-04,-0.3416712328767121,3.719338430359282,-5.09766719748257
1986-06-05,-0.3511506849315066,3.140810154981692,-7.829659470050185
1986-06-06,-0.35252054794520526,2.753534426144319,-7.271013878199114
1986-06-07,-0.34879452054794496,2.720678086137294,-5.341883565589349
1986-06-08,-0.35205479452054766,3.404964001135538,-3.2129092066149902
1986-06-09,-0.35238356164383544,4.208854412094443,-0.056470850450607735
1986-06-10,-0.3525205479452053,4.4431073098815865,2.599413238063619
1986-06-11,-0.3410410958904109,4.101932037665219,-0.9008909417748083
1986-06-12,-0.31895890410958894,4.352151918241264,-5.843193014131675
1986-06-13,-0.2986027397260273,4.515270990949378,-2.5366682512233503
1986-06-14,-0.2982465753424657,4.64739533236139,2.6008512429810757
1986-06-15,-0.3068219178082191,4.398231300046674,3.218590617761545
1986-06-16,-0.3243835616438355,4.771327892951485,2.6430556686923508
1986-06-17,-0.3457534246575342,4.822098528708422,2.893654895949112
1986-06-18,-0.37449315068493144,5.01027696214713,2.634216188537801
1986-06-19,-0.38446575342465755,5.386000179568977,3.358465573855681
1986-06-20,-0.3909041095890411,5.604099231202276,3.706804878386765
1986-06-21,-0.41161643835616435,5.769240783713691,3.432375654642472
1986-06-22,-0.44038356164383546,6.115490871525423,5.754892690118413
1986-06-23,-0.4768493150684931,6.618806642512426,4.318042672556069
1986-06-24,-0.513013698630137,6.442742013077933,1.1102716855522035
1986-06-25,-0.5483287671232877,6.005523186242669,3.8728055808806188
1986-06-26,-0.5772602739726027,6.105474011672947,5.261786262299654
1986-06-27,-0.5802191780821917,6.463422027127811,6.686797150954382
1986-06-28,-0.5939726027397259,6.6153679351011165,6.2086046676386095
1986-06-29,-0.606931506849315,6.7376236428636735,4.859307863985642
1986-06-30,-0.59986301369863,6.846494735241616,2.9333682784570145
1986-07-01,-0.5825205479452055,7.677430615115167,1.5250899328300385
1986-07-02,-0.572958904109589,7.638049793197358,2.844909110912231
1986-07-03,-0.5508767123287671,7.216994998676809,2.6038817136519574
1986-07-04,-0.5496164383561644,7.726461437032974,1.793155001323191
1986-07-05,-0.5513698630136985,7.816629930183659,3.3047399328300404
1986-07-06,-0.5533150684931507,7.758190889087769,-0.7748758205946187
1986-07-07,-0.5406301369863014,7.849064176759002,-4.288434039772701
1986-07-08,-0.5367397260273972,7.624521711005577,-5.27778198497818
1986-07-09,-0.5473150684931507,7.535721711005578,-4.568406642512427
1986-07-10,-0.5776164383561643,7.660425820594618,-3.3628093822384537
1986-07-11,-0.5846027397260272,7.659828560320647,-1.3552258205946197
1986-07-12,-0.59372602739726,7.68018212547695,-1.72645609807969
1986-07-13,-0.6371506849315067,7.488536884872805,-3.271386199941298
1986-07-14,-0.6796164383561643,7.555372852558088,-3.9857564142019237
1986-07-15,-0.6910958904109588,7.205849143390544,-1.374753252979585
1986-07-16,-0.6959726027397258,7.305116442301679,2.140856160438047
1986-07-17,-0.6945479452054792,7.330495437735468,2.644052507470011
1986-07-18,-0.6896438356164383,7.646339484100062,-1.2466956484836231
1986-07-19,-0.6778630136986301,7.703801373808528,-4.285938360109897
1986-07-20,-0.6747671232876712,8.03939533236139,-3.7446282090737197
1986-07-21,-0.6878356164383561,8.195239378725985,-1.4974037622876288
1986-07-22,-0.6764657534246574,8.524629614061425,1.371836139363234
1986-07-23,-0.6736164383561644,8.249456449326617,1.3441599890295475
1986-07-24,-0.6585205479452053,8.07071672329922,-4.982196175354015
1986-07-25,-0.6519452054794519,8.549601865554225,-2.407656660074773
1986-07-26,-0.6373150684931506,8.76107921012746,-0.9037641416343103
1986-07-27,-0.6085479452054794,8.624287499554926,1.1942604456505546
1986-07-28,-0.5823013698630137,8.375106607387734,3.7871947624752806
1986-07-29,-0.5496438356164384,8.768581141985555,3.1810626936308832
1986-07-30,-0.5336712328767124,8.909926417714393,3.983744815162318
1986-07-31,-0.5279178082191781,8.911056027830305,2.3768617803888716
1986-08-01,-0.526931506849315,8.542165265624476,1.8947662412248398
1986-08-02,-0.526958904109589,8.147170534328373,5.129788369781217
1986-08-03,-0.5266575342465752,8.681203551539472,4.605453982707104
1986-08-04,-0.5195890410958903,8.519180369242317,3.1904086718535734
1986-08-05,-0.5095890410958903,7.949296983221945,0.27029205787394517
1986-08-06,-0.4966301369863012,8.453571658318538,3.8730584786677635
1986-08-07,-0.4818082191780821,9.16424113496062,1.2075670842174642
1986-08-08,-0.4561917808219177,8.66974657928798,0.006445201533939127
1986-08-09,-0.4206027397260274,8.564114686067047,1.5064880536589804
1986-08-10,-0.37517808219178084,8.37739533236139,1.5577827498303911
1986-08-11,-0.31161643835616437,8.975322975494512,1.2562934628616524
1986-08-12,-0.25698630136986306,8.932508785118678,-3.145522483748815
1986-08-13,-0.23241095890410973,8.89066614374179,-2.32825518483768
1986-08-14,-0.2086849315068494,8.38539743984295,-0.8267125083361018
1986-08-15,-0.18630136986301382,8.317084127584431,1.789217242278582
1986-08-16,-0.16665753424657548,8.196149810759705,3.2305077234868698
1986-08-17,-0.16331506849315086,8.677133302154154,3.346181766338997
1986-08-18,-0.17032876712328787,7.893801373808529,1.4465273933147582
1986-08-19,-0.1813972602739728,7.751190906650114,-0.849793646376142
1986-08-20,-0.19610958904109604,7.766952761233887,-3.5308431721927915
1986-08-21,-0.20495890410958917,7.973079912621312,-0.23812100851172247
1986-08-22,-0.19106849315068508,8.140393576126758,2.680674917023927
1986-08-23,-0.1894520547945206,7.9143275417045595,-3.324875486910039
1986-08-24,-0.19969863013698635,8.228461718030514,-5.848763087893528
1986-08-25,-0.21312328767123292,7.889133302154154,-3.4960100144829216
1986-08-26,-0.20430136986301373,7.4533911173982705,-1.1190897475352566
1986-08-27,-0.18671232876712338,7.278654903840141,-2.931942575073017
1986-08-28,-0.1650136986301371,7.753854060847515,-7.438840362217378
1986-08-29,-0.14652054794520553,7.775518971279549,-9.458998423334343
1986-08-30,-0.13846575342465756,7.320444155684187,-7.951978402259529
1986-08-31,-0.13808219178082193,6.861314545568274,-6.433232353787452
1986-09-01,-0.13619178082191788,6.879403762287627,-5.093211981465709
1986-09-02,-0.1512602739726028,6.47600298954439,-1.3947427155717875
1986-09-03,-0.16613698630136992,6.201467689228267,1.1346692970731027
1986-09-04,-0.2039178082191781,6.061980509741088,-4.67806270152191
1986-09-05,-0.23690410958904107,6.24275887293041,1.0841452366586308
1986-09-06,-0.2509863013698631,5.6700816688559454,3.000904632513918
1986-09-07,-0.2522739726027398,5.8623928736329045,0.8298810989698353
1986-09-08,-0.2609041095890412,5.695381282484327,1.1855228271047142
1986-09-09,-0.26709589041095905,5.494617671665921,-0.9575217812549628
1986-09-10,-0.2853424657534248,5.281013878199114,-2.065671412445689
1986-09-11,-0.3032876712328768,5.586893049256367,0.5863946219765097
1986-09-12,-0.31945205479452066,6.073948195023842,0.27550385977067915
1986-09-13,-0.3380273972602742,6.217741661831007,1.9102857354292668
1986-09-14,-0.3576712328767125,5.98430997935823,3.2233612535184832
1986-09-15,-0.38049315068493167,5.390670358704909,3.8898227919800235
1986-09-16,-0.39706849315068504,4.631134004648008,4.895934488502679
1986-09-17,-0.405232876712329,4.917950302505401,4.4172825742069275
1986-09-18,-0.4166575342465755,5.093451531869645,2.143206002376931
1986-09-19,-0.4407123287671235,5.059232353787453,2.76147997497967
1986-09-20,-0.451178082191781,5.30114735203122,1.3300307301605612
1986-09-21,-0.44983561643835634,5.471748686769539,1.2480869296688173
1986-09-22,-0.46339726027397277,5.39086494950224,2.312532310771733
1986-09-23,-0.46454794520547954,5.345998072087418,3.8585498731180623
1986-09-24,-0.4475342465753427,4.331037762990123,3.7364964835852206
1986-09-25,-0.42550684931506866,4.213026523088471,2.122480326226597
1986-09-26,-0.42150684931506865,4.014211630218784,0.4272952190962842
1986-09-27,-0.43210958904109603,3.938477172895285,-0.9163675838541891
1986-09-28,-0.44493150684931526,3.9207848652029775,-0.795853358353662
1986-09-29,-0.4565479452054797,3.8721484057719975,2.6143995394334825
1986-09-30,-0.4851506849315071,3.723670007457983,5.861480677473525
1986-10-01,-0.5012328767123291,3.1143795262496936,6.0068533504626345
1986-10-02,-0.5142191780821921,3.4609703235802174,6.723248854501974
1986-10-03,-0.5204657534246577,3.9452815283571745,6.085184225067483
1986-10-04,-0.5093972602739729,3.9082692347147447,5.8111280255592295
1986-10-05,-0.5070958904109591,3.8416201303944075,5.485475760016552
1986-10-06,-0.5105753424657538,3.7382074152556646,3.742367927210089
1986-10-07,-0.5090684931506853,3.4934508293757913,4.325617663774893
1986-10-08,-0.50813698630137,2.7181947703663076,2.1999422159350623
1986-10-09,-0.5015890410958906,1.961820341142563,4.529768699953328
1986-10-10,-0.497369863013699,2.31159203064028,3.745777832373418
1986-10-11,-0.48786301369863033,2.551293470752679,2.1165695429459515
1986-10-12,-0.47197260273972624,3.110797510092335,1.9111750926473916
1986-10-13,-0.4580547945205482,3.1437395543494477,2.444315240171101
1986-10-14,-0.4539178082191784,2.9772091714902973,4.086708636728881
1986-10-15,-0.44567123287671256,2.783380579990473,3.932290652886239
1986-10-16,-0.4335068493150687,2.857145947043512,3.3563609022715566
1986-10-17,-0.41802739726027427,2.7451340046480075,3.8328933926122666
1986-10-18,-0.39246575342465784,2.5351747492914916,2.2372910041331666
1986-10-19,-0.36282191780821954,2.297583600714042,-0.9347616829058225
1986-10-20,-0.3420547945205483,1.5673257854699252,-1.3752709909493768
1986-10-21,-0.34964383561643864,0.6918990204541192,-2.8522551848376803
1986-10-22,-0.3528219178082194,0.5998140186978846,2.8030078991103347
1986-10-23,-0.3487397260273975,0.07143748199258068,-3.132697755965183
1986-10-24,-0.34019178082191803,0.434118198536311,-4.483926417714392
1986-10-25,-0.3342739726027399,0.9325242399834485,-3.538250267380709
1986-10-26,-0.3270958904109591,0.9541547282166764,-7.337058837805717
1986-10-27,-0.3205753424657536,1.0387174257930725,-6.438142083327319
1986-10-28,-0.3087945205479454,1.0161645631306206,0.3326299574173248
1986-10-29,-0.2943561643835619,0.7095365336258791,-0.09518036924231721
1986-10-30,-0.2811232876712332,0.8556067830111969,-0.9344834953399637
1986-10-31,-0.2757808219178085,1.5459798072472348,-1.6201989853294263
1986-11-01,-0.26997260273972623,1.6977065371383482,-0.5477339343986221
1986-11-02,-0.2836986301369865,1.6723781212619873,-5.7386794911250005
1986-11-03,-0.30898630136986316,1.2832211138858016,-7.214234812515938
1986-11-04,-0.3277534246575344,0.10286705698379968,-5.045113632326265
1986-11-05,-0.3428219178082193,-0.5999956054679039,-1.6771824767238768
1986-11-06,-0.3619452054794522,-0.9022604456505525,-0.5957943488699953
1986-11-07,-0.35723287671232895,-0.5789769893807946,2.1162098660931234
1986-11-08,-0.3464657534246577,-0.33294748463896096,2.3994132380636186
1986-11-09,-0.3474794520547947,-0.3139752331461618,0.25145468520095654
1986-11-10,-0.35709589041095907,-0.6598066346213988,2.856902525032358
1986-11-11,-0.36961643835616453,-1.6624030519027482,3.6120194902589127
1986-11-12,-0.4000000000000002,-1.9510739335325336,0.7510739335325336
1986-11-13,-0.42416438356164404,-2.8881269718184486,2.7422913553800927
1986-11-14,-0.43917808219178095,-4.0193633610000425,2.8985414431918235
1986-11-15,-0.4622191780821919,-3.271392163248023,4.8136113413302155
1986-11-16,-0.47794520547945224,-2.9015333645125123,4.579478569991965
1986-11-17,-0.49898630136986316,-3.2643222651096324,4.973308566479496
1986-11-18,-0.5247671232876714,-3.2585365257348515,1.7733036490225231
1986-11-19,-0.5555890410958905,-2.783034593876755,2.8786236349726457
1986-11-20,-0.5931506849315068,-3.6141571790541347,2.9373078639856414
1986-11-21,-0.6252602739726028,-4.008117839398357,0.38337811337096017
1986-11-22,-0.6518904109589041,-4.270810498337591,1.8027009092964947
1986-11-23,-0.656986301369863,-3.8082077586115646,-1.7648059400185727
1986-11-24,-0.6682191780821918,-4.5146468172698,-1.6471340046480085
1986-11-25,-0.6783561643835616,-4.422303297775596,6.780659462159157
1986-11-26,-0.6909863013698632,-3.870726901569063,3.781713202938926
1986-11-27,-0.700054794520548,-4.790910252464743,-1.8490349530147094
1986-11-28,-0.6966027397260275,-4.439180712598216,2.605783452324244
1986-11-29,-0.6824109589041097,-4.460228833427158,0.2126397923312684
1986-11-30,-0.666164383561644,-4.114927814811072,4.771092198372716
1986-12-01,-0.6593972602739727,-4.292378464617886,4.6017757248918585
1986-12-02,-0.6508767123287672,-4.150512640943843,3.93138935327261
1986-12-03,-0.640109589041096,-3.947609233848656,5.107718822889752
1986-12-04,-0.6331506849315071,-4.23279925843594,5.275949943367447
1986-12-05,-0.6158082191780825,-4.137071826050973,4.1628800452290555
1986-12-06,-0.5871506849315071,-4.800926409823366,4.168077094754873
1986-12-07,-0.5648219178082194,-5.359052156223084,3.0538740740313037
1986-12-08,-0.564219178082192,-5.913653490961405,4.4578726690435975
1986-12-09,-0.5790410958904113,-5.665217242278582,3.9842583381689938
1986-12-10,-0.5971232876712331,-5.219905686254697,2.227028973925931
1986-12-11,-0.5974520547945208,-5.219241127069589,4.15669318186411
1986-12-12,-0.5771506849315071,-5.187364765987748,2.3745154509192554
1986-12-13,-0.5634520547945208,-5.240638387343562,2.104090442138083
1986-12-14,-0.5643013698630139,-5.291845974277177,0.04614734414019139
1986-12-15,-0.5806301369863016,-5.151193357487574,-1.5581765055261245
1986-12-16,-0.6067397260273975,-5.3989172774032745,-1.784342996569328
1986-12-17,-0.6339452054794522,-5.646160691523401,-3.2298941029971457
1986-12-18,-0.6599178082191783,-6.152559005538153,1.5124768137573312
1986-12-19,-0.6826575342465755,-6.533144885411704,-1.6741975803417217
1986-12-20,-0.707205479452055,-6.692673512036221,-4.250121008511725
1986-12-21,-0.7318904109589042,-6.35418246883285,-4.713927120208247
1986-12-22,-0.7604657534246577,-5.93785791667268,-7.381676329902662
1986-12-23,-0.7793698630136989,-6.405264309366745,-9.525365827619556
1986-12-24,-0.7857808219178084,-6.692153666584869,-10.062065511497323
1986-12-25,-0.7952876712328769,-6.653272739292981,-7.591439589474141
1986-12-26,-0.8131780821917809,-5.980386192050272,-0.5564357257579466
1986-12-27,-0.8351780821917809,-5.777692830617183,-5.407129087191035
1986-12-28,-0.8452328767123288,-5.485762377508649,-2.4290047457790225
1986-12-29,-0.8437260273972603,-4.766436771607699,0.7901627990049591
1986-12-30,-0.8373972602739727,-4.468885665179881,1.056282925453854
1986-12-31,-0.8326301369863014,-5.35002370522203,1.9826538422083315
1987-01-01,-0.8324383561643838,-5.8695937789838855,4.672032135148269
1987-01-02,-0.8290136986301371,-6.218338422468254,-0.252647878901608
1987-01-03,-0.8254794520547946,-6.886126269324594,-1.8083942786206109
1987-01-04,-0.8270136986301369,-7.221306458997936,-5.051679842371926
1987-01-05,-0.8144657534246574,-6.639114678176017,1.6035804316006743
1987-01-06,-0.7946027397260272,-7.187616961281041,-1.7877802989929314
1987-01-07,-0.775917808219178,-7.054204246142298,-6.969877945638524
1987-01-08,-0.766931506849315,-6.874877937747495,-9.868190555403192
1987-01-09,-0.7566027397260273,-6.34970969046966,-3.1736875698043123
1987-01-10,-0.7424657534246575,-5.796353877333025,-2.5211803692423187
1987-01-11,-0.728849315068493,-6.567875479019009,-12.493275205912497
1987-01-12,-0.7098356164383561,-6.952945377157402,-18.257219006404245
1987-01-13,-0.6858904109589041,-6.344883557698322,-4.9292260313427745
1987-01-14,-0.6693150684931507,-5.8177110954573665,0.29702616395051695
1987-01-15,-0.6699726027397261,-5.446057424926983,-3.293969972333291
1987-01-16,-0.6732054794520548,-4.891534067006366,-4.205260453541579
1987-01-17,-0.6789589041095891,-4.98428643792312,-3.6567546579672916
1987-01-18,-0.6792054794520549,-5.72706199113703,-0.2537325294109154
1987-01-19,-0.674109589041096,-5.9490205439996915,1.3231301330407872
1987-01-20,-0.6783561643835617,-6.536574460402923,2.244930624786485
1987-01-21,-0.6884931506849317,-6.733023353975104,1.5415165046600352
1987-01-22,-0.6923287671232877,-7.031281169219221,4.233609936342509
1987-01-23,-0.6753698630136986,-6.974241478316517,2.799611341330216
1987-01-24,-0.6723835616438356,-6.85518563005519,1.7375691916990252
1987-01-25,-0.6902191780821918,-6.246212676068536,2.5364318541507274
1987-01-26,-0.7091232876712329,-6.688383382074859,1.1975066697460912
1987-01-27,-0.7312054794520548,-7.324531608277878,3.1357370877299333
1987-01-28,-0.7412054794520548,-7.4403398274559605,2.151545306908015
1987-01-29,-0.7583835616438357,-7.088863887870433,-1.8827525504857316
1987-01-30,-0.7768219178082194,-7.545687913160211,0.2725098309684295
1987-01-31,-0.7872328767123289,-7.297627498688838,1.9648603754011669
1987-02-01,-0.8060273972602742,-7.335795394719748,1.2118227919800217
1987-02-02,-0.8177260273972604,-7.293775724891859,3.2015017522891185
1987-02-03,-0.8324931506849316,-6.831487702412056,2.763980853096987
1987-02-04,-0.8557260273972602,-6.521976638133868,2.547702665531128
1987-02-05,-0.8825479452054794,-6.593745517656172,2.406293462861651
1987-02-06,-0.9014794520547945,-6.734910954958596,3.7563904070133907
1987-02-07,-0.9080000000000001,-6.943091495878863,3.791091495878864
1987-02-08,-0.9167671232876713,-6.357349311122979,4.05411643441065
1987-02-09,-0.9302465753424659,-6.145156827807209,5.745403403149674
1987-02-10,-0.9384383561643838,-7.438229535921012,4.8166678920853965
1987-02-11,-0.9343287671232878,-7.513642251059754,3.4179710181830414
1987-02-12,-0.9244931506849317,-7.509302244034816,4.453795394719748
1987-02-13,-0.9091232876712332,-7.6464121843228385,4.005535471994072
1987-02-14,-0.9083835616438358,-7.4344395815831135,4.262823143226949
1987-02-15,-0.9097808219178085,-7.514391109507243,0.04417193142505038
1987-02-16,-0.9028493150684934,-7.884687561913284,-2.252463123018221
1987-02-17,-0.906383561643836,-7.442676322011634,-4.0309401163445315
1987-02-18,-0.9026575342465757,-7.944499293560633,-4.252843172192791
1987-02-19,-0.8830684931506854,-7.9744669788433855,-3.242464528005928
1987-02-20,-0.8692602739726031,-8.227892338871486,1.45715261284409
1987-02-21,-0.8628767123287673,-7.812736033989153,-1.8543872536820798
1987-02-22,-0.8510410958904112,-7.438166311474226,-4.490792592635363
1987-02-23,-0.8386575342465756,-6.508159989029547,-3.9931824767238773
1987-02-24,-0.84441095890411,-6.458881450216762,0.5332924091208726
1987-02-25,-0.8485479452054798,-6.808605370132464,1.9571533153379441
1987-02-26,-0.8487397260273977,-7.457442040311599,3.406181766338996
1987-02-27,-0.8395616438356168,-7.011469437571872,4.451031081407489
1987-02-28,-0.81241095890411,-6.687996307961758,3.180407266865868
1987-03-01,-0.7822191780821921,-6.739202489907665,3.571421667989857
1987-03-02,-0.7507397260273977,-6.268228833427159,4.608968559454556
1987-03-03,-0.7280000000000004,-6.656306810244861,-4.285693189755139
1987-03-04,-0.7210684931506854,-7.091073933532533,-5.147857573316783
1987-03-05,-0.7222465753424661,-7.197087280915743,-6.670666143741792
1987-03-06,-0.7058356164383565,-6.783026866444371,-7.701137517117272
1987-03-07,-0.7067397260273975,-6.371295921590138,-6.281964352382464
1987-03-08,-0.7203835616438361,-5.973124513089962,-1.8564919252662024
1987-03-09,-0.7154520547945209,-6.301552331846548,-1.9329956133589299
1987-03-10,-0.7172054794520553,-6.100935542243457,-0.031858978304487806
1987-03-11,-0.7140000000000004,-6.587050048741524,-3.078949951258476
1987-03-12,-0.7045479452054799,-6.549626796194984,-3.265825258599536
1987-03-13,-0.6998082191780826,-5.825435015373067,-4.25475676544885
1987-03-14,-0.6884657534246579,-5.2572614993913325,-5.85427274718401
1987-03-15,-0.6744383561643839,-5.983395675717289,-5.572165968118328
1987-03-16,-0.6604383561643838,-5.6011146781760175,-7.358446965659597
1987-03-17,-0.6499452054794523,-5.379382328334079,-5.130672466186469
1987-03-18,-0.6375342465753429,-5.48494045970043,-2.0075252937242283
1987-03-19,-0.6252328767123292,-5.247581134094529,-3.327185989193141
1987-03-20,-0.6086301369863019,-4.2096563009368175,-9.421713562076881
1987-03-21,-0.5967397260273977,-4.157675268270854,-8.685585005701748
1987-03-22,-0.5832602739726032,-4.757220052253995,-5.3895196737734015
1987-03-23,-0.5707945205479457,-4.175884611439101,-3.113320868012954
1987-03-24,-0.5630684931506854,-4.427621176244159,1.2406896693948446
1987-03-25,-0.564438356164384,-4.121782749830391,2.236221105994775
1987-03-26,-0.5741369863013703,-4.871725847828283,2.545862834129653
1987-03-27,-0.577397260273973,-4.816027217691297,3.57342447796527
1987-03-28,-0.5707671232876717,-5.09124323455115,1.5420103578388211
1987-03-29,-0.5760547945205485,-5.183326128825824,-3.8406190766536277
1987-03-30,-0.5827671232876718,-5.528761323767869,-5.908471552944459
1987-03-31,-0.6013150684931512,-4.983116785657577,-7.345568145849272
1987-04-01,-0.6237808219178087,-4.696721281618237,-5.899497896463955
1987-04-02,-0.6438356164383566,-4.554541443191823,-1.5816229403698205
1987-04-03,-0.6608493150684938,-4.402521773363936,0.30337108843242966
1987-04-04,-0.6744657534246581,-4.0947479763846575,1.259213729809316
1987-04-05,-0.6851506849315074,-3.26172514533443,-1.5131241697340627
1987-04-06,-0.6999726027397267,-3.033782749830391,-0.2962446474298823
1987-04-07,-0.70868493150685,-3.121732872766815,2.440417804273665
1987-04-08,-0.7187397260273979,-3.5048828552044693,3.623622581231867
1987-04-09,-0.7269589041095896,-3.3825512781057685,3.279510182215358
1987-04-10,-0.7417534246575348,-3.7824444990400856,-0.41580207630237975
1987-04-11,-0.7519452054794526,-4.325312781442614,-1.6027420130779326
1987-04-12,-0.7572876712328772,-4.430534418253292,-2.302177910513831
1987-04-13,-0.7776164383561648,-4.3496829957032395,-4.002700565940597
1987-04-14,-0.7962465753424662,-3.8241065994967074,-3.609646825160827
1987-04-15,-0.8149041095890417,-3.699958373293686,0.6548624828827276
1987-04-16,-0.8259726027397265,-3.529810849584518,4.195783452324244
1987-04-17,-0.8289589041095895,-3.295453982707103,4.964412886816692
1987-04-18,-0.8427397260273978,-3.9501670139680796,6.682906739995477
1987-04-19,-0.8481643835616443,-3.63545749517637,6.233621878738014
1987-04-20,-0.8357534246575347,-3.0300827147056983,3.225836139363233
1987-04-21,-0.8171232876712333,-2.676071474804047,-2.5568052375247197
1987-04-22,-0.7980547945205484,-2.658051804976158,0.2661065994967067
1987-04-23,-0.8079178082191785,-2.376564625488979,3.4844824337081572
1987-04-24,-0.793397260273973,-2.1774286929283893,4.600825953202362
1987-04-25,-0.7727945205479456,-1.7045006985483397,3.9572952190962853
1987-04-26,-0.7575616438356169,-1.60474165393998,3.2023032977755967
1987-04-27,-0.7212876712328772,-1.3483911095072436,1.579678780740121
1987-04-28,-0.6829041095890416,-0.970426936693756,4.673331046282797
1987-04-29,-0.6704109589041101,-0.5687809935957578,5.609191952499868
1987-04-30,-0.6640000000000005,-0.44575535257011695,5.079755352570118
1987-05-01,-0.6545753424657539,-0.36008903715037677,4.63466437961613
1987-05-02,-0.6412876712328772,-0.10397944810928078,4.615267119342159
1987-05-03,-0.6371232876712334,-0.08841780427366439,-2.9244589080551022
1987-05-04,-0.627369863013699,-0.2501269718184484,-7.432503165167852
1987-05-05,-0.6115616438356168,-0.2514750575226986,-4.896963298641684
1987-05-06,-0.5869589041095894,0.11849895020473389,-3.911540046095144
1987-05-07,-0.5668493150684935,-0.08670371927190826,-5.006446965659598
1987-05-08,-0.5511780821917811,-0.2317651874840614,-0.06705673032415746
1987-05-09,-0.5429589041095894,0.1394501268819379,2.4635087772276516
1987-05-10,-0.5407397260273976,-0.018806985868325486,2.259546711895723
1987-05-11,-0.5411232876712332,0.16499912582819712,0.41612416184303613
1987-05-12,-0.5458630136986304,0.8065144050695039,-0.36065139137087343
1987-05-13,-0.559260273972603,0.8789808609880143,-5.979720587015412
1987-05-14,-0.5608767123287675,1.1716327752837643,-5.800756062954997
1987-05-15,-0.565369863013699,1.6106717636926158,-3.905301900678917
1987-05-16,-0.5799178082191785,1.9133068181358892,-6.563389009916711
1987-05-17,-0.6038356164383565,2.3271382196111263,-2.97330260317277
1987-05-18,-0.6077260273972607,2.3469380088629705,-1.6892119814657098
1987-05-19,-0.6229315068493154,2.079670709951836,-2.8167392031025207
1987-05-20,-0.6272602739726032,1.521290660777266,-4.234030386804663
1987-05-21,-0.6229863013698635,0.8342860945672206,-7.451299793197357
1987-05-22,-0.6386027397260279,0.4417557117080709,-5.933152971982043
1987-05-23,-0.6501095890410963,0.5229106116026966,-2.0928010225616003
1987-05-24,-0.6627123287671237,1.26421303520649,1.0184992935606338
1987-05-25,-0.6656164383561649,2.199844225933571,-0.014227787577405948
1987-05-26,-0.6575616438356169,2.769824556105682,1.7177370877299354
1987-05-27,-0.6799452054794526,2.902159645673648,-0.2822144401941955
1987-05-28,-0.6956438356164387,2.3225720095654645,-1.1269281739490258
1987-05-29,-0.6999178082191785,2.6180395192247548,-2.9381217110055764
1987-05-30,-0.7183287671232881,3.3267370956209614,-2.7684083284976735
1987-05-31,-0.7281369863013704,3.5091782617607574,-0.7210412754593869
1987-06-01,-0.7484383561643839,3.7641561332043825,-3.1157177770399986
1987-06-02,-0.7660000000000005,3.4835597159230334,-0.1675597159230331
1987-06-03,-0.782465753424658,4.096879701873156,0.545586051551501
1987-06-04,-0.801534246575343,3.719338430359282,-2.097804183783939
1987-06-05,-0.8150958904109594,3.140810154981692,-1.0357142645707325
1987-06-06,-0.8201369863013703,2.753534426144319,3.656602560157051
1987-06-07,-0.8262465753424663,2.720678086137294,3.285568489205172
1987-06-08,-0.8305479452054798,3.404964001135538,-2.514416055930058
1987-06-09,-0.8428493150684936,4.208854412094443,-4.976005097025949
1987-06-10,-0.8566849315068499,4.4431073098815865,-3.496422378374737
1987-06-11,-0.8696438356164389,4.101932037665219,-0.49228820204877977
1987-06-12,-0.8821917808219182,4.352151918241264,2.130039862580654
1987-06-13,-0.886356164383562,4.515270990949378,3.051085173434184
1987-06-14,-0.8936986301369866,4.64739533236139,2.886303297775596
1987-06-15,-0.891369863013699,4.398231300046674,-2.1568614370329744
1987-06-16,-0.8822191780821922,4.771327892951485,-6.329108714869292
1987-06-17,-0.8668493150684935,4.822098528708422,-6.515249213639929
1987-06-18,-0.8426575342465756,5.01027696214713,-6.377619427900554
1987-06-19,-0.8217808219178087,5.386000179568977,-4.504219357651168
1987-06-20,-0.8036712328767128,5.604099231202276,-4.840427998325563
1987-06-21,-0.7719178082191787,5.769240783713691,-5.217322975494513
1987-06-22,-0.7322191780821923,6.115490871525423,-4.3832716934432305
1987-06-23,-0.6887123287671237,6.618806642512426,-2.3700943137453017
1987-06-24,-0.639315068493151,6.442742013077933,-1.1034269445847817
1987-06-25,-0.5879452054794524,6.005523186242669,0.44242201923678426
1987-06-26,-0.5498630136986304,6.105474011672947,-1.2956109979743173
1987-06-27,-0.5364931506849319,6.463422027127811,-1.3869288764428784
1987-06-28,-0.49810958904109626,6.6153679351011165,2.44274165393998
1987-06-29,-0.4689315068493154,6.7376236428636735,5.271307863985641
1987-06-30,-0.4530958904109592,6.846494735241616,5.096601155169343
1987-07-01,-0.4376986301369865,7.677430615115167,3.1202680150218196
1987-07-02,-0.4243287671232879,7.638049793197358,2.766278973925931
1987-07-03,-0.43032876712328794,7.216994998676809,3.733333768446479
1987-07-04,-0.41243835616438385,7.726461437032974,2.945976919131409
1987-07-05,-0.3997534246575346,7.816629930183659,2.5931234944738755
1987-07-06,-0.3794520547945208,7.758190889087769,3.6312611657067526
1987-07-07,-0.3708767123287674,7.849064176759002,2.7918125355697647
1987-07-08,-0.35180821917808247,7.624521711005577,1.357286508172506
1987-07-09,-0.33561643835616456,7.535721711005578,-1.5001052726494128
1987-07-10,-0.31635616438356184,7.660425820594618,0.14593034378894387
1987-07-11,-0.2994794520547946,7.659828560320647,3.519650891734149
1987-07-12,-0.27860273972602745,7.68018212547695,2.9284206142490774
1987-07-13,-0.238,7.488536884872805,3.269463115127194
1987-07-14,-0.18665753424657539,7.555372852558088,4.261284681688489
1987-07-15,-0.16854794520547953,7.205849143390544,4.152698801814936
1987-07-16,-0.1659452054794521,7.305116442301679,1.3708287631777738
1987-07-17,-0.15227397260273973,7.330495437735468,0.9217785348672702
1987-07-18,-0.1399178082191781,7.646339484100062,-3.896421675880884
1987-07-19,-0.12753424657534249,7.703801373808528,-4.926267127233185
1987-07-20,-0.1188219178082192,8.03939533236139,-2.440573414553171
1987-07-21,-0.11221917808219178,8.195239378725985,-3.6230202006437926
1987-07-22,-0.10936986301369861,8.524629614061425,-2.8952597510477265
1987-07-23,-0.11326027397260272,8.249456449326617,-0.6161961753540153
1987-07-24,-0.1276986301369863,8.07071672329922,0.6769819068377654
1987-07-25,-0.14558904109589044,8.549601865554225,-1.8240128244583342
1987-07-26,-0.14084931506849313,8.76107921012746,-7.910229895058968
1987-07-27,-0.14380821917808223,8.624287499554926,-6.170479280376844
1987-07-28,-0.1429589041095891,8.375106607387734,-4.712147703278145
1987-07-29,-0.13997260273972612,8.768581141985555,-0.8786085392458292
1987-07-30,-0.13032876712328773,8.909926417714393,-2.6895976505911054
1987-07-31,-0.11556164383561646,8.911056027830305,-4.765494383994689
1987-08-01,-0.11909589041095887,8.542165265624476,-2.3130693752135167
1987-08-02,-0.1343013698630137,8.147170534328373,-2.1228691644653592
1987-08-03,-0.13775342465753426,8.681203551539472,-0.05345012688193762
1987-08-04,-0.1453972602739726,8.519180369242317,-2.5737831089683443
1987-08-05,-0.14887671232876717,7.949296983221945,-8.570420270893178
1987-08-06,-0.1556438356164384,8.453571658318538,-6.257927822702099
1987-08-07,-0.15890410958904114,9.16424113496062,-6.025337025371578
1987-08-08,-0.16120547945205482,8.66974657928798,-2.6685410998359247
1987-08-09,-0.16909589041095893,8.564114686067047,-1.9450187956560878
1987-08-10,-0.18432876712328772,8.37739533236139,-3.553066565238103
1987-08-11,-0.1997534246575343,8.975322975494512,-1.845569550836978
1987-08-12,-0.21810958904109592,8.932508785118678,-1.6843991960775817
1987-08-13,-0.2295342465753425,8.89066614374179,1.2588681028335529
1987-08-14,-0.24194520547945206,8.38539743984295,4.816547765636502
1987-08-15,-0.2604109589041096,8.317084127584431,2.1333268313196783
1987-08-16,-0.25364383561643833,8.196149810759705,2.8074940248567337
1987-08-17,-0.23043835616438357,8.677133302154154,5.94330505401023
1987-08-18,-0.2037260273972603,7.893801373808529,0.18992465358873112
1987-08-19,-0.18315068493150688,7.751190906650114,0.5119597782813923
1987-08-20,-0.17167123287671238,7.766952761233887,3.5947184716428238
1987-08-21,-0.16454794520547947,7.973079912621312,4.761468032584167
1987-08-22,-0.17013698630136986,8.140393576126758,4.989743410174613
1987-08-23,-0.16060273972602734,7.9143275417045595,0.9662751980214681
1987-08-24,-0.13986301369863005,8.228461718030514,-1.3885987043318844
1987-08-25,-0.1288219178082191,7.889133302154154,-5.680311384345935
1987-08-26,-0.1480547945205479,7.4533911173982705,-2.6853363228777223
1987-08-27,-0.17476712328767116,7.278654903840141,-3.01388778055247
1987-08-28,-0.2044931506849314,7.753854060847515,-4.049360910162584
1987-08-29,-0.23410958904109574,7.775518971279549,0.538590617761546
1987-08-30,-0.2516438356164382,7.320444155684187,3.1811996799322513
1987-08-31,-0.2782191780821916,6.861314545568274,5.196904632513916
1987-09-01,-0.31317808219178067,6.879403762287627,3.3837743199041537
1987-09-02,-0.3223561643835615,6.47600298954439,1.3063531748391712
1987-09-03,-0.3171232876712327,6.201467689228267,0.8556555984429659
1987-09-04,-0.3057534246575341,6.061980509741088,1.4137729149164464
1987-09-05,-0.2954520547945204,6.24275887293041,0.8126931818641099
1987-09-06,-0.29098630136986287,5.6700816688559454,-1.9390953674860825
1987-09-07,-0.2956712328767122,5.8623928736329045,2.673278359243808
1987-09-08,-0.3070410958904108,5.695381282484327,0.5916598134060846
1987-09-09,-0.32769863013698614,5.494617671665921,0.2730809584710654
1987-09-10,-0.3328767123287669,5.281013878199114,1.431862834129653
1987-09-11,-0.33128767123287656,5.586893049256367,2.3443946219765097
1987-09-12,-0.3233424657534245,6.073948195023842,4.419394270729583
1987-09-13,-0.3112054794520547,6.217741661831007,7.003463817621047
1987-09-14,-0.29586301369863005,5.98430997935823,8.271553034340402
1987-09-15,-0.2715616438356163,5.390670358704909,7.610891285130707
1987-09-16,-0.25358904109589026,4.631134004648008,9.282455036447884
1987-09-17,-0.2510684931506848,4.917950302505401,8.753118190645283
1987-09-18,-0.24263013698630131,5.093451531869645,8.029178605116657
1987-09-19,-0.21071232876712326,5.059232353787453,6.87147997497967
1987-09-20,-0.17649315068493143,5.30114735203122,5.975345798653712
1987-09-21,-0.14947945205479438,5.471748686769539,5.497730765285256
1987-09-22,-0.1464109589041094,5.39086494950224,4.81554600940187
1987-09-23,-0.15419178082191756,5.345998072087418,3.048193708734501
1987-09-24,-0.16432876712328748,4.331037762990123,-0.086708995866835
1987-09-25,-0.16789041095890395,4.213026523088471,0.6748638878704325
1987-09-26,-0.18186301369863,4.014211630218784,2.607651383479846
1987-09-27,-0.19687671232876697,3.938477172895285,-3.081600460566518
1987-09-28,-0.1925205479452054,3.9207848652029775,-3.498264317257772
1987-09-29,-0.1753150684931506,3.8721484057719975,-4.436833337278847
1987-09-30,-0.15580821917808207,3.723670007457983,-2.6678617882799007
1987-10-01,-0.14608219178082182,3.1143795262496936,-1.6682973344688716
1987-10-02,-0.14923287671232863,3.4609703235802174,0.14826255313211112
1987-10-03,-0.15435616438356153,3.9452815283571745,0.7490746360263874
1987-10-04,-0.15610958904109573,3.9082692347147447,1.5578403543263506
1987-10-05,-0.14739726027397243,3.8416201303944075,-0.284222870120435
1987-10-06,-0.1413150684931505,3.7382074152556646,0.1931076532374858
1987-10-07,-0.13950684931506835,3.4934508293757913,0.2860560199392772
1987-10-08,-0.14123287671232865,2.7181947703663076,-1.166961893653979
1987-10-09,-0.14572602739726012,1.961820341142563,-1.2260943137453029
1987-10-10,-0.1396164383561643,2.31159203064028,-0.3319755922841159
1987-10-11,-0.13180821917808214,2.551293470752679,-0.1894852515745966
1987-10-12,-0.1146575342465753,3.110797510092335,-5.86613997584576
1987-10-13,-0.0932602739726027,3.1437395543494477,-4.7204792803768445
1987-10-14,-0.08030136986301367,2.9772091714902973,-3.0969078016272835
1987-10-15,-0.07783561643835613,2.783380579990473,-0.47554496355211695
1987-10-16,-0.08104109589041089,2.857145947043512,1.9138951488468994
1987-10-17,-0.08241095890410954,2.7451340046480075,-1.532723045743898
1987-10-18,-0.08591780821917805,2.5351747492914916,-0.0492569410723136
1987-10-19,-0.0874794520547945,2.297583600714042,3.319895851340753
1987-10-20,-0.08019178082191779,1.5673257854699252,5.162865995351993
1987-10-21,-0.06632876712328764,0.6918990204541192,3.824429746669169
1987-10-22,-0.05972602739726019,0.5998140186978846,-1.0900879913006245
1987-10-23,-0.058410958904109495,0.07143748199258068,1.8769734769115287
1987-10-24,-0.06043835616438348,0.434118198536311,2.756320157628072
1987-10-25,-0.06684931506849302,0.9325242399834485,1.7543250750850445
1987-10-26,-0.07109589041095875,0.9541547282166764,5.646941162194283
1987-10-27,-0.0721369863013697,1.0387174257930725,7.323419560508297
1987-10-28,-0.08197260273972584,1.0161645631306206,4.6658080396091055
1987-10-29,-0.09882191780821897,0.7095365336258791,2.04928538418234
1987-10-30,-0.1103835616438354,0.8556067830111969,2.334776778632639
1987-10-31,-0.12010958904109571,1.5459798072472348,3.0741297817938613
1987-11-01,-0.12999999999999987,1.6977065371383482,0.8322934628616516
1987-11-02,-0.12054794520547935,1.6723781212619873,-2.341830176056508
1987-11-03,-0.09942465753424641,1.2832211138858016,-1.6537964563515553
1987-11-04,-0.08534246575342452,0.10286705698379968,3.6924754087696248
1987-11-05,-0.0683835616438355,-0.5999956054679039,5.388379167111739
1987-11-06,-0.041424657534246505,-0.9022604456505525,4.803685103184799
1987-11-07,-0.019999999999999928,-0.5789769893807946,4.778976989380794
1987-11-08,-0.012767123287671128,-0.33294748463896096,2.8757146079266316
1987-11-09,-0.0078082191780820855,-0.3139752331461618,-0.22821654767575617
1987-11-10,0.0006575342465754731,-0.6598066346213988,0.7691491003748233
1987-11-11,0.007452054794520595,-1.6624030519027482,-1.6550490028917726
1987-11-12,0.03128767123287679,-1.9510739335325336,-0.27021373770034307
1987-11-13,0.055726027397260305,-2.8881269718184486,0.6224009444211882
1987-11-14,0.07684931506849318,-4.0193633610000425,-2.927485954068451
1987-11-15,0.10438356164383567,-3.271392163248023,-4.4829913983958125
1987-11-16,0.1206027397260274,-2.9015333645125123,2.5609306247864847
1987-11-17,0.13073972602739725,-3.2643222651096324,-1.206417460917765
1987-11-18,0.14147945205479454,-3.2585365257348515,-0.4729429263199427
1987-11-19,0.15465753424657544,-2.783034593876755,3.72837705963018
1987-11-20,0.17145205479452058,-3.6141571790541347,-3.5272948757403855
1987-11-21,0.1812602739726028,-4.008117839398357,-4.623142434574245
1987-11-22,0.19101369863013706,-4.270810498337591,-3.6402032002925457
1987-11-23,0.19602739726027407,-3.8082077586115646,-3.67781963864871
1987-11-24,0.205095890410959,-4.5146468172698,0.4195509268588413
1987-11-25,0.2145205479452056,-4.422303297775596,-2.2822172501696105
1987-11-26,0.22632876712328773,-3.870726901569063,-2.865601865554225
1987-11-27,0.23534246575342466,-4.790910252464743,-4.344432213288682
1987-11-28,0.2415890410958905,-4.439180712598216,-5.052408328497674
1987-11-29,0.24512328767123298,-4.460228833427158,-4.294894454244074
1987-11-30,0.24419178082191795,-4.114927814811072,-3.5492639660108463
1987-12-01,0.24747945205479466,-4.292378464617886,-2.7151009874369088
1987-12-02,0.24035616438356178,-4.150512640943843,-2.969843523439719
1987-12-03,0.2374246575342467,-3.947609233848656,-2.729815423685591
1987-12-04,0.25408219178082203,-4.23279925843594,-0.5612829333448817
1987-12-05,0.25860273972602743,-4.137071826050973,1.4484690863249456
1987-12-06,0.23621917808219184,-4.800926409823366,1.114707231741174
1987-12-07,0.21260273972602745,-5.359052156223084,0.7064494164970565
1987-12-08,0.208082191780822,-5.913653490961405,-0.8044287008194164
1987-12-09,0.21769863013698637,-5.665217242278582,-1.862481387858404
1987-12-10,0.2297808219178083,-5.219905686254697,-3.3298751356631113
1987-12-11,0.2381917808219179,-5.219241127069589,-1.2589506537523292
1987-12-12,0.23736986301369872,-5.187364765987748,0.039994902974049396
1987-12-13,0.2302739726027398,-5.240638387343562,-1.3696355852591777
1987-12-14,0.22558904109589048,-5.291845974277177,0.10625693318128615
1987-12-15,0.23794520547945208,-5.151193357487574,0.9632481520081217
1987-12-16,0.2588493150684931,-5.3989172774032745,2.960067962334781
1987-12-17,0.2809315068493151,-5.646160691523401,4.685229184674086
1987-12-18,0.2991780821917808,-6.152559005538153,8.173380923346372
1987-12-19,0.3097808219178082,-6.533144885411704,3.9433640634938962
1987-12-20,0.3220547945205479,-6.692673512036221,6.3106187175156725
1987-12-21,0.33597260273972607,-6.35418246883285,8.708209866093124
1987-12-22,0.3447123287671233,-5.93785791667268,7.393145587905557
1987-12-23,0.3508767123287672,-6.405264309366745,7.374387597037979
1987-12-24,0.34923287671232883,-6.692153666584869,7.55292078987254
1987-12-25,0.3505205479452055,-6.653272739292981,5.162752191347776
1987-12-26,0.3535890410958905,-5.980386192050272,3.156797150954381
1987-12-27,0.35578082191780824,-5.777692830617183,7.411912008699375
1987-12-28,0.3491232876712329,-5.485762377508649,7.026639089837415
1987-12-29,0.33547945205479457,-4.766436771607699,5.390957319552904
1987-12-30,0.3235342465753426,-4.468885665179881,5.5153514186045385
1987-12-31,0.3147397260273973,-5.35002370522203,5.715283979194633
1988-01-01,0.30495890410958915,-5.8695937789838855,1.3446348748742967
1988-01-02,0.2907397260273974,-6.218338422468254,5.157598696440857
1988-01-03,0.27167123287671247,-6.886126269324594,1.724455036447882
1988-01-04,0.2577808219178084,-7.221306458997936,1.2735256370801276
1988-01-05,0.25120547945205485,-6.639114678176017,3.6679091987239616
1988-01-06,0.24476712328767136,-7.187616961281041,4.132849837993369
1988-01-07,0.24021917808219193,-7.054204246142298,-2.076014931939895
1988-01-08,0.2409863013698632,-6.874877937747495,-3.8461083636223687
1988-01-09,0.23641095890410976,-6.34970969046966,1.9932987315655497
1988-01-10,0.23326027397260293,-5.796353877333025,4.123093603360422
1988-01-11,0.23345205479452077,-6.567875479019009,1.3644234242244888
1988-01-12,0.2227945205479454,-6.952945377157402,-0.4498491433905434
1988-01-13,0.21632876712328783,-6.344883557698322,0.7785547905750345
1988-01-14,0.19789041095890417,-5.8177110954573665,0.37982068449846196
1988-01-15,0.1778082191780823,-5.446057424926983,0.8482492057489006
1988-01-16,0.16147945205479464,-4.891534067006366,-0.5299453850484284
1988-01-17,0.16542465753424668,-4.98428643792312,0.01886178038887376
1988-01-18,0.17728767123287678,-5.72706199113703,2.0697743199041536
1988-01-19,0.1875342465753425,-5.9490205439996915,2.8714862974243487
1988-01-20,0.20627397260273977,-6.536574460402923,2.400300487800183
1988-01-21,0.22126027397260284,-6.733023353975104,-0.788236919997499
1988-01-22,0.2358904109589042,-7.031281169219221,-1.9646092417396828
1988-01-23,0.2487123287671234,-6.974241478316517,-4.654470850450607
1988-01-24,0.25243835616438365,-6.85518563005519,2.5427472738908063
1988-01-25,0.2798630136986302,-6.246212676068536,0.4863496623699053
1988-01-26,0.30958904109589047,-6.688383382074859,0.488794340978969
1988-01-27,0.324109589041096,-7.324531608277878,3.1704220192367822
1988-01-28,0.3333150684931508,-7.4403398274559605,4.59702475896281
1988-01-29,0.34252054794520553,-7.088863887870433,2.406343339925228
1988-01-30,0.34808219178082195,-7.545687913160211,-2.1423942786206114
1988-01-31,0.3593150684931507,-7.297627498688838,-4.731687569804313
1988-02-01,0.37380821917808227,-7.335795394719748,-1.2280128244583342
1988-02-02,0.3818630136986302,-7.293775724891859,-0.7880872888067714
1988-02-03,0.39008219178082193,-6.831487702412056,0.27140551063123386
1988-02-04,0.404027397260274,-6.521976638133868,-1.1820507591264056
1988-02-05,0.41506849315068495,-6.593745517656172,-0.08132297549451195
1988-02-06,0.4347123287671233,-6.734910954958596,1.580198626191473
1988-02-07,0.45101369863013696,-6.943091495878863,-0.4479222027512746
1988-02-08,0.46334246575342464,-6.357349311122979,-2.8859931546304445
1988-02-09,0.4770410958904109,-6.145156827807209,-1.2918842680832023
1988-02-10,0.49186301369863006,-7.438229535921012,-3.3136334777776177
1988-02-11,0.5024931506849315,-7.513642251059754,-2.1888508996251756
1988-02-12,0.5031780821917808,-7.509302244034816,-1.5038758381569641
1988-02-13,0.4970684931506849,-7.6464121843228385,-4.140656308827846
1988-02-14,0.5033150684931507,-7.4344395815831135,5.321124513089963
1988-02-15,0.5040547945205479,-7.514391109507243,7.100336314986695
1988-02-16,0.4916986301369862,-7.884687561913284,6.102988931776299
1988-02-17,0.4976164383561643,-7.442676322011634,2.0750598836554692
1988-02-18,0.508876712328767,-7.944499293560633,-1.4743774187681344
1988-02-19,0.5090958904109588,-7.9744669788433855,-2.034628911567574
1988-02-20,0.49457534246575335,-8.227892338871486,-1.9466830035942664
1988-02-21,0.46882191780821914,-7.812736033989153,0.2939141161809342
1988-02-22,0.4463013698630136,-7.438166311474226,1.7818649416112118
1988-02-23,0.43380821917808216,-6.508159989029547,-1.2356482301485343
1988-02-24,0.44005479452054796,-6.458881450216762,-7.771173344303786
1988-02-25,0.4313698630136986,-6.808605370132464,-9.072764492881234
1988-02-26,0.42660273972602736,-7.457442040311599,-8.71916069941443
1988-02-27,0.4401643835616438,-7.011469437571872,-7.638694945989773
1988-02-28,0.4482739726027397,-6.687996307961758,-4.480277664640982
1988-02-29,0.4373698630136986,-6.739202489907665,-7.348167373106033
1988-03-01,0.41967123287671226,-6.268228833427159,-9.321442399449554
1988-03-02,0.4137534246575342,-6.656306810244861,-8.777446614412671
1988-03-03,0.4137808219178082,-7.091073933532533,-4.3727068883852755
1988-03-04,0.39961643835616434,-7.197087280915743,-3.6425291574404204
1988-03-05,0.3918630136986301,-6.783026866444371,-5.038836147254259
1988-03-06,0.39512328767123284,-6.371295921590138,-5.753827366081095
1988-03-07,0.4093150684931506,-5.973124513089962,-4.696190555403188
1988-03-08,0.4094794520547945,-6.301552331846548,-7.207927120208247
1988-03-09,0.4127671232876712,-6.100935542243457,-8.701831581044214
1988-03-10,0.4174520547945206,-6.587050048741524,-6.100402006052995
1988-03-11,0.4218082191780822,-6.549626796194984,-3.812181422983098
1988-03-12,0.4213972602739727,-5.825435015373067,-2.4759622449009058
1988-03-13,0.41400000000000015,-5.2572614993913325,-2.5267385006086682
1988-03-14,0.3969589041095892,-5.983395675717289,-1.0435632283923004
1988-03-15,0.35871232876712345,-5.6011146781760175,0.49240234940889405
1988-03-16,0.31684931506849323,-5.379382328334079,0.4625330132655856
1988-03-17,0.27084931506849325,-5.48494045970043,-1.9959088553680635
1988-03-18,0.22764383561643836,-5.247581134094529,-1.1000627015219102
1988-03-19,0.1894246575342466,-4.2096563009368175,1.4302316434025713
1988-03-20,0.16517808219178076,-4.157675268270854,3.042497186079073
1988-03-21,0.15320547945205465,-4.757220052253995,3.7340145728019403
1988-03-22,0.14282191780821904,-4.175884611439101,-2.7069373063691184
1988-03-23,0.1292328767123286,-4.427621176244159,-2.2916117004681693
1988-03-24,0.12199999999999987,-4.121782749830391,-2.150217250169609
1988-03-25,0.12276712328767114,-4.871725847828283,0.5489587245406113
1988-03-26,0.12309589041095884,-4.816027217691297,-2.2270686727196614
1988-03-27,0.11808219178082176,-5.09124323455115,-4.626838957229672
1988-03-28,0.13772602739726011,-5.183326128825824,-2.964399898571436
1988-03-29,0.15967123287671217,-5.528761323767869,-0.37090990910884347
1988-03-30,0.18657534246575325,-4.983116785657577,-1.0134585568081755
1988-03-31,0.20232876712328748,-4.696721281618237,-3.17560748550505
1988-04-01,0.20816438356164368,-4.554541443191823,-3.5836229403698194
1988-04-02,0.21030136986301345,-4.402521773363936,-2.4377795964990776
1988-04-03,0.21304109589041081,-4.0947479763846575,-0.26829311950575363
1988-04-04,0.2145479452054793,-3.26172514533443,0.767177200128951
1988-04-05,0.2123287671232875,-3.033782749830391,1.0114539827071036
1988-04-06,0.20715068493150668,-3.121732872766815,2.1845821878353084
1988-04-07,0.20257534246575332,-3.5048828552044693,2.072307512738716
1988-04-08,0.19882191780821906,-3.3825512781057685,0.7137293602975494
1988-04-09,0.18890410958904102,-3.7824444990400856,0.8835403894510447
1988-04-10,0.19490410958904103,-4.325312781442614,0.3004086718535728
1988-04-11,0.19602739726027393,-4.430534418253292,3.0045070209930183
1988-04-12,0.21578082191780823,-4.3496829957032395,2.813902173785431
1988-04-13,0.2263013698630137,-3.8241065994967074,0.09780522963369354
1988-04-14,0.23295890410958908,-3.699958373293686,0.5069994691840969
1988-04-15,0.23745205479452064,-3.529810849584518,1.9623587947899974
1988-04-16,0.24386301369863025,-3.295453982707103,3.391590969008473
1988-04-17,0.2659178082191782,-3.9501670139680796,4.294249205748901
1988-04-18,0.2839452054794522,-3.63545749517637,4.531512289696917
1988-04-19,0.29306849315068506,-3.0300827147056983,4.757014221555013
1988-04-20,0.28761643835616446,-2.676071474804047,1.3984550364478827
1988-04-21,0.27501369863013714,-2.658051804976158,1.603038106346021
1988-04-22,0.27715068493150696,-2.376564625488979,2.879413940557472
1988-04-23,0.27953424657534265,-2.1774286929283893,2.7878944463530466
1988-04-24,0.28000000000000025,-1.7045006985483397,0.5645006985483396
1988-04-25,0.2771506849315071,-1.60474165393998,0.6175909690084729
1988-04-26,0.2645205479452057,-1.3483911095072436,0.213870561562038
1988-04-27,0.2549863013698632,-0.970426936693756,0.14544063532389284
1988-04-28,0.2594246575342468,-0.5687809935957578,-1.470643663938489
1988-04-29,0.2718082191780824,-0.44575535257011695,-0.07605286660796545
1988-04-30,0.2727671232876714,-0.36008903715037677,0.1573219138627054
1988-05-01,0.2558356164383564,-0.10397944810928078,0.1081438316709244
1988-05-02,0.2375342465753427,-0.08841780427366439,-0.34911644230167826
1988-05-03,0.24290410958904138,-0.2501269718184484,-0.592777137770593
1988-05-04,0.23975342465753452,-0.2514750575226986,-0.6082783671348359
1988-05-05,0.21569863013698654,0.11849895020473389,1.4758024196582795
1988-05-06,0.19520547945205508,-0.08670371927190826,4.071498239819853
1988-05-07,0.17786301369863042,-0.2317651874840614,7.023902173785431
1988-05-08,0.1681917808219181,0.1394501268819379,4.392358092296144
1988-05-09,0.1657534246575345,-0.018806985868325486,3.3630535612107906
1988-05-10,0.17194520547945227,0.16499912582819712,2.7930556686923507
1988-05-11,0.1767123287671235,0.8065144050695039,1.3967732661633725
1988-05-12,0.1913972602739728,0.8789808609880143,1.9696218787380129
1988-05-13,0.2048219178082194,1.1716327752837643,2.353545306908016
1988-05-14,0.21682191780821936,1.6106717636926158,3.0225063184991647
1988-05-15,0.2346575342465755,1.9133068181358892,2.6720356476175358
1988-05-16,0.2456164383561646,2.3271382196111263,2.097245342032709
1988-05-17,0.236246575342466,2.3469380088629705,1.1668154157945634
1988-05-18,0.24854794520547965,2.079670709951836,0.23178134484268442
1988-05-19,0.2618356164383564,1.521290660777266,-0.3131262772156225
1988-05-20,0.2539452054794522,0.8342860945672206,-2.1982313000466727
1988-05-21,0.2567945205479453,0.4417557117080709,-3.248550232256016
1988-05-22,0.25873972602739737,0.5229106116026966,0.5583496623699061
1988-05-23,0.24164383561643843,1.26421303520649,1.9441431291770717
1988-05-24,0.21147945205479457,2.199844225933571,2.4186763220116347
1988-05-25,0.18610958904109587,2.769824556105682,4.314065854853222
1988-05-26,0.18035616438356164,2.902159645673648,3.1674841899427904
1988-05-27,0.18586301369863006,2.3225720095654645,1.2815649767359054
1988-05-28,0.20501369863013694,2.6180395192247548,-1.5630532178548917
1988-05-29,0.22257534246575342,3.3267370956209614,-2.419312438086715
1988-05-30,0.2385205479452055,3.5091782617607574,-2.0276988097059627
1988-05-31,0.25238356164383563,3.7641561332043825,-2.9165396948482183
1988-06-01,0.2687671232876713,3.4835597159230334,-3.802326839210705
1988-06-02,0.27871232876712326,4.096879701873156,-1.5855920306402798
1988-06-03,0.2854520547945205,3.719338430359282,2.895209514846198
1988-06-04,0.2824383561643836,3.140810154981692,-0.4832485111460758
1988-06-05,0.2764109589041096,2.753534426144319,-5.609945385048428
1988-06-06,0.2808767123287671,2.720678086137294,-6.441554798466061
1988-06-07,0.26427397260273977,3.404964001135538,-5.259237973738278
1988-06-08,0.2501095890410959,4.208854412094443,-2.558964001135539
1988-06-09,0.23876712328767125,4.4431073098815865,-0.18187443316925744
1988-06-10,0.24358904109589039,4.101932037665219,1.4644789212388902
1988-06-11,0.24972602739726027,4.352151918241264,0.6981220543614759
1988-06-12,0.252,4.515270990949378,-0.6772709909493777
1988-06-13,0.2526301369863014,4.64739533236139,0.02997453065230804
1988-06-14,0.23641095890410954,4.398231300046674,1.2253577410492174
1988-06-15,0.22712328767123285,4.771327892951485,0.19154881937728252
1988-06-16,0.2076986301369863,4.822098528708422,0.4702028411545909
1988-06-17,0.18010958904109586,5.01027696214713,-0.7403865511882257
1988-06-18,0.1484383561643835,5.386000179568977,-1.60443853573336
1988-06-19,0.12660273972602737,5.604099231202276,-1.2907019709283025
1988-06-20,0.11378082191780815,5.769240783713691,-1.0230216056314987
1988-06-21,0.0786575342465753,6.115490871525423,-2.004148405771998
1988-06-22,0.05786301369863009,6.618806642512426,-0.8666696562110561
1988-06-23,0.05399999999999995,6.442742013077933,-2.396742013077934
1988-06-24,0.04956164383561634,6.005523186242669,0.27491516992171494
1988-06-25,0.047945205479451976,6.105474011672947,-0.7734192171523988
1988-06-26,0.051287671232876655,6.463422027127811,-1.1747096983606875
1988-06-27,0.04246575342465743,6.6153679351011165,-0.5278336885257744
1988-06-28,0.02969863013698617,6.7376236428636735,-0.20732227300065986
1988-06-29,0.025095890410958756,6.846494735241616,0.2584093743474254
1988-06-30,0.025205479452054674,7.677430615115167,-0.5526360945672213
1988-07-01,0.024328767123287548,7.638049793197358,-1.2523785603206452
1988-07-02,0.03536986301369854,7.216994998676809,-1.9223648616905082
1988-07-03,0.0340821917808218,7.726461437032974,-4.460543628813795
1988-07-04,0.03871232876712313,7.816629930183659,-2.9153422589507816
1988-07-05,0.04849315068493142,7.758190889087769,0.803315960227299
1988-07-06,0.043561643835616365,7.849064176759002,0.027374179405381227
1988-07-07,0.026328767123287647,7.624521711005577,-0.6808504781288649
1988-07-08,0.03424657534246572,7.535721711005578,-1.5899682863480429
1988-07-09,0.05002739726027394,7.660425820594618,-1.8904532178548914
1988-07-10,0.05953424657534247,7.659828560320647,2.010637193104011
1988-07-11,0.0699452054794521,7.68018212547695,2.6498726690435976
1988-07-12,0.08205479452054798,7.488536884872805,-0.9405916793933535
1988-07-13,0.09309589041095886,7.555372852558088,1.6215312570309521
1988-07-14,0.09791780821917806,7.205849143390544,-2.843766951609722
1988-07-15,0.10416438356164381,7.305116442301679,-6.229280825863323
1988-07-16,0.11158904109589038,7.330495437735468,-5.302084478831358
1988-07-17,0.12331506849315066,7.646339484100062,-2.7196545525932123
1988-07-18,0.13884931506849313,7.703801373808528,-0.8626506888770207
1988-07-19,0.14504109589041092,8.03939533236139,1.0355635717481988
1988-07-20,0.14326027397260274,8.195239378725985,2.9615003473014134
1988-07-21,0.14671232876712334,8.524629614061425,2.3186580571714526
1988-07-22,0.1543287671232877,8.249456449326617,4.456214783550095
1988-07-23,0.1603013698630137,8.07071672329922,5.068981906837767
1988-07-24,0.16772602739726028,8.549601865554225,-0.7773278929514849
1988-07-25,0.1617808219178082,8.76107921012746,1.797139967954731
1988-07-26,0.1628767123287671,8.624287499554926,4.372835788116307
1988-07-27,0.16671232876712325,8.375106607387734,0.2781810638451443
1988-07-28,0.165917808219178,8.768581141985555,2.175501049795267
1988-07-29,0.16723287671232862,8.909926417714393,0.3728407055732781
1988-07-30,0.17484931506849297,8.911056027830305,-3.025905342898799
1988-07-31,0.19643835616438338,8.542165265624476,1.471396378211141
1988-08-01,0.22778082191780807,8.147170534328373,2.8050486437538193
1988-08-02,0.2525753424657533,8.681203551539472,2.496221105994774
1988-08-03,0.2727671232876711,8.519180369242317,0.00805250747001196
1988-08-04,0.2869863013698629,7.949296983221945,-3.916283284591808
1988-08-05,0.29909589041095885,8.453571658318538,-2.682667548729496
1988-08-06,0.3038356164383561,9.16424113496062,0.6819232486010254
1988-08-07,0.30208219178082196,8.66974657928798,2.818171228931197
1988-08-08,0.31254794520547946,8.564114686067047,2.073337368727474
1988-08-09,0.3347671232876712,8.37739533236139,0.9278375443509397
1988-08-10,0.3534246575342467,8.975322975494512,3.0112523669712417
1988-08-11,0.37624657534246586,8.932508785118678,1.6012446395388569
1988-08-12,0.39408219178082204,8.89066614374179,0.8852516644773889
1988-08-13,0.4123013698630138,8.38539743984295,1.9323011902940355
1988-08-14,0.42939726027397274,8.317084127584431,3.7235186121415964
1988-08-15,0.4129589041095892,8.196149810759705,2.410891285130706
1988-08-16,0.38553424657534263,8.677133302154154,0.817332451270504
1988-08-17,0.36915068493150704,7.893801373808529,1.7770479412599638
1988-08-18,0.36679452054794537,7.751190906650114,4.07201457280194
1988-08-19,0.37413698630137,7.766952761233887,3.1289102524647427
1988-08-20,0.39161643835616444,7.973079912621312,-1.0946963509774772
1988-08-21,0.41901369863013715,8.140393576126758,-4.999407274756895
1988-08-22,0.44013698630137,7.9143275417045595,-7.85446452800593
1988-08-23,0.45150684931506857,8.228461718030514,-6.539968567345583
1988-08-24,0.4657534246575343,7.889133302154154,-3.9948867268116883
1988-08-25,0.49498630136986305,7.4533911173982705,-6.498377418768134
1988-08-26,0.5258082191780822,7.278654903840141,-5.454463123018223
1988-08-27,0.5516986301369863,7.753854060847515,0.14444730901549807
1988-08-28,0.5646301369863014,7.775518971279549,2.6998508917341493
1988-08-29,0.5655890410958904,7.320444155684187,-1.6160331967800774
1988-08-30,0.5762465753424657,6.861314545568274,-2.1175611209107394
1988-08-31,0.5932328767123287,6.879403762287627,0.31736336100004436
1988-09-01,0.6158904109589042,6.47600298954439,0.37810659949670544
1988-09-02,0.6313424657534248,6.201467689228267,-5.262810154981692
1988-09-03,0.6438630136986302,6.061980509741088,-2.365843523439718
1988-09-04,0.6717808219178081,6.24275887293041,1.0354603051517826
1988-09-05,0.7046027397260273,5.6700816688559454,2.2453155914180263
1988-09-06,0.730794520547945,5.8623928736329045,1.7068126058191515
1988-09-07,0.7486849315068493,5.695381282484327,0.7359337860088235
1988-09-08,0.7710958904109589,5.494617671665921,0.8842864379231203
1988-09-09,0.8081917808219179,5.281013878199114,1.8807943409789676
1988-09-10,0.8414520547945206,5.586893049256367,1.021654895949113
1988-09-11,0.8694520547945206,6.073948195023842,0.5265997501816368
1988-09-12,0.8879726027397259,6.217741661831007,-0.4157142645707328
1988-09-13,0.8861095890410957,5.98430997935823,-6.870419568399326
1988-09-14,0.8909863013698629,5.390670358704909,-8.831656660074772
1988-09-15,0.8984657534246574,4.631134004648008,-8.659599758072666
1988-09-16,0.9099726027397259,4.917950302505401,-8.177922905245127
1988-09-17,0.9081095890410957,5.093451531869645,-7.071561120910741
1988-09-18,0.8960821917808218,5.059232353787453,-3.085314545568275
1988-09-19,0.8898630136986301,5.30114735203122,0.538989634270151
1988-09-20,0.8763013698630138,5.471748686769539,0.6819499433674476
1988-09-21,0.8862739726027398,5.39086494950224,-1.1771389221049802
1988-09-22,0.8849315068493149,5.345998072087418,-0.6309295789367324
1988-09-23,0.8862191780821915,4.331037762990123,-0.8572569410723139
1988-09-24,0.8929863013698628,4.213026523088471,-0.2660128244583344
1988-09-25,0.9163013698630136,4.014211630218784,-0.3205130000817977
1988-09-26,0.9475890410958903,3.938477172895285,2.943933786008825
1988-09-27,0.975917808219178,3.9207848652029775,3.343297326577845
1988-09-28,0.9991506849315067,3.8721484057719975,4.208700909296495
1988-09-29,1.0237534246575342,3.723670007457983,1.9025765678844833
1988-09-30,1.0506301369863011,3.1143795262496936,-0.7350096632359944
1988-10-01,1.0701917808219177,3.4609703235802174,-0.29116210440213486
1988-10-02,1.08372602739726,3.9452815283571745,0.5109924442455656
1988-10-03,1.0913972602739723,3.9082692347147447,0.8603335050112828
1988-10-04,1.094164383561644,3.8416201303944075,-2.3357845139560514
1988-10-05,1.090794520547945,3.7382074152556646,-2.9290019358036097
1988-10-06,1.0755616438356164,3.4934508293757913,-2.599012473211408
1988-10-07,1.0652328767123285,2.7181947703663076,-3.743427647078636
1988-10-08,1.063945205479452,1.961820341142563,-6.055765546622014
1988-10-09,1.0659999999999998,2.31159203064028,0.6524079693597202
1988-10-10,1.073917808219178,2.551293470752679,-0.9852112789718568
1988-10-11,1.0776164383561642,3.110797510092335,0.15158605155150084
1988-10-12,1.0792054794520545,3.1437395543494477,-2.0529450338015023
1988-10-13,1.0752876712328765,2.9772091714902973,-1.8224968427231738
1988-10-14,1.0672876712328767,2.783380579990473,0.019331748776650226
1988-10-15,1.0575342465753423,2.857145947043512,3.1153198063811454
1988-10-16,1.0506027397260271,2.7451340046480075,5.384263255625965
1988-10-17,1.03386301369863,2.5351747492914916,5.410962237009879
1988-10-18,1.0179726027397258,2.297583600714042,5.544443796546231
1988-10-19,1.0020547945205478,1.5673257854699252,2.090619420009527
1988-10-20,0.9992602739726026,0.6918990204541192,-1.8411592944267219
1988-10-21,0.9911506849315068,0.5998140186978846,-1.3609647036293915
1988-10-22,0.9673424657534248,0.07143748199258068,1.7212200522539944
1988-10-23,0.9508767123287671,0.434118198536311,1.9150050891349217
1988-10-24,0.9466849315068494,0.9325242399834485,-0.2992091714902978
1988-10-25,0.9412328767123288,0.9541547282166764,0.024612395070994775
1988-10-26,0.9367945205479453,1.0387174257930725,2.834488053658982
1988-10-27,0.9165479452054794,1.0161645631306206,5.2872874916639
1988-10-28,0.898027397260274,0.7095365336258791,5.572436069113846
1988-10-29,0.8771506849315067,0.8556067830111969,1.6972425320572964
1988-10-30,0.8572602739726027,1.5459798072472348,-4.083240081219838
1988-10-31,0.8445753424657534,1.6977065371383482,-6.822281879604102
1988-11-01,0.8418356164383561,1.6723781212619873,-1.3442137377003434
1988-11-02,0.8474520547945203,1.2832211138858016,-3.750673168680322
1988-11-03,0.8576712328767122,0.10286705698379968,-6.030538289860512
1988-11-04,0.8646849315068491,-0.5999956054679039,-3.0246893260389447
1988-11-05,0.8603835616438353,-0.9022604456505525,-2.4281231159932832
1988-11-06,0.8357260273972602,-0.5789769893807946,0.3932509619835344
1988-11-07,0.8260821917808218,-0.33294748463896096,1.146865292858139
1988-11-08,0.8251506849315068,-0.3139752331461618,1.1988245482146551
1988-11-09,0.8225205479452053,-0.6598066346213988,1.6872860866761936
1988-11-10,0.8223013698630135,-1.6624030519027482,2.8901016820397345
1988-11-11,0.8193150684931505,-1.9510739335325336,3.841758865039383
1988-11-12,0.8092602739726026,-2.8881269718184486,4.2488666978458465
1988-11-13,0.7871780821917806,-4.0193633610000425,2.872185278808262
1988-11-14,0.7695616438356163,-3.271392163248023,-1.1481694805875926
1988-11-15,0.7583835616438355,-2.9015333645125123,-1.496850197131323
1988-11-16,0.7553150684931504,-3.2643222651096324,2.659007196616482
1988-11-17,0.7608493150684931,-3.2585365257348515,3.7576872106663584
1988-11-18,0.768821917808219,-2.783034593876755,0.23421267606853613
1988-11-19,0.784849315068493,-3.6141571790541347,-3.1006921360143584
1988-11-20,0.8071780821917807,-4.008117839398357,-4.539060242793424
1988-11-21,0.820876712328767,-4.270810498337591,-10.510066213991177
1988-11-22,0.8286301369863014,-3.8082077586115646,-15.320422378374738
1988-11-23,0.8283013698630137,-4.5146468172698,-9.463654552593216
1988-11-24,0.8207123287671234,-4.422303297775596,-4.988409030991528
1988-11-25,0.8157534246575342,-3.870726901569063,-1.4450265230884711
1988-11-26,0.8180821917808219,-4.790910252464743,2.0628280606839207
1988-11-27,0.8266027397260274,-4.439180712598216,0.7725779728721891
1988-11-28,0.8357534246575342,-4.460228833427158,0.9344754087696243
1988-11-29,0.8413972602739725,-4.114927814811072,0.9135305545370995
1988-11-30,0.8470958904109589,-4.292378464617886,2.665282574206927
1988-12-01,0.8543835616438356,-4.150512640943843,0.04612907930000709
1988-12-02,0.8481095890410959,-3.947609233848656,-0.8805003551924404
1988-12-03,0.8241643835616439,-4.23279925843594,-2.231365125125703
1988-12-04,0.8107397260273972,-4.137071826050973,-1.303667899976424
1988-12-05,0.8086849315068492,-4.800926409823366,2.1722414783165167
1988-12-06,0.8130136986301371,-5.359052156223084,-5.953961542407052
1988-12-07,0.8126301369863014,-5.913653490961405,-6.578976646024897
1988-12-08,0.8045479452054796,-5.665217242278582,-6.589330702926897
1988-12-09,0.8011506849315069,-5.219905686254697,-2.141244998676809
1988-12-10,0.7983835616438357,-5.219241127069589,0.42085756542575314
1988-12-11,0.7956712328767124,-5.187364765987748,0.3116935331110362
1988-12-12,0.7956986301369864,-5.240638387343562,-1.705060242793424
1988-12-13,0.7967123287671234,-5.291845974277177,-6.384866354489947
1988-12-14,0.7958904109589041,-5.151193357487574,-2.98469705347133
1988-12-15,0.7973698630136987,-5.3989172774032745,-4.668452585610424
1988-12-16,0.7941917808219179,-5.646160691523401,-5.8980310892985175
1988-12-17,0.7938082191780822,-6.152559005538153,-3.8812492136399293
1988-12-18,0.7987397260273974,-6.533144885411704,-4.515594840615694
1988-12-19,0.8050684931506851,-6.692673512036221,1.1476050188855353
1988-12-20,0.8103287671232878,-6.35418246883285,-4.586146298290439
1988-12-21,0.8217260273972604,-5.93785791667268,-0.6738681107245803
1988-12-22,0.8239726027397262,-6.405264309366745,5.4912917066270195
1988-12-23,0.8153424657534248,-6.692153666584869,5.466811200831445
1988-12-24,0.8108767123287672,-6.653272739292981,4.1123960269642135
1988-12-25,0.8192054794520549,-5.980386192050272,3.9111807125982168
1988-12-26,0.8289863013698632,-5.777692830617183,3.71870652924732
1988-12-27,0.8355890410958906,-5.485762377508649,1.8801733364127582
1988-12-28,0.8253698630136987,-4.766436771607699,3.2210669085940005
1988-12-29,0.8197534246575343,-4.468885665179881,5.059132240522347
1988-12-30,0.814958904109589,-5.35002370522203,4.895064801112441
1988-12-31,0.8150684931506851,-5.8695937789838855,4.8645252858332
1989-01-01,0.8115342465753426,-6.218338422468254,4.166804175892912
1989-01-02,0.8086575342465754,-6.886126269324594,2.8774687350780184
1989-01-03,0.8131780821917809,-7.221306458997936,4.288128376806155
1989-01-04,0.8148219178082191,-6.639114678176017,1.3042927603677983
1989-01-05,0.8259178082191782,-7.187616961281041,-2.7383008469381362
1989-01-06,0.8356438356164384,-7.054204246142298,0.21856041052585962
1989-01-07,0.8426027397260274,-6.874877937747495,1.3122751980214682
1989-01-08,0.8499726027397259,-6.34970969046966,4.849737087729935
1989-01-09,0.8447945205479452,-5.796353877333025,7.31155935678508
1989-01-10,0.8340273972602741,-6.567875479019009,5.183848081758735
1989-01-11,0.8331232876712329,-6.952945377157402,2.9698220894861693
1989-01-12,0.8250410958904109,-6.344883557698322,1.9298424618079109
1989-01-13,0.8260821917808219,-5.8177110954573665,2.0316289036765447
1989-01-14,0.8349589041095891,-5.446057424926983,2.901098520817394
1989-01-15,0.8476438356164384,-4.891534067006366,3.0638902313899274
1989-01-16,0.8495616438356164,-4.98428643792312,5.004724794087504
1989-01-17,0.8449589041095891,-5.72706199113703,3.6621030870274414
1989-01-18,0.8368219178082192,-5.9490205439996915,1.5721986261914722
1989-01-19,0.8307945205479452,-6.536574460402923,3.0357799398549776
1989-01-20,0.8349315068493153,-6.733023353975104,1.3780918471257886
1989-01-21,0.8333150684931507,-7.031281169219221,-0.38203389927392983
1989-01-22,0.8306575342465754,-6.974241478316517,-2.5264160559300572
1989-01-23,0.8408767123287672,-6.85518563005519,-0.2156910822735778
1989-01-24,0.8368493150684932,-6.246212676068536,0.32936336100004304
1989-01-25,0.8236164383561644,-6.688383382074859,1.3747669437186945
1989-01-26,0.820054794520548,-7.324531608277878,2.3844768137573302
1989-01-27,0.8084383561643835,-7.4403398274559605,4.601901471291577
1989-01-28,0.808027397260274,-7.088863887870433,4.720836490610159
1989-01-29,0.8205753424657534,-7.545687913160211,5.265112570694457
1989-01-30,0.8073150684931507,-7.297627498688838,6.260312430195688
1989-01-31,0.7748493150684932,-7.335795394719748,7.420946079651254
1989-02-01,0.744986301369863,-7.293775724891859,6.218789423521995
1989-02-02,0.7297260273972603,-6.831487702412056,5.121761675014795
1989-02-03,0.7402739726027396,-6.521976638133868,2.901702665531128
1989-02-04,0.7474794520547945,-6.593745517656172,1.3162660656013774
1989-02-05,0.7415890410958905,-6.734910954958596,0.6333219138627051
1989-02-06,0.7379178082191781,-6.943091495878863,3.085173687659685
1989-02-07,0.7291506849315068,-6.357349311122979,4.958198626191472
1989-02-08,0.7185753424657535,-6.145156827807209,5.276581485341455
1989-02-09,0.7077534246575343,-7.438229535921012,4.800476111263478
1989-02-10,0.699095890410959,-7.513642251059754,4.124546360648795
1989-02-11,0.6966575342465754,-7.509302244034816,4.952644709788241
1989-02-12,0.6957260273972603,-7.6464121843228385,1.9006861569255786
1989-02-13,0.6922739726027398,-7.4344395815831135,-0.8678343910196276
1989-02-14,0.6955068493150685,-7.514391109507243,-3.101115739807825
1989-02-15,0.7018356164383561,-7.884687561913284,-0.08714805452507157
1989-02-16,0.7002465753424658,-7.442676322011634,1.0124297466691674
1989-02-17,0.6892876712328768,-7.944499293560633,1.025211622327756
1989-02-18,0.6885205479452055,-7.9744669788433855,4.16594643089818
1989-02-19,0.7017260273972603,-8.227892338871486,7.846166311474226
1989-02-20,0.720082191780822,-7.812736033989153,7.752653842208331
1989-02-21,0.7474794520547946,-7.438166311474226,5.630686859419431
1989-02-22,0.7670684931506849,-6.508159989029547,3.6310914958788625
1989-02-23,0.7811780821917809,-6.458881450216762,2.557703368024981
1989-02-24,0.8016986301369864,-6.808605370132464,1.806906739995478
1989-02-25,0.8156986301369864,-7.457442040311599,0.3417434101746126
1989-02-26,0.8095616438356166,-7.011469437571872,-3.2880922062637445
1989-02-27,0.7747671232876714,-6.687996307961758,-4.456770815325913
1989-02-28,0.7547671232876714,-6.739202489907665,-3.7755646333800055
1989-03-01,0.7478356164383562,-6.268228833427159,-3.4496067830111983
1989-03-02,0.7452876712328769,-6.656306810244861,-0.8389808609880154
1989-03-03,0.7402191780821918,-7.091073933532533,0.9408547554503404
1989-03-04,0.7427123287671233,-7.197087280915743,0.584374952148619
1989-03-05,0.7315616438356165,-6.783026866444371,4.811465222608755
1989-03-06,0.7075890410958905,-6.371295921590138,5.913706880494248
1989-03-07,0.6886575342465754,-5.973124513089962,4.584466978843387
1989-03-08,0.6785753424657535,-6.301552331846548,-0.9470230106192066
1989-03-09,0.673095890410959,-6.100935542243457,-0.7821603481675021
1989-03-10,0.6685479452054794,-6.587050048741524,7.188502103536045
1989-03-11,0.6593698630136987,-6.549626796194984,8.090256933181285
1989-03-12,0.6544931506849315,-5.825435015373067,7.510941864688135
1989-03-13,0.6468493150684932,-5.2572614993913325,4.0004121843228395
1989-03-14,0.6406575342465755,-5.983395675717289,-1.9672618585292865
1989-03-15,0.6524657534246576,-5.6011146781760175,1.9786489247513597
1989-03-16,0.6669589041095891,-5.379382328334079,2.8424234242244895
1989-03-17,0.6840547945205481,-5.48494045970043,1.7908856651798817
1989-03-18,0.7125479452054795,-5.247581134094529,-2.264966811110951
1989-03-19,0.7399452054794522,-4.2096563009368175,-3.5102889045426355
1989-03-20,0.7605479452054795,-4.157675268270854,0.17712732306537404
1989-03-21,0.7665205479452056,-4.757220052253995,-1.8293004956912107
1989-03-22,0.7726849315068494,-4.175884611439101,0.3031996799322516
1989-03-23,0.7838082191780822,-4.427621176244159,-3.4361870429339234
1989-03-24,0.7906027397260275,-4.121782749830391,-2.3488199898956363
1989-03-25,0.7924383561643835,-4.871725847828283,2.3492874916638993
1989-03-26,0.7955342465753424,-4.816027217691297,5.610492971115955
1989-03-27,0.7935616438356163,-5.09124323455115,6.1176815907155335
1989-03-28,0.7783287671232877,-5.183326128825824,6.734997361702536
1989-03-29,0.7598356164383562,-5.528761323767869,7.508925707329513
1989-03-30,0.7279178082191782,-4.983116785657577,7.425198977438399
1989-03-31,0.7066849315068493,-4.696721281618237,6.130036350111388
1989-04-01,0.6976438356164385,-4.554541443191823,3.0668976075753847
1989-04-02,0.6985479452054795,-4.402521773363936,2.0139738281584565
1989-04-03,0.6960821917808221,-4.0947479763846575,2.0486657846038354
1989-04-04,0.6805479452054796,-3.26172514533443,1.3111772001289506
1989-04-05,0.6836712328767125,-3.033782749830391,-0.6898884830463214
1989-04-06,0.6916986301369865,-3.121732872766815,-3.859965757370172
1989-04-07,0.6952328767123288,-3.5048828552044693,-2.190350021507859
1989-04-08,0.6906301369863015,-3.3825512781057685,-0.24807885888053294
1989-04-09,0.6863835616438356,-3.7824444990400856,1.13606093739625
1989-04-10,0.6613424657534248,-4.325312781442614,2.723970315689189
1989-04-11,0.6417534246575343,-4.430534418253292,3.908780993595758
1989-04-12,0.6213424657534248,-4.3496829957032395,2.9883405299498147
1989-04-13,0.6140000000000001,-3.8241065994967074,-1.7198934005032922
1989-04-14,0.6118356164383563,-3.699958373293686,-2.7918772431446706
1989-04-15,0.601287671232877,-3.529810849584518,-1.961476821648359
1989-04-16,0.5725205479452056,-3.295453982707103,0.5329334347618975
1989-04-17,0.5553424657534249,-3.9501670139680796,-2.105175451785345
1989-04-18,0.5471232876712331,-3.63545749517637,-1.531665792494863
1989-04-19,0.5378630136986304,-3.0300827147056983,-1.2977802989929321
1989-04-20,0.5351780821917811,-2.676071474804047,0.13089339261226618
1989-04-21,0.5426301369863016,-2.658051804976158,-1.6245783320101435
1989-04-22,0.5592876712328769,-2.376564625488979,-6.092723045743898
1989-04-23,0.5736986301369865,-2.1774286929283893,-3.5162699372085973
1989-04-24,0.5864109589041098,-1.7045006985483397,-1.2719102603557702
1989-04-25,0.6018904109589043,-1.60474165393998,-1.6971487570189245
1989-04-26,0.618191780821918,-1.3483911095072436,-1.7598006713146743
1989-04-27,0.6253698630136988,-0.970426936693756,-7.6149429263199435
1989-04-28,0.6238082191780824,-0.5687809935957578,-8.595027225582324
1989-04-29,0.6134246575342468,-0.44575535257011695,-8.03766930496413
1989-04-30,0.6081369863013699,-0.36008903715037677,-7.438047949150994
1989-05-01,0.6237260273972604,-0.10397944810928078,-4.889746579287979
1989-05-02,0.6467397260273973,-0.08841780427366439,-1.758321921753733
1989-05-03,0.6576164383561645,-0.2501269718184484,1.042510533462284
1989-05-04,0.6694246575342466,-0.2514750575226986,2.692050399988452
1989-05-05,0.6863561643835616,0.11849895020473389,3.5651448854117045
1989-05-06,0.6824657534246577,-0.08670371927190826,2.0142379658472507
1989-05-07,0.6767123287671233,-0.2317651874840614,-2.474947141283062
1989-05-08,0.6526027397260273,0.1394501268819379,0.3879471333920347
1989-05-09,0.626027397260274,-0.018806985868325486,2.562779588608051
1989-05-10,0.617068493150685,0.16499912582819712,1.387932381021118
1989-05-11,0.5985479452054794,0.8065144050695039,0.8949376497250165
1989-05-12,0.5831506849315069,0.8789808609880143,0.48786845408047874
1989-05-13,0.5786575342465754,1.1716327752837643,-1.6902903095303397
1989-05-14,0.5758356164383561,1.6106717636926158,-5.396507380130972
1989-05-15,0.5761643835616438,1.9133068181358892,-4.099471201697533
1989-05-16,0.5908493150684931,2.3271382196111263,-2.3279875346796195
1989-05-17,0.6023561643835615,2.3469380088629705,-0.319294173246532
1989-05-18,0.600054794520548,2.079670709951836,1.9002744955276158
1989-05-19,0.5849589041095891,1.521290660777266,2.2737504351131443
1989-05-20,0.5827123287671232,0.8342860945672206,3.323001576665657
1989-05-21,0.5966027397260274,0.4417557117080709,4.561641548565902
1989-05-22,0.619013698630137,0.5229106116026966,5.198075689767166
1989-05-23,0.6572876712328768,1.26421303520649,4.358499293560634
1989-05-24,0.7022465753424657,2.199844225933571,1.807909198723963
1989-05-25,0.7131506849315068,2.769824556105682,1.0170247589628114
1989-05-26,0.7192602739726027,2.902159645673648,0.8185800803537497
1989-05-27,0.7077534246575342,2.3225720095654645,1.6096745657770009
1989-05-28,0.6885753424657535,2.6180395192247548,1.0633851383094917
1989-05-29,0.68586301369863,3.3267370956209614,0.4573998906804082
1989-05-30,0.6861917808219178,3.5091782617607574,-0.4153700425826754
1989-05-31,0.6799726027397259,3.7641561332043825,-1.2641287359441082
1989-06-01,0.6705205479452053,3.4835597159230334,-1.544080263868239
1989-06-02,0.6720821917808217,4.096879701873156,-4.268961893653978
1989-06-03,0.6814794520547944,3.719338430359282,-6.240817882414077
1989-06-04,0.6930684931506848,3.140810154981692,-5.793878648132377
1989-06-05,0.6995068493150685,2.753534426144319,-6.783041275459388
1989-06-06,0.696986301369863,2.720678086137294,-5.277664387507157
1989-06-07,0.720054794520548,3.404964001135538,-5.855018795656086
1989-06-08,0.7431780821917808,4.208854412094443,-6.002032494286223
1989-06-09,0.7675616438356165,4.4431073098815865,-1.9506689537172033
1989-06-10,0.7683013698630139,4.101932037665219,-0.07023340752823337
1989-06-11,0.764054794520548,4.352151918241264,-0.8062067127618118
1989-06-12,0.7545205479452056,4.515270990949378,-1.1697915388945836
1989-06-13,0.758082191780822,4.64739533236139,-0.10547752414221279
1989-06-14,0.7824657534246577,4.398231300046674,0.3793029465286679
1989-06-15,0.7997534246575344,4.771327892951485,0.15891868239098095
1989-06-16,0.8235068493150686,4.822098528708422,-1.305605378023491
1989-06-17,0.8556438356164385,5.01027696214713,-1.555920797763569
1989-06-18,0.879123287671233,5.386000179568977,-0.5351234672402096
1989-06-19,0.9050684931506852,5.604099231202276,0.24083227564703957
1989-06-20,0.9086575342465755,5.769240783713691,0.10210168203973335
1989-06-21,0.9312602739726028,6.115490871525423,1.303248854501974
1989-06-22,0.9474794520547947,6.618806642512426,-0.9362860945672207
1989-06-23,0.9439452054794522,6.442742013077933,-6.436687218557386
1989-06-24,0.9258356164383563,6.005523186242669,-2.231358802681025
1989-06-25,0.9207945205479453,6.105474011672947,1.3937314677791077
1989-06-26,0.9224657534246576,6.463422027127811,1.5241122194475318
1989-06-27,0.9249589041095891,6.6153679351011165,0.9996731607892935
1989-06-28,0.9195890410958905,6.7376236428636735,-4.827212683959564
1989-06-29,0.9035068493150686,6.846494735241616,-2.670001584556684
1989-06-30,0.885150684931507,7.677430615115167,-3.162581300046673
1989-07-01,0.8684931506849316,7.638049793197358,-2.056542943882289
1989-07-02,0.8511506849315069,7.216994998676809,-4.028145683608316
1989-07-03,0.837123287671233,7.726461437032974,-6.3135847247042065
1989-07-04,0.8271506849315069,7.816629930183659,-2.0537806151151656
1989-07-05,0.8172054794520549,7.758190889087769,0.6346036314601777
1989-07-06,0.8117808219178083,7.849064176759002,3.309155001323189
1989-07-07,0.8154520547945207,7.624521711005577,2.0800262341999014
1989-07-08,0.8056712328767124,7.535721711005578,0.17860705611771
1989-07-09,0.7977808219178082,7.660425820594618,0.051793357487573743
1989-07-10,0.777972602739726,7.659828560320647,-0.5978011630603728
1989-07-11,0.7547397260273974,7.68018212547695,-1.9649218515043474
1989-07-12,0.7431232876712329,7.488536884872805,-1.9316601725440385
1989-07-13,0.7414794520547946,7.555372852558088,-1.9768523046128825
1989-07-14,0.7384109589041097,7.205849143390544,-3.1042601022946537
1989-07-15,0.7334246575342467,7.305116442301679,-3.6185410998359258
1989-07-16,0.7206575342465755,7.330495437735468,-1.2811529719820438
1989-07-17,0.7076712328767124,7.646339484100062,-2.6040107169767737
1989-07-18,0.7052876712328768,7.703801373808528,-3.1090890450414044
1989-07-19,0.7042191780821918,8.03939533236139,-2.4936145104435825
1989-07-20,0.6922465753424658,8.195239378725985,0.21251404593154888
1989-07-21,0.6858630136986302,8.524629614061425,3.289507372239944
1989-07-22,0.6863835616438356,8.249456449326617,3.334159989029546
1989-07-23,0.6962465753424658,8.07071672329922,3.563036701358314
1989-07-24,0.717068493150685,8.549601865554225,2.4033296412950893
1989-07-25,0.7307397260273973,8.76107921012746,-0.24181893615485883
1989-07-26,0.7346575342465753,8.624287499554926,-1.0289450338015014
1989-07-27,0.7366575342465753,8.375106607387734,-1.5917641416343091
1989-07-28,0.7304109589041097,8.768581141985555,-2.628992100889665
1989-07-29,0.7150410958904111,8.909926417714393,-0.324967513604804
1989-07-30,0.7056712328767125,8.911056027830305,1.0232727392929828
1989-07-31,0.6985753424657537,8.542165265624476,-3.8707406080902294
1989-08-01,0.68827397260274,8.147170534328373,-9.505444506931113
1989-08-02,0.6755068493150687,8.681203551539472,-8.826710400854541
1989-08-03,0.6660821917808222,8.519180369242317,-5.955262561023139
1989-08-04,0.6564657534246576,7.949296983221945,-0.4357627366466028
1989-08-05,0.6520000000000001,8.453571658318538,-0.40557165831853936
1989-08-06,0.6555342465753426,9.16424113496062,-1.8197753815359619
1989-08-07,0.6720821917808222,8.66974657928798,1.108171228931198
1989-08-08,0.6828493150684933,8.564114686067047,-1.4969640011355398
1989-08-09,0.6844657534246577,8.37739533236139,-3.2818610857860477
1989-08-10,0.6849589041095892,8.975322975494512,-1.2702818796041004
1989-08-11,0.6706027397260276,8.932508785118678,-1.8531115248447056
1989-08-12,0.6579178082191783,8.89066614374179,-0.2685839519609683
1989-08-13,0.6383013698630139,8.38539743984295,1.3663011902940365
1989-08-14,0.6236712328767122,8.317084127584431,2.269244639538858
1989-08-15,0.6225479452054794,8.196149810759705,3.3813022440348153
1989-08-16,0.6442465753424658,8.677133302154154,2.86862012250338
1989-08-17,0.6536986301369865,7.893801373808529,0.9124999960544855
1989-08-18,0.65213698630137,7.751190906650114,-0.2133278929514848
1989-08-19,0.6628219178082191,7.766952761233887,2.560225320957893
1989-08-20,0.6727397260273973,7.973079912621312,3.4441803613512896
1989-08-21,0.6744657534246576,8.140393576126758,1.445140670448584
1989-08-22,0.6749589041095891,7.9143275417045595,1.9107135541858513
1989-08-23,0.6803013698630138,8.228461718030514,0.3812369121064716
1989-08-24,0.6897260273972604,7.889133302154154,0.9311406704485856
1989-08-25,0.7024657534246576,7.4533911173982705,0.7841431291770711
1989-08-26,0.7165479452054795,7.278654903840141,-0.5352028490456204
1989-08-27,0.7352602739726029,7.753854060847515,-2.279114334820118
1989-08-28,0.756164383561644,7.775518971279549,-10.191683354841192
1989-08-29,0.7744931506849315,7.320444155684187,-9.124937306369118
1989-08-30,0.7859452054794521,6.861314545568274,-4.857259751047726
1989-08-31,0.7884383561643835,6.879403762287627,-0.8078421184520099
1989-09-01,0.7737534246575343,6.47600298954439,-1.6297564142019239
1989-09-02,0.756027397260274,6.201467689228267,-4.477495086488542
1989-09-03,0.7555068493150685,6.061980509741088,-6.547487359056156
1989-09-04,0.7532328767123287,6.24275887293041,-7.795991749642739
1989-09-05,0.7447397260273974,5.6700816688559454,-4.704821394883343
1989-09-06,0.7444931506849315,5.8623928736329045,-1.986886024317836
1989-09-07,0.762931506849315,5.695381282484327,-1.2783127893336417
1989-09-08,0.7739726027397259,5.494617671665921,-0.778590274405647
1989-09-09,0.7632602739726027,5.281013878199114,-1.4242741521717166
1989-09-10,0.766931506849315,5.586893049256367,-0.6838245561056819
1989-09-11,0.763890410958904,6.073948195023842,-2.1578386059827466
1989-09-12,0.7664657534246575,6.217741661831007,-2.554207415255665
1989-09-13,0.7814794520547944,5.98430997935823,-2.4557894314130246
1989-09-14,0.789917808219178,5.390670358704909,-3.440588166924087
1989-09-15,0.7969589041095889,4.631134004648008,-2.3180929087575968
1989-09-16,0.8011506849315067,4.917950302505401,2.3308990125630924
1989-09-17,0.8122739726027396,5.093451531869645,3.0242744955276155
1989-09-18,0.8274520547945206,5.059232353787453,4.503315591418027
1989-09-19,0.8344109589041095,5.30114735203122,2.7744416890646706
1989-09-20,0.8580821917808219,5.471748686769539,2.9501691214496386
1989-09-21,0.8751232876712328,5.39086494950224,2.894011762826527
1989-09-22,0.8893150684931507,5.345998072087418,1.844686859419432
1989-09-23,0.9056164383561642,4.331037762990123,-0.20665420134628665
1989-09-24,0.8895068493150683,4.213026523088471,0.8674666275964604
1989-09-25,0.8555342465753423,4.014211630218784,-0.9797458767941265
1989-09-26,0.8226575342465752,3.938477172895285,-2.4911347071418604
1989-09-27,0.7926849315068492,3.9207848652029775,-3.2234697967098267
1989-09-28,0.7651780821917807,3.8721484057719975,-7.207326487963778
1989-09-29,0.7480821917808218,3.723670007457983,-5.571752199238805
1989-09-30,0.7443013698630135,3.1143795262496936,-3.7286808961127074
1989-10-01,0.7492328767123286,3.4609703235802174,0.35979679970745426
1989-10-02,0.7492602739726026,3.9452815283571745,-0.054541802329777234
1989-10-03,0.7467397260273971,3.9082692347147447,-4.465008960742142
1989-10-04,0.7320547945205478,3.8416201303944075,-0.8336749249149551
1989-10-05,0.7293150684931505,3.7382074152556646,0.3624775162511851
1989-10-06,0.7405205479452054,3.4934508293757913,-0.9739713773209968
1989-10-07,0.7482191780821916,2.7181947703663076,-5.106413948448499
1989-10-08,0.7460821917808218,1.961820341142563,-7.287902532923384
1989-10-09,0.7421917808219176,2.31159203064028,-8.163783811462197
1989-10-10,0.7252602739726026,2.551293470752679,-7.786553744725281
1989-10-11,0.7052876712328766,3.110797510092335,-6.926085181325211
1989-10-12,0.688821917808219,3.1437395543494477,-4.342561472157667
1989-10-13,0.6943287671232876,2.9772091714902973,-2.231537938613585
1989-10-14,0.6987397260273971,2.783380579990473,-3.4621203060178702
1989-10-15,0.6956986301369862,2.857145947043512,-7.022844577180498
1989-10-16,0.6813698630136984,2.7451340046480075,-0.5165038676617058
1989-10-17,0.6795068493150683,2.5351747492914916,2.765318401393441
1989-10-18,0.6697534246575341,2.297583600714042,2.5126629746284244
1989-10-19,0.658904109589041,1.5673257854699252,1.4537701049410339
1989-10-20,0.6502739726027396,0.6918990204541192,1.2278270069431412
1989-10-21,0.6510684931506848,0.5998140186978846,5.05911748815143
1989-10-22,0.6633150684931506,0.07143748199258068,7.2852474495142685
1989-10-23,0.6661643835616436,0.434118198536311,6.839717417902046
1989-10-24,0.663835616438356,0.9325242399834485,5.633640143578196
1989-10-25,0.6639452054794519,0.9541547282166764,6.251900066303872
1989-10-26,0.6630410958904108,1.0387174257930725,5.728241478316516
1989-10-27,0.6796438356164383,1.0161645631306206,4.954191601252941
1989-10-28,0.7012876712328765,0.7095365336258791,1.9791757951412445
1989-10-29,0.727753424657534,0.8556067830111969,-0.08336020766873087
1989-10-30,0.7540273972602737,1.5459798072472348,1.7099927954924912
1989-10-31,0.7763835616438354,1.6977065371383482,1.6459099012178164
1989-11-01,0.7929863013698628,1.6723781212619873,2.67463557736815
1989-11-02,0.8021643835616434,1.2832211138858016,0.6046145025525549
1989-11-03,0.8062739726027395,0.10286705698379968,0.20085897041346096
1989-11-04,0.8059999999999996,-0.5999956054679039,-4.386004394532095
1989-11-05,0.8063835616438353,-0.9022604456505525,-4.474123115993283
1989-11-06,0.8195616438356161,-0.5789769893807946,-8.390584654454821
1989-11-07,0.8235068493150681,-0.33294748463896096,-8.550559364676108
1989-11-08,0.8253424657534244,-0.3139752331461618,-2.0713672326072627
1989-11-09,0.8306301369863012,-0.6598066346213988,-5.080823502364902
1989-11-10,0.8289041095890409,-1.6624030519027482,-2.7365010576862927
1989-11-11,0.829780821917808,-1.9510739335325336,2.1912931116147254
1989-11-12,0.8402465753424655,-2.8881269718184486,3.187880396475983
1989-11-13,0.8604657534246573,-4.0193633610000425,2.9188976075753854
1989-11-14,0.877671232876712,-3.271392163248023,4.103720930371312
1989-11-15,0.8913972602739723,-2.9015333645125123,2.57013610423854
1989-11-16,0.9018356164383559,-3.2643222651096324,1.6724866486712766
1989-11-17,0.9019999999999997,-3.2585365257348515,-1.8934634742651477
1989-11-18,0.9027123287671229,-2.783034593876755,-0.719677734890368
1989-11-19,0.9061917808219175,-3.6141571790541347,1.8479653982322173
1989-11-20,0.9018904109589039,-4.008117839398357,3.5462274284394537
1989-11-21,0.8987671232876709,-4.270810498337591,3.38204337504992
1989-11-22,0.8952054794520545,-3.8082077586115646,1.0230022791595101
1989-11-23,0.8929589041095888,-4.5146468172698,-5.548312086839789
1989-11-24,0.8838904109589039,-4.422303297775596,-2.821587113183309
1989-11-25,0.8739178082191779,-3.870726901569063,-5.703190906650114
1989-11-26,0.86386301369863,-4.790910252464743,-4.9829527612338875
1989-11-27,0.8509589041095889,-4.439180712598216,-0.24177819151137303
1989-11-28,0.8352876712328765,-4.460228833427158,1.054941162194282
1989-11-29,0.8278904109589038,-4.114927814811072,-1.3429625961478315
1989-11-30,0.8278356164383559,-4.292378464617886,-0.7654571518204705
1989-12-01,0.836794520547945,-4.150512640943843,0.6337181203958977
1989-12-02,0.8472602739726025,-3.947609233848656,2.5503489598760534
1989-12-03,0.856712328767123,-4.23279925843594,1.9660869296688173
1989-12-04,0.8723013698630134,-4.137071826050973,0.98477045618796
1989-12-05,0.892712328767123,-4.800926409823366,1.1682140810562425
1989-12-06,0.9026301369863012,-5.359052156223084,2.376422019236783
1989-12-07,0.9172602739726026,-5.913653490961405,1.7563932169888021
1989-12-08,0.9236438356164381,-5.665217242278582,2.1915734066621444
1989-12-09,0.9112328767123286,-5.219905686254697,-1.9813271904576313
1989-12-10,0.8914246575342464,-5.219241127069589,-1.2221835304646573
1989-12-11,0.8874520547945204,-5.187364765987748,-3.260087288806771
1989-12-12,0.8821095890410957,-5.240638387343562,-0.4914712016975331
1989-12-13,0.8701095890410958,-5.291845974277177,2.441736385236081
1989-12-14,0.8606575342465753,-5.151193357487574,3.2605358232409984
1989-12-15,0.850821917808219,-5.3989172774032745,3.9480953595950554
1989-12-16,0.8482191780821917,-5.646160691523401,5.77794151344121
1989-12-17,0.8543287671232876,-6.152559005538153,4.628230238414865
1989-12-18,0.8530684931506848,-6.533144885411704,4.900076392261019
1989-12-19,0.8532876712328766,-6.692673512036221,2.4093858408033437
1989-12-20,0.8518356164383561,-6.35418246883285,3.6223468523944935
1989-12-21,0.843041095890411,-5.93785791667268,5.224816820782269
1989-12-22,0.8382465753424658,-6.405264309366745,4.18701773402428
1989-12-23,0.8447945205479452,-6.692153666584869,-1.1726408539630757
1989-12-24,0.8484931506849316,-6.653272739292981,2.23477958860805
1989-12-25,0.8516712328767124,-5.980386192050272,4.48871495917356
1989-12-26,0.8594520547945206,-5.777692830617183,4.598240775822663
1989-12-27,0.8627671232876712,-5.485762377508649,-0.1070047457790233
1989-12-28,0.878821917808219,-4.766436771607699,-2.7023851462005197
1989-12-29,0.8907671232876713,-4.468885665179881,-1.71188145810779
1989-12-30,0.9044383561643836,-5.35002370522203,-1.2744146509423526
1989-12-31,0.8989863013698631,-5.8695937789838855,-1.5493925223859772
1990-01-01,0.8974794520547945,-6.218338422468254,-1.0391410295865402
1990-01-02,0.8997260273972603,-6.886126269324594,-0.8535997580726669
1990-01-03,0.8881643835616438,-7.221306458997936,0.5831420754362924
1990-01-04,0.8793972602739726,-6.639114678176017,-0.7402825820979553
1990-01-05,0.8496986301369863,-7.187616961281041,-1.4220816688559452
1990-01-06,0.8278082191780822,-7.054204246142298,-3.343603973035785
1990-01-07,0.8230684931506849,-6.874877937747495,-1.5481905554031883
1990-01-08,0.8284931506849315,-6.34970969046966,-2.358783460215272
1990-01-09,0.8167671232876712,-5.796353877333025,-1.1404132459546465
1990-01-10,0.8088767123287671,-6.567875479019009,0.968998766690242
1990-01-11,0.8181095890410959,-6.952945377157402,2.3848357881163063
1990-01-12,0.8297260273972603,-6.344883557698322,0.8051575303010612
1990-01-13,0.8446301369863016,-5.8177110954573665,0.19308095847106443
1990-01-14,0.8613150684931509,-5.446057424926983,-1.785257643566168
1990-01-15,0.8720821917808221,-4.891534067006366,-1.700548124774456
1990-01-16,0.8821369863013702,-4.98428643792312,4.10214945162175
1990-01-17,0.8854794520547948,-5.72706199113703,3.2315825390822353
1990-01-18,0.8894794520547948,-5.9490205439996915,-2.8504589080551037
1990-01-19,0.8925479452054796,-6.536574460402923,0.6440265151974431
1990-01-20,0.8953424657534249,-6.733023353975104,1.507680888221679
1990-01-21,0.8979178082191783,-7.031281169219221,3.1533633610000424
1990-01-22,0.8939178082191783,-6.974241478316517,5.010323670097339
1990-01-23,0.887232876712329,-6.85518563005519,4.727952753342861
1990-01-24,0.8830410958904111,-6.246212676068536,1.713171580178125
1990-01-25,0.8846301369863014,-6.688383382074859,2.043753245088558
1990-01-26,0.8919452054794521,-7.324531608277878,0.03258640279842595
1990-01-27,0.9087671232876713,-7.4403398274559605,-1.108427295831711
1990-01-28,0.9147945205479453,-7.088863887870433,1.1940693673224878
1990-01-29,0.9125479452054794,-7.545687913160211,2.5831399679547316
1990-01-30,0.923068493150685,-7.297627498688838,2.3845590055381525
1990-01-31,0.9520000000000001,-7.335795394719748,2.583795394719748
1990-02-01,0.9852328767123288,-7.293775724891859,2.53854284817953
1990-02-02,1.0113424657534247,-6.831487702412056,1.3301452366586313
1990-02-03,1.0238904109589042,-6.521976638133868,0.9880862271749642
1990-02-04,1.0356712328767124,-6.593745517656172,2.3180742847794598
1990-02-05,1.036027397260274,-6.734910954958596,6.378883557698322
1990-02-06,1.0163561643835617,-6.943091495878863,6.736735331495302
1990-02-07,1.0053424657534245,-6.357349311122979,5.272006845369555
1990-02-08,1.006027397260274,-6.145156827807209,5.169129430546935
1990-02-09,1.005013698630137,-7.438229535921012,-0.7367841627091245
1990-02-10,1.0124383561643837,-7.513642251059754,-0.8187961051046306
1990-02-11,1.0152054794520549,-7.509302244034816,-2.525903235417238
1990-02-12,1.0136438356164383,-7.6464121843228385,-3.7572316512936004
1990-02-13,1.0067123287671234,-7.4344395815831135,-1.5922727471840101
1990-02-14,0.9927671232876712,-7.514391109507243,4.521623986219572
1990-02-15,0.9841917808219178,-7.884687561913284,3.0804957810913667
1990-02-16,0.9666027397260274,-7.442676322011634,0.176073582285607
1990-02-17,0.9566027397260275,-7.944499293560633,4.657896553834606
1990-02-18,0.9491232876712329,-7.9744669788433855,7.525343691172153
1990-02-19,0.944876712328767,-8.227892338871486,8.23301562654272
1990-02-20,0.9313698630136986,-7.812736033989153,7.721366170975454
1990-02-21,0.9134520547945206,-7.438166311474226,7.414714256679705
1990-02-22,0.9192328767123288,-6.508159989029547,6.918927112317219
1990-02-23,0.929068493150685,-6.458881450216762,7.059812957066077
1990-02-24,0.9271232876712328,-6.808605370132464,6.821482082461231
1990-02-25,0.9263561643835616,-7.457442040311599,7.061085875928037
1990-02-26,0.9343835616438356,-7.011469437571872,4.217085875928037
1990-02-27,0.9656438356164383,-6.687996307961758,2.0423524723453204
1990-02-28,0.9966301369863013,-6.739202489907665,0.16257235292136407
1990-03-01,1.01586301369863,-6.268228833427159,-2.807634180271471
1990-03-02,1.0110958904109588,-6.656306810244861,-6.4647890801660965
1990-03-03,1.005945205479452,-7.091073933532533,-5.794871271946921
1990-03-04,1.0092328767123286,-7.197087280915743,0.12785440420341487
1990-03-05,1.0211232876712328,-6.783026866444371,3.6919035787731382
1990-03-06,1.0384383561643835,-6.371295921590138,2.4828575654257548
1990-03-07,1.0406849315068494,-5.973124513089962,4.142439581583113
1990-03-08,1.0394794520547945,-6.301552331846548,5.422072879791753
1990-03-09,1.028904109589041,-6.100935542243457,2.8920314326544156
1990-03-10,1.0151506849315068,-6.587050048741524,2.9318993638100173
1990-03-11,1.0135616438356165,-6.549626796194984,9.076065152359368
1990-03-12,1.0074246575342465,-5.825435015373067,6.0480103578388205
1990-03-13,0.9951780821917808,-5.2572614993913325,4.592083417199552
1990-03-14,0.988986301369863,-5.983395675717289,3.164409374347426
1990-03-15,0.990986301369863,-5.6011146781760175,4.720128376806154
1990-03-16,1.0007397260273971,-5.379382328334079,5.078642602306681
1990-03-17,1.0056712328767123,-5.48494045970043,2.999269226823717
1990-03-18,0.9973698630136987,-5.247581134094529,1.5102112710808298
1990-03-19,0.9872602739726029,-4.2096563009368175,1.7823960269642147
1990-03-20,0.9639452054794521,-4.157675268270854,2.5137300627914017
1990-03-21,0.9586027397260274,-4.757220052253995,6.6186173125279675
1990-03-22,0.9446575342465754,-4.175884611439101,6.351227077192526
1990-03-23,0.9296986301369862,-4.427621176244159,1.5979225461071729
1990-03-24,0.9232876712328767,-4.121782749830391,3.4684950785975146
1990-03-25,0.9247123287671232,-4.871725847828283,-3.66298648093884
1990-03-26,0.9105205479452054,-4.816027217691297,-6.904493330253909
1990-03-27,0.9015890410958903,-5.09124323455115,-5.990345806544741
1990-03-28,0.9021369863013697,-5.183326128825824,-4.3288108574755455
1990-03-29,0.9012328767123288,-5.528761323767869,-2.67247155294446
1990-03-30,0.9221369863013698,-4.983116785657577,0.9909797993562073
1990-03-31,0.9514520547945204,-4.696721281618237,4.505269226823717
1990-04-01,0.972849315068493,-4.554541443191823,4.59169212812333
1990-04-02,0.976958904109589,-4.402521773363936,1.7455628692543468
1990-04-03,0.9811780821917808,-4.0947479763846575,0.8435698941928766
1990-04-04,0.9970410958904108,-3.26172514533443,-4.36531595055598
1990-04-05,0.9938356164383562,-3.033782749830391,-2.000052866607965
1990-04-06,0.9843013698630136,-3.121732872766815,-0.0625684970961986
1990-04-07,0.9945479452054793,-3.5048828552044693,0.32033490999898984
1990-04-08,1.0091780821917808,-3.3825512781057685,-1.346626804086013
1990-04-09,1.0183287671232875,-3.7824444990400856,-0.6158842680832013
1990-04-10,1.0488493150684932,-4.325312781442614,-3.8435365336258798
1990-04-11,1.0835342465753426,-4.430534418253292,-3.8229998283220494
1990-04-12,1.1146849315068494,-4.3496829957032395,-3.5150019358036095
1990-04-13,1.1322739726027398,-3.8241065994967074,-0.22816737310603186
1990-04-14,1.1429863013698631,-3.699958373293686,-1.7130279280761767
1990-04-15,1.1636438356164382,-3.529810849584518,-3.6338329860319205
1990-04-16,1.193123287671233,-3.295453982707103,-5.317669304964129
1990-04-17,1.1978356164383563,-3.9501670139680796,-3.427668602470276
1990-04-18,1.1927945205479453,-3.63545749517637,-5.737337025371575
1990-04-19,1.1849041095890411,-3.0300827147056983,-5.904821394883343
1990-04-20,1.1816438356164385,-2.676071474804047,-3.6655723608123916
1990-04-21,1.1796986301369863,-2.658051804976158,-1.9716468251608283
1990-04-22,1.1734794520547944,-2.376564625488979,-2.2369148265658154
1990-04-23,1.1602191780821918,-2.1774286929283893,-3.062790485153803
1990-04-24,1.142109589041096,-1.7045006985483397,-2.677608890492757
1990-04-25,1.1246575342465754,-1.60474165393998,-2.179915880306596
1990-04-26,1.1032602739726027,-1.3483911095072436,-2.574869164465359
1990-04-27,1.0821917808219177,-0.970426936693756,-2.0117648441281615
1990-04-28,1.0546575342465752,-0.5687809935957578,-1.1258765406508173
1990-04-29,1.0380547945205478,-0.44575535257011695,1.1977005580495692
1990-04-30,1.029835616438356,-0.36008903715037677,1.7302534207120206
1990-05-01,1.0152876712328767,-0.10397944810928078,2.878691776876404
1990-05-02,1.0022739726027396,-0.08841780427366439,3.946143831670925
1990-05-03,0.978876712328767,-0.2501269718184484,4.071250259489681
1990-05-04,0.9586027397260273,-0.2514750575226986,3.902872317796672
1990-05-05,0.9373972602739725,0.11849895020473389,3.2141037895212934
1990-05-06,0.9257260273972603,-0.08670371927190826,1.910977691874648
1990-05-07,0.9138904109589041,-0.2317651874840614,2.097874776525157
1990-05-08,0.9069315068493151,0.1394501268819379,1.573618366268747
1990-05-09,0.915013698630137,-0.018806985868325486,2.9437932872381882
1990-05-10,0.9206027397260272,0.16499912582819712,3.0143981344457753
1990-05-11,0.9332054794520548,0.8065144050695039,-0.06971988452155875
1990-05-12,0.9407945205479451,0.8789808609880143,0.4502246184640406
1990-05-13,0.9338904109589041,1.1716327752837643,1.7744768137573315
1990-05-14,0.9238082191780821,1.6106717636926158,1.635520017129302
1990-05-15,0.9225205479452054,1.9133068181358892,1.8341726339189055
1990-05-16,0.9153424657534246,2.3271382196111263,2.357519314635449
1990-05-17,0.9018904109589041,2.3469380088629705,3.1911715801781257
1990-05-18,0.9013150684931507,2.079670709951836,1.659014221555013
1990-05-19,0.9198082191780821,1.521290660777266,2.1989011200446518
1990-05-20,0.9256438356164384,0.8342860945672206,4.250070069816341
1990-05-21,0.9195068493150684,0.4417557117080709,2.668737438976861
1990-05-22,0.914958904109589,0.5229106116026966,3.7621304842877143
1990-05-23,0.9056438356164382,1.26421303520649,2.8101431291770727
1990-05-24,0.9020821917808218,2.199844225933571,0.7880735822856071
1990-05-25,0.9047945205479451,2.769824556105682,-2.484619076653627
1990-05-26,0.8997534246575342,2.902159645673648,-3.0019130703311823
1990-05-27,0.9099178082191779,2.3225720095654645,-2.262489817784642
1990-05-28,0.9150136986301369,2.6180395192247548,-3.873053217854892
1990-05-29,0.9040547945205479,3.3267370956209614,-5.480791890141509
1990-05-30,0.8887123287671232,3.5091782617607574,-3.3178905905278806
1990-05-31,0.8763561643835616,3.7641561332043825,-1.4805122975879437
1990-06-01,0.855808219178082,3.4835597159230334,1.540632064898884
1990-06-02,0.8224657534246574,4.096879701873156,-0.5993454552978137
1990-06-03,0.7921917808219178,3.719338430359282,-2.9015302111812
1990-06-04,0.7796164383561642,3.140810154981692,-0.19042659333785616
1990-06-05,0.7654520547945204,2.753534426144319,0.6010135190611607
1990-06-06,0.7376712328767122,2.720678086137294,-1.6983493190140062
1990-06-07,0.7123835616438354,3.404964001135538,-0.5073475627793735
1990-06-08,0.7012602739726026,4.208854412094443,-3.6301146860670452
1990-06-09,0.6874520547945204,4.4431073098815865,-6.400559364676107
1990-06-10,0.6883013698630136,4.101932037665219,-7.220233407528233
1990-06-11,0.6795068493150683,4.352151918241264,-2.171658767556332
1990-06-12,0.6720547945205477,4.515270990949378,-3.0373257854699256
1990-06-13,0.6566849315068493,4.64739533236139,-4.384080263868239
1990-06-14,0.6289589041095889,4.398231300046674,-2.9171902041562627
1990-06-15,0.5972054794520546,4.771327892951485,-3.228533372403539
1990-06-16,0.5576986301369862,4.822098528708422,-1.9897971588454082
1990-06-17,0.5255616438356163,5.01027696214713,1.0041613940172534
1990-06-18,0.49813698630136966,5.386000179568977,-0.6141371658703472
1990-06-19,0.4630136986301368,5.604099231202276,0.7628870701675874
1990-06-20,0.44153424657534235,5.769240783713691,0.03922496971096656
1990-06-21,0.4133424657534245,6.115490871525423,-1.3888333372788475
1990-06-22,0.3919452054794519,6.618806642512426,-2.1307518479918777
1990-06-23,0.38523287671232864,6.442742013077933,-3.4879748897902623
1990-06-24,0.4000821917808218,6.005523186242669,-0.35560537802349046
1990-06-25,0.4022465753424656,6.105474011672947,3.072279412984588
1990-06-26,0.38969863013698613,6.463422027127811,4.896879342735204
1990-06-27,0.3697808219178081,6.6153679351011165,2.7648512429810745
1990-06-28,0.3642191780821916,6.7376236428636735,1.588157179054135
1990-06-29,0.35463013698630125,6.846494735241616,2.238875127772082
1990-06-30,0.36775342465753413,7.677430615115167,2.344815960227299
1990-07-01,0.38424657534246565,7.638049793197358,-3.5622963685398235
1990-07-02,0.39545205479452034,7.216994998676809,-4.12244705347133
1990-07-03,0.39380821917808195,7.726461437032974,-5.050269656211055
1990-07-04,0.4020547945205477,7.816629930183659,-5.848684724704206
1990-07-05,0.4195342465753422,7.758190889087769,-2.167725135663111
1990-07-06,0.4269589041095888,7.849064176759002,-7.146023080868591
1990-07-07,0.42419178082191755,7.624521711005577,-5.518713491827494
1990-07-08,0.43531506849315044,7.535721711005578,-1.1810367794987284
1990-07-09,0.4449315068493148,7.660425820594618,2.384642672556067
1990-07-10,0.45060273972602716,7.659828560320647,-4.550431300046673
1990-07-11,0.45484931506849285,7.68018212547695,-4.5450314405454435
1990-07-12,0.463808219178082,7.488536884872805,1.7176548959491127
1990-07-13,0.47301369863013676,7.555372852558088,2.5316134488117754
1990-07-14,0.4693972602739723,7.205849143390544,2.6047535963354838
1990-07-15,0.45887671232876687,7.305116442301679,2.7460068453695543
1990-07-16,0.4609041095890408,7.330495437735468,2.90860045267549
1990-07-17,0.46452054794520525,7.646339484100062,1.3091399679547324
1990-07-18,0.4466301369863011,7.703801373808528,-1.6304315107948293
1990-07-19,0.4310136986301367,8.03939533236139,-0.7604090309915277
1990-07-20,0.4344383561643833,8.195239378725985,1.5903222651096325
1990-07-21,0.4324931506849312,8.524629614061425,4.562877235253644
1990-07-22,0.4253698630136984,8.249456449326617,4.535173687659686
1990-07-23,0.4138904109589039,8.07071672329922,2.385392865741874
1990-07-24,0.3955890410958901,8.549601865554225,0.28480909334988525
1990-07-25,0.3785205479452052,8.76107921012746,-1.4195997580726658
1990-07-26,0.3732876712328765,8.624287499554926,-0.08757517078780275
1990-07-27,0.37378082191780804,8.375106607387734,1.4411125706944574
1990-07-28,0.381917808219178,8.768581141985555,3.8595010497952664
1990-07-29,0.38972602739726014,8.909926417714393,2.2003475548883458
1990-07-30,0.39219178082191775,8.911056027830305,0.5167521913477771
1990-07-31,0.3910684931506848,8.542165265624476,0.2767662412248395
1990-08-01,0.39232876712328757,8.147170534328373,1.3505006985483394
1990-08-02,0.37986301369862996,8.681203551539472,3.598933434761898
1990-08-03,0.3627123287671232,8.519180369242317,3.8781073019905588
1990-08-04,0.3456712328767122,7.949296983221945,4.455031783901342
1990-08-05,0.3271232876712328,8.453571658318538,4.2193050540102295
1990-08-06,0.3032876712328766,9.16424113496062,-1.337528806193495
1990-08-07,0.2571506849315067,8.66974657928798,-5.656897264219486
1990-08-08,0.1992054794520547,8.564114686067047,-5.033320165519101
1990-08-09,0.1516986301369862,8.37739533236139,-2.4990939624983755
1990-08-10,0.11649315068493142,8.975322975494512,-1.0718161261794439
1990-08-11,0.1039726027397259,8.932508785118678,1.4235186121415975
1990-08-12,0.09594520547945193,8.89066614374179,1.303388650778757
1990-08-13,0.07339726027397242,8.38539743984295,1.3612052998830766
1990-08-14,0.05326027397260252,8.317084127584431,0.30965559844296564
1990-08-15,0.02695890410958883,8.196149810759705,-1.113108714869293
1990-08-16,-0.014465753424657755,8.677133302154154,0.3973324512705041
1990-08-17,-0.04254794520547966,7.893801373808529,-4.811253428603049
1990-08-18,-0.045835616438356354,7.751190906650114,-3.1653552902117577
1990-08-19,-0.061945205479452224,7.766952761233887,0.5549924442455643
1990-08-20,-0.07638356164383585,7.973079912621312,2.6433036490225224
1990-08-21,-0.09052054794520567,8.140393576126758,-2.719873028181553
1990-08-22,-0.104191780821918,7.9143275417045595,-3.850135760882641
1990-08-23,-0.11852054794520571,8.228461718030514,3.290058829914692
1990-08-24,-0.13906849315068517,7.889133302154154,5.34993519099653
1990-08-25,-0.14887671232876742,7.4533911173982705,0.9254855949304979
1990-08-26,-0.1433424657534249,7.278654903840141,0.0446875619132836
1990-08-27,-0.14049315068493176,7.753854060847515,1.5266390898374178
1990-08-28,-0.13320547945205505,7.775518971279549,2.107686508172506
1990-08-29,-0.12487671232876736,7.320444155684187,3.08443255664458
1990-08-30,-0.11835616438356189,6.861314545568274,3.0670416188152876
1990-08-31,-0.10652054794520571,6.879403762287627,-1.6528832143424212
1990-09-01,-0.08183561643835635,6.47600298954439,-2.6541673731060333
1990-09-02,-0.05621917808219186,6.201467689228267,-2.4652485111460756
1990-09-03,-0.04353424657534251,6.061980509741088,-1.4084462631657448
1990-09-04,-0.04172602739726039,6.24275887293041,-0.6810328455331502
1990-09-05,-0.038931506849315095,5.6700816688559454,-3.1011501620066304
1990-09-06,-0.041232876712328795,5.8623928736329045,-1.6411599969205763
1990-09-07,-0.04194520547945206,5.695381282484327,-4.333436077004874
1990-09-08,-0.041232876712328774,5.494617671665921,-4.983384794953592
1990-09-09,-0.042849315068493175,5.281013878199114,-1.1981645631306206
1990-09-10,-0.0625753424657535,5.586893049256367,-2.0943177067906134
1990-09-11,-0.07312328767123295,6.073948195023842,-5.790824907352609
1990-09-12,-0.08027397260273979,6.217741661831007,-3.9674676892282674
1990-09-13,-0.0815342465753425,5.98430997935823,-0.8627757327828869
1990-09-14,-0.0892876712328767,5.390670358704909,0.9986173125279674
1990-09-15,-0.09569863013698629,4.631134004648008,0.3745646254889792
1990-09-16,-0.09835616438356166,4.917950302505401,0.2004058618781599
1990-09-17,-0.09969863013698635,5.093451531869645,0.24624709826734126
1990-09-18,-0.09989041095890411,5.059232353787453,-3.0793419428285493
1990-09-19,-0.0953972602739726,5.30114735203122,1.7542499082427527
1990-09-20,-0.10263013698630133,5.471748686769539,-1.1791185497832375
1990-09-21,-0.1185205479452055,5.39086494950224,-1.5723444015570345
1990-09-22,-0.12112328767123291,5.345998072087418,0.5151252155838151
1990-09-23,-0.11917808219178085,4.331037762990123,1.338140319201658
1990-09-24,-0.09509589041095887,4.213026523088471,-3.3279306326775124
1990-09-25,-0.07038356164383554,4.014211630218784,-3.313828068574949
1990-09-26,-0.05334246575342454,3.938477172895285,-1.4151347071418603
1990-09-27,-0.05260273972602731,3.9207848652029775,-2.7081821254769505
1990-09-28,-0.06312328767123286,3.8721484057719975,1.2509748818992348
1990-09-29,-0.07090410958904106,3.723670007457983,5.947234102131057
1990-09-30,-0.08216438356164381,3.1143795262496936,4.907784857311951
1990-10-01,-0.08923287671232877,3.4609703235802174,2.6982625531321114
1990-10-02,-0.08101369863013698,3.9452815283571745,2.3157321702729625
1990-10-03,-0.07654794520547943,3.9082692347147447,2.1482787104907355
1990-10-04,-0.0658082191780822,3.8416201303944075,-1.2058119112163257
1990-10-05,-0.06887671232876716,3.7382074152556646,-2.319330702926897
1990-10-06,-0.0767945205479452,3.4934508293757913,3.5833436911721535
1990-10-07,-0.0815890410958904,2.7181947703663076,1.063394270729583
1990-10-08,-0.08158904109589041,1.961820341142563,-3.1202313000466724
1990-10-09,-0.07827397260273969,2.31159203064028,3.79668194196246
1990-10-10,-0.05731506849315064,2.551293470752679,5.656021597740471
1990-10-11,-0.03635616438356154,3.110797510092335,5.185558654291228
1990-10-12,-0.018328767123287508,3.1437395543494477,2.7845892127738403
1990-10-13,-0.016109589041095787,2.9772091714902973,2.3889004175507984
1990-10-14,-0.008383561643835566,2.783380579990473,4.785002981653362
1990-10-15,0.006219178082191891,2.857145947043512,4.426634874874296
1990-10-16,0.026821917808219242,2.7451340046480075,1.8580440775437728
1990-10-17,0.015589041095890523,2.5351747492914916,1.5892362096126176
1990-10-18,0.0057808219178083695,2.297583600714042,0.29663557736814994
1990-10-19,-0.0030136986301368494,1.5673257854699252,0.925687913160212
1990-10-20,-0.01545205479452045,0.6918990204541192,1.1835530343404015
1990-10-21,-0.03493150684931497,0.5998140186978846,3.4751174881514304
1990-10-22,-0.05041095890410947,0.07143748199258068,3.158973476911529
1990-10-23,-0.0652602739726027,0.434118198536311,0.9611420754362918
1990-10-24,-0.08098630136986296,0.9325242399834485,0.008462061386414477
1990-10-25,-0.09169863013698626,0.9541547282166764,-0.8024560980796901
1990-10-26,-0.09794520547945204,1.0387174257930725,-1.2007722203136204
1990-10-27,-0.10145205479452057,1.0161645631306206,-4.3147125083361
1990-10-28,-0.10660273972602743,0.7095365336258791,-3.2729337938998513
1990-10-29,-0.12098630136986305,0.8556067830111969,-2.2346204816413335
1990-10-30,-0.13268493150684935,1.5459798072472348,-2.7132948757403854
1990-10-31,-0.14605479452054793,1.6977065371383482,-2.1816517426178
1990-11-01,-0.17021917808219172,1.6723781212619873,-4.902158943179796
1990-11-02,-0.19898630136986306,1.2832211138858016,-5.794234812515938
1990-11-03,-0.23550684931506846,0.10286705698379968,-6.497360207668732
1990-11-04,-0.2679999999999999,-0.5999956054679039,-7.572004394532095
1990-11-05,-0.292876712328767,-0.9022604456505525,-7.694862842020681
1990-11-06,-0.3145205479452054,-0.5789769893807946,-9.796502462673999
1990-11-07,-0.32830136986301356,-0.33294748463896096,-4.448751145498026
1990-11-08,-0.34224657534246555,-0.3139752331461618,1.1362218084886273
1990-11-09,-0.355808219178082,-0.6598066346213988,0.7056148537994807
1990-11-10,-0.3668767123287669,-1.6624030519027482,1.229279764231515
1990-11-11,-0.3816164383561642,-1.9510739335325336,0.8826903718886978
1990-11-12,-0.3981369863013696,-2.8881269718184486,0.746263958119818
1990-11-13,-0.4121369863013696,-4.0193633610000425,3.7215003473014123
1990-11-14,-0.43424657534246547,-3.271392163248023,2.7956387385904886
1990-11-15,-0.46898630136986275,-2.9015333645125123,-0.9794803341176248
1990-11-16,-0.5066301369863011,-3.2643222651096324,2.8709524020959334
1990-11-17,-0.5345753424657532,-3.2585365257348515,6.293111868200604
1990-11-18,-0.5600547945205477,-2.783034593876755,2.873089388397303
1990-11-19,-0.5819999999999999,-3.6141571790541347,1.0961571790541345
1990-11-20,-0.5822739726027397,-4.008117839398357,3.370391812001097
1990-11-21,-0.5829589041095891,-4.270810498337591,1.4637694024471797
1990-11-22,-0.5915342465753425,-3.8082077586115646,1.2097420051869072
1990-11-23,-0.6100547945205479,-4.5146468172698,-3.0552983882096516
1990-11-24,-0.6198630136986302,-4.422303297775596,-3.1578336885257734
1990-11-25,-0.6245205479452054,-3.870726901569063,-0.4947525504857322
1990-11-26,-0.6267123287671232,-4.790910252464743,-1.632377418768134
1990-11-27,-0.6183013698630137,-4.439180712598216,-2.77251791753877
1990-11-28,-0.606904109589041,-4.460228833427158,-3.1028670569838006
1990-11-29,-0.6016438356164382,-4.114927814811072,-4.423428349572491
1990-11-30,-0.5990136986301369,-4.292378464617886,-6.8386078367519785
1990-12-01,-0.6017534246575341,-4.150512640943843,-10.097733934398622
1990-12-02,-0.600958904109589,-3.947609233848656,-7.051431862041754
1990-12-03,-0.599808219178082,-4.23279925843594,-1.1673925223859776
1990-12-04,-0.6124931506849314,-4.137071826050973,-2.700435023264096
1990-12-05,-0.6227671232876713,-4.800926409823366,-7.456306466888964
1990-12-06,-0.6243561643835617,-5.359052156223084,-5.3265916793933545
1990-12-07,-0.6309041095890411,-5.913653490961405,-0.7554423994495538
1990-12-08,-0.6319452054794521,-5.665217242278582,-1.2928375522419655
1990-12-09,-0.6164109589041096,-5.219905686254697,-0.1436833548411931
1990-12-10,-0.5986849315068492,-5.219241127069589,-2.942073941423562
1990-12-11,-0.5978082191780821,-5.187364765987748,-4.4948270148341685
1990-12-12,-0.5833698630136985,-5.240638387343562,-4.63599174964274
1990-12-13,-0.5660821917808219,-5.291845974277177,-6.242071833942001
1990-12-14,-0.5578082191780821,-5.151193357487574,-6.910998423334344
1990-12-15,-0.5423835616438355,-5.3989172774032745,-9.07869916095289
1990-12-16,-0.5367397260273972,-5.646160691523401,-4.5670995824492016
1990-12-17,-0.5580273972602738,-6.152559005538153,-3.969413597201573
1990-12-18,-0.577972602739726,-6.533144885411704,-6.48888251184857
1990-12-19,-0.5984657534246575,-6.692673512036221,-3.978860734539122
1990-12-20,-0.6113972602739726,-6.35418246883285,-5.204420270893177
1990-12-21,-0.6092328767123287,-5.93785791667268,-1.1329092066149906
1990-12-22,-0.5985205479452055,-6.405264309366745,3.1737848573119507
1990-12-23,-0.5821369863013698,-6.692153666584869,5.6742906528862385
1990-12-24,-0.5737260273972602,-6.653272739292981,4.446998766690241
1990-12-25,-0.5713150684931507,-5.980386192050272,1.331701260543423
1990-12-26,-0.5747397260273972,-5.777692830617183,-1.2375674433554193
1990-12-27,-0.5892876712328766,-5.485762377508649,-0.6849499512584742
1990-12-28,-0.614904109589041,-4.766436771607699,-4.70865911880326
1990-12-29,-0.6447123287671233,-4.468885665179881,4.613597993947004
1990-12-30,-0.662904109589041,-5.35002370522203,6.312927814811071
1990-12-31,-0.6514246575342466,-5.8695937789838855,4.091018436518132
1991-01-01,-0.6314520547945206,-6.218338422468254,-0.11020952273722529
1991-01-02,-0.6117260273972603,-6.886126269324594,3.667852296721854
1991-01-03,-0.5868219178082192,-7.221306458997936,8.438128376806155
1991-01-04,-0.567972602739726,-6.639114678176017,3.4170872809157427
1991-01-05,-0.5328219178082192,-7.187616961281041,-1.0495611209107398
1991-01-06,-0.5042739726027398,-7.054204246142298,2.0484782187450383
1991-01-07,-0.4935616438356165,-6.874877937747495,3.278439581583112
1991-01-08,-0.49684931506849317,-6.34970969046966,1.0365590055381535
1991-01-09,-0.47600000000000003,-5.796353877333025,1.7023538773330245
1991-01-10,-0.44882191780821923,-6.567875479019009,5.496697396827228
1991-01-11,-0.43994520547945204,-6.952945377157402,7.002890582636854
1991-01-12,-0.43758904109589036,-6.344883557698322,0.7524725987942116
1991-01-13,-0.44846575342465755,-5.8177110954573665,-2.3538231511179744
1991-01-14,-0.4563287671232876,-5.446057424926983,0.2723861920502708
1991-01-15,-0.45630136986301373,-4.891534067006366,0.9478354368693793
1991-01-16,-0.4644931506849316,-4.98428643792312,-1.081220411391949
1991-01-17,-0.46120547945205476,-5.72706199113703,-1.1217325294109148
1991-01-18,-0.4522465753424657,-5.9490205439996915,-0.25873288065784283
1991-01-19,-0.4497260273972603,-6.536574460402923,1.2763004878001833
1991-01-20,-0.46060273972602744,-6.733023353975104,0.26362609370113166
1991-01-21,-0.4707671232876713,-7.031281169219221,0.33204829250689194
1991-01-22,-0.4682465753424657,-6.974241478316517,-0.307511946341017
1991-01-23,-0.4683835616438356,-6.85518563005519,-0.1464308083009742
1991-01-24,-0.47715068493150675,-6.246212676068536,1.1633633610000436
1991-01-25,-0.49704109589041084,-6.688383382074859,3.6054244779652698
1991-01-26,-0.5170684931506848,-7.324531608277878,4.411600101428563
1991-01-27,-0.5356164383561642,-7.4403398274559605,3.1859562658121243
1991-01-28,-0.538821917808219,-7.088863887870433,3.547685805678652
1991-01-29,-0.538904109589041,-7.545687913160211,3.6245920227492516
1991-01-30,-0.5496712328767124,-7.297627498688838,4.31729873156555
1991-01-31,-0.5650958904109589,-7.335795394719748,-0.4491087148692934
1991-02-01,-0.5852054794520547,-7.293775724891859,-2.1510187956560856
1991-02-02,-0.6011780821917808,-6.831487702412056,-3.2773342153961638
1991-02-03,-0.6155342465753424,-6.521976638133868,-4.14248911529079
1991-02-04,-0.6239178082191781,-6.593745517656172,-4.72233667412465
1991-02-05,-0.6111780821917809,-6.734910954958596,-8.813910962849622
1991-02-06,-0.5796164383561644,-6.943091495878863,-12.81729206576497
1991-02-07,-0.5614246575342465,-6.357349311122979,-10.501226031342776
1991-02-08,-0.5486575342465753,-6.145156827807209,-6.126185637946217
1991-02-09,-0.5415068493150684,-7.438229535921012,-3.76026361476392
1991-02-10,-0.5387123287671232,-7.513642251059754,-2.1976454201731235
1991-02-11,-0.5382465753424657,-7.509302244034816,-9.202451180622717
1991-02-12,-0.5375890410958903,-7.6464121843228385,-9.55599877458127
1991-02-13,-0.5336438356164384,-7.4344395815831135,-9.65191658280045
1991-02-14,-0.5266027397260272,-7.514391109507243,-9.07900615076673
1991-02-15,-0.524876712328767,-7.884687561913284,-5.6604357257579485
1991-02-16,-0.5079999999999998,-7.442676322011634,0.4506763220116339
1991-02-17,-0.5006849315068492,-7.944499293560633,0.23518422506748138
1991-02-18,-0.5073698630136985,-7.9744669788433855,3.7118368418570844
1991-02-19,-0.5127123287671231,-8.227892338871486,4.53060466763861
1991-02-20,-0.4987671232876711,-7.812736033989153,4.161503157276824
1991-02-21,-0.4752054794520546,-7.438166311474226,3.5733717909262808
1991-02-22,-0.4772602739726025,-6.508159989029547,0.8154202630021494
1991-02-23,-0.4849041095890409,-6.458881450216762,4.893785559805804
1991-02-24,-0.4766301369863013,-6.808605370132464,10.245235507118766
1991-02-25,-0.46627397260273956,-7.457442040311599,9.493716012914339
1991-02-26,-0.4641369863013697,-7.011469437571872,8.275606423873242
1991-02-27,-0.46728767123287646,-6.687996307961758,6.515283979194635
1991-02-28,-0.4761369863013696,-6.739202489907665,4.015339476209035
1991-03-01,-0.4813424657534244,-6.268228833427159,3.009571299180583
1991-03-02,-0.4692876712328766,-6.656306810244861,4.025594481477738
1991-03-03,-0.45410958904109583,-7.091073933532533,5.015183522573629
1991-03-04,-0.4425205479452054,-7.197087280915743,6.209607828860948
1991-03-05,-0.4322191780821917,-6.783026866444371,5.805246044526562
1991-03-06,-0.42257534246575335,-6.371295921590138,4.963871264055891
1991-03-07,-0.4044931506849315,-5.973124513089962,4.747617663774894
1991-03-08,-0.3953972602739726,-6.301552331846548,6.59694959212052
1991-03-09,-0.38273972602739725,-6.100935542243457,4.563675268270854
1991-03-10,-0.3676712328767123,-6.587050048741524,3.7247212816182365
1991-03-11,-0.3571232876712328,-6.549626796194984,3.246750083866216
1991-03-12,-0.34035616438356153,-5.825435015373067,3.5457911797566286
1991-03-13,-0.3162739726027396,-5.2572614993913325,3.293535471994072
1991-03-14,-0.3015616438356164,-5.983395675717289,3.9949573195529053
1991-03-15,-0.2962191780821918,-5.6011146781760175,3.177333856258209
1991-03-16,-0.29252054794520543,-5.379382328334079,4.031902876279284
1991-03-17,-0.28712328767123285,-5.48494045970043,3.3220637473716623
1991-03-18,-0.2787945205479452,-5.247581134094529,2.296375654642474
1991-03-19,-0.27320547945205476,-4.2096563009368175,2.972861780388872
1991-03-20,-0.2533698630136986,-4.157675268270854,5.371045131284553
1991-03-21,-0.24164383561643843,-4.757220052253995,5.178863887870434
1991-03-22,-0.2315342465753425,-4.175884611439101,1.7274188580144436
1991-03-23,-0.21734246575342464,-4.427621176244159,1.7949636419975836
1991-03-24,-0.21090410958904113,-4.121782749830391,5.312686859419433
1991-03-25,-0.21805479452054793,-4.871725847828283,6.269780642348831
1991-03-26,-0.19717808219178082,-4.816027217691297,3.2232052998830776
1991-03-27,-0.17953424657534242,-5.09124323455115,1.3107774811264918
1991-03-28,-0.17246575342465753,-5.183326128825824,-2.984208117749519
1991-03-29,-0.17717808219178083,-5.528761323767869,-5.434060594040352
1991-03-30,-0.19104109589041096,-4.983116785657577,-0.7358421184520125
1991-03-31,-0.21172602739726035,-4.696721281618237,1.5584473090154978
1991-04-01,-0.22860273972602752,-4.554541443191823,3.2131441829178504
1991-04-02,-0.23838356164383576,-4.402521773363936,5.960905335007771
1991-04-03,-0.25378082191780826,-4.0947479763846575,3.7085287983024657
1991-04-04,-0.25295890410958904,-3.26172514533443,0.8046840494440191
1991-04-05,-0.23939726027397257,-3.033782749830391,-1.8868199898956366
1991-04-06,-0.22304109589041088,-3.121732872766815,-1.7452260313427743
1991-04-07,-0.24019178082191778,-3.5048828552044693,-0.19492536397361304
1991-04-08,-0.24484931506849317,-3.3825512781057685,-0.09259940682573875
1991-04-09,-0.23142465753424663,-3.7824444990400856,1.8438691565743324
1991-04-10,-0.2377260273972603,-4.325312781442614,5.093038808839874
1991-04-11,-0.2393972602739726,-4.430534418253292,5.149931678527265
1991-04-12,-0.2446849315068494,-4.3496829957032395,4.424367927210088
1991-04-13,-0.2510958904109589,-3.8241065994967074,1.9652024899076665
1991-04-14,-0.26410958904109594,-3.699958373293686,2.514067962334782
1991-04-15,-0.28290410958904116,-3.529810849584518,3.1427149591735595
1991-04-16,-0.30049315068493143,-3.295453982707103,3.6959471333920346
1991-04-17,-0.3095068493150684,-3.9501670139680796,-6.020326136716851
1991-04-18,-0.3162465753424657,-3.63545749517637,-7.808295929481163
1991-04-19,-0.3311506849315068,-3.0300827147056983,-7.598766600362796
1991-04-20,-0.3560821917808218,-2.676071474804047,-6.667846333415131
1991-04-21,-0.3855068493150684,-2.658051804976158,-7.516441345708773
1991-04-22,-0.4185753424657533,-2.376564625488979,-6.294860032045267
1991-04-23,-0.44854794520547925,-2.1774286929283893,-6.874023361866131
1991-04-24,-0.46290410958904105,-1.7045006985483397,-6.812595191862619
1991-04-25,-0.4664657534246574,-1.60474165393998,-4.498792592635363
1991-04-26,-0.46199999999999986,-1.3483911095072436,-3.2896088904927563
1991-04-27,-0.4592054794520547,-0.970426936693756,-1.7503675838541892
1991-04-28,-0.4535890410958904,-0.5687809935957578,-1.4976299653083518
1991-04-29,-0.44901369863013696,-0.44575535257011695,-2.5652309487997464
1991-04-30,-0.44758904109589037,-0.36008903715037677,-1.0623219217537327
1991-05-01,-0.4466849315068493,-0.10397944810928078,-0.53933562038387
1991-05-02,-0.4493698630136985,-0.08841780427366439,-3.422212332712637
1991-05-03,-0.43156164383561635,-0.2501269718184484,-5.018311384345935
1991-05-04,-0.41594520547945196,-0.2514750575226986,-8.05257973699785
1991-05-05,-0.3964383561643835,0.11849895020473389,-7.312060594040351
1991-05-06,-0.38030136986301355,-0.08670371927190826,-5.862994910865078
1991-05-07,-0.37378082191780815,-0.2317651874840614,-4.51445399059813
1991-05-08,-0.3669589041095889,0.1394501268819379,-2.182491222772349
1991-05-09,-0.3629589041095889,-0.018806985868325486,-0.8682341100220856
1991-05-10,-0.36553424657534234,0.16499912582819712,-0.6494648792528548
1991-05-11,-0.37876712328767115,0.8065144050695039,-2.7977472817818327
1991-05-12,-0.40561643835616423,0.8789808609880143,-3.58336442263185
1991-05-13,-0.41041095890410956,1.1716327752837643,-2.911221816379655
1991-05-14,-0.40682191780821914,1.6106717636926158,-2.1438498458843966
1991-05-15,-0.412904109589041,1.9133068181358892,-4.900402708546848
1991-05-16,-0.42939726027397257,2.3271382196111263,-8.977740959337154
1991-05-17,-0.43238356164383557,2.3469380088629705,-9.214554447219136
1991-05-18,-0.4489041095890411,2.079670709951836,-7.190766600362795
1991-05-19,-0.48317808219178077,1.521290660777266,-5.698112578585485
1991-05-20,-0.4918356164383561,0.8342860945672206,-2.3424504781288644
1991-05-21,-0.49424657534246574,0.4417557117080709,3.9824908636343954
1991-05-22,-0.502986301369863,0.5229106116026966,4.9300756897671665
1991-05-23,-0.5119452054794521,1.26421303520649,1.097732170272962
1991-05-24,-0.5185479452054795,2.199844225933571,-4.551296280728092
1991-05-25,-0.5088219178082192,2.769824556105682,-4.651002638297463
1991-05-26,-0.49619178082191784,2.902159645673648,-3.30596786485173
1991-05-27,-0.48726027397260274,2.3225720095654645,-1.6653117355928617
1991-05-28,-0.4661643835616439,2.6180395192247548,0.578124864336889
1991-05-29,-0.4412328767123288,3.3267370956209614,0.02449578109136752
1991-05-30,-0.41657534246575356,3.5091782617607574,-0.09260291929500397
1991-05-31,-0.3896986301369865,3.7641561332043825,0.7455424969326039
1991-06-01,-0.3615342465753426,3.4835597159230334,1.7579745306523096
1991-06-02,-0.3178904109589042,4.096879701873156,0.8310107090857484
1991-06-03,-0.2896164383561645,3.719338430359282,-1.3997219920031179
1991-06-04,-0.2768219178082193,3.140810154981692,-3.7639882371734728
1991-06-05,-0.2574246575342467,2.753534426144319,-2.1261097686100725
1991-06-06,-0.2363561643835617,2.720678086137294,-1.3043219217537325
1991-06-07,-0.2358082191780822,3.404964001135538,-1.9491557819574559
1991-06-08,-0.24024657534246563,4.208854412094443,-3.068607836751977
1991-06-09,-0.235835616438356,4.4431073098815865,0.19272830655676998
1991-06-10,-0.24147945205479432,4.101932037665219,0.17954741438957544
1991-06-11,-0.24254794520547923,4.352151918241264,-0.9296039730357841
1991-06-12,-0.23786301369862992,4.515270990949378,3.142592022749252
1991-06-13,-0.22594520547945174,4.64739533236139,2.8085498731180616
1991-06-14,-0.20364383561643812,4.398231300046674,0.935412535569764
1991-06-15,-0.17824657534246546,4.771327892951485,3.1769186823909807
1991-06-16,-0.1475616438356162,4.822098528708422,0.7754631151271942
1991-06-17,-0.1360547945205477,5.01027696214713,-6.104222167626583
1991-06-18,-0.1199178082191778,5.386000179568977,-7.276082371349799
1991-06-19,-0.09928767123287642,5.604099231202276,-6.154811559969399
1991-06-20,-0.07926027397260249,5.769240783713691,-4.1599805097410885
1991-06-21,-0.06983561643835595,6.115490871525423,-0.11565525508706731
1991-06-22,-0.06838356164383538,6.618806642512426,2.2395769191314097
1991-06-23,-0.06024657534246559,6.442742013077933,2.9375045622645333
1991-06-24,-0.05619178082191768,6.005523186242669,3.170668594579248
1991-06-25,-0.0707123287671231,6.105474011672947,4.425238317094176
1991-06-26,-0.08654794520547932,6.463422027127811,4.123125918077669
1991-06-27,-0.0800273972602738,6.6153679351011165,-2.0953405378408423
1991-06-28,-0.08597260273972591,6.7376236428636735,-7.311651040123948
1991-06-29,-0.08024657534246565,6.846494735241616,-8.20624815989915
1991-06-30,-0.08605479452054784,7.677430615115167,-3.841375820594619
1991-07-01,-0.09416438356164374,7.638049793197358,1.1061145903642862
1991-07-02,-0.09695890410958888,7.216994998676809,3.6599639054327797
1991-07-03,-0.08375342465753412,7.726461437032974,2.6272919876245595
1991-07-04,-0.07210958904109575,7.816629930183659,3.715479658857438
1991-07-05,-0.07342465753424647,7.758190889087769,5.205233768446479
1991-07-06,-0.0822191780821917,7.849064176759002,6.1931550013231895
1991-07-07,-0.07145205479452042,7.624521711005577,5.396930343788942
1991-07-08,-0.06550684931506834,7.535721711005578,3.2297851383094907
1991-07-09,-0.05676712328767106,7.660425820594618,1.6863413026930516
1991-07-10,-0.04909589041095878,7.659828560320647,3.5592673300903117
1991-07-11,-0.046767123287671214,7.68018212547695,5.8765849978107205
1991-07-12,-0.05983561643835614,7.488536884872805,5.481298731565551
1991-07-13,-0.07821917808219173,7.555372852558088,3.942846325524103
1991-07-14,-0.08199999999999995,7.205849143390544,-0.8138491433905441
1991-07-15,-0.07408219178082179,7.305116442301679,0.408965749479143
1991-07-16,-0.07063013698630127,7.330495437735468,3.4501346992508335
1991-07-17,-0.05893150684931497,7.646339484100062,-1.157407977250747
1991-07-18,-0.03997260273972589,7.703801373808528,0.056171228931198414
1991-07-19,-0.029095890410958773,8.03939533236139,2.969700558049569
1991-07-20,-0.019205479452054627,8.195239378725985,2.9639661007260703
1991-07-21,-0.019068493150684825,8.524629614061425,1.0444388790892614
1991-07-22,-0.02476712328767114,8.249456449326617,1.2753106739610534
1991-07-23,-0.040246575342465674,8.07071672329922,3.7595298520432436
1991-07-24,-0.046958904109588945,8.549601865554225,0.677357038555364
1991-07-25,-0.045561643835616374,8.76107921012746,-4.195517566291845
1991-07-26,-0.04473972602739719,8.624287499554926,-6.9295477735275295
1991-07-27,-0.045643835616438255,8.375106607387734,-5.449462771771295
1991-07-28,-0.054630136986301286,8.768581141985555,-2.473951004999254
1991-07-29,-0.06364383561643824,8.909926417714393,1.4837174179020458
1991-07-30,-0.060575342465753274,8.911056027830305,0.9395193146354472
1991-07-31,-0.051369863013698454,8.542165265624476,-3.2107954026107777
1991-08-01,-0.04123287671232857,8.147170534328373,-3.8459376576160444
1991-08-02,-0.023534246575342224,8.681203551539472,-3.3376693049641295
1991-08-03,-0.004465753424657239,8.519180369242317,-1.58471461581766
1991-08-04,0.014739726027397527,7.949296983221945,-0.45403670924934314
1991-08-05,0.030931506849315383,8.453571658318538,1.4554968348321466
1991-08-06,0.044410958904109926,9.16424113496062,3.571347906135271
1991-08-07,0.0764931506849319,8.66974657928798,6.043760270027088
1991-08-08,0.12112328767123325,8.564114686067047,1.6847620262617191
1991-08-09,0.16610958904109624,8.37739533236139,2.146495078597514
1991-08-10,0.19936986301369897,8.975322975494512,1.45530716149179
1991-08-11,0.22389041095890438,8.932508785118678,2.3236008039224174
1991-08-12,0.23063013698630166,8.89066614374179,1.3387037192719102
1991-08-13,0.2667671232876715,8.38539743984295,1.4078354368693784
1991-08-14,0.3138630136986303,8.317084127584431,1.4890528587169367
1991-08-15,0.35093150684931523,8.196149810759705,1.1329186823909794
1991-08-16,0.3775342465753426,8.677133302154154,0.6353324512705036
1991-08-17,0.406109589041096,7.893801373808529,0.9000890371503747
1991-08-18,0.40756164383561655,7.751190906650114,-0.9487525504857306
1991-08-19,0.39208219178082204,7.766952761233887,-2.3390349530147088
1991-08-20,0.36172602739726045,7.973079912621312,0.2551940599814273
1991-08-21,0.3399452054794522,8.140393576126758,1.9396612183937894
1991-08-22,0.31389041095890424,7.9143275417045595,4.331782047336536
1991-08-23,0.2960273972602741,8.228461718030514,2.125510884709211
1991-08-24,0.29257534246575356,7.889133302154154,2.1282913553800933
1991-08-25,0.2877260273972604,7.4533911173982705,3.508882855204469
1991-08-26,0.27980821917808235,7.278654903840141,3.401536876981777
1991-08-27,0.27079452054794534,7.753854060847515,1.8953514186045402
1991-08-28,0.25953424657534263,7.775518971279549,0.5649467821451086
1991-08-29,0.25071232876712346,7.320444155684187,-0.5211564844513106
1991-08-30,0.24969863013698648,6.861314545568274,0.7989868242947393
1991-08-31,0.25082191780821933,6.879403762287627,2.389774319904154
1991-09-01,0.2467945205479454,6.47600298954439,2.557202489907664
1991-09-02,0.23912328767123306,6.201467689228267,1.4694090231005
1991-09-03,0.2369863013698632,6.061980509741088,2.071033188889049
1991-09-04,0.24320547945205495,6.24275887293041,2.5540356476175345
1991-09-05,0.2496986301369865,5.6700816688559454,3.2102197010070688
1991-09-06,0.24835616438356184,5.8623928736329045,1.3892509619835334
1991-09-07,0.24504109589041112,5.695381282484327,-0.00042237837473724227
1991-09-08,0.24295890410958915,5.494617671665921,0.23242342422449003
1991-09-09,0.2417260273972604,5.281013878199114,2.3672600944036253
1991-09-10,0.24016438356164396,5.586893049256367,3.722942567181989
1991-09-11,0.22928767123287686,6.073948195023842,2.6967641337432813
1991-09-12,0.21715068493150697,6.217741661831007,1.1051076532374857
1991-09-13,0.21498630136986313,5.98430997935823,0.7907037192719075
1991-09-14,0.21306849315068505,5.390670358704909,2.0462611481444055
1991-09-15,0.20775342465753432,4.631134004648008,2.041112570694458
1991-09-16,0.20024657534246593,4.917950302505401,2.941803122152133
1991-09-17,0.19643835616438365,5.093451531869645,1.9901101119659712
1991-09-18,0.19241095890410964,5.059232353787453,3.8683566873084354
1991-09-19,0.18109589041095897,5.30114735203122,5.757756757557822
1991-09-20,0.17701369863013705,5.471748686769539,2.2312376146003237
1991-09-21,0.1792054794520549,5.39086494950224,3.309929571045706
1991-09-22,0.1722191780821919,5.345998072087418,2.5717827498303905
1991-09-23,0.15986301369863026,4.331037762990123,-1.5509007766887533
1991-09-24,0.1289589041095891,4.213026523088471,4.068014572801939
1991-09-25,0.10520547945205483,4.014211630218784,2.9505828903291613
1991-09-26,0.08928767123287674,3.938477172895285,1.0222351558718379
1991-09-27,0.08821917808219179,3.9207848652029775,-4.56900404328517
1991-09-28,0.0904383561643835,3.8721484057719975,-3.962586761936381
1991-09-29,0.08386301369863007,3.723670007457983,-1.7575330211566131
1991-09-30,0.07786301369863004,3.1143795262496936,-1.4122425399483236
1991-10-01,0.06789041095890404,3.4609703235802174,-1.0288607345391214
1991-10-02,0.04175342465753423,3.9452815283571745,-3.427034953014709
1991-10-03,0.021698630136986294,3.9082692347147447,2.3500321351482696
1991-10-04,0.018958904109588975,3.8416201303944075,3.6594209654960035
1991-10-05,0.029123287671232817,3.7382074152556646,3.552669297073103
1991-10-06,0.03142465753424651,3.4934508293757913,-2.784875486910038
1991-10-07,0.0260273972602739,2.7181947703663076,-0.7442221676265814
1991-10-08,0.0251780821917807,1.961820341142563,1.6730015766656563
1991-10-09,0.022849315068493005,2.31159203064028,1.3955586542912268
1991-10-10,0.011780821917808028,2.551293470752679,4.976925707329513
1991-10-11,0.005945205479451876,3.110797510092335,3.2132572844282135
1991-10-12,-0.00016438356164399925,3.1437395543494477,0.42642482921219615
1991-10-13,0.001123287671232702,2.9772091714902973,-2.37833245916153
1991-10-14,-0.006328767123287844,2.783380579990473,-2.077051812867185
1991-10-15,-0.015452054794520713,2.857145947043512,-1.9716938922489913
1991-10-16,-0.02843835616438365,2.7451340046480075,-1.3766956484836237
1991-10-17,-0.026465753424657533,2.5351747492914916,-0.8287089958668341
1991-10-18,-0.019561643835616482,2.297583600714042,-5.118021956878426
1991-10-19,-0.0012328767123288148,1.5673257854699252,-8.176092908757598
1991-10-20,0.02191780821917813,0.6918990204541192,-9.5938168286733
1991-10-21,0.045589041095890445,0.5998140186978846,-8.675403059793775
1991-10-22,0.07208219178082195,0.07143748199258068,-7.903519673773403
1991-10-23,0.1015342465753426,0.434118198536311,-4.445652445111653
1991-10-24,0.12460273972602745,0.9325242399834485,-1.497126979709476
1991-10-25,0.14805479452054798,0.9541547282166764,0.5877904772627757
1991-10-26,0.1730136986301371,1.0387174257930725,-0.4517311244232096
1991-10-27,0.19380821917808233,1.0161645631306206,-2.5599727823087033
1991-10-28,0.20736986301369875,0.7095365336258791,-1.9169063966395776
1991-10-29,0.21893150684931517,0.8556067830111969,-2.054538289860512
1991-10-30,0.20843835616438366,1.5459798072472348,-2.7244181634116185
1991-10-31,0.19756164383561653,1.6977065371383482,-3.5052681809739648
1991-11-01,0.21210958904109603,1.6723781212619873,1.2155122896969166
1991-11-02,0.2272054794520549,1.2832211138858016,-0.5204265933378566
1991-11-03,0.2506027397260274,0.10286705698379968,0.1365302032901729
1991-11-04,0.27758904109589044,-0.5999956054679039,-2.2275934356279867
1991-11-05,0.2984657534246575,-0.9022604456505525,-5.906205307774105
1991-11-06,0.31452054794520545,-0.5789769893807946,-7.93554355856441
1991-11-07,0.32704109589041097,-0.33294748463896096,-3.64409361125145
1991-11-08,0.33731506849315074,-0.3139752331461618,-0.4833398353469889
1991-11-09,0.3480000000000001,-0.6598066346213988,-4.828193365378601
1991-11-10,0.36520547945205495,-1.6624030519027482,-9.302802427549306
1991-11-11,0.3778904109589042,-1.9510739335325336,-1.6268164774263707
1991-11-12,0.39060273972602744,-2.8881269718184486,1.2675242320924212
1991-11-13,0.4134520547945206,-4.0193633610000425,0.675911306205522
1991-11-14,0.44556164383561647,-3.271392163248023,-4.1041694805875935
1991-11-15,0.48706849315068496,-2.9015333645125123,-3.0255351286381726
1991-11-16,0.5276712328767124,-3.2643222651096324,-4.193348967767079
1991-11-17,0.559890410958904,-3.2585365257348515,-7.311353885224052
1991-11-18,0.5872328767123287,-2.783034593876755,-1.4341982828355735
1991-11-19,0.6038082191780823,-3.6141571790541347,-0.9696510401239475
1991-11-20,0.5929315068493153,-4.008117839398357,-0.9948136674509582
1991-11-21,0.5771506849315071,-4.270810498337591,-2.966340186593916
1991-11-22,0.5766849315068495,-3.8082077586115646,-2.3684771728952847
1991-11-23,0.5924931506849318,-4.5146468172698,-0.707846333415131
1991-11-24,0.6099178082191783,-4.422303297775596,0.22238548955641768
1991-11-25,0.6255616438356166,-3.870726901569063,1.5151652577334462
1991-11-26,0.6401643835616441,-4.790910252464743,4.800745868903099
1991-11-27,0.6465205479452056,-4.439180712598216,5.0626601646530105
1991-11-28,0.655123287671233,-4.460228833427158,4.635105545755925
1991-11-29,0.6615068493150685,-4.114927814811072,4.1234209654960035
1991-11-30,0.6654794520547945,-4.292378464617886,2.176899012563091
1991-12-01,0.6674246575342466,-4.150512640943843,4.563087983409597
1991-12-02,0.6718904109589041,-3.947609233848656,1.9957188228897518
1991-12-03,0.6785479452054795,-4.23279925843594,2.224251313230461
1991-12-04,0.69,-4.137071826050973,3.077071826050973
1991-12-05,0.69813698630137,-4.800926409823366,-1.0872105764780047
1991-12-06,0.6983013698630138,-5.359052156223084,-6.449249213639929
1991-12-07,0.6959178082191783,-5.913653490961405,-3.7022643172577734
1991-12-08,0.6969041095890413,-5.665217242278582,-1.011686867310459
1991-12-09,0.687178082191781,-5.219905686254697,-3.5072723959370835
1991-12-10,0.683260273972603,-5.219241127069589,-4.614019146903015
1991-12-11,0.6857260273972605,-5.187364765987748,-4.068361261409512
1991-12-12,0.6724383561643839,-5.240638387343562,-1.541799968820822
1991-12-13,0.6603013698630139,-5.291845974277177,0.6715446044141631
1991-12-14,0.658219178082192,-5.151193357487574,1.1429741794053818
1991-12-15,0.6536986301369865,-5.3989172774032745,0.9252186472662878
1991-12-16,0.6630684931506851,-5.646160691523401,-1.5669078016272833
1991-12-17,0.6891232876712329,-6.152559005538153,0.6734357178669201
1991-12-18,0.7126301369863014,-6.533144885411704,-0.24948525157459756
1991-12-19,0.7287123287671233,-6.692673512036221,2.003961183269097
1991-12-20,0.7264657534246577,-6.35418246883285,-3.102283284591808
1991-12-21,0.7168493150684934,-5.93785791667268,-1.928991398395814
1991-12-22,0.7030136986301372,-6.405264309366745,4.842250610736608
1991-12-23,0.6948493150684933,-6.692153666584869,5.877304351516376
1991-12-24,0.6834794520547947,-6.653272739292981,-2.1102067127618147
1991-12-25,0.6680273972602742,-5.980386192050272,-5.687641205210003
1991-12-26,0.6500273972602741,-5.777692830617183,-0.08233456664309102
1991-12-27,0.6526301369863017,-5.485762377508649,-4.096867759477653
1991-12-28,0.6693972602739728,-4.766436771607699,-3.902960488666274
1991-12-29,0.6925479452054796,-4.468885665179881,1.1563377199744016
1991-12-30,0.7039726027397262,-5.35002370522203,1.9860511024823042
1991-12-31,0.7019452054794523,-5.8695937789838855,1.717648573504433
1992-01-01,0.6860000000000002,-6.218338422468254,3.392338422468254
1992-01-02,0.6724383561643837,-6.886126269324594,6.63368791316021
1992-01-03,0.664,-7.221306458997936,6.707306458997936
1992-01-04,0.6415890410958904,-6.639114678176017,-1.002474362919874
1992-01-05,0.6102739726027397,-7.187616961281041,1.737342988678301
1992-01-06,0.5854794520547946,-7.054204246142298,3.1287247940875034
1992-01-07,0.5696712328767124,-6.874877937747495,5.405206704870783
1992-01-08,0.5623287671232877,-6.34970969046966,2.7773809233463727
1992-01-09,0.5513972602739727,-5.796353877333025,1.5249566170590514
1992-01-10,0.5314794520547947,-6.567875479019009,-0.2536039730357853
1992-01-11,0.5035616438356166,-6.952945377157402,-0.650616266678214
1992-01-12,0.48342465753424674,-6.344883557698322,-1.5485410998359255
1992-01-13,0.4811506849315069,-5.8177110954573665,-0.3934395894741405
1992-01-14,0.4849863013698632,-5.446057424926983,0.5910711235571195
1992-01-15,0.4810410958904111,-4.891534067006366,4.2804929711159545
1992-01-16,0.48780821917808237,-4.98428643792312,4.8864782187450375
1992-01-17,0.4954520547945207,-5.72706199113703,1.8916099363425096
1992-01-18,0.49323287671232885,-5.9490205439996915,2.405787667287363
1992-01-19,0.4984109589041097,-6.536574460402923,0.37816350149881295
1992-01-20,0.5108767123287673,-6.733023353975104,-2.787853358353664
1992-01-21,0.5199452054794522,-7.031281169219221,-6.3086640362602315
1992-01-22,0.5102465753424659,-6.974241478316517,-3.7360050970259477
1992-01-23,0.5156712328767126,-6.85518563005519,-0.6204856028215229
1992-01-24,0.5335342465753427,-6.246212676068536,0.4526784294931936
1992-01-25,0.5572054794520549,-6.688383382074859,2.221177902622804
1992-01-26,0.5824931506849317,-7.324531608277878,0.032038457592946656
1992-01-27,0.5985753424657536,-7.4403398274559605,-1.2382355150097935
1992-01-28,0.6005479452054796,-7.088863887870433,3.5283159426649533
1992-01-29,0.6077260273972604,-7.545687913160211,5.83796188576295
1992-01-30,0.6298082191780825,-7.297627498688838,6.8378192795107555
1992-01-31,0.6553424657534248,-7.335795394719748,4.790452928966323
1992-02-01,0.6732876712328768,-7.293775724891859,3.550488053658982
1992-02-02,0.6882465753424659,-6.831487702412056,2.44324112706959
1992-02-03,0.7040547945205481,-6.521976638133868,0.44792184361331966
1992-02-04,0.7018904109589043,-6.593745517656172,-1.1281448933027312
1992-02-05,0.7044931506849317,-6.734910954958596,1.5804178042736643
1992-02-06,0.7009041095890411,-6.943091495878863,2.192187386289822
1992-02-07,0.7116438356164385,-6.357349311122979,4.64570547550654
1992-02-08,0.7214794520547947,-6.145156827807209,4.743677375752414
1992-02-09,0.7276712328767125,-7.438229535921012,3.9205583030442996
1992-02-10,0.713150684931507,-7.513642251059754,-0.9895084338717526
1992-02-11,0.7012876712328768,-7.509302244034816,2.7480145728019396
1992-02-12,0.6935068493150687,-7.6464121843228385,6.40290533500777
1992-02-13,0.6841095890410961,-7.4344395815831135,2.6603299925420174
1992-02-14,0.6754794520547946,-7.514391109507243,-0.5710883425475517
1992-02-15,0.6656712328767125,-7.884687561913284,3.5790163290365715
1992-02-16,0.6647671232876714,-7.442676322011634,-0.19209080127603695
1992-02-17,0.6783013698630139,-7.944499293560633,-6.593802076302381
1992-02-18,0.6993150684931508,-7.9744669788433855,-8.574848089649766
1992-02-19,0.7138630136986304,-8.227892338871486,-4.645970674827144
1992-02-20,0.7229041095890414,-7.812736033989153,-6.570168075599889
1992-02-21,0.7180547945205482,-7.438166311474226,-4.139888483046321
1992-02-22,0.7154520547945207,-6.508159989029547,-1.6372920657649725
1992-02-23,0.7100273972602741,-6.458881450216762,1.9288540529564884
1992-02-24,0.7065205479452056,-6.808605370132464,6.172084822187259
1992-02-25,0.7097260273972603,-7.457442040311599,5.027716012914339
1992-02-26,0.7164109589041097,-7.011469437571872,2.985058478667762
1992-02-27,0.728,-6.687996307961758,2.0999963079617583
1992-02-28,0.7386301369863013,-6.739202489907665,2.430572352921364
1992-02-29,0.7418082191780822,-6.268228833427159,2.1964206142490763
1992-03-01,0.7335890410958904,-6.656306810244861,1.3527177691489705
1992-03-02,0.7229315068493151,-7.091073933532533,1.0381424266832173
1992-03-03,0.6988493150684931,-7.197087280915743,4.28823796584725
1992-03-04,0.688,-6.783026866444371,6.955026866444371
1992-03-05,0.6823561643835616,-6.371295921590138,6.228939757206577
1992-03-06,0.6546575342465752,-5.973124513089962,3.1984669788433866
1992-03-07,0.6238904109589041,-6.301552331846548,4.3676619208876435
1992-03-08,0.6093424657534245,-6.100935542243457,2.8115930764900323
1992-03-09,0.6111506849315069,-6.587050048741524,2.295899363810017
1992-03-10,0.6055342465753425,-6.549626796194984,1.7140925496196404
1992-03-11,0.5965479452054794,-5.825435015373067,-1.3611129298324123
1992-03-12,0.585890410958904,-5.2572614993913325,-2.0386289115675718
1992-03-13,0.58386301369863,-5.983395675717289,2.319532662018659
1992-03-14,0.5855342465753424,-5.6011146781760175,1.5955804316006752
1992-03-15,0.5843013698630137,-5.379382328334079,1.2150809584710647
1992-03-16,0.5796438356164384,-5.48494045970043,-0.2847033759160089
1992-03-17,0.5748767123287672,-5.247581134094529,0.05270442176576129
1992-03-18,0.580082191780822,-4.2096563009368175,0.6495741091559957
1992-03-19,0.5837808219178082,-4.157675268270854,0.4038944463530454
1992-03-20,0.5773150684931507,-4.757220052253995,2.8699049837608444
1992-03-21,0.5755890410958904,-4.175884611439101,1.720295570343211
1992-03-22,0.5714246575342465,-4.427621176244159,-1.5438034812900874
1992-03-23,0.5686575342465752,-4.121782749830391,0.023125215583815972
1992-03-24,0.5741095890410959,-4.871725847828283,-5.802383741212812
1992-03-25,0.5605753424657534,-4.816027217691297,-6.204548124774457
1992-03-26,0.5514794520547945,-5.09124323455115,-5.230236217503644
1992-03-27,0.5505753424657533,-5.183326128825824,-4.09724921363993
1992-03-28,0.5678904109589041,-5.528761323767869,-5.369129087191036
1992-03-29,0.5856438356164384,-4.983116785657577,-3.9125270499588627
1992-03-30,0.5934246575342466,-4.696721281618237,-1.436703375916009
1992-03-31,0.5906301369863014,-4.554541443191823,-1.2460886937944782
1992-04-01,0.5892054794520549,-4.402521773363936,-4.40668370608812
1992-04-02,0.5943561643835618,-4.0947479763846575,-4.459608187998904
1992-04-03,0.5831506849315069,-3.26172514533443,-1.0314255395970768
1992-04-04,0.5663835616438356,-3.033782749830391,1.0173991881865554
1992-04-05,0.5509041095890412,-3.121732872766815,-1.679171236822226
1992-04-06,0.5548767123287672,-3.5048828552044693,-2.9599938571242976
1992-04-07,0.5548767123287672,-3.3825512781057685,-1.2023254342229994
1992-04-08,0.5494246575342466,-3.7824444990400856,0.21301984150583886
1992-04-09,0.5483561643835617,-4.325312781442614,0.26695661705905227
1992-04-10,0.5368767123287672,-4.430534418253292,2.243657705924525
1992-04-11,0.526109589041096,-4.3496829957032395,1.4235734066621437
1992-04-12,0.52213698630137,-3.8241065994967074,1.6619696131953376
1992-04-13,0.5243561643835617,-3.699958373293686,-0.994397791089876
1992-04-14,0.5288219178082193,-3.529810849584518,-0.9990110682237012
1992-04-15,0.5306575342465754,-3.295453982707103,-1.8752035515394723
1992-04-16,0.5266301369863015,-3.9501670139680796,-6.136463123018223
1992-04-17,0.5158630136986302,-3.63545749517637,-6.12040551852226
1992-04-18,0.515041095890411,-3.0300827147056983,-1.7549583811847125
1992-04-19,0.5095616438356165,-2.676071474804047,0.9165098309684305
1992-04-20,0.5189863013698631,-2.658051804976158,0.21906550360629495
1992-04-21,0.53613698630137,-2.376564625488979,2.4204276391876087
1992-04-22,0.5453698630136987,-2.1774286929283893,2.8820588299146905
1992-04-23,0.5356986301369864,-1.7045006985483397,0.6088020684113533
1992-04-24,0.520164383561644,-1.60474165393998,3.0745772703783363
1992-04-25,0.49665753424657544,-1.3483911095072436,4.8617335752606685
1992-04-26,0.487095890410959,-0.970426936693756,4.893331046282797
1992-04-27,0.47747945205479464,-0.5687809935957578,2.5213015415409634
1992-04-28,0.47616438356164387,-0.44575535257011695,0.7295909690084731
1992-04-29,0.4767123287671232,-0.36008903715037677,-5.816623291616747
1992-04-30,0.46843835616438356,-0.10397944810928078,-5.424458908055102
1992-05-01,0.4676164383561644,-0.08841780427366439,0.9708013659175001
1992-05-02,0.4555890410958904,-0.2501269718184484,-0.39546206927744204
1992-05-03,0.4566575342465753,-0.2514750575226986,-0.3851824767238766
1992-05-04,0.4608767123287671,0.11849895020473389,1.6806243374664986
1992-05-05,0.4667671232876712,-0.08670371927190826,0.909936595984237
1992-05-06,0.4875616438356164,-0.2317651874840614,0.484203543648445
1992-05-07,0.5203287671232877,0.1394501268819379,1.5002211059947745
1992-05-08,0.5508493150684932,-0.018806985868325486,1.9679576707998323
1992-05-09,0.5687123287671233,0.16499912582819712,2.3162885454046793
1992-05-10,0.5890684931506851,0.8065144050695039,2.514417101779811
1992-05-11,0.6251780821917811,0.8789808609880143,0.015841056820204646
1992-05-12,0.632191780821918,1.1716327752837643,0.686175443894318
1992-05-13,0.6302739726027399,1.6106717636926158,5.159054263704645
1992-05-14,0.6176438356164384,1.9133068181358892,5.789049346247673
1992-05-15,0.6127945205479454,2.3271382196111263,5.130067259840929
1992-05-16,0.611260273972603,2.3469380088629705,4.5618017171644265
1992-05-17,0.6275342465753426,2.079670709951836,3.492795043472821
1992-05-18,0.646027397260274,1.521290660777266,3.1526819419624603
1992-05-19,0.6325753424657534,0.8342860945672206,2.583138562967026
1992-05-20,0.6170410958904111,0.4417557117080709,-1.098796807598482
1992-05-21,0.6211506849315069,0.5229106116026966,-1.9540612965342037
1992-05-22,0.6244657534246577,1.26421303520649,-0.20867878863114786
1992-05-23,0.6349041095890412,2.199844225933571,0.06525166447738773
1992-05-24,0.6482465753424658,2.769824556105682,0.5519288685518524
1992-05-25,0.6689589041095891,2.902159645673648,1.2388814502167627
1992-05-26,0.6820000000000002,2.3225720095654645,2.495427990434535
1992-05-27,0.6833972602739727,2.6180395192247548,1.7485632205012727
1992-05-28,0.6809589041095891,3.3267370956209614,2.042304000269449
1992-05-29,0.6697534246575343,3.5091782617607574,1.1510683135817086
1992-05-30,0.66813698630137,3.7641561332043825,1.1377068804942478
1992-05-31,0.6699726027397261,3.4835597159230334,1.4364676813372403
1992-06-01,0.667041095890411,4.096879701873156,1.4760792022364324
1992-06-02,0.66413698630137,3.719338430359282,0.07652458333934797
1992-06-03,0.6599178082191781,3.140810154981692,-0.5207279632008706
1992-06-04,0.6520547945205479,2.753534426144319,-0.06558922066486694
1992-06-05,0.6490410958904109,2.720678086137294,-2.129719182027705
1992-06-06,0.6600273972602739,3.404964001135538,-3.714991398395812
1992-06-07,0.6578082191780822,4.208854412094443,-3.606662631272525
1992-06-08,0.6590410958904109,4.4431073098815865,-4.252148405771997
1992-06-09,0.665150684931507,4.101932037665219,-2.1570827225967264
1992-06-10,0.6711780821917809,4.352151918241264,-0.9433300004330443
1992-06-11,0.6828219178082191,4.515270990949378,-2.628092908757597
1992-06-12,0.6876986301369863,4.64739533236139,-2.535093962498377
1992-06-13,0.6852054794520548,4.398231300046674,-0.7134367794987284
1992-06-14,0.6764657534246575,4.771327892951485,0.6722063536238583
1992-06-15,0.6847123287671233,4.822098528708422,3.363189142524454
1992-06-16,0.7013698630136986,5.01027696214713,2.568353174839171
1992-06-17,0.7053424657534246,5.386000179568977,0.4786573546775985
1992-06-18,0.7121369863013699,5.604099231202276,-1.0962362175036455
1992-06-19,0.7129041095890412,5.769240783713691,-5.772144893302732
1992-06-20,0.7304109589041097,6.115490871525423,-4.425901830429533
1992-06-21,0.7494520547945206,6.618806642512426,-3.628258697306946
1992-06-22,0.7444109589041097,6.442742013077933,-0.8471529719820436
1992-06-23,0.7327397260273973,6.005523186242669,-1.7682629122700666
1992-06-24,0.7463561643835619,6.105474011672947,-2.0318301760565083
1992-06-25,0.766027397260274,6.463422027127811,-3.2994494243880848
1992-06-26,0.7741643835616439,6.6153679351011165,-1.9995323186627605
1992-06-27,0.7884657534246576,6.7376236428636735,-2.066089396288331
1992-06-28,0.8030684931506851,6.846494735241616,-0.6395632283923014
1992-06-29,0.7960547945205481,7.677430615115167,-0.5534854096357149
1992-06-30,0.7968219178082192,7.638049793197358,-0.5248717110055772
1992-07-01,0.7949041095890412,7.216994998676809,-3.051899108265851
1992-07-02,0.7886849315068494,7.726461437032974,-3.195146368539823
1992-07-03,0.7685753424657535,7.816629930183659,-0.2052052726494118
1992-07-04,0.7358082191780823,7.758190889087769,-3.783999108265851
1992-07-05,0.7203013698630137,7.849064176759002,-6.039365546622016
1992-07-06,0.7037534246575343,7.624521711005577,-4.428275135663111
1992-07-07,0.6944109589041096,7.535721711005578,-3.3001326699096873
1992-07-08,0.6959452054794522,7.660425820594618,-1.74637102607407
1992-07-09,0.7024383561643837,7.659828560320647,-1.1822669164850312
1992-07-10,0.7065753424657535,7.68018212547695,-2.1467574679427033
1992-07-11,0.7159726027397261,7.488536884872805,-5.484509487612531
1992-07-12,0.7281643835616438,7.555372852558088,-4.213537236119732
1992-07-13,0.7421095890410959,7.205849143390544,-2.467958732431639
1992-07-14,0.7543835616438357,7.305116442301679,0.9804999960544842
1992-07-15,0.7623013698630138,7.330495437735468,1.1772031924015174
1992-07-16,0.759095890410959,7.646339484100062,0.4945646254889793
1992-07-17,0.7587123287671234,7.703801373808528,2.0474862974243493
1992-07-18,0.7698082191780822,8.03939533236139,1.3607964484605262
1992-07-19,0.783041095890411,8.195239378725985,4.051719525383604
1992-07-20,0.7924931506849315,8.524629614061425,4.782877235253643
1992-07-21,0.8067397260273973,8.249456449326617,3.7538038246459866
1992-07-22,0.835835616438356,8.07071672329922,-0.6565523397375763
1992-07-23,0.8607123287671231,8.549601865554225,1.7496858056786522
1992-07-24,0.8799726027397259,8.76107921012746,1.398948187132813
1992-07-25,0.8919452054794518,8.624287499554926,0.7737672949656211
1992-07-26,0.902849315068493,8.375106607387734,2.832044077543772
1992-07-27,0.9052328767123285,8.768581141985555,2.436185981302115
1992-07-28,0.8941369863013697,8.909926417714393,1.2459365959842383
1992-07-29,0.8824383561643834,8.911056027830305,2.616505616005311
1992-07-30,0.873753424657534,8.542165265624476,3.924081309717989
1992-07-31,0.8580273972602739,8.147170534328373,4.574802068411353
1992-08-01,0.844821917808219,8.681203551539472,2.343974530652309
1992-08-02,0.8369863013698629,8.519180369242317,3.0338333293878215
1992-08-03,0.8345479452054794,7.949296983221945,4.496155071572575
1992-08-04,0.8466575342465752,8.453571658318538,-0.1502291925651118
1992-08-05,0.8647397260273971,9.16424113496062,3.7010191390119846
1992-08-06,0.8746027397260273,8.66974657928798,3.9356506809859937
1992-08-07,0.878821917808219,8.564114686067047,4.847063396124733
1992-08-08,0.8783287671232876,8.37739533236139,5.024275900515322
1992-08-09,0.8821369863013699,8.975322975494512,3.032540038204118
1992-08-10,0.8909863013698629,8.932508785118678,-3.6434950864885414
1992-08-11,0.9109863013698629,8.89066614374179,-3.6716524451116523
1992-08-12,0.9167671232876711,8.38539743984295,-2.082164563130622
1992-08-13,0.9113150684931506,8.317084127584431,-2.538399196077582
1992-08-14,0.9153424657534246,8.196149810759705,-2.5814922765131296
1992-08-15,0.9272054794520546,8.677133302154154,-3.494338781606208
1992-08-16,0.9252054794520547,7.893801373808529,0.05099314673941535
1992-08-17,0.9306849315068492,7.751190906650114,3.4681241618430363
1992-08-18,0.9482465753424656,7.766952761233887,4.774800663423647
1992-08-19,0.9726027397260273,7.973079912621312,4.954317347652662
1992-08-20,0.993890410958904,8.140393576126758,4.585716012914338
1992-08-21,1.0133424657534245,7.9143275417045595,1.8623299925420147
1992-08-22,1.0144383561643835,8.228461718030514,0.4570999258051014
1992-08-23,1.0044657534246575,7.889133302154154,-0.5635990555788117
1992-08-24,0.9713150684931506,7.4533911173982705,1.5452938141085788
1992-08-25,0.9179178082191781,7.278654903840141,3.933427287940682
1992-08-26,0.8753150684931507,7.753854060847515,3.730830870659333
1992-08-27,0.8479178082191781,7.775518971279549,4.206563220501273
1992-08-28,0.8275616438356164,7.320444155684187,2.781994200480196
1992-08-29,0.8086575342465753,6.861314545568274,1.40002792018515
1992-08-30,0.7938082191780822,6.879403762287627,-1.1532119814657094
1992-08-31,0.7947397260273973,6.47600298954439,-1.8807427155717873
1992-09-01,0.794904109589041,6.201467689228267,-7.876371798817308
1992-09-02,0.7753150684931507,6.061980509741088,-2.4272955782342382
1992-09-03,0.7384383561643835,6.24275887293041,-0.0011972290947932507
1992-09-04,0.6999452054794519,5.6700816688559454,-7.350026874335398
1992-09-05,0.6820547945205477,5.8623928736329045,-10.274447668153453
1992-09-06,0.6644931506849314,5.695381282484327,-5.729874433169258
1992-09-07,0.6475342465753423,5.494617671665921,0.4878480817587363
1992-09-08,0.638794520547945,5.281013878199114,-0.07980839874705925
1992-09-09,0.6344657534246572,5.586893049256367,0.048641197318975316
1992-09-10,0.63772602739726,6.073948195023842,-1.601674222421102
1992-09-11,0.6444109589041094,6.217741661831007,-0.06215262073511685
1992-09-12,0.6389041095890409,5.98430997935823,0.9767859110527288
1992-09-13,0.6365205479452054,5.390670358704909,1.1728090933498851
1992-09-14,0.6384109589041094,4.631134004648008,-0.08954496355211727
1992-09-15,0.6469863013698629,4.917950302505401,0.7550633961247364
1992-09-16,0.6581643835616438,5.093451531869645,3.4283840845687106
1992-09-17,0.6763287671232876,5.059232353787453,4.73443887908926
1992-09-18,0.6876438356164383,5.30114735203122,2.8912088123523434
1992-09-19,0.6959726027397259,5.471748686769539,1.0822787104907352
1992-09-20,0.702109589041096,5.39086494950224,1.2670254614566643
1992-09-21,0.7152054794520548,5.345998072087418,1.0187964484605274
1992-09-22,0.7187945205479452,4.331037762990123,-0.1198322835380683
1992-09-23,0.7297260273972603,4.213026523088471,-1.4727525504857315
1992-09-24,0.7293150684931509,4.014211630218784,-0.9935266987119351
1992-09-25,0.7207123287671235,3.938477172895285,0.06081049833759122
1992-09-26,0.7058356164383564,3.9207848652029775,1.1333795183586655
1992-09-27,0.694931506849315,3.8721484057719975,1.912920087378688
1992-09-28,0.6823013698630136,3.723670007457983,0.48402862267900293
1992-09-29,0.6789863013698629,3.1143795262496936,-3.0333658276195568
1992-09-30,0.6901643835616437,3.4609703235802174,-2.171134707141861
1992-10-01,0.7082191780821916,3.9452815283571745,-2.2135007064393664
1992-10-02,0.7130958904109588,3.9082692347147447,-2.4313651251257036
1992-10-03,0.7069589041095887,3.8416201303944075,-3.1485790345039963
1992-10-04,0.6929589041095888,3.7382074152556646,-2.7611663193652536
1992-10-05,0.6856712328767123,3.4934508293757913,-1.9891220622525037
1992-10-06,0.6928767123287671,2.7181947703663076,-1.4110714826950748
1992-10-07,0.6927397260273972,1.961820341142563,-0.9845600671699603
1992-10-08,0.691890410958904,2.31159203064028,0.33651755840081554
1992-10-09,0.6976712328767122,2.551293470752679,0.10103529637060893
1992-10-10,0.6972876712328766,3.110797510092335,-1.4080851813252115
1992-10-11,0.6925479452054794,3.1437395543494477,-1.716287499554927
1992-10-12,0.6833150684931506,2.9772091714902973,-2.2505242399834477
1992-10-13,0.6823013698630136,2.783380579990473,-1.1356819498534867
1992-10-14,0.6822739726027396,2.857145947043512,-1.9994199196462517
1992-10-15,0.6829315068493149,2.7451340046480075,-3.5580655114973223
1992-10-16,0.6962739726027395,2.5351747492914916,-5.481448721894231
1992-10-17,0.7092328767123286,2.297583600714042,-6.146816477426371
1992-10-18,0.7164657534246573,1.5673257854699252,-10.893791538894583
1992-10-19,0.7202191780821916,0.6918990204541192,-6.852118198536312
1992-10-20,0.7324931506849313,0.5998140186978846,-3.102307169382816
1992-10-21,0.7364109589041093,0.07143748199258068,-5.197848440896689
1992-10-22,0.7369589041095888,0.434118198536311,-8.6110771026459
1992-10-23,0.74186301369863,0.9325242399834485,-7.784387253682079
1992-10-24,0.7356986301369861,0.9541547282166764,-8.579853358353663
1992-10-25,0.7216438356164382,1.0387174257930725,-4.490361261409511
1992-10-26,0.7090410958904108,1.0161645631306206,-6.585205659021032
1992-10-27,0.7115616438356163,0.7095365336258791,-2.901098177461495
1992-10-28,0.7132054794520546,0.8556067830111969,-2.3488122624632517
1992-10-29,0.7318904109589038,1.5459798072472348,-6.26787021820614
1992-10-30,0.7489863013698628,1.6977065371383482,-4.356692838508211
1992-10-31,0.7471232876712326,1.6723781212619873,-3.70950140893322
1992-11-01,0.7490684931506847,1.2832211138858016,-0.6522896070364864
1992-11-02,0.7522739726027394,0.10286705698379968,1.1748589704134607
1992-11-03,0.7511780821917806,-0.5999956054679039,-0.5511824767238769
1992-11-04,0.7526575342465751,-0.9022604456505525,1.2296029114039775
1992-11-05,0.7521643835616435,-0.5789769893807946,3.586812605819151
1992-11-06,0.7504931506849313,-0.33294748463896096,7.072454333954029
1992-11-07,0.7499452054794518,-0.3139752331461618,5.62403002766671
1992-11-08,0.7486849315068491,-0.6598066346213988,2.20112170311455
1992-11-09,0.7475616438356163,-1.6624030519027482,3.494841408067132
1992-11-10,0.7509315068493149,-1.9510739335325336,0.5601424266832187
1992-11-11,0.7481643835616436,-2.8881269718184486,0.20996258825680503
1992-11-12,0.7322465753424655,-4.0193633610000425,-4.252883214342424
1992-11-13,0.7148493150684929,-3.271392163248023,-6.143457151820469
1992-11-14,0.6980547945205478,-2.9015333645125123,-3.7965214300080357
1992-11-15,0.6835068493150682,-3.2643222651096324,1.5908154157945642
1992-11-16,0.6764657534246573,-3.2585365257348515,-0.6779292276898055
1992-11-17,0.6734794520547943,-2.783034593876755,-6.4304448581780385
1992-11-18,0.6743835616438354,-3.6141571790541347,-6.710226382589702
1992-11-19,0.6832876712328766,-4.008117839398357,0.4148301681654809
1992-11-20,0.6802739726027395,-4.270810498337591,-1.8594634742651488
1992-11-21,0.680657534246575,-3.8082077586115646,1.3375502243649895
1992-11-22,0.6874520547945202,-4.5146468172698,4.06719476247528
1992-11-23,0.6980273972602737,-4.422303297775596,7.694275900515322
1992-11-24,0.7110136986301367,-3.870726901569063,6.1897132029389255
1992-11-25,0.7228493150684929,-4.790910252464743,5.22806093739625
1992-11-26,0.725945205479452,-4.439180712598216,4.093235507118765
1992-11-27,0.7141643835616436,-4.460228833427158,0.4860644498655149
1992-11-28,0.7123835616438354,-4.114927814811072,3.4825442531672364
1992-11-29,0.7115068493150682,-4.292378464617886,2.8008716153028175
1992-11-30,0.7071232876712328,-4.150512640943843,3.45338935327261
1992-12-01,0.7092054794520548,-3.947609233848656,0.8984037543966013
1992-12-02,0.705972602739726,-4.23279925843594,0.6568266556962143
1992-12-03,0.6995616438356165,-4.137071826050973,0.19751018221535643
1992-12-04,0.7044931506849315,-4.800926409823366,-2.1935667408615656
1992-12-05,0.7240821917808218,-5.359052156223084,-2.465030035557737
1992-12-06,0.7486849315068493,-5.913653490961405,-4.565031440545445
1992-12-07,0.7730684931506849,-5.665217242278582,-0.637851250872103
1992-12-08,0.8006301369863014,-5.219905686254697,-1.3907244507316037
1992-12-09,0.8197260273972604,-5.219241127069589,-2.550484900327672
1992-12-10,0.824821917808219,-5.187364765987748,0.04254284817952936
1992-12-11,0.8290958904109589,-5.240638387343562,0.08154249693260329
1992-12-12,0.8205479452054794,-5.291845974277177,-0.39870197092830306
1992-12-13,0.8093972602739725,-5.151193357487574,-2.198203902786399
1992-12-14,0.7986027397260272,-5.3989172774032745,3.790314537677247
1992-12-15,0.7836712328767121,-5.646160691523401,4.392489458646689
1992-12-16,0.779917808219178,-6.152559005538153,2.0326411973189753
1992-12-17,0.7730684931506848,-6.533144885411704,2.170076392261019
1992-12-18,0.7807671232876712,-6.692673512036221,2.2319063887485493
1992-12-19,0.8082465753424657,-6.35418246883285,3.205935893490384
1992-12-20,0.8231506849315069,-5.93785791667268,4.914707231741174
1992-12-21,0.8337260273972602,-6.405264309366745,2.8715382819694852
1992-12-22,0.836876712328767,-6.692153666584869,1.4752769542561026
1992-12-23,0.838958904109589,-6.653272739292981,2.704313835183392
1992-12-24,0.8345753424657534,-5.980386192050272,1.325810849584519
1992-12-25,0.8372054794520548,-5.777692830617183,2.700487351165128
1992-12-26,0.8351232876712329,-5.485762377508649,0.9406390898374157
1992-12-27,0.8392054794520547,-4.766436771607699,1.2572312921556446
1992-12-28,0.8396712328767122,-4.468885665179881,-1.5507855676968312
1992-12-29,0.8446849315068492,-5.35002370522203,2.125338773715181
1992-12-30,0.842958904109589,-5.8695937789838855,0.8766348748742958
1992-12-31,0.8482739726027396,-6.218338422468254,0.9600644498655146
1993-01-01,0.8519999999999999,-6.886126269324594,-0.8858737306754065
1993-01-02,0.849890410958904,-7.221306458997936,-5.438583951960969
1993-01-03,0.8676986301369862,-6.639114678176017,-6.88858395196097
1993-01-04,0.8938356164383561,-7.187616961281041,-4.586218655157316
1993-01-05,0.8926027397260272,-7.054204246142298,-0.5883984935837292
1993-01-06,0.8894246575342464,-6.874877937747495,5.645453280213249
1993-01-07,0.8889863013698629,-6.34970969046966,4.820723389099797
1993-01-08,0.8915616438356164,-5.796353877333025,2.6947922334974086
1993-01-09,0.8884383561643835,-6.567875479019009,2.8194371228546258
1993-01-10,0.8767671232876713,-6.952945377157402,3.4261782538697307
1993-01-11,0.8614520547945206,-6.344883557698322,3.1634315029038014
1993-01-12,0.8433424657534246,-5.8177110954573665,3.724368629703942
1993-01-13,0.8252328767123287,-5.446057424926983,3.1408245482146544
1993-01-14,0.819013698630137,-4.891534067006366,2.7725203683762287
1993-01-15,0.8229863013698631,-4.98428643792312,4.4113001365532565
1993-01-16,0.8243013698630136,-5.72706199113703,5.612760621274017
1993-01-17,0.8233698630136985,-5.9490205439996915,6.9056506809859926
1993-01-18,0.8073150684931507,-6.536574460402923,3.519259391909772
1993-01-19,0.7777534246575342,-6.733023353975104,2.1452699293175694
1993-01-20,0.7475890410958903,-7.031281169219221,4.08369212812333
1993-01-21,0.7284383561643835,-6.974241478316517,5.125803122152133
1993-01-22,0.7104931506849315,-6.85518563005519,6.2146924793702585
1993-01-23,0.7069315068493149,-6.246212676068536,4.649281169219221
1993-01-24,0.6981095890410959,-6.688383382074859,6.060273793033763
1993-01-25,0.6746301369863013,-7.324531608277878,0.8099014712915773
1993-01-26,0.659890410958904,-7.4403398274559605,-5.3495505835029435
1993-01-27,0.6575342465753423,-7.088863887870433,-0.7986703587049098
1993-01-28,0.6586849315068491,-7.545687913160211,2.6170029816533615
1993-01-29,0.6572328767123286,-7.297627498688838,1.0703946219765097
1993-01-30,0.6365753424657532,-7.335795394719748,-0.010779947746005547
1993-01-31,0.6291506849315067,-7.293775724891859,0.7346250399603527
1993-02-01,0.624849315068493,-6.831487702412056,1.6166383873435626
1993-02-02,0.6185479452054793,-6.521976638133868,4.953428692928389
1993-02-03,0.6244109589041094,-6.593745517656172,5.549334558752063
1993-02-04,0.6203013698630135,-6.734910954958596,5.264609585095583
1993-02-05,0.6073150684931505,-6.943091495878863,3.825776427385713
1993-02-06,0.5955616438356164,-6.357349311122979,4.5817876672873625
1993-02-07,0.5782739726027396,-6.145156827807209,6.276882855204469
1993-02-08,0.5591232876712328,-7.438229535921012,7.3191062482497795
1993-02-09,0.5563287671232875,-7.513642251059754,6.467313483936467
1993-02-10,0.559808219178082,-7.509302244034816,4.999494024856734
1993-02-11,0.5671780821917807,-7.6464121843228385,4.539234102131058
1993-02-12,0.5776712328767123,-7.4344395815831135,4.236768348706401
1993-02-13,0.5868219178082191,-7.514391109507243,3.847569191699024
1993-02-14,0.599890410958904,-7.884687561913284,2.9147971509543806
1993-02-15,0.6051506849315069,-7.442676322011634,1.867525637080127
1993-02-16,0.6013972602739726,-7.944499293560633,-0.10689796671333962
1993-02-17,0.5942739726027397,-7.9744669788433855,0.4201930062406456
1993-02-18,0.5841369863013699,-8.227892338871486,3.253755352570117
1993-02-19,0.5758630136986302,-7.812736033989153,0.6768730202905227
1993-02-20,0.5831780821917809,-7.438166311474226,-3.6050117707175557
1993-02-21,0.5917534246575342,-6.508159989029547,-5.153593435627988
1993-02-22,0.5945479452054794,-6.458881450216762,-10.055666494988717
1993-02-23,0.5865753424657534,-6.808605370132464,-13.19796997233329
1993-02-24,0.5715342465753426,-7.457442040311599,-10.384092206263745
1993-02-25,0.5593150684931507,-7.011469437571872,-6.857845630921279
1993-02-26,0.5384383561643835,-6.687996307961758,-5.140442048202625
1993-02-27,0.5110958904109588,-6.739202489907665,-4.241893400503294
1993-02-28,0.48991780821917796,-6.268228833427159,-2.97168897479202
1993-03-01,0.48389041095890406,-6.656306810244861,1.9424163992859569
1993-03-02,0.4770410958904109,-7.091073933532533,1.3440328376421222
1993-03-03,0.48635616438356166,-7.197087280915743,-2.649268883467818
1993-03-04,0.4850684931506849,-6.783026866444371,-6.3020416267063135
1993-03-05,0.4742465753424657,-6.371295921590138,-7.6129506537523275
1993-03-06,0.47380821917808214,-5.973124513089962,-3.1506837060881203
1993-03-07,0.4810958904109589,-6.301552331846548,-1.8995435585644103
1993-03-08,0.4873972602739727,-6.100935542243457,-3.256461718030515
1993-03-09,0.48112328767123297,-6.587050048741524,-0.7640732389297087
1993-03-10,0.4803561643835617,-6.549626796194984,0.2592706318114226
1993-03-11,0.4815890410958904,-5.825435015373067,-0.05615402572282413
1993-03-12,0.4768493150684932,-5.2572614993913325,0.5104121843228393
1993-03-13,0.4675342465753426,-5.983395675717289,0.42586142914194625
1993-03-14,0.45991780821917816,-5.6011146781760175,0.8511968699568389
1993-03-15,0.45147945205479456,-5.379382328334079,2.037902876279284
1993-03-16,0.4417808219178083,-5.48494045970043,2.983159637782621
1993-03-17,0.4303835616438357,-5.247581134094529,4.277197572450693
1993-03-18,0.41246575342465763,-4.2096563009368175,7.44719054751216
1993-03-19,0.3925479452054796,-4.157675268270854,4.725127323065374
1993-03-20,0.3842739726027398,-4.757220052253995,6.102946079651256
1993-03-21,0.3864931506849315,-4.175884611439101,4.1493914607541695
1993-03-22,0.3936986301369863,-4.427621176244159,3.4139225461071727
1993-03-23,0.40175342465753433,-4.121782749830391,1.5000293251728567
1993-03-24,0.4054520547945206,-4.871725847828283,-1.643726206966238
1993-03-25,0.40953424657534254,-4.816027217691297,-6.203507028884045
1993-03-26,0.4144931506849316,-5.09124323455115,-8.233249916133783
1993-03-27,0.40619178082191787,-5.183326128825824,-9.382865651996093
1993-03-28,0.38427397260273977,-5.528761323767869,-9.165512648834872
1993-03-29,0.36372602739726034,-4.983116785657577,-8.300609241739684
1993-03-30,0.34482191780821925,-4.696721281618237,-2.398100636189982
1993-03-31,0.33843835616438367,-4.554541443191823,3.0861030870274395
1993-04-01,0.33339726027397265,-4.402521773363936,2.439124513089963
1993-04-02,0.32939726027397265,-4.0947479763846575,-2.4146492838893145
1993-04-03,0.3202739726027397,-3.26172514533443,-3.00854882726831
1993-04-04,0.31145205479452054,-3.033782749830391,-3.8376693049641295
1993-04-05,0.3077260273972603,-3.121732872766815,-4.095993154630445
1993-04-06,0.3076164383561644,-3.5048828552044693,-0.0827335831516951
1993-04-07,0.3072328767123288,-3.3825512781057685,-1.00468159860656
1993-04-08,0.3049589041095891,-3.7824444990400856,0.1474855949304965
1993-04-09,0.29747945205479465,-4.325312781442614,2.6278333293878195
1993-04-10,0.28824657534246595,-4.430534418253292,2.352287842910826
1993-04-11,0.2867123287671235,-4.3496829957032395,-0.06702933306388381
1993-04-12,0.2906301369863016,-3.8241065994967074,-1.476523537489594
1993-04-13,0.29742465753424685,-3.699958373293686,-1.1374662842405612
1993-04-14,0.29805479452054817,-3.529810849584518,-0.7782439449360301
1993-04-15,0.29997260273972626,-3.295453982707103,-1.4045186200326234
1993-04-16,0.29931506849315087,-3.9501670139680796,-1.0391480545250715
1993-04-17,0.3045753424657536,-3.63545749517637,-1.1791178472893833
1993-04-18,0.31849315068493156,-3.0300827147056983,1.081589564020767
1993-04-19,0.3484657534246576,-2.676071474804047,2.4476057213793894
1993-04-20,0.37016438356164394,-2.658051804976158,4.847887421414514
1993-04-21,0.37882191780821917,-2.376564625488979,4.00774270768076
1993-04-22,0.37775342465753425,-2.1774286929283893,3.249675268270855
1993-04-23,0.3793698630136987,-1.7045006985483397,2.555130835534641
1993-04-24,0.3867945205479452,-1.60474165393998,0.9579471333920346
1993-04-25,0.39416438356164385,-1.3483911095072436,-0.16577327405440023
1993-04-26,0.39490410958904115,-0.970426936693756,0.38552282710471486
1993-04-27,0.4024931506849315,-0.5687809935957578,3.5162878429108266
1993-04-28,0.40463013698630135,-0.44575535257011695,1.4011252155838156
1993-04-29,0.4152328767123288,-0.36008903715037677,1.064856160438048
1993-04-30,0.4342191780821918,-0.10397944810928078,0.849760270027089
1993-05-01,0.4426027397260274,-0.08841780427366439,0.31581506454763697
1993-05-02,0.44495890410958905,-0.2501269718184484,0.32516806770885937
1993-05-03,0.4448493150684931,-0.2514750575226986,0.7966257424542055
1993-05-04,0.44284931506849307,0.11849895020473389,1.2986517347267732
1993-05-05,0.4460821917808218,-0.08670371927190826,1.4706215274910865
1993-05-06,0.44542465753424654,-0.2317651874840614,0.3463405299498149
1993-05-07,0.44046575342465744,0.1394501268819379,0.9700841196934047
1993-05-08,0.4215616438356164,-0.018806985868325486,1.897245342032709
1993-05-09,0.40224657534246566,0.16499912582819712,2.022754298829337
1993-05-10,0.388904109589041,0.8065144050695039,2.304581485341455
1993-05-11,0.37238356164383557,0.8789808609880143,1.4986355773681501
1993-05-12,0.36539726027397257,1.1716327752837643,-0.05703003555773689
1993-05-13,0.3631780821917808,1.6106717636926158,-0.3838498458843964
1993-05-14,0.3674246575342466,1.9133068181358892,-0.3107314756701358
1993-05-15,0.37632876712328767,2.3271382196111263,-0.7634669867344139
1993-05-16,0.38380821917808217,2.3469380088629705,-0.5207462280410526
1993-05-17,0.36263013698630137,2.079670709951836,1.1876991530618626
1993-05-18,0.34641095890410956,1.521290660777266,2.3622983803186246
1993-05-19,0.35117808219178076,0.8342860945672206,3.194535823240999
1993-05-20,0.3535068493150684,0.4417557117080709,2.4147374389768608
1993-05-21,0.33142465753424644,0.5229106116026966,-2.764335269136943
1993-05-22,0.31016438356164366,1.26421303520649,0.24562258123186642
1993-05-23,0.2790136986301368,2.199844225933571,2.901142075436292
1993-05-24,0.2426301369863012,2.769824556105682,4.817545306908016
1993-05-25,0.20621917808219165,2.902159645673648,6.441621176244161
1993-05-26,0.18443835616438348,2.3225720095654645,7.312989634270153
1993-05-27,0.1741369863013698,2.6180395192247548,3.3878234944738748
1993-05-28,0.17120547945205472,3.3267370956209614,-1.7479425750730162
1993-05-29,0.1756164383561643,3.5091782617607574,0.9952052998830778
1993-05-30,0.16580821917808208,3.7641561332043825,1.3200356476175354
1993-05-31,0.14095890410958895,3.4835597159230334,0.36548137996737795
1993-06-01,0.13035616438356154,4.096879701873156,2.772764133743282
1993-06-02,0.11964383561643828,3.719338430359282,-0.5589822659757204
1993-06-03,0.11852054794520539,3.140810154981692,-2.3193307029268975
1993-06-04,0.13282191780821911,2.753534426144319,2.253643656047461
1993-06-05,0.1573972602739725,2.720678086137294,5.511924653588734
1993-06-06,0.16753424657534238,3.404964001135538,5.757501752289119
1993-06-07,0.18720547945205473,4.208854412094443,5.763940108453502
1993-06-08,0.18780821917808216,4.4431073098815865,6.279084470940331
1993-06-09,0.19287671232876713,4.101932037665219,5.285191250006014
1993-06-10,0.20830136986301367,4.352151918241264,1.3795467118957232
1993-06-11,0.21345205479452045,4.515270990949378,-0.5987230457438981
1993-06-12,0.20317808219178068,4.64739533236139,-5.170573414553171
1993-06-13,0.18964383561643824,4.398231300046674,-4.287875135663112
1993-06-14,0.19736986301369858,4.771327892951485,-2.788697755965183
1993-06-15,0.18350684931506844,4.822098528708422,-1.5856053780234909
1993-06-16,0.16238356164383555,5.01027696214713,1.7373394762090344
1993-06-17,0.14953424657534245,5.386000179568977,-1.4655344261443188
1993-06-18,0.1441095890410959,5.604099231202276,2.2817911797566275
1993-06-19,0.1441917808219179,5.769240783713691,4.826567435464391
1993-06-20,0.14802739726027406,6.115490871525423,1.5964817312143031
1993-06-21,0.15493150684931511,6.618806642512426,0.8262618506382591
1993-06-22,0.15378082191780823,6.442742013077933,0.893477165004259
1993-06-23,0.1391780821917808,6.005523186242669,-0.4147012684344489
1993-06-24,0.12589041095890408,6.105474011672947,-3.011364422631851
1993-06-25,0.10791780821917812,6.463422027127811,-1.6813398353469893
1993-06-26,0.0838630136986302,6.6153679351011165,-2.0692309487997465
1993-06-27,0.05641095890410965,6.7376236428636735,0.1559653982322171
1993-06-28,0.029342465753424696,6.846494735241616,0.3041627990049589
1993-06-29,0.01238356164383562,7.677430615115167,2.0601858232409977
1993-06-30,0.0013972602739726284,7.638049793197358,-0.35944705347133077
1993-07-01,0.00271232876712333,7.216994998676809,-0.3197073274439326
1993-07-02,0.005561643835616494,7.726461437032974,-1.0520230808685902
1993-07-03,-0.00021917808219173648,7.816629930183659,-0.20641075210146642
1993-07-04,0.015972602739726068,7.758190889087769,3.435836508172506
1993-07-05,0.038328767123287706,7.849064176759002,4.18260705611771
1993-07-06,0.05380821917808223,7.624521711005577,-4.2283299301836585
1993-07-07,0.054356164383561625,7.535721711005578,-3.8200778753891393
1993-07-08,0.040575342465753374,7.660425820594618,-1.251001163060371
1993-07-09,0.03112328767123284,7.659828560320647,0.42904815200811885
1993-07-10,0.027205479452054752,7.68018212547695,-2.607387604929005
1993-07-11,0.02621917808219172,7.488536884872805,-9.054756062954997
1993-07-12,0.023972602739725984,7.555372852558088,-9.099345455297815
1993-07-13,0.01506849315068487,7.205849143390544,-8.350917636541228
1993-07-14,0.009150684931506808,7.305116442301679,-4.884267127233185
1993-07-15,0.009205479452054771,7.330495437735468,-0.33970091718752293
1993-07-16,0.0022465753424657023,7.646339484100062,2.7014139405574715
1993-07-17,-0.019479452054794566,7.703801373808528,3.3056780782462667
1993-07-18,-0.047150684931506884,8.03939533236139,1.8377553525701167
1993-07-19,-0.0834246575342466,8.195239378725985,-0.9418147211917383
1993-07-20,-0.10956164383561648,8.524629614061425,-5.105067970225808
1993-07-21,-0.1238904109589042,8.249456449326617,-6.325566038367713
1993-07-22,-0.14720547945205492,8.07071672329922,-6.663511243847165
1993-07-23,-0.1672602739726029,8.549601865554225,-3.772341591581622
1993-07-24,-0.1734520547945207,8.76107921012746,1.1523728446670596
1993-07-25,-0.17805479452054804,8.624287499554926,-1.3762327050343774
1993-07-26,-0.1880000000000001,8.375106607387734,-4.647106607387734
1993-07-27,-0.17789041095890426,8.768581141985555,-1.8606907310266507
1993-07-28,-0.16490410958904123,8.909926417714393,1.444977691874648
1993-07-29,-0.16271232876712338,8.911056027830305,4.081656300936817
1993-07-30,-0.17717808219178094,8.542165265624476,4.445012816567305
1993-07-31,-0.19224657534246584,8.147170534328373,-1.9149239589859066
1993-08-01,-0.1860273972602741,8.681203551539472,0.664823845720802
1993-08-02,-0.18630136986301388,8.519180369242317,2.4871210006206965
1993-08-03,-0.1847671232876714,7.949296983221945,3.215470140065726
1993-08-04,-0.18989041095890427,8.453571658318538,3.026318752640366
1993-08-05,-0.2015890410958906,9.16424113496062,3.2673479061352726
1993-08-06,-0.21123287671232893,8.66974657928798,0.2814862974243493
1993-08-07,-0.21868493150684953,8.564114686067047,1.6545702454398032
1993-08-08,-0.23326027397260296,8.37739533236139,-0.17413505838878685
1993-08-09,-0.25156164383561663,8.975322975494512,-2.823761331658895
1993-08-10,-0.275178082191781,8.932508785118678,-3.497330702926897
1993-08-11,-0.2987397260273975,8.89066614374179,-1.1919264177143916
1993-08-12,-0.32043835616438376,8.38539743984295,1.8450409163214339
1993-08-13,-0.3458630136986303,8.317084127584431,2.5487788861141993
1993-08-14,-0.3778356164383563,8.196149810759705,2.05168580567865
1993-08-15,-0.4076712328767124,8.677133302154154,2.6105379307225594
1993-08-16,-0.4338904109589041,7.893801373808529,3.3300890371503744
1993-08-17,-0.44843835616438354,7.751190906650114,3.477247449514268
1993-08-18,-0.4548493150684932,7.766952761233887,3.5778965538346066
1993-08-19,-0.4656712328767123,7.973079912621312,2.6925913202553993
1993-08-20,-0.47528767123287674,8.140393576126758,3.034894095106118
1993-08-21,-0.48331506849315065,7.9143275417045595,6.028987526788591
1993-08-22,-0.47871232876712333,8.228461718030514,5.080250610736609
1993-08-23,-0.46682191780821924,7.889133302154154,1.9276886156540654
1993-08-24,-0.4396438356164385,7.4533911173982705,0.046252718218167566
1993-08-25,-0.4024109589041097,7.278654903840141,-0.23624394493603162
1993-08-26,-0.3724109589041097,7.753854060847515,0.5185568980565955
1993-08-27,-0.3480000000000002,7.775518971279549,-2.2175189712795493
1993-08-28,-0.3186301369863016,7.320444155684187,-6.051814018697885
1993-08-29,-0.29684931506849344,6.861314545568274,-5.2244652304997805
1993-08-30,-0.2815068493150687,6.879403762287627,-2.277896912972558
1993-08-31,-0.2779178082191783,6.47600298954439,-3.3080851813252115
1993-09-01,-0.27413698630137007,6.201467689228267,-3.407330702926897
1993-09-02,-0.25830136986301383,6.061980509741088,-1.8636791398780739
1993-09-03,-0.23668493150684944,6.24275887293041,-2.976073941423561
1993-09-04,-0.19958904109589048,5.6700816688559454,-6.610492627760054
1993-09-05,-0.18254794520547946,5.8623928736329045,-6.749844928427425
1993-09-06,-0.16676712328767124,5.695381282484327,-2.5986141591966554
1993-09-07,-0.14383561643835618,5.494617671665921,-1.0107820552275646
1993-09-08,-0.11750684931506847,5.281013878199114,0.39649297111595416
1993-09-09,-0.09726027397260256,5.586893049256367,1.2303672247162352
1993-09-10,-0.0793424657534245,6.073948195023842,-2.614605729270418
1993-09-11,-0.06808219178082175,6.217741661831007,-2.7496594700501853
1993-09-12,-0.0605479452054793,5.98430997935823,-1.1037620341527505
1993-09-13,-0.05158904109589031,5.390670358704909,-1.2190813176090192
1993-09-14,-0.046602739726027284,4.631134004648008,-2.9445312649219804
1993-09-15,-0.05134246575342455,4.917950302505401,-2.7066078367519766
1993-09-16,-0.06887671232876698,5.093451531869645,-2.384574819540878
1993-09-17,-0.09698630136986303,5.059232353787453,-1.76224605241759
1993-09-18,-0.10934246575342461,5.30114735203122,0.6681951137222057
1993-09-19,-0.12465753424657529,5.471748686769539,2.7129088474770366
1993-09-20,-0.1334794520547945,5.39086494950224,4.732614502552555
1993-09-21,-0.13734246575342465,5.345998072087418,4.811344393666007
1993-09-22,-0.1285479452054795,4.331037762990123,2.0775101822153568
1993-09-23,-0.10169863013698627,4.213026523088471,0.8486721070485146
1993-09-24,-0.06605479452054792,4.014211630218784,1.6118431643017637
1993-09-25,-0.040739726027397095,3.938477172895285,-2.207737446867888
1993-09-26,-0.015369863013698425,3.9207848652029775,-6.14541500218928
1993-09-27,0.020739726027397487,3.8721484057719975,-4.912888131799395
1993-09-28,0.057890410958904334,3.723670007457983,-5.791560418416887
1993-09-29,0.08076712328767147,3.1143795262496936,-4.765146649537365
1993-09-30,0.0839452054794523,3.4609703235802174,-3.4049155290596698
1993-10-01,0.08186301369863042,3.9452815283571745,-3.047144542055805
1993-10-02,0.07361643835616463,3.9082692347147447,-5.121885673070909
1993-10-03,0.061397260273972826,3.8416201303944075,-5.72301739066838
1993-10-04,0.05882191780821939,3.7382074152556646,-3.4870293330638837
1993-10-05,0.05046575342465778,3.4934508293757913,-1.3939165828004492
1993-10-06,0.03219178082191805,2.7181947703663076,-0.8903865511882256
1993-10-07,0.022219178082191995,1.961820341142563,-1.144039519224755
1993-10-08,0.008465753424657739,2.31159203064028,-1.7100577840649378
1993-10-09,-0.010219178082191572,2.551293470752679,-2.5610742926704875
1993-10-10,-0.03284931506849296,3.110797510092335,-1.2379481950238418
1993-10-11,-0.0455616438356162,3.1437395543494477,0.4518220894861682
1993-10-12,-0.05295890410958869,2.9772091714902973,0.9657497326192916
1993-10-13,-0.05676712328767084,2.783380579990473,-0.16661345670280214
1993-10-14,-0.059452054794520176,2.857145947043512,-0.5576938922489916
1993-10-15,-0.06008219178082157,2.7451340046480075,-3.0550518128671857
1993-10-16,-0.05279452054794487,2.5351747492914916,-2.812380228743547
1993-10-17,-0.04326027397260247,2.297583600714042,-0.3143233267414396
1993-10-18,-0.04723287671232848,1.5673257854699252,0.8099070912424036
1993-10-19,-0.05046575342465724,0.6918990204541192,1.8385667329705382
1993-10-20,-0.06109589041095864,0.5998140186978846,0.8512818717130739
1993-10-21,-0.07164383561643813,0.07143748199258068,-4.779793646376143
1993-10-22,-0.0765753424657532,0.434118198536311,-7.207542856070557
1993-10-23,-0.08073972602739704,0.9325242399834485,-4.251784513956051
1993-10-24,-0.08150684931506827,0.9541547282166764,-5.072647878901608
1993-10-25,-0.08109589041095865,1.0387174257930725,-3.4176215353821138
1993-10-26,-0.08509589041095869,1.0161645631306206,-3.021068672719662
1993-10-27,-0.09427397260273948,0.7095365336258791,-1.3152625610231397
1993-10-28,-0.0928219178082189,0.8556067830111969,2.3272151347970222
1993-10-29,-0.08523287671232846,1.5459798072472348,1.4792530694650936
1993-10-30,-0.07399999999999968,1.6977065371383482,-0.47370653713834865
1993-10-31,-0.06597260273972572,1.6723781212619873,-2.0364055185222614
1993-11-01,-0.06235616438356134,1.2832211138858016,0.11913505049775974
1993-11-02,-0.054657534246575046,0.10286705698379968,1.2517904772627753
1993-11-03,-0.05202739726027364,-0.5999956054679039,1.4320230027281775
1993-11-04,-0.06657534246575317,-0.9022604456505525,1.8088357881163057
1993-11-05,-0.07175342465753404,-0.5789769893807946,2.6007304140383285
1993-11-06,-0.06347945205479431,-0.33294748463896096,0.9864269366937553
1993-11-07,-0.062410958904109345,-0.3139752331461618,-0.6136138079497289
1993-11-08,-0.06846575342465726,-0.6598066346213988,-1.8517276119539443
1993-11-09,-0.0740547945205477,-1.6624030519027482,-1.7135421535767041
1993-11-10,-0.07679452054794496,-1.9510739335325336,-1.1621315459195216
1993-11-11,-0.07572602739726006,-2.8881269718184486,0.22385299921570834
1993-11-12,-0.07482191780821892,-4.0193633610000425,-1.8958147211917389
1993-11-13,-0.0756164383561641,-3.271392163248023,-2.102991398395813
1993-11-14,-0.07109589041095865,-2.9015333645125123,-0.2973707450765293
1993-11-15,-0.06786301369862993,-3.2643222651096324,-5.387814721191738
1993-11-16,-0.06871232876712306,-3.2585365257348515,-5.852751145498025
1993-11-17,-0.07772602739726,-2.783034593876755,-3.939239378725985
1993-11-18,-0.08901369863013672,-3.6141571790541347,-5.09682912231573
1993-11-19,-0.09509589041095859,-4.008117839398357,-6.866786270190685
1993-11-20,-0.08345205479452025,-4.270810498337591,-8.85573744686789
1993-11-21,-0.07775342465753393,-3.8082077586115646,-9.274038816730902
1993-11-22,-0.07808219178082162,-4.5146468172698,-8.447270990949377
1993-11-23,-0.08646575342465725,-4.422303297775596,-4.811230948799748
1993-11-24,-0.09720547945205446,-3.870726901569063,-0.9520676189788824
1993-11-25,-0.11578082191780786,-4.790910252464743,2.3066910743825506
1993-11-26,-0.1313972602739723,-4.439180712598216,3.8805779728721888
1993-11-27,-0.12356164383561613,-4.460228833427158,2.9337904772627743
1993-11-28,-0.1283835616438353,-4.114927814811072,0.7433113764549071
1993-11-29,-0.13309589041095868,-4.292378464617886,-5.424525644971156
1993-11-30,-0.12649315068493128,-4.150512640943843,0.41700579162877416
1993-12-01,-0.11715068493150661,-3.947609233848656,-2.1852400812198374
1993-12-02,-0.09909589041095872,-4.23279925843594,1.0518951488468993
1993-12-03,-0.09106849315068474,-4.137071826050973,6.208140319201657
1993-12-04,-0.10172602739726005,-4.800926409823366,7.582652437220626
1993-12-05,-0.13295890410958883,-5.359052156223084,2.0920110603326734
1993-12-06,-0.15756164383561622,-5.913653490961405,3.5212151347970213
1993-12-07,-0.16953424657534222,-5.665217242278582,0.5247514888539246
1993-12-08,-0.18021917808219157,-5.219905686254697,1.4401248643368891
1993-12-09,-0.20989041095890393,-5.219241127069589,4.1091315380284925
1993-12-10,-0.23126027397260251,-5.187364765987748,2.978625039960351
1993-12-11,-0.2502465753424656,-5.240638387343562,-2.589115037313972
1993-12-12,-0.24860273972602723,-5.291845974277177,-4.269551285996796
1993-12-13,-0.2423287671232875,-5.151193357487574,1.6735221246108614
1993-12-14,-0.2390136986301369,-5.3989172774032745,-0.2320690239665888
1993-12-15,-0.23254794520547944,-5.646160691523401,-2.301291363271119
1993-12-16,-0.23594520547945202,-6.152559005538153,-1.641495788982394
1993-12-17,-0.23021917808219172,-6.533144885411704,1.1933640634938953
1993-12-18,-0.22709589041095884,-6.692673512036221,3.2697694024471797
1993-12-19,-0.23578082191780805,-6.35418246883285,5.649963290750658
1993-12-20,-0.24410958904109573,-5.93785791667268,8.501967505713775
1993-12-21,-0.24854794520547935,-6.405264309366745,3.533812254572225
1993-12-22,-0.24441095890410952,-6.692153666584869,-2.7734353745110214
1993-12-23,-0.2314794520547945,-6.653272739292981,-1.0752478086522244
1993-12-24,-0.20906849315068488,-5.980386192050272,-4.190545314799044
1993-12-25,-0.19410958904109576,-5.777692830617183,-5.0481975803417205
1993-12-26,-0.18043835616438342,-5.485762377508649,-8.063799266326967
1993-12-27,-0.17495890410958892,-4.766436771607699,-7.608604324282712
1993-12-28,-0.1642739726027396,-4.468885665179881,-6.736840362217379
1993-12-29,-0.16145205479452046,-5.35002370522203,-0.8785242399834488
1993-12-30,-0.15158904109589033,-5.8695937789838855,2.3511828200797757
1993-12-31,-0.13780821917808217,-6.218338422468254,2.9861466416463363
1994-01-01,-0.11909589041095889,-6.886126269324594,-2.0247778402644467
1994-01-02,-0.09882191780821914,-7.221306458997936,1.4201283768061543
1994-01-03,-0.08882191780821921,-6.639114678176017,2.227936595984236
1994-01-04,-0.09326027397260282,-7.187616961281041,2.050877235253643
1994-01-05,-0.07624657534246584,-7.054204246142298,0.5804508214847637
1994-01-06,-0.0719452054794521,-6.874877937747495,1.5768231432269477
1994-01-07,-0.0744931506849315,-6.34970969046966,2.3342028411545916
1994-01-08,-0.07999999999999995,-5.796353877333025,2.2363538773330247
1994-01-09,-0.07142465753424654,-6.567875479019009,3.4193001365532556
1994-01-10,-0.0386027397260274,-6.952945377157402,3.5215481168834293
1994-01-11,-0.005397260273972592,-6.344883557698322,0.7802808179722938
1994-01-12,0.025671232876712358,-5.8177110954573665,2.382039862580654
1994-01-13,0.04709589041095889,-5.446057424926983,3.9389615345160243
1994-01-14,0.05408219178082197,-4.891534067006366,0.9974518752255439
1994-01-15,0.05947945205479455,-4.98428643792312,-2.7551930141316747
1994-01-16,0.0678630136986302,-5.72706199113703,-3.730801022561601
1994-01-17,0.069068493150685,-5.9490205439996915,-5.580047949150994
1994-01-18,0.07049315068493157,-6.536574460402923,-5.283918690282009
1994-01-19,0.07871232876712339,-6.733023353975104,-2.3856889747920187
1994-01-20,0.09936986301369871,-7.031281169219221,-3.778088693794479
1994-01-21,0.12624657534246583,-6.974241478316517,-1.5920050970259476
1994-01-22,0.14386301369863017,-6.85518563005519,4.52132261635656
1994-01-23,0.1486027397260274,-6.246212676068536,3.527609936342509
1994-01-24,0.1586575342465753,-6.688383382074859,2.9697258478282835
1994-01-25,0.1810958904109589,-7.324531608277878,4.9934357178669195
1994-01-26,0.19619178082191777,-7.4403398274559605,-0.14585195336595724
1994-01-27,0.19852054794520535,-7.088863887870433,0.46034333992522836
1994-01-28,0.19468493150684923,-7.545687913160211,-2.198997018346639
1994-01-29,0.19049315068493147,-7.297627498688838,-3.9628656519960934
1994-01-30,0.20232876712328762,-7.335795394719748,2.693466627596459
1994-01-31,0.20147945205479456,-7.293775724891859,1.062296272837064
1994-02-01,0.19980821917808228,-6.831487702412056,2.6016794832339736
1994-02-02,0.20364383561643842,-6.521976638133868,3.49833280251743
1994-02-03,0.21413698630136996,-6.593745517656172,1.6896085313548017
1994-02-04,0.21915068493150688,-6.734910954958596,2.145760270027089
1994-02-05,0.23030136986301364,-6.943091495878863,1.482790126015849
1994-02-06,0.23602739726027389,-6.357349311122979,-0.3786780861372945
1994-02-07,0.24438356164383557,-6.145156827807209,-0.06922673383662659
1994-02-08,0.26569863013698625,-7.438229535921012,-1.007469094215974
1994-02-09,0.28106849315068483,-7.513642251059754,-1.8574262420909298
1994-02-10,0.28126027397260267,-7.509302244034816,-2.6419580299377854
1994-02-11,0.2695342465753424,-7.6464121843228385,-4.443122062252503
1994-02-12,0.2568767123287671,-7.4344395815831135,-7.112437130745652
1994-02-13,0.24695890410958896,-7.514391109507243,-6.702567794602346
1994-02-14,0.23909589041095883,-7.884687561913284,-6.294408328497673
1994-02-15,0.23660273972602733,-7.442676322011634,-3.073926417714393
1994-02-16,0.23002739726027388,-7.944499293560633,-2.0755281036996402
1994-02-17,0.2110410958904109,-7.9744669788433855,-3.1465741170470247
1994-02-18,0.2044383561643835,-8.227892338871486,0.12345398270710284
1994-02-19,0.20443835616438355,-7.812736033989153,-1.8817023221752303
1994-02-20,0.20265753424657537,-7.438166311474226,-1.5444912227723497
1994-02-21,0.20298630136986318,-6.508159989029547,-0.42482631234031665
1994-02-22,0.21158904109589055,-6.458881450216762,0.24729240912087214
1994-02-23,0.21369863013698642,-6.808605370132464,0.7649067399954781
1994-02-24,0.20493150684931521,-7.457442040311599,0.932510533462283
1994-02-25,0.19865753424657542,-7.011469437571872,2.412811903325296
1994-02-26,0.2094246575342466,-6.687996307961758,5.908571650427512
1994-02-27,0.2339178082191781,-6.739202489907665,3.985284681688487
1994-02-28,0.2524657534246576,-6.268228833427159,2.8657630800025014
1994-03-01,0.26572602739726026,-6.656306810244861,3.470580782847601
1994-03-02,0.27947945205479446,-7.091073933532533,2.9215944814777384
1994-03-03,0.2927397260273972,-7.197087280915743,3.3243475548883454
1994-03-04,0.2923013698630136,-6.783026866444371,1.7807254965813577
1994-03-05,0.2958356164383561,-6.371295921590138,6.105460305151782
1994-03-06,0.31517808219178084,-5.973124513089962,3.227946430898181
1994-03-07,0.3382465753424658,-6.301552331846548,4.003305756504082
1994-03-08,0.35739726027397273,-6.100935542243457,5.243538281969484
1994-03-09,0.3707397260273974,-6.587050048741524,8.956310322714128
1994-03-10,0.3702465753424659,-6.549626796194984,7.759380220852518
1994-03-11,0.3584383561643837,-5.825435015373067,6.606996659208683
1994-03-12,0.36342465753424674,-5.2572614993913325,4.7338368418570855
1994-03-13,0.3720000000000001,-5.983395675717289,3.2713956757172893
1994-03-14,0.37882191780821917,-5.6011146781760175,4.202292760367799
1994-03-15,0.38227397260273965,-5.379382328334079,3.927108355731339
1994-03-16,0.38435616438356157,-5.48494045970043,1.3105842953168683
1994-03-17,0.37673972602739714,-5.247581134094529,-2.0691585919328688
1994-03-18,0.366,-4.2096563009368175,-2.7663436990631824
1994-03-19,0.34641095890410956,-4.157675268270854,0.2612643093667444
1994-03-20,0.31934246575342456,-4.757220052253995,0.5778775865005708
1994-03-21,0.291945205479452,-4.175884611439101,1.0239394059596494
1994-03-22,0.2666575342465753,-4.427621176244159,2.130963641997584
1994-03-23,0.24287671232876706,-4.121782749830391,4.868906037501624
1994-03-24,0.23934246575342466,-4.871725847828283,8.322383382074857
1994-03-25,0.2484931506849315,-4.816027217691297,6.9675340670063655
1994-03-26,0.25619178082191785,-5.09124323455115,1.165051453729232
1994-03-27,0.27260273972602744,-5.183326128825824,0.010723389099796421
1994-03-28,0.29402739726027405,-5.528761323767869,4.104733926507595
1994-03-29,0.3109041095890412,-4.983116785657577,5.312212676068536
1994-03-30,0.33134246575342474,-4.696721281618237,5.9653788158648124
1994-03-31,0.3545205479452056,-4.554541443191823,4.230020895246618
1994-04-01,0.3748493150684933,-4.402521773363936,1.6376724582954423
1994-04-02,0.39153424657534264,-4.0947479763846575,-5.486786270190685
1994-04-03,0.4114520547945206,-3.26172514533443,-7.55972690946009
1994-04-04,0.4253150684931508,-3.033782749830391,-4.89153231866276
1994-04-05,0.41917808219178093,-3.121732872766815,-7.257445209424967
1994-04-06,0.40205479452054815,-3.5048828552044693,-6.847171939316079
1994-04-07,0.3881095890410961,-3.3825512781057685,-4.725558310935327
1994-04-08,0.3778082191780824,-3.7824444990400856,-4.945363720137996
1994-04-09,0.3678082191780824,-4.325312781442614,-4.262495437735469
1994-04-10,0.37460273972602753,-4.430534418253292,-5.994068321472736
1994-04-11,0.38375342465753437,-4.3496829957032395,-4.804070428954295
1994-04-12,0.38947945205479473,-3.8241065994967074,-4.275372852558087
1994-04-13,0.3979452054794522,-3.699958373293686,-2.627986832185766
1994-04-14,0.4107671232876714,-3.529810849584518,-1.8709562737031535
1994-04-15,0.4232054794520549,-3.295453982707103,-1.7577514967449521
1994-04-16,0.44161643835616454,-3.9501670139680796,1.4785505756119153
1994-04-17,0.45539726027397276,-3.63545749517637,2.150060234902397
1994-04-18,0.4605479452054796,-3.0300827147056983,-0.5104652304997814
1994-04-19,0.46413698630136996,-2.676071474804047,1.151934488502677
1994-04-20,0.4583013698630138,-2.658051804976158,0.8797504351131442
1994-04-21,0.45578082191780833,-2.376564625488979,0.08078380357117076
1994-04-22,0.47643835616438357,-2.1774286929283893,1.3509903367640057
1994-04-23,0.5046849315068493,-1.7045006985483397,0.9098157670414904
1994-04-24,0.5138904109589041,-1.60474165393998,0.5508512429810757
1994-04-25,0.5197534246575343,-1.3483911095072436,-0.14136231515029074
1994-04-26,0.524,-0.970426936693756,-1.2035730633062438
1994-04-27,0.5224931506849315,-0.5687809935957578,0.04628784291082633
1994-04-28,0.5169041095890412,-0.44575535257011695,1.8188512429810757
1994-04-29,0.5017808219178084,-0.36008903715037677,3.748308215232569
1994-04-30,0.48764383561643865,-0.10397944810928078,4.896335612492843
1994-05-01,0.48994520547945225,-0.08841780427366439,3.198472598794212
1994-05-02,0.507232876712329,-0.2501269718184484,1.5828940951061197
1994-05-03,0.509232876712329,-0.2514750575226986,3.5422421808103697
1994-05-04,0.5116164383561645,0.11849895020473389,2.1898846114391017
1994-05-05,0.5167945205479454,-0.08670371927190826,-3.9100908012760374
1994-05-06,0.5229315068493152,-0.2317651874840614,-1.621166319365254
1994-05-07,0.524191780821918,0.1394501268819379,3.906358092296144
1994-05-08,0.5252602739726029,-0.018806985868325486,2.1835467118957226
1994-05-09,0.5304383561643837,0.16499912582819712,-0.3154374819925808
1994-05-10,0.5382191780821919,0.8065144050695039,0.11526641684830419
1994-05-11,0.5489589041095891,0.8789808609880143,0.32206023490239644
1994-05-12,0.5518356164383562,1.1716327752837643,0.1465316082778796
1994-05-13,0.5504657534246576,1.6106717636926158,-0.2411375171172736
1994-05-14,0.5640000000000001,1.9133068181358892,-0.7973068181358893
1994-05-15,0.5775890410958905,2.3271382196111263,0.6852727392929832
1994-05-16,0.5956438356164384,2.3469380088629705,0.44741815552059094
1994-05-17,0.6267123287671234,2.079670709951836,0.6136169612810405
1994-05-18,0.6492876712328768,1.521290660777266,-1.2305783320101429
1994-05-19,0.6588493150684931,0.8342860945672206,-1.2331354096357137
1994-05-20,0.6723561643835616,0.4417557117080709,-0.12411187609163249
1994-05-21,0.7060547945205479,0.5229106116026966,1.1110345938767554
1994-05-22,0.755068493150685,1.26421303520649,1.8807184716428251
1994-05-23,0.8030410958904111,2.199844225933571,2.257114678176018
1994-05-24,0.8458904109589042,2.769824556105682,1.1542850329354137
1994-05-25,0.8806849315068495,2.902159645673648,1.847155422819502
1994-05-26,0.9025205479452056,2.3225720095654645,-0.1850925575106701
1994-05-27,0.9128493150684933,2.6180395192247548,-3.0508888342932483
1994-05-28,0.9134246575342466,3.3267370956209614,0.3698382468447923
1994-05-29,0.91413698630137,3.5091782617607574,-1.5033152480621275
1994-05-30,0.9284383561643837,3.7641561332043825,-1.1625944893687663
1994-05-31,0.9559726027397262,3.4835597159230334,1.9604676813372413
1994-06-01,0.9647397260273973,4.096879701873156,5.348380572099446
1994-06-02,0.9811506849315068,3.719338430359282,5.169510884709211
1994-06-03,0.9848493150684933,3.140810154981692,-0.2556594700501851
1994-06-04,0.9755890410958905,2.753534426144319,-2.4791234672402096
1994-06-05,0.9698904109589042,2.720678086137294,-6.700568497096198
1994-06-06,0.9768219178082191,3.404964001135538,-4.031785918943757
1994-06-07,0.9735068493150686,4.208854412094443,0.6076387385904889
1994-06-08,0.9784383561643837,4.4431073098815865,1.5884543339540294
1994-06-09,0.9794794520547947,4.101932037665219,-6.331411489720014
1994-06-10,0.9773698630136988,4.352151918241264,-7.189521781254962
1994-06-11,0.9806301369863015,4.515270990949378,-8.295901127935679
1994-06-12,1.0105205479452057,4.64739533236139,-5.377915880306596
1994-06-13,1.05027397260274,4.398231300046674,-2.858505272649414
1994-06-14,1.0685753424657536,4.771327892951485,-2.449903235417238
1994-06-15,1.0746849315068496,4.822098528708422,-0.11678346021527197
1994-06-16,1.0785479452054796,5.01027696214713,-0.4188249073526098
1994-06-17,1.0854520547945206,5.386000179568977,-0.31145223436349756
1994-06-18,1.0904931506849316,5.604099231202276,2.4754076181127926
1994-06-19,1.0944657534246578,5.769240783713691,0.7062934628616517
1994-06-20,1.079287671232877,6.115490871525423,-2.3747785427582997
1994-06-21,1.048109589041096,6.618806642512426,-1.6869162315535213
1994-06-22,1.0242465753424659,6.442742013077933,1.5330114115796007
1994-06-23,1.0137534246575344,6.005523186242669,3.4307233890997972
1994-06-24,1.0122739726027399,6.105474011672947,4.282252015724313
1994-06-25,1.0202739726027399,6.463422027127811,2.8663040002694498
1994-06-26,1.0297534246575344,6.6153679351011165,1.9748786402413492
1994-06-27,1.047369863013699,6.7376236428636735,1.1650064941226264
1994-06-28,1.0695068493150686,6.846494735241616,3.1639984154433156
1994-06-29,1.09813698630137,7.677430615115167,2.0044323985834627
1994-06-30,1.1147123287671232,7.638049793197358,2.12723787803552
1994-07-01,1.1146027397260274,7.216994998676809,3.5984022615971627
1994-07-02,1.1046027397260274,7.726461437032974,4.678935823240998
1994-07-03,1.1015068493150686,7.816629930183659,6.091863220501272
1994-07-04,1.0778630136986302,7.758190889087769,6.0239460972136
1994-07-05,1.0474246575342465,7.849064176759002,1.55351116570675
1994-07-06,1.0107671232876712,7.624521711005577,1.0247111657067522
1994-07-07,0.988931506849315,7.535721711005578,-3.184653217854893
1994-07-08,0.9724383561643837,7.660425820594618,-3.112864176759002
1994-07-09,0.9517534246575343,7.659828560320647,-2.5015819849781806
1994-07-10,0.9333150684931508,7.68018212547695,-0.3834971939701006
1994-07-11,0.9190410958904112,7.488536884872805,2.0324220192367823
1994-07-12,0.9103013698630138,7.555372852558088,2.1343257775788977
1994-07-13,0.9018904109589041,7.205849143390544,2.102260445650553
1994-07-14,0.8743835616438358,7.305116442301679,2.070499996054486
1994-07-15,0.8365753424657536,7.330495437735468,1.382929219798779
1994-07-16,0.8163561643835617,7.646339484100062,3.857304351516377
1994-07-17,0.8197808219178082,7.703801373808528,5.526417804273665
1994-07-18,0.8378904109589042,8.03939533236139,1.3927142566797048
1994-07-19,0.8603287671232878,8.195239378725985,-1.3655681458492719
1994-07-20,0.874082191780822,8.524629614061425,-3.088711805842247
1994-07-21,0.8773424657534248,8.249456449326617,0.21320108491995704
1994-07-22,0.8886575342465757,8.07071672329922,2.1106257424542036
1994-07-23,0.8901369863013702,8.549601865554225,1.600261148144405
1994-07-24,0.8835890410958906,8.76107921012746,1.8253317487766498
1994-07-25,0.8816438356164387,8.624287499554926,1.2340686648286354
1994-07-26,0.8667945205479455,8.375106607387734,2.488098872064322
1994-07-27,0.8648767123287674,8.768581141985555,2.606542145685678
1994-07-28,0.8769041095890415,8.909926417714393,1.2531694726965643
1994-07-29,0.8651232876712331,8.911056027830305,1.653820684498461
1994-07-30,0.8751506849315072,8.542165265624476,1.8626840494440167
1994-07-31,0.8919726027397263,8.147170534328373,1.320856862931901
1994-08-01,0.8906849315068496,8.681203551539472,-0.7218884830463219
1994-08-02,0.8889041095890413,8.519180369242317,0.8019155211686417
1994-08-03,0.8984383561643838,7.949296983221945,3.532264660613672
1994-08-04,0.8977260273972605,8.453571658318538,5.7687023142842015
1994-08-05,0.9024657534246578,9.16424113496062,3.993293111614724
1994-08-06,0.9063561643835619,8.66974657928798,3.2338972563284596
1994-08-07,0.9137808219178085,8.564114686067047,2.6121044920151455
1994-08-08,0.9256986301369866,8.37739533236139,1.716906037501623
1994-08-09,0.9421643835616441,8.975322975494512,3.762512640943843
1994-08-10,0.9554246575342469,8.932508785118678,0.8820665573470752
1994-08-11,0.9677534246575346,8.89066614374179,-2.388419568399325
1994-08-12,0.9805753424657536,8.38539743984295,-3.7359727823087043
1994-08-13,1.0003287671232879,8.317084127584431,-3.417412894707719
1994-08-14,1.0331780821917809,8.196149810759705,-2.9793278929514857
1994-08-15,1.06213698630137,8.677133302154154,-1.729270288455524
1994-08-16,1.084027397260274,7.893801373808529,0.9021712289311985
1994-08-17,1.1092602739726027,7.751190906650114,-0.4804511806227163
1994-08-18,1.121972602739726,7.766952761233887,-4.9289253639736135
1994-08-19,1.1405205479452056,7.973079912621312,-1.3236004605665173
1994-08-20,1.1400273972602741,8.140393576126758,1.4195790266129666
1994-08-21,1.146904109589041,7.9143275417045595,3.7487683487064
1994-08-22,1.169068493150685,8.228461718030514,3.552469788818799
1994-08-23,1.1861643835616438,7.889133302154154,3.4147023142842015
1994-08-24,1.1887397260273973,7.4533911173982705,-0.8121308434256678
1994-08-25,1.1842191780821918,7.278654903840141,-5.022874081922333
1994-08-26,1.1800547945205482,7.753854060847515,-3.323908855368063
1994-08-27,1.1784657534246579,7.775518971279549,0.18601527529579354
1994-08-28,1.1584657534246576,7.320444155684187,1.4110900908911566
1994-08-29,1.1340000000000001,6.861314545568274,0.11468545443172484
1994-08-30,1.1320273972602741,6.879403762287627,1.1485688404521
1994-08-31,1.1349315068493153,6.47600298954439,0.299065503606295
1994-09-01,1.1281095890410962,6.201467689228267,0.03042272173063676
1994-09-02,1.1195068493150688,6.061980509741088,-3.4014873590561567
1994-09-03,1.1000821917808221,6.24275887293041,-3.0228410647112316
1994-09-04,1.07227397260274,5.6700816688559454,-0.8223556414586852
1994-09-05,1.051287671232877,5.8623928736329045,0.43631945513421844
1994-09-06,1.0238904109589044,5.695381282484327,3.200728306556769
1994-09-07,0.9981643835616439,5.494617671665921,2.717217944772436
1994-09-08,0.9635342465753426,5.281013878199114,-0.8645481247744566
1994-09-09,0.9508767123287672,5.586893049256367,-4.127769761585133
1994-09-10,0.949068493150685,6.073948195023842,-1.8230166881745271
1994-09-11,0.9505753424657535,6.217741661831007,-0.6383170042967601
1994-09-12,0.9452328767123289,5.98430997935823,0.38045714392944063
1994-09-13,0.9257260273972604,5.390670358704909,-0.93639638610217
1994-09-14,0.910082191780822,4.631134004648008,-3.1412161964288297
1994-09-15,0.8928219178082192,4.917950302505401,-6.430772220313621
1994-09-16,0.8916164383561644,5.093451531869645,-7.265067970225809
1994-09-17,0.9015890410958906,5.059232353787453,-9.910821394883344
1994-09-18,0.9057534246575343,5.30114735203122,-10.226900776688755
1994-09-19,0.8856438356164384,5.471748686769539,-8.297392522385977
1994-09-20,0.8600547945205481,5.39086494950224,-5.490919744022788
1994-09-21,0.8403013698630137,5.345998072087418,-4.846299441950431
1994-09-22,0.8307123287671234,4.331037762990123,-0.17175009175724654
1994-09-23,0.8205205479452056,4.213026523088471,3.2664529289663236
1994-09-24,0.8095890410958906,4.014211630218784,3.546199328685325
1994-09-25,0.8084383561643838,3.938477172895285,2.9330844709403308
1994-09-26,0.8058904109589042,3.9207848652029775,0.8533247238381185
1994-09-27,0.7702191780821919,3.8721484057719975,0.49763241614581055
1994-09-28,0.7356712328767124,3.723670007457983,0.9906587596653047
1994-09-29,0.6916164383561645,3.1143795262496936,3.0840040353941416
1994-09-30,0.6616438356164385,3.4609703235802174,3.4373858408033433
1994-10-01,0.66,3.9452815283571745,2.4647184716428256
1994-10-02,0.6827945205479452,3.9082692347147447,1.5389362447373096
1994-10-03,0.7185753424657533,3.8416201303944075,-1.3201954728601604
1994-10-04,0.7451780821917808,3.7382074152556646,-6.413385497447445
1994-10-05,0.7773698630136986,3.4934508293757913,-8.37082069238949
1994-10-06,0.8053424657534245,2.7181947703663076,-6.7535372361197314
1994-10-07,0.828849315068493,1.961820341142563,-5.710669656211056
1994-10-08,0.839753424657534,2.31159203064028,-6.191345455297814
1994-10-09,0.8420273972602739,2.551293470752679,-0.9333208680129528
1994-10-10,0.8573424657534245,3.110797510092335,1.2118600241542405
1994-10-11,0.8692876712328768,3.1437395543494477,1.6269727744176756
1994-10-12,0.8831506849315068,2.9772091714902973,3.1196401435781964
1994-10-13,0.8844657534246575,2.783380579990473,3.5721536665848697
1994-10-14,0.8759452054794521,2.857145947043512,3.0469088474770363
1994-10-15,0.8696438356164384,2.7451340046480075,2.735222159735554
1994-10-16,0.8568493150684933,2.5351747492914916,1.3079759356400151
1994-10-17,0.8443835616438358,2.297583600714042,0.6780328376421223
1994-10-18,0.8508219178082193,1.5673257854699252,1.221852296721856
1994-10-19,0.850054794520548,0.6918990204541192,-1.1919538149746671
1994-10-20,0.8380821917808221,0.5998140186978846,-0.9678962104787068
1994-10-21,0.8416438356164383,0.07143748199258068,1.846918682390981
1994-10-22,0.8414520547945205,0.434118198536311,2.1844297466691684
1994-10-23,0.8432054794520546,0.9325242399834485,-1.815729719435503
1994-10-24,0.8473150684931505,0.9541547282166764,-3.8614697967098266
1994-10-25,0.8474246575342463,1.0387174257930725,-2.796142083327319
1994-10-26,0.8459178082191778,1.0161645631306206,-4.502082371349799
1994-10-27,0.8413698630136983,0.7095365336258791,-4.290906396639578
1994-10-28,0.8339726027397258,0.8556067830111969,-4.119579385750923
1994-10-29,0.8239999999999998,1.5459798072472348,-4.589979807247235
1994-10-30,0.8071232876712328,1.6977065371383482,-0.5148298248095808
1994-10-31,0.7989589041095889,1.6723781212619873,3.408662974628424
1994-11-01,0.7986301369863013,1.2832211138858016,-0.011851250872102925
1994-11-02,0.7962739726027396,0.10286705698379968,1.2708589704134607
1994-11-03,0.7984931506849315,-0.5999956054679039,2.4715024547829723
1994-11-04,0.8197260273972602,-0.9022604456505525,3.1625344182532924
1994-11-05,0.8377534246575342,-0.5789769893807946,2.1512235647232605
1994-11-06,0.8394246575342466,-0.33294748463896096,0.4735228271047144
1994-11-07,0.8427945205479451,-0.3139752331461618,0.3711807125982167
1994-11-08,0.8476164383561642,-0.6598066346213988,0.0721901962652346
1994-11-09,0.8458630136986299,-1.6624030519027482,1.286540038204118
1994-11-10,0.8439178082191781,-1.9510739335325336,-1.0328438746866446
1994-11-11,0.8403287671232876,-2.8881269718184486,-1.1922017953048396
1994-11-12,0.825890410958904,-4.0193633610000425,2.1434729500411382
1994-11-13,0.8037808219178081,-3.271392163248023,1.9776113413302152
1994-11-14,0.7866575342465753,-2.9015333645125123,5.434875830265937
1994-11-15,0.7743561643835617,-3.2643222651096324,5.109966100726071
1994-11-16,0.7677534246575342,-3.2585365257348515,1.5507831010773174
1994-11-17,0.7672328767123286,-2.783034593876755,-1.2941982828355738
1994-11-18,0.7554794520547945,-3.6141571790541347,-1.0113222730006601
1994-11-19,0.7393150684931505,-4.008117839398357,4.598802770905207
1994-11-20,0.7229863013698629,-4.270810498337591,8.227824196967727
1994-11-21,0.7159999999999999,-3.8082077586115646,7.4422077586115645
1994-11-22,0.7095890410958903,-4.5146468172698,6.40505777617391
1994-11-23,0.7072602739726027,-4.422303297775596,7.095043023802993
1994-11-24,0.7076712328767125,-3.870726901569063,6.21305566869235
1994-11-25,0.709123287671233,-4.790910252464743,5.25178696479351
1994-11-26,0.7172328767123289,-4.439180712598216,3.2419478358858873
1994-11-27,0.7225205479452057,-4.460228833427158,2.3477082854819527
1994-11-28,0.7317260273972603,-4.114927814811072,5.103201787413811
1994-11-29,0.7297808219178084,-4.292378464617886,3.7625976427000776
1994-11-30,0.7157534246575343,-4.150512640943843,2.7747592162863084
1994-12-01,0.6885479452054796,-3.947609233848656,2.9990612886431762
1994-12-02,0.6609315068493151,-4.23279925843594,1.6418677515866253
1994-12-03,0.657178082191781,-4.137071826050973,2.0798937438591922
1994-12-04,0.6588767123287672,-4.800926409823366,4.742049697494599
1994-12-05,0.6675890410958905,-5.359052156223084,3.821463115127194
1994-12-06,0.66413698630137,-5.913653490961405,1.4895165046600347
1994-12-07,0.6557808219178083,-5.665217242278582,1.499436420360774
1994-12-08,0.6459178082191781,-5.219905686254697,0.9939878780355196
1994-12-09,0.653068493150685,-5.219241127069589,2.476172633918904
1994-12-10,0.6623835616438357,-5.187364765987748,3.274981204343913
1994-12-11,0.6650958904109591,-5.240638387343562,7.405542496932603
1994-12-12,0.6606849315068494,-5.291845974277177,9.331161042770328
1994-12-13,0.652054794520548,-5.151193357487574,7.459138562967025
1994-12-14,0.6398356164383562,-5.3989172774032745,1.119081660964918
1994-12-15,0.626082191780822,-5.646160691523401,-1.74992150025742
1994-12-16,0.6143287671232877,-6.152559005538153,0.028230238414865383
1994-12-17,0.6082739726027399,-6.533144885411704,2.1948709128089643
1994-12-18,0.5968493150684933,-6.692673512036221,3.895824196967727
1994-12-19,0.5987671232876713,-6.35418246883285,-0.724584654454822
1994-12-20,0.61413698630137,-5.93785791667268,-3.73627906962869
1994-12-21,0.6219178082191783,-6.405264309366745,-6.046653498852433
1994-12-22,0.6137808219178085,-6.692153666584869,-7.4616271553329385
1994-12-23,0.5812602739726029,-6.653272739292981,-2.4279875346796223
1994-12-24,0.5444931506849318,-5.980386192050272,-2.0241069586346594
1994-12-25,0.5264383561643837,-5.777692830617183,-2.3087455255471996
1994-12-26,0.5206849315068496,-5.485762377508649,-2.334922553998201
1994-12-27,0.5258082191780825,-4.766436771607699,-0.22937144757038297
1994-12-28,0.5216438356164386,-4.468885665179881,3.0272418295634425
1994-12-29,0.5188767123287675,-5.35002370522203,4.491146992893263
1994-12-30,0.5192876712328771,-5.8695937789838855,1.6403061077510088
1994-12-31,0.5151506849315072,-6.218338422468254,-1.3168122624632526
1995-01-01,0.5067945205479456,-6.886126269324594,-3.780668251223352
1995-01-02,0.48112328767123325,-7.221306458997936,-7.789816828673296
1995-01-03,0.45726027397260316,-6.639114678176017,-9.428145595796586
1995-01-04,0.44394520547945227,-7.187616961281041,-11.86632824419841
1995-01-05,0.43608219178082225,-7.054204246142298,-7.901877945638525
1995-01-06,0.4457260273972605,-6.874877937747495,-4.960848089649765
1995-01-07,0.4616438356164386,-6.34970969046966,-5.751934145146779
1995-01-08,0.4776986301369866,-5.796353877333025,-5.051344752803961
1995-01-09,0.48800000000000027,-6.567875479019009,-2.35012452098099
1995-01-10,0.49057534246575374,-6.952945377157402,-0.19762996530835153
1995-01-11,0.48884931506849344,-6.344883557698322,-2.783965757370173
1995-01-12,0.4923835616438358,-5.8177110954573665,-8.124672466186468
1995-01-13,0.49161643835616464,-5.446057424926983,-10.305559013429182
1995-01-14,0.4895068493150687,-4.891534067006366,-6.817972782308703
1995-01-15,0.47761643835616463,-4.98428643792312,-1.9233300004330447
1995-01-16,0.45931506849315096,-5.72706199113703,2.4877469226438795
1995-01-17,0.4556712328767125,-5.9490205439996915,2.2233493111229787
1995-01-18,0.46849315068493164,-6.536574460402923,-0.6619186902820093
1995-01-19,0.49191780821917813,-6.733023353975104,-1.6088944542440737
1995-01-20,0.5058356164383563,-7.031281169219221,-0.05455444721913594
1995-01-21,0.5156164383561646,-6.974241478316517,-1.4413749600396484
1995-01-22,0.5088493150684933,-6.85518563005519,1.7663363149866962
1995-01-23,0.5138630136986302,-6.246212676068536,2.4523496623699064
1995-01-24,0.5223561643835617,-6.688383382074859,-2.813972782308703
1995-01-25,0.5294794520547945,-7.324531608277878,3.945052156223084
1995-01-26,0.5256438356164383,-7.4403398274559605,3.914695991839522
1995-01-27,0.5192054794520549,-7.088863887870433,-4.160341591581622
1995-01-28,0.5134246575342466,-7.545687913160211,1.1422632556259646
1995-01-29,0.5086849315068493,-7.297627498688838,1.8589425671819892
1995-01-30,0.5062191780821917,-7.335795394719748,1.919576216637556
1995-01-31,0.509013698630137,-7.293775724891859,0.10476202626172171
1995-02-01,0.5100821917808219,-6.831487702412056,5.771405510631234
1995-02-02,0.5048767123287672,-6.521976638133868,2.937099925805101
1995-02-03,0.49252054794520556,-6.593745517656172,3.141224969710967
1995-02-04,0.48616438356164393,-6.734910954958596,3.298746571396952
1995-02-05,0.47761643835616446,-6.943091495878863,3.9454750575226987
1995-02-06,0.4676438356164384,-6.357349311122979,3.7397054755065406
1995-02-07,0.454054794520548,-6.145156827807209,5.7311020332866605
1995-02-08,0.4332876712328768,-7.438229535921012,3.6649418646881355
1995-02-09,0.43323287671232885,-7.513642251059754,2.4904093743474256
1995-02-10,0.4436712328767123,-7.509302244034816,1.8756310111581032
1995-02-11,0.45257534246575337,-7.6464121843228385,2.583836841857085
1995-02-12,0.4602191780821917,-7.4344395815831135,4.674220403500922
1995-02-13,0.4623835616438356,-7.514391109507243,3.6520075478634078
1995-02-14,0.45789041095890415,-7.884687561913284,1.47679715095438
1995-02-15,0.44794520547945205,-7.442676322011634,5.924731116532182
1995-02-16,0.4402191780821917,-7.944499293560633,2.354280115478441
1995-02-17,0.44865753424657523,-7.9744669788433855,3.385809444596811
1995-02-18,0.44819178082191774,-8.227892338871486,-0.3002994419504308
1995-02-19,0.4373972602739724,-7.812736033989153,0.39533877371518056
1995-02-20,0.4219178082191778,-7.438166311474226,6.326248503255048
1995-02-21,0.40939726027397233,-6.508159989029547,5.608762728755575
1995-02-22,0.3979999999999997,-6.458881450216762,1.0008814502167631
1995-02-23,0.3954520547945203,-6.808605370132464,-1.0668466846620568
1995-02-24,0.40145205479452034,-7.457442040311599,-0.784010014482921
1995-02-25,0.40104109589041076,-7.011469437571872,1.6304283416814611
1995-02-26,0.3915890410958902,-6.687996307961758,-1.5735927331341317
1995-02-27,0.35991780821917785,-6.739202489907665,-5.070715318311512
1995-02-28,0.3332602739726025,-6.268228833427159,2.064968559454556
1995-03-01,0.3014246575342463,-6.656306810244861,4.494882152710614
1995-03-02,0.2723835616438354,-7.091073933532533,0.43869037188869786
1995-03-03,0.25035616438356145,-7.197087280915743,0.22673111653218125
1995-03-04,0.24452054794520534,-6.783026866444371,-5.261493681500835
1995-03-05,0.23756164383561637,-6.371295921590138,-3.986265722245478
1995-03-06,0.21797260273972596,-5.973124513089962,-4.334848089649764
1995-03-07,0.20397260273972598,-6.301552331846548,-5.86242027089318
1995-03-08,0.18641095890410958,-6.100935542243457,-3.975475416660654
1995-03-09,0.17030136986301367,-6.587050048741524,-3.4832513211214895
1995-03-10,0.1654794520547945,-6.549626796194984,3.344147344140189
1995-03-11,0.16547945205479453,-5.825435015373067,6.1399555633182725
1995-03-12,0.16682191780821903,-5.2572614993913325,5.480439581583114
1995-03-13,0.16504109589041077,-5.983395675717289,1.5283545798268783
1995-03-14,0.15931506849315052,-5.6011146781760175,-2.698200390317133
1995-03-15,0.1477260273972601,-5.379382328334079,-1.5483436990631816
1995-03-16,0.1434520547945204,-5.48494045970043,-4.748511595094091
1995-03-17,0.14879452054794506,-5.247581134094529,-2.281213386453416
1995-03-18,0.158794520547945,-4.2096563009368175,1.0808617803888723
1995-03-19,0.1779452054794518,-4.157675268270854,1.949730062791402
1995-03-20,0.2001917808219176,-4.757220052253995,-6.642971728567922
1995-03-21,0.21465753424657513,-4.175884611439101,-8.238772922807474
1995-03-22,0.21599999999999978,-4.427621176244159,-5.02837882375584
1995-03-23,0.21512328767123265,-4.121782749830391,1.3966594621591586
1995-03-24,0.20476712328767105,-4.871725847828283,4.636958724540611
1995-03-25,0.18657534246575322,-4.816027217691297,3.0394518752255437
1995-03-26,0.16791780821917784,-5.09124323455115,0.8333254263319718
1995-03-27,0.14545205479452042,-5.183326128825824,-0.7921259259686968
1995-03-28,0.13517808219178076,-5.528761323767869,-8.756416758423912
1995-03-29,0.13583561643835615,-4.983116785657577,-7.12271883078078
1995-03-30,0.11742465753424658,-4.696721281618237,-9.90070337591601
1995-03-31,0.08695890410958901,-4.554541443191823,-6.442417460917765
1995-04-01,0.06180821917808209,-4.402521773363936,1.3507135541858535
1995-04-02,0.04895890410958899,-4.0947479763846575,3.1757890722750686
1995-04-03,0.04726027397260264,-3.26172514533443,5.864464871361827
1995-04-04,0.05495890410958894,-3.033782749830391,5.188823845720802
1995-04-05,0.0757534246575341,-3.121732872766815,4.835979448109281
1995-04-06,0.10232876712328744,-3.5048828552044693,3.662554088081182
1995-04-07,0.12676712328767098,-3.3825512781057685,4.115784154818098
1995-04-08,0.15312328767123265,-3.7824444990400856,-0.740678788631147
1995-04-09,0.1871232876712327,-4.325312781442614,-3.251810506228618
1995-04-10,0.20799999999999974,-4.430534418253292,-0.23746558174670707
1995-04-11,0.2158630136986299,-4.3496829957032395,-0.27618001799539016
1995-04-12,0.222849315068493,-3.8241065994967074,0.9512572844282143
1995-04-13,0.22463013698630133,-3.699958373293686,-1.974671763692616
1995-04-14,0.2226575342465754,-3.529810849584518,-4.792846684662058
1995-04-15,0.22073972602739736,-3.295453982707103,-3.855285743320294
1995-04-16,0.2170136986301371,-3.9501670139680796,-2.966846684662058
1995-04-17,0.22213698630136994,-3.63545749517637,-2.1666794911250005
1995-04-18,0.22934246575342476,-3.0300827147056983,2.0707402489522737
1995-04-19,0.23542465753424668,-2.676071474804047,1.1006468172698003
1995-04-20,0.25186301369863023,-2.658051804976158,-3.2838112087224722
1995-04-21,0.26663013698630145,-2.376564625488979,1.5699344885026774
1995-04-22,0.2689589041095891,-2.1774286929283893,1.4884697888188
1995-04-23,0.26654794520547953,-1.7045006985483397,1.7879527533428603
1995-04-24,0.2769863013698631,-1.60474165393998,2.287755352570117
1995-04-25,0.2935890410958905,-1.3483911095072436,0.1248020684113531
1995-04-26,0.3066027397260275,-0.970426936693756,-1.5361758030322714
1995-04-27,0.3284657534246576,-0.5687809935957578,-1.4196847598288995
1995-04-28,0.35038356164383566,-0.44575535257011695,-0.7146282090737188
1995-04-29,0.36961643835616453,-0.36008903715037677,0.24047259879421223
1995-04-30,0.3848493150684933,-0.10397944810928078,-1.1608698669592126
1995-05-01,0.38575342465753426,-0.08841780427366439,0.32266437961613015
1995-05-02,0.37410958904109604,-0.2501269718184484,1.5960173827773525
1995-05-03,0.37213698630137004,-0.2514750575226986,2.8193380712213285
1995-05-04,0.348109589041096,0.11849895020473389,3.16339146075417
1995-05-05,0.3246575342465755,-0.08670371927190826,4.032046185025332
1995-05-06,0.2793424657534249,-0.2317651874840614,5.2024227217306365
1995-05-07,0.23794520547945228,0.1394501268819379,4.80260466763861
1995-05-08,0.21978082191780846,-0.018806985868325486,3.7190261639505167
1995-05-09,0.2087397260273975,0.16499912582819712,1.7662611481444055
1995-05-10,0.19758904109589065,0.8065144050695039,-0.18410344616539454
1995-05-11,0.1915616438356167,0.8789808609880143,-0.030542504823630967
1995-05-12,0.19336986301369888,1.1716327752837643,-0.8050026382974631
1995-05-13,0.20356164383561667,1.6106717636926158,-5.164233407528233
1995-05-14,0.21117808219178108,1.9133068181358892,-8.51448490032767
1995-05-15,0.21564383561643863,2.3271382196111263,-5.202782055227566
1995-05-16,0.20578082191780844,2.3469380088629705,-3.652718830780779
1995-05-17,0.19797260273972622,2.079670709951836,-1.3676433126915624
1995-05-18,0.20136986301369886,1.521290660777266,-0.9726605237909649
1995-05-19,0.20334246575342488,0.8342860945672206,-5.067628560320646
1995-05-20,0.17989041095890432,0.4417557117080709,-5.5316461226669755
1995-05-21,0.14402739726027422,0.5229106116026966,-4.286938008862971
1995-05-22,0.10909589041095916,1.26421303520649,-0.023308925617449017
1995-05-23,0.08887671232876734,2.199844225933571,0.6312790617376614
1995-05-24,0.07728767123287691,2.769824556105682,1.0728877726614412
1995-05-25,0.06257534246575372,2.902159645673648,2.815265011860599
1995-05-26,0.04613698630137012,2.3225720095654645,1.2012910041331653
1995-05-27,0.029671232876712583,2.6180395192247548,0.7922892478985326
1995-05-28,0.020465753424657826,3.3267370956209614,3.192797150954381
1995-05-29,0.018219178082192033,3.5091782617607574,2.752602560157051
1995-05-30,0.002383561643835866,3.7641561332043825,-0.9465396948482185
1995-05-31,-0.01452054794520529,3.4835597159230334,-2.1890391679778283
1995-06-01,-0.025287671232876494,4.096879701873156,-3.59159203064028
1995-06-02,-0.040904109589040824,3.719338430359282,-3.888434320770241
1995-06-03,-0.05372602739726002,3.140810154981692,-0.5870841275844318
1995-06-04,-0.06775342465753396,2.753534426144319,-0.815781001486785
1995-06-05,-0.09493150684931481,2.720678086137294,-2.4557465792879793
1995-06-06,-0.12441095890410933,3.404964001135538,-4.1905530422314285
1995-06-07,-0.1442465753424655,4.208854412094443,-1.324607836751977
1995-06-08,-0.1583013698630134,4.4431073098815865,-0.874805940018573
1995-06-09,-0.1622191780821915,4.101932037665219,-2.5797128595830277
1995-06-10,-0.1633424657534245,4.352151918241264,-2.648809452487839
1995-06-11,-0.1661369863013697,4.515270990949378,-6.159134004648008
1995-06-12,-0.18169863013698617,4.64739533236139,-5.795696702224404
1995-06-13,-0.21419178082191762,4.398231300046674,-4.744039519224756
1995-06-14,-0.26254794520547925,4.771327892951485,-5.578779947746005
1995-06-15,-0.2835616438356163,4.822098528708422,-3.778536884872806
1995-06-16,-0.2857260273972602,5.01027696214713,-3.3445509347498703
1995-06-17,-0.2766849315068492,5.386000179568977,-1.1593152480621276
1995-06-18,-0.2710684931506848,5.604099231202276,-0.33303073805159134
1995-06-19,-0.2793424657534246,5.769240783713691,2.7801016820397333
1995-06-20,-0.27876712328767106,6.115490871525423,4.593276251762249
1995-06-21,-0.2612054794520547,6.618806642512426,2.46239883693963
1995-06-22,-0.23273972602739718,6.442742013077933,-0.18000228705053622
1995-06-23,-0.19956164383561653,6.005523186242669,-7.2259615424070525
1995-06-24,-0.18095890410958906,6.105474011672947,-7.944515107563358
1995-06-25,-0.16583561643835623,6.463422027127811,-2.5375864106894546
1995-06-26,-0.1508767123287671,6.6153679351011165,1.05550877722765
1995-06-27,-0.14304109589041103,6.7376236428636735,4.225417453026737
1995-06-28,-0.1687671232876713,6.846494735241616,2.8822723880460552
1995-06-29,-0.19830136986301372,7.677430615115167,2.2908707547478464
1995-06-30,-0.21608219178082191,7.638049793197358,3.6080323985834637
1995-07-01,-0.22104109589041093,7.216994998676809,3.424046097213602
1995-07-02,-0.21158904109589038,7.726461437032974,2.945127604062918
1995-07-03,-0.1956986301369863,7.816629930183659,-1.9809313000466728
1995-07-04,-0.1692328767123289,7.758190889087769,-1.4389580123754397
1995-07-05,-0.14213698630136998,7.849064176759002,-2.1169271904576323
1995-07-06,-0.10430136986301382,7.624521711005577,-0.7302203411425632
1995-07-07,-0.07446575342465767,7.535721711005578,1.3987440424190796
1995-07-08,-0.05928767123287685,7.660425820594618,3.7288618506382587
1995-07-09,-0.039753424657534425,7.659828560320647,4.349924864336889
1995-07-10,-0.021342465753424855,7.68018212547695,4.331160340276474
1995-07-11,-0.00493150684931528,7.488536884872805,3.896394621976511
1995-07-12,0.005260273972602557,7.555372852558088,2.4093668734693097
1995-07-13,0.02273972602739706,7.205849143390544,4.271411130582059
1995-07-14,0.05471232876712316,7.305116442301679,2.6101712289311996
1995-07-15,0.09263013698630129,7.330495437735468,1.3568744252782299
1995-07-16,0.11805479452054785,7.646339484100062,0.21560572137939094
1995-07-17,0.12942465753424653,7.703801373808528,-0.4632260313427743
1995-07-18,0.13008219178082184,8.03939533236139,0.7705224758577867
1995-07-19,0.13276712328767115,8.195239378725985,4.041993497986343
1995-07-20,0.14005479452054792,8.524629614061425,6.1953155914180265
1995-07-21,0.14863013698630134,8.249456449326617,6.021913413687081
1995-07-22,0.15186301369863006,8.07071672329922,6.41742026300215
1995-07-23,0.15523287671232872,8.549601865554225,-0.13483474226655368
1995-07-24,0.15312328767123284,8.76107921012746,4.3857975022013065
1995-07-25,0.14956164383561643,8.624287499554926,5.0661508566094575
1995-07-26,0.1628767123287671,8.375106607387734,5.792016680283499
1995-07-27,0.15893150684931506,8.768581141985555,1.9124873511651295
1995-07-28,0.15235616438356162,8.909926417714393,-0.37228258209795584
1995-07-29,0.16320547945205477,8.911056027830305,0.24573849271764026
1995-07-30,0.16216438356164378,8.542165265624476,0.8456703508138812
1995-07-31,0.16057534246575336,8.147170534328373,1.152254123205875
1995-08-01,0.16517808219178076,8.681203551539472,1.023618366268746
1995-08-02,0.16857534246575334,8.519180369242317,1.9122442882919284
1995-08-03,0.14964383561643826,7.949296983221945,2.3810591811616177
1995-08-04,0.14495890410958895,8.453571658318538,2.011469437571872
1995-08-05,0.13717808219178074,9.16424113496062,2.4385807828476
1995-08-06,0.11854794520547947,8.66974657928798,0.9017054755065406
1995-08-07,0.08835616438356168,8.564114686067047,-0.20247085045060942
1995-08-08,0.06126027397260282,8.37739533236139,-2.378655606333993
1995-08-09,0.030794520547945334,8.975322975494512,-2.906117496042458
1995-08-10,0.007835616438356258,8.932508785118678,1.8096555984429656
1995-08-11,-0.008904109589041032,8.89066614374179,2.398237965847251
1995-08-12,-0.014301369863013572,8.38539743984295,0.5089039300200628
1995-08-13,-0.028410958904109516,8.317084127584431,0.40132683131967717
1995-08-14,-0.04989041095890408,8.196149810759705,-1.106259399800801
1995-08-15,-0.06794520547945204,8.677133302154154,-2.2391880966747015
1995-08-16,-0.0839726027397261,7.893801373808529,-1.559828771068803
1995-08-17,-0.11180821917808229,7.751190906650114,-2.079382687472032
1995-08-18,-0.11246575342465756,7.766952761233887,-0.6144870078092302
1995-08-19,-0.12213698630136993,7.973079912621312,-0.2309429263199423
1995-08-20,-0.12257534246575348,8.140393576126758,-1.2578182336610046
1995-08-21,-0.13167123287671237,7.9143275417045595,-0.622656308827847
1995-08-22,-0.16397260273972605,8.228461718030514,0.3155108847092123
1995-08-23,-0.19868493150684932,7.889133302154154,0.6395516293526944
1995-08-24,-0.22969863013698635,7.4533911173982705,-0.3236924872612841
1995-08-25,-0.2538904109589041,7.278654903840141,-1.3947644928812366
1995-08-26,-0.26427397260273977,7.753854060847515,-2.029580088244775
1995-08-27,-0.27219178082191786,7.775518971279549,-1.8133271904576311
1995-08-28,-0.2703287671232877,7.320444155684187,-8.720115388560899
1995-08-29,-0.25378082191780826,6.861314545568274,-8.227533723650467
1995-08-30,-0.2547397260273973,6.879403762287627,-9.084664036260229
1995-08-31,-0.2635342465753425,6.47600298954439,-8.902468742969047
1995-09-01,-0.27117808219178086,6.201467689228267,-6.610289607036487
1995-09-02,-0.2900547945205481,6.061980509741088,-4.12192571522054
1995-09-03,-0.30041095890410974,6.24275887293041,-4.1623479140263
1995-09-04,-0.3151232876712331,5.6700816688559454,-6.5849583811847126
1995-09-05,-0.3179726027397263,5.8623928736329045,-3.304420270893178
1995-09-06,-0.3086027397260277,5.695381282484327,-1.8767785427582995
1995-09-07,-0.3086027397260277,5.494617671665921,-1.8560149319398933
1995-09-08,-0.30734246575342494,5.281013878199114,-1.353671412445689
1995-09-09,-0.31931506849315106,5.586893049256367,-2.8575779807632156
1995-09-10,-0.3427397260273976,6.073948195023842,-0.04120846899644448
1995-09-11,-0.3655068493150688,6.217741661831007,0.02776518748406165
1995-09-12,-0.39441095890410993,5.98430997935823,-0.3698990204541204
1995-09-13,-0.3936986301369866,5.390670358704909,-3.846971728567923
1995-09-14,-0.3890958904109592,4.631134004648008,-3.4020381142370484
1995-09-15,-0.37158904109589064,4.917950302505401,-3.216361261409511
1995-09-16,-0.35854794520547967,5.093451531869645,-2.3649035866641652
1995-09-17,-0.36295890410958925,5.059232353787453,-1.656273449677864
1995-09-18,-0.37112328767123304,5.30114735203122,-0.8300240643599865
1995-09-19,-0.35413698630137014,5.471748686769539,-1.777611700468169
1995-09-20,-0.33232876712328796,5.39086494950224,-3.808536182378952
1995-09-21,-0.31693150684931526,5.345998072087418,-4.009066565238102
1995-09-22,-0.32071232876712347,4.331037762990123,-2.8003254342229997
1995-09-23,-0.3186849315068495,4.213026523088471,-2.234341591581622
1995-09-24,-0.3089863013698632,4.014211630218784,-2.145225328848921
1995-09-25,-0.29169863013698644,3.938477172895285,-4.166778542758299
1995-09-26,-0.27613698630137007,3.9207848652029775,-1.8146478789016074
1995-09-27,-0.2508493150684933,3.8721484057719975,1.758700909296496
1995-09-28,-0.23912328767123303,3.723670007457983,-4.75454671978675
1995-09-29,-0.22668493150684949,3.1143795262496936,-7.117694594742845
1995-09-30,-0.2263561643835618,3.4609703235802174,-4.854614159196656
1995-10-01,-0.24605479452054813,3.9452815283571745,-1.3192267338366266
1995-10-02,-0.262191780821918,3.9082692347147447,1.863922546107173
1995-10-03,-0.2946575342465756,3.8416201303944075,2.503037403852168
1995-10-04,-0.3304931506849317,3.7382074152556646,2.2522857354292674
1995-10-05,-0.3604931506849318,3.4934508293757913,2.4670423213091404
1995-10-06,-0.36810958904109614,2.7181947703663076,3.339914818674789
1995-10-07,-0.37400000000000033,1.961820341142563,5.112179658857437
1995-10-08,-0.3644931506849318,2.31159203064028,7.422901120044651
1995-10-09,-0.3480547945205483,2.551293470752679,7.8767613237678695
1995-10-10,-0.3419178082191784,3.110797510092335,5.2811202981268455
1995-10-11,-0.33421917808219204,3.1437395543494477,5.380479623732743
1995-10-12,-0.33468493150684964,2.9772091714902973,4.987475760016553
1995-10-13,-0.3286575342465755,2.783380579990473,4.0652769542561025
1995-10-14,-0.3176164383561645,2.857145947043512,3.540470491312653
1995-10-15,-0.3152876712328768,2.7451340046480075,2.5601536665848696
1995-10-16,-0.3135616438356166,2.5351747492914916,4.3483868945441255
1995-10-17,-0.30298630136986315,2.297583600714042,4.455402700655821
1995-10-18,-0.3022191780821919,1.5673257854699252,4.594893392612267
1995-10-19,-0.29791780821917824,0.6918990204541192,5.956018787765059
1995-10-20,-0.27709589041095906,0.5998140186978846,5.537281871713075
1995-10-21,-0.2697808219178084,0.07143748199258068,3.8083433399252278
1995-10-22,-0.2632876712328769,0.434118198536311,2.409169472696566
1995-10-23,-0.2589041095890412,0.9325242399834485,3.096379869605592
1995-10-24,-0.2624931506849317,0.9541547282166764,3.308338422468255
1995-10-25,-0.2623561643835618,1.0387174257930725,3.063638738590489
1995-10-26,-0.2584931506849316,1.0161645631306206,4.582328587554311
1995-10-27,-0.25013698630136993,0.7095365336258791,4.80060045267549
1995-10-28,-0.24328767123287676,0.8556067830111969,3.9776808882216796
1995-10-29,-0.23597260273972598,1.5459798072472348,2.029992795492491
1995-10-30,-0.22846575342465753,1.6977065371383482,0.8507592162863093
1995-10-31,-0.22827397260273974,1.6723781212619873,0.18589585134075248
1995-11-01,-0.23260273972602744,1.2832211138858016,0.299381625840226
1995-11-02,-0.2463013698630137,0.10286705698379968,-6.4565656871207855
1995-11-03,-0.2672054794520548,-0.5999956054679039,-5.022798915080041
1995-11-04,-0.28695890410958913,-0.9022604456505525,-12.270780650239859
1995-11-05,-0.3034246575342467,-0.5789769893807946,-11.817598353084957
1995-11-06,-0.3144383561643838,-0.33294748463896096,-5.002614159196655
1995-11-07,-0.322219178082192,-0.3139752331461618,-2.4938055887716457
1995-11-08,-0.3218356164383564,-0.6598066346213988,-2.828357748940245
1995-11-09,-0.3241369863013701,-1.6624030519027482,0.2565400382041183
1995-11-10,-0.3273424657534249,-1.9510739335325336,0.7984163992859585
1995-11-11,-0.32424657534246604,-2.8881269718184486,3.6923735471609147
1995-11-12,-0.31383561643835645,-4.0193633610000425,6.0631989774383985
1995-11-13,-0.29863013698630164,-3.271392163248023,4.710022300234325
1995-11-14,-0.2839178082191781,-2.9015333645125123,2.9054511727316905
1995-11-15,-0.2694246575342466,-3.2643222651096324,3.303746922643879
1995-11-16,-0.25616438356164384,-3.2585365257348515,3.814700909296495
1995-11-17,-0.24898630136986308,-2.783034593876755,0.4420208952466185
1995-11-18,-0.2336164383561644,-3.6141571790541347,-8.582226382589699
1995-11-19,-0.21835616438356167,-4.008117839398357,-7.533525996218081
1995-11-20,-0.21490410958904105,-4.270810498337591,-3.584285392073369
1995-11-21,-0.222931506849315,-3.8082077586115646,1.0011392654608797
1995-11-22,-0.23465753424657543,-4.5146468172698,3.1193043515163756
1995-11-23,-0.23953424657534259,-4.422303297775596,2.671837544350938
1995-11-24,-0.2397534246575344,-3.870726901569063,1.160480326226597
1995-11-25,-0.23810958904109603,-4.790910252464743,0.18901984150583928
1995-11-26,-0.23772602739726045,-4.439180712598216,0.8369067399954768
1995-11-27,-0.25060273972602753,-4.460228833427158,2.500831573153186
1995-11-28,-0.27063013698630156,-4.114927814811072,0.3255579517973737
1995-11-29,-0.26673972602739754,-4.292378464617886,-1.4108818093547164
1995-11-30,-0.24536986301369895,-4.150512640943843,-0.1941174960424581
1995-12-01,-0.21827397260274,-3.947609233848656,-1.7941167935486044
1995-12-02,-0.19487671232876744,-4.23279925843594,-2.182324029235293
1995-12-03,-0.18682191780821947,-4.137071826050973,-2.1961062561408067
1995-12-04,-0.18063013698630165,-4.800926409823366,-4.338443453190332
1995-12-05,-0.16416438356164414,-5.359052156223084,-6.106783460215272
1995-12-06,-0.13317808219178112,-5.913653490961405,-4.953168426846814
1995-12-07,-0.10772602739726062,-5.665217242278582,-2.8670567303241574
1995-12-08,-0.08353424657534284,-5.219905686254697,0.2934399328300401
1995-12-09,-0.05747945205479485,-5.219241127069589,2.7767205791243836
1995-12-10,-0.03624657534246606,-5.187364765987748,2.9536113413302143
1995-12-11,-0.002410958904109875,-5.240638387343562,2.393049346247672
1995-12-12,0.03112328767123261,-5.291845974277177,-1.8992773133940561
1995-12-13,0.061506849315068265,-5.151193357487574,-9.600313491827492
1995-12-14,0.08531506849315049,-5.3989172774032745,-5.996397791089876
1995-12-15,0.1024931506849313,-5.646160691523401,-2.0163324591615295
1995-12-16,0.11868493150684911,-6.152559005538153,3.823874074031304
1995-12-17,0.12547945205479427,-6.533144885411704,4.7276654333569095
1995-12-18,0.13227397260273951,-6.692673512036221,1.3403995394334816
1995-12-19,0.1331780821917805,-6.35418246883285,-0.048995613358930434
1995-12-20,0.12794520547945187,-5.93785791667268,3.159912711193228
1995-12-21,0.12457534246575318,-6.405264309366745,4.840688966900992
1995-12-22,0.12506849315068466,-6.692153666584869,5.137085173434185
1995-12-23,0.12909589041095867,-6.653272739292981,4.814176848882022
1995-12-24,0.13082191780821895,-5.980386192050272,3.909564274242053
1995-12-25,0.12128767123287647,-5.777692830617183,3.5564051593843065
1995-12-26,0.10342465753424634,-5.485762377508649,0.9423377199744021
1995-12-27,0.07638356164383547,-4.766436771607699,-9.169946790036136
1995-12-28,0.05931506849315063,-4.468885665179881,-7.290429403313269
1995-12-29,0.04915068493150673,-5.35002370522203,-1.5291269797094769
1995-12-30,0.03734246575342455,-5.8695937789838855,0.31225131323046096
1995-12-31,0.02301369863013683,-6.218338422468254,2.6253247238381174
1996-01-01,0.007205479452054679,-6.886126269324594,2.5189207898725385
1996-01-02,-0.001863013698630192,-7.221306458997936,2.3531694726965657
1996-01-03,-0.005561643835616553,-6.639114678176017,0.9246763220116341
1996-01-04,-0.0005205479452055906,-7.187616961281041,2.3881375092262465
1996-01-05,-0.00043835616438371583,-7.054204246142298,3.424642602306682
1996-01-06,-0.013205479452054913,-6.874877937747495,1.0380834171995508
1996-01-07,-0.030849315068493227,-6.34970969046966,1.8705590055381531
1996-01-08,-0.06495890410958903,-5.796353877333025,2.2113127814426137
1996-01-09,-0.09958904109589034,-6.567875479019009,4.2274645201149
1996-01-10,-0.12452054794520544,-6.952945377157402,4.137465925102608
1996-01-11,-0.13931506849315065,-6.344883557698322,4.224198626191472
1996-01-12,-0.15221917808219168,-5.8177110954573665,4.1899302735395585
1996-01-13,-0.154986301369863,-5.446057424926983,4.181043726296846
1996-01-14,-0.15093150684931503,-4.891534067006366,3.102465573855681
1996-01-15,-0.14358904109589032,-4.98428643792312,2.8478754790190104
1996-01-16,-0.13745205479452044,-5.72706199113703,3.3245140459315508
1996-01-17,-0.13739726027397253,-5.9490205439996915,3.796417804273664
1996-01-18,-0.1488219178082191,-6.536574460402923,2.6153963782111416
1996-01-19,-0.17301369863013683,-6.733023353975104,2.186037052605241
1996-01-20,-0.19643835616438346,-7.031281169219221,1.8277195253836043
1996-01-21,-0.21956164383561638,-6.974241478316517,0.5238031221521338
1996-01-22,-0.21794520547945195,-6.85518563005519,1.7231308355346426
1996-01-23,-0.22602739726027388,-6.246212676068536,1.8922400733288098
1996-01-24,-0.24035616438356155,-6.688383382074859,2.8087395464584204
1996-01-25,-0.26136986301369847,-7.324531608277878,3.295901471291577
1996-01-26,-0.264876712328767,-7.4403398274559605,2.305216539784727
1996-01-27,-0.26008219178082176,-7.088863887870433,0.5789460796512556
1996-01-28,-0.26076712328767115,-7.545687913160211,1.5364550364478822
1996-01-29,-0.26131506849315067,-7.297627498688838,2.0489425671819887
1996-01-30,-0.2705479452054794,-7.335795394719748,4.376343339925227
1996-01-31,-0.2747671232876712,-7.293775724891859,2.1285428481795297
1996-02-01,-0.2733698630136986,-6.831487702412056,-0.35514243457424577
1996-02-02,-0.2765205479452054,-6.521976638133868,2.0084971860790732
1996-02-03,-0.2907397260273972,-6.593745517656172,1.0844852436835701
1996-02-04,-0.3075890410958904,-6.734910954958596,-2.707500003945513
1996-02-05,-0.3115890410958905,-6.943091495878863,-6.285319463025245
1996-02-06,-0.3103835616438356,-6.357349311122979,-5.372267127233185
1996-02-07,-0.3037808219178082,-6.145156827807209,-4.631062350274983
1996-02-08,-0.29624657534246573,-7.438229535921012,-3.985523888736523
1996-02-09,-0.2978630136986301,-7.513642251059754,-2.8884947352416157
1996-02-10,-0.30054794520547945,-7.509302244034816,0.6498501892402953
1996-02-11,-0.30624657534246574,-7.6464121843228385,-1.8073412403346962
1996-02-12,-0.32106849315068486,-7.4344395815831135,-2.384491925266202
1996-02-13,-0.3301917808219177,-7.514391109507243,-2.1454171096708388
1996-02-14,-0.33210958904109583,-7.884687561913284,-3.5832028490456205
1996-02-15,-0.33443835616438344,-7.442676322011634,-3.452885321823983
1996-02-16,-0.33336986301369853,-7.944499293560633,2.8878691565743315
1996-02-17,-0.3321369863013698,-7.9744669788433855,0.6366039651447553
1996-02-18,-0.3294246575342465,-8.227892338871486,0.3173169964057321
1996-02-19,-0.32306849315068475,-7.812736033989153,-2.164195472860164
1996-02-20,-0.3182465753424656,-7.438166311474226,-4.723587113183309
1996-02-21,-0.3207397260273971,-6.508159989029547,-6.331100284943055
1996-02-22,-0.3267671232876711,-6.458881450216762,-9.594351426495567
1996-02-23,-0.3225479452054793,-6.808605370132464,-9.178846684662055
1996-02-24,-0.32150684931506834,-7.457442040311599,-3.8510511103733327
1996-02-25,-0.3241917808219177,-7.011469437571872,-0.5343387816062108
1996-02-26,-0.3275068493150684,-6.687996307961758,-0.17449684272317345
1996-02-27,-0.30769863013698623,-6.739202489907665,1.6369011200446515
1996-02-28,-0.29753424657534233,-6.268228833427159,2.3457630800025013
1996-02-29,-0.28421917808219166,-6.656306810244861,1.8705259883270529
1996-03-01,-0.26978082191780817,-7.091073933532533,-1.8091452445496596
1996-03-02,-0.2620821917808218,-7.197087280915743,-6.150830527303435
1996-03-03,-0.26454794520547936,-6.783026866444371,-8.53242518835015
1996-03-04,-0.26564383561643823,-6.371295921590138,-8.853060242793422
1996-03-05,-0.24778082191780812,-5.973124513089962,-4.909094664992232
1996-03-06,-0.2387945205479451,-6.301552331846548,-1.9996531476055068
1996-03-07,-0.23802739726027392,-6.100935542243457,-3.55103706049627
1996-03-08,-0.2406301369863013,-6.587050048741524,-2.6123198142721744
1996-03-09,-0.251835616438356,-6.549626796194984,-0.6085375873666603
1996-03-10,-0.2594794520547944,-5.825435015373067,-1.985085532572139
1996-03-11,-0.2739726027397259,-5.2572614993913325,-2.3887658978689412
1996-03-12,-0.28643835616438346,-5.983395675717289,-8.570165968118328
1996-03-13,-0.291835616438356,-5.6011146781760175,-1.9870497053856262
1996-03-14,-0.2893424657534246,-5.379382328334079,0.5687247940875038
1996-03-15,-0.3028219178082191,-5.48494045970043,2.0877623775086485
1996-03-16,-0.3127397260273972,-5.247581134094529,2.9403208601219255
1996-03-17,-0.31747945205479444,-4.2096563009368175,-0.05286424700838843
1996-03-18,-0.3213150684931506,-4.157675268270854,-0.5310096632359951
1996-03-19,-0.3252054794520547,-4.757220052253995,0.0824255317060496
1996-03-20,-0.3280821917808218,-4.175884611439101,0.2639668032199225
1996-03-21,-0.32643835616438355,-4.427621176244159,1.1340595324085427
1996-03-22,-0.32454794520547947,-4.121782749830391,0.5563306950358706
1996-03-23,-0.3228493150684931,-4.871725847828283,5.904575162896776
1996-03-24,-0.3207671232876712,-4.816027217691297,7.086794340978968
1996-03-25,-0.3246575342465753,-5.09124323455115,7.635900768797725
1996-03-26,-0.3282191780821918,-5.183326128825824,5.361545306908016
1996-03-27,-0.33643835616438356,-5.528761323767869,0.9451996799322524
1996-03-28,-0.35032876712328764,-4.983116785657577,-2.3565544472191355
1996-03-29,-0.3377808219178082,-4.696721281618237,-4.905497896463953
1996-03-30,-0.32219178082191774,-4.554541443191823,-5.9132667759862585
1996-03-31,-0.29912328767123286,-4.402521773363936,-5.478354938964832
1996-04-01,-0.28271232876712327,-4.0947479763846575,-2.3825396948482194
1996-04-02,-0.28909589041095896,-3.26172514533443,-5.64917896425461
1996-04-03,-0.3127671232876712,-3.033782749830391,-7.523450126881937
1996-04-04,-0.33147945205479445,-3.121732872766815,-5.70678767517839
1996-04-05,-0.3382739726027396,-3.5048828552044693,1.323156827807209
1996-04-06,-0.35928767123287664,-3.3825512781057685,2.451838949338645
1996-04-07,-0.37934246575342456,-3.7824444990400856,3.2617869647935103
1996-04-08,-0.3936438356164382,-4.325312781442614,3.3289566170590525
1996-04-09,-0.41167123287671215,-4.430534418253292,2.6222056511300043
1996-04-10,-0.43013698630136965,-4.3496829957032395,3.179819982004609
1996-04-11,-0.45109589041095877,-3.8241065994967074,1.4552024899076663
1996-04-12,-0.4648219178082191,-3.699958373293686,0.9147802911019047
1996-04-13,-0.4775068493150683,-3.529810849584518,-0.06268230110041362
1996-04-14,-0.49136986301369856,-3.295453982707103,-2.2931761542791986
1996-04-15,-0.5018630136986301,-3.9501670139680796,-1.6179699723332908
1996-04-16,-0.5139999999999999,-3.63545749517637,2.42945749517637
1996-04-17,-0.533835616438356,-3.0300827147056983,3.1139183311440544
1996-04-18,-0.5600547945205478,-2.676071474804047,3.4661262693245947
1996-04-19,-0.5845479452054794,-2.658051804976158,5.152599750181637
1996-04-20,-0.606,-2.376564625488979,5.112564625488979
1996-04-21,-0.6170958904109589,-2.1774286929283893,4.744524583339349
1996-04-22,-0.6192328767123287,-1.7045006985483397,4.273733575260668
1996-04-23,-0.6245205479452054,-1.60474165393998,1.8792622018851852
1996-04-24,-0.620082191780822,-1.3483911095072436,1.0884733012880656
1996-04-25,-0.6129589041095891,-0.970426936693756,0.7933858408033451
1996-04-26,-0.6151780821917809,-0.5687809935957578,2.573959075787539
1996-04-27,-0.6253150684931508,-0.44575535257011695,2.7610704210632675
1996-04-28,-0.6329863013698631,-0.36008903715037677,3.91307533852024
1996-04-29,-0.6296986301369863,-0.10397944810928078,2.593678078246267
1996-04-30,-0.6354246575342466,-0.08841780427366439,1.4138424618079108
1996-05-01,-0.652986301369863,-0.2501269718184484,1.0431132731883115
1996-05-02,-0.6545753424657534,-0.2514750575226986,-1.153949600011548
1996-05-03,-0.6386301369863013,0.11849895020473389,-3.4798688132184323
1996-05-04,-0.6110136986301369,-0.08670371927190826,-2.2422825820979546
1996-05-05,-0.5544383561643834,-0.2317651874840614,0.02620354364844482
1996-05-06,-0.5082465753424656,0.1394501268819379,1.5287964484605276
1996-05-07,-0.4965479452054794,-0.018806985868325486,1.5953549310738049
1996-05-08,-0.48835616438356155,0.16499912582819712,2.603357038555364
1996-05-09,-0.4721643835616437,0.8065144050695039,-0.3543500215078602
1996-05-10,-0.4796438356164383,0.8789808609880143,-0.529337025371576
1996-05-11,-0.4847397260273971,1.1716327752837643,1.0031069507436328
1996-05-12,-0.4933698630136986,1.6106717636926158,-0.6673019006789171
1996-05-13,-0.5024383561643835,1.9133068181358892,-2.2508684619715056
1996-05-14,-0.5063287671232877,2.3271382196111263,0.8891905475121611
1996-05-15,-0.507945205479452,2.3469380088629705,2.3510071966164823
1996-05-16,-0.5213424657534246,2.079670709951836,4.191671755801589
1996-05-17,-0.524931506849315,1.521290660777266,2.373640846072049
1996-05-18,-0.5178356164383562,0.8342860945672206,1.2635495218711357
1996-05-19,-0.48550684931506843,0.4417557117080709,0.7037511376069976
1996-05-20,-0.4632876712328765,0.5229106116026966,-2.4196229403698197
1996-05-21,-0.45969863013698603,1.26421303520649,-2.384514405069504
1996-05-22,-0.4702465753424655,2.199844225933571,-3.089597650591106
1996-05-23,-0.49298630136986277,2.769824556105682,-0.13683825473581868
1996-05-24,-0.5172328767123285,2.902159645673648,3.3150732310386806
1996-05-25,-0.5359452054794518,2.3225720095654645,2.3833731959139874
1996-05-26,-0.5578630136986299,2.6180395192247548,1.5198234944738753
1996-05-27,-0.5689863013698628,3.3267370956209614,-0.9177507942510985
1996-05-28,-0.582821917808219,3.5091782617607574,-3.9563563439525384
1996-05-29,-0.5974246575342465,3.7641561332043825,1.0732685243298645
1996-05-30,-0.6119178082191779,3.4835597159230334,6.208358092296144
1996-05-31,-0.6296986301369862,4.096879701873156,6.902818928263828
1996-06-01,-0.6353150684931506,3.719338430359282,5.245976638133869
1996-06-02,-0.6393972602739724,3.140810154981692,2.938587105292281
1996-06-03,-0.6395890410958902,2.753534426144319,2.016054614951571
1996-06-04,-0.6343835616438354,2.720678086137294,4.093705475506541
1996-06-05,-0.6176164383561642,3.404964001135538,7.612652437220627
1996-06-06,-0.5961643835616437,4.208854412094443,8.417309971467201
1996-06-07,-0.576849315068493,4.4431073098815865,8.373742005186907
1996-06-08,-0.5697808219178082,4.101932037665219,7.337848784252588
1996-06-09,-0.567917808219178,4.352151918241264,5.505765889977914
1996-06-10,-0.5687397260273972,4.515270990949378,6.593468735078019
1996-06-11,-0.5634246575342465,4.64739533236139,6.826029325172857
1996-06-12,-0.5495616438356166,4.398231300046674,6.681330343788942
1996-06-13,-0.5194520547945206,4.771327892951485,3.3681241618430366
1996-06-14,-0.49832876712328766,4.822098528708422,2.7062302384148653
1996-06-15,-0.48852054794520555,5.01027696214713,2.768243585798076
1996-06-16,-0.4916164383561644,5.386000179568977,1.5356162587871873
1996-06-17,-0.48868493150684933,5.604099231202276,2.3645857003045743
1996-06-18,-0.48230136986301375,5.769240783713691,3.313060586149323
1996-06-19,-0.4665753424657534,6.115490871525423,2.871084470940331
1996-06-20,-0.46391780821917794,6.618806642512426,1.4351111657067515
1996-06-21,-0.4676986301369862,6.442742013077933,0.23495661705905313
1996-06-22,-0.4720821917808219,6.005523186242669,-5.483440994461847
1996-06-23,-0.4711506849315067,6.105474011672947,-7.02432332674144
1996-06-24,-0.4716986301369862,6.463422027127811,-5.711723396990824
1996-06-25,-0.47594520547945196,6.6153679351011165,-5.139422729621664
1996-06-26,-0.4835068493150684,6.7376236428636735,-5.304116793548605
1996-06-27,-0.48468493150684927,6.846494735241616,-3.0318098037347667
1996-06-28,-0.47923287671232867,7.677430615115167,-1.1381977384028383
1996-06-29,-0.5001917808219178,7.638049793197358,-0.41785801237544096
1996-06-30,-0.5242465753424657,7.216994998676809,-1.502748423334343
1996-07-01,-0.5528493150684932,7.726461437032974,-2.4836121219644802
1996-07-02,-0.5788767123287671,7.816629930183659,-4.907753217854891
1996-07-03,-0.5906027397260274,7.758190889087769,-2.3675881493617412
1996-07-04,-0.5947397260273973,7.849064176759002,0.17567554926839435
1996-07-05,-0.5927123287671232,7.624521711005577,-0.21180938223845303
1996-07-06,-0.6015342465753425,7.535721711005578,-2.734187464430235
1996-07-07,-0.6099726027397261,7.660425820594618,-2.160453217854892
1996-07-08,-0.6182191780821918,7.659828560320647,-7.521609382238455
1996-07-09,-0.623013698630137,7.68018212547695,-7.707168426846813
1996-07-10,-0.6327945205479452,7.488536884872805,-4.57574236432486
1996-07-11,-0.6432328767123288,7.555372852558088,-2.3421399758457593
1996-07-12,-0.6555890410958904,7.205849143390544,0.23973989770534665
1996-07-13,-0.671068493150685,7.305116442301679,2.325952050849007
1996-07-14,-0.6791506849315068,7.330495437735468,3.6086552471960385
1996-07-15,-0.6769863013698629,7.646339484100062,3.690646817269802
1996-07-16,-0.6708493150684931,7.703801373808528,2.5770479412599645
1996-07-17,-0.6647397260273972,8.03939533236139,1.5853443936660074
1996-07-18,-0.6601369863013697,8.195239378725985,0.6648976075753836
1996-07-19,-0.6555890410958903,8.524629614061425,-1.8390405729655344
1996-07-20,-0.6554520547945204,8.249456449326617,-1.7240043945320966
1996-07-21,-0.6543013698630136,8.07071672329922,-1.216415353436207
1996-07-22,-0.6464657534246574,8.549601865554225,1.2568638878704324
1996-07-23,-0.6363561643835616,8.76107921012746,2.225276954256101
1996-07-24,-0.6255890410958903,8.624287499554926,0.6113015415409642
1996-07-25,-0.6155342465753424,8.375106607387734,-1.0995723608123908
1996-07-26,-0.6059726027397259,8.768581141985555,1.3973914607541715
1996-07-27,-0.594849315068493,8.909926417714393,2.1249228973540983
1996-07-28,-0.5840273972602739,8.911056027830305,0.7429713694299682
1996-07-29,-0.5814520547945206,8.542165265624476,1.3892867891700433
1996-07-30,-0.5814794520547945,8.147170534328373,-1.4756910822735785
1996-07-31,-0.580082191780822,8.681203551539472,0.22887864024134963
1996-08-01,-0.5701369863013699,8.519180369242317,3.1609566170590515
1996-08-02,-0.5596986301369864,7.949296983221945,1.940401646915042
1996-08-03,-0.5567123287671233,8.453571658318538,-2.4768593295514147
1996-08-04,-0.5546301369863014,9.16424113496062,-3.0196109979743184
1996-08-05,-0.5462465753424657,8.66974657928798,0.10649999605448635
1996-08-06,-0.5232876712328767,8.564114686067047,0.849172985165831
1996-08-07,-0.5038356164383561,8.37739533236139,0.5964402840769676
1996-08-08,-0.48964383561643826,8.975322975494512,0.364320860121925
1996-08-09,-0.4615616438356163,8.932508785118678,1.6890528587169378
1996-08-10,-0.4359452054794519,8.89066614374179,1.8452790617376635
1996-08-11,-0.42049315068493137,8.38539743984295,-1.1649042891580192
1996-08-12,-0.39876712328767105,8.317084127584431,-4.638317004296761
1996-08-13,-0.3779999999999998,8.196149810759705,-4.108149810759705
1996-08-14,-0.3541917808219176,8.677133302154154,-2.6529415213322363
1996-08-15,-0.3366575342465752,7.893801373808529,-2.1571438395619538
1996-08-16,-0.3214520547945203,7.751190906650114,-1.4797388518555934
1996-08-17,-0.32602739726027374,7.766952761233887,0.04907463602638629
1996-08-18,-0.3274520547945203,7.973079912621312,0.9643721421732074
1996-08-19,-0.32295890410958883,8.140393576126758,1.2625653279828306
1996-08-20,-0.309808219178082,7.9143275417045595,1.3154806774735226
1996-08-21,-0.29791780821917785,8.228461718030514,-0.46054390981133686
1996-08-22,-0.27216438356164363,7.889133302154154,-1.4869689185925106
1996-08-23,-0.2323561643835615,7.4533911173982705,1.218965046985291
1996-08-24,-0.18923287671232863,7.278654903840141,-1.079422027127812
1996-08-25,-0.15871232876712316,7.753854060847515,-3.1151417320803914
1996-08-26,-0.14797260273972598,7.775518971279549,-3.147546368539823
1996-08-27,-0.13369863013698624,7.320444155684187,-1.626745525547201
1996-08-28,-0.12638356164383557,6.861314545568274,-4.644930983924439
1996-08-29,-0.13747945205479445,6.879403762287627,-4.341924310232832
1996-08-30,-0.125917808219178,6.47600298954439,-3.7700851813252116
1996-08-31,-0.1004383561643835,6.201467689228267,-3.971029333063884
1996-09-01,-0.06191780821917804,6.061980509741088,-5.25006270152191
1996-09-02,-0.018191780821917775,6.24275887293041,-4.844567092108492
1996-09-03,0.02800000000000008,5.6700816688559454,-0.4080816688559459
1996-09-04,0.05786301369863023,5.8623928736329045,-0.40025588733153494
1996-09-05,0.06457534246575351,5.695381282484327,-1.9699566249500804
1996-09-06,0.08657534246575352,5.494617671665921,-3.2011930141316745
1996-09-07,0.11320547945205495,5.281013878199114,-5.864219357651169
1996-09-08,0.13536986301369874,5.586893049256367,-6.102262912270065
1996-09-09,0.1628219178082193,6.073948195023842,-5.8367701128320615
1996-09-10,0.19243835616438376,6.217741661831007,-5.08018001799539
1996-09-11,0.23701369863013722,5.98430997935823,-2.9713236779883667
1996-09-12,0.25693150684931526,5.390670358704909,-3.5876018655542246
1996-09-13,0.2663561643835619,4.631134004648008,-8.977490169031569
1996-09-14,0.2639452054794522,4.917950302505401,-7.471895507984854
1996-09-15,0.26487671232876725,5.093451531869645,-4.718328244198412
1996-09-16,0.27413698630137007,5.059232353787453,-3.6933693400888234
1996-09-17,0.29147945205479475,5.30114735203122,-2.912626804086014
1996-09-18,0.28657534246575367,5.471748686769539,-3.4683240292352924
1996-09-19,0.27597260273972624,5.39086494950224,-3.8168375522419664
1996-09-20,0.26531506849315084,5.345998072087418,-3.9013131405805686
1996-09-21,0.25879452054794533,4.331037762990123,-2.759832283538068
1996-09-22,0.24816438356164397,4.213026523088471,-2.0411909066501153
1996-09-23,0.22506849315068508,4.014211630218784,-4.09928012336947
1996-09-24,0.20068493150684946,3.938477172895285,-5.959162104402134
1996-09-25,0.19095890410958918,3.9207848652029775,-5.281743769312566
1996-09-26,0.20791780821917824,3.8721484057719975,-3.770066213991176
1996-09-27,0.21805479452054805,3.723670007457983,-0.6317248019785309
1996-09-28,0.2159726027397261,3.1143795262496936,-1.8703521289894198
1996-09-29,0.22273972602739725,3.4609703235802174,3.1162899503923853
1996-09-30,0.2395068493150685,3.9452815283571745,4.185211622327756
1996-10-01,0.25482191780821917,3.9082692347147447,-0.9830911525229635
1996-10-02,0.28145205479452057,3.8416201303944075,-6.713072185188928
1996-10-03,0.30904109589041096,3.7382074152556646,-5.217248511146075
1996-10-04,0.3169863013698629,3.4934508293757913,-0.690437130745654
1996-10-05,0.31063013698630126,2.7181947703663076,-5.008824907352609
1996-10-06,0.30260273972602725,1.961820341142563,-2.88442308086859
1996-10-07,0.29213698630136975,2.31159203064028,1.5462709830583505
1996-10-08,0.29120547945205466,2.551293470752679,0.6575010497952665
1996-10-09,0.29821917808219167,3.110797510092335,-2.0990166881745265
1996-10-10,0.30367123287671216,3.1437395543494477,-2.90741078722616
1996-10-11,0.31030136986301354,2.9772091714902973,-0.6675105413533107
1996-10-12,0.2993424657534245,2.783380579990473,-1.1927230457438978
1996-10-13,0.2949315068493149,2.857145947043512,-2.132077453892827
1996-10-14,0.3043287671232876,2.7451340046480075,-1.8894627717712953
1996-10-15,0.3084109589041094,2.5351747492914916,-0.7035857081956007
1996-10-16,0.28947945205479436,2.297583600714042,-3.377063052768836
1996-10-17,0.26720547945205464,1.5673257854699252,-5.54453126492198
1996-10-18,0.258904109589041,0.6918990204541192,-3.54080313004316
1996-10-19,0.24627397260273962,0.5998140186978846,-2.8160879913006243
1996-10-20,0.21890410958904102,0.07143748199258068,-0.7303415915816217
1996-10-21,0.18736986301369854,0.434118198536311,1.1785119384499905
1996-10-22,0.15575342465753417,0.9325242399834485,0.7517223353590176
1996-10-23,0.1402739726027396,0.9541547282166764,4.5255712991805845
1996-10-24,0.1364657534246575,1.0387174257930725,5.26481682078227
1996-10-25,0.14021917808219173,1.0161645631306206,3.373616258787188
1996-10-26,0.13747945205479448,0.7095365336258791,0.7129840143193266
1996-10-27,0.12808219178082186,0.8556067830111969,0.8063110252079813
1996-10-28,0.11950684931506841,1.5459798072472348,2.874513343437697
1996-10-29,0.10736986301369852,1.6977065371383482,-1.5750764001520468
1996-10-30,0.09591780821917797,1.6723781212619873,-6.548295929481165
1996-10-31,0.09145205479452048,1.2832211138858016,-0.6046731686803221
1996-11-01,0.1053424657534246,0.10286705698379968,-0.9882095227372243
1996-11-02,0.13068493150684926,-0.5999956054679039,4.6593106739610555
1996-11-03,0.1521917808219178,-0.9022604456505525,7.940068664828635
1996-11-04,0.15843835616438356,-0.5789769893807946,4.5805386332164115
1996-11-05,0.15038356164383557,-0.33294748463896096,-1.1974360770048746
1996-11-06,0.13323287671232878,-0.3139752331461618,0.04074235643383306
1996-11-07,0.10863013698630139,-0.6598066346213988,2.6511764976350976
1996-11-08,0.0985753424657534,-1.6624030519027482,-2.8961722905630056
1996-11-09,0.0957534246575342,-1.9510739335325336,-1.4846794911250005
1996-11-10,0.09208219178082187,-2.8881269718184486,0.12604478003762676
1996-11-11,0.09523287671232872,-4.0193633610000425,2.3441304842877138
1996-11-12,0.10687671232876703,-3.271392163248023,2.884515450919256
1996-11-13,0.11750684931506848,-2.9015333645125123,1.9140265151974438
1996-11-14,0.12509589041095887,-3.2643222651096324,-1.9807736253013268
1996-11-15,0.12556164383561638,-3.2585365257348515,2.122974881899235
1996-11-16,0.13487671232876708,-2.783034593876755,2.648157881547988
1996-11-17,0.14197260273972603,-3.6141571790541347,2.8421845763144087
1996-11-18,0.15317808219178086,-4.008117839398357,0.20493975720657653
1996-11-19,0.16827397260273969,-4.270810498337591,-2.657463474265149
1996-11-20,0.17599999999999996,-3.8082077586115646,-3.2477922413884355
1996-11-21,0.17983561643835616,-4.5146468172698,-5.5951887991685565
1996-11-22,0.1815068493150685,-4.422303297775596,-6.599203551539473
1996-11-23,0.17556164383561645,-3.870726901569063,-6.084834742266553
1996-11-24,0.17728767123287673,-4.790910252464743,-8.226377418768134
1996-11-25,0.18090410958904107,-4.439180712598216,-3.641723396990826
1996-11-26,0.1906575342465753,-4.460228833427158,-2.9904287008194173
1996-11-27,0.19835616438356166,-4.114927814811072,-5.47342834957249
1996-11-28,0.19895890410958905,-4.292378464617886,-7.166580439491702
1996-11-29,0.18567123287671233,-4.150512640943843,-7.11515859193287
1996-11-30,0.1688219178082192,-3.947609233848656,-4.231212683959564
1996-12-01,0.14652054794520555,-4.23279925843594,-4.013721289509266
1996-12-02,0.1403561643835618,-4.137071826050973,-2.5932843383325883
1996-12-03,0.139178082191781,-4.800926409823366,-2.7582516723684147
1996-12-04,0.1376438356164385,-5.359052156223084,-0.2885916793933543
1996-12-05,0.12183561643835625,-5.913653490961405,2.6218178745230487
1996-12-06,0.10608219178082204,-5.665217242278582,3.9691350504977603
1996-12-07,0.09920547945205488,-5.219905686254697,2.690700206802642
1996-12-08,0.09090410958904113,-5.219241127069589,3.3083370174805475
1996-12-09,0.08676712328767133,-5.187364765987748,2.5305976427000774
1996-12-10,0.08501369863013711,-5.240638387343562,4.245624688713425
1996-12-11,0.08265753424657546,-5.291845974277177,3.109188440030601
1996-12-12,0.07794520547945219,-5.151193357487574,1.3732481520081214
1996-12-13,0.07849315068493164,-5.3989172774032745,1.7204241267183429
1996-12-14,0.0770136986301371,-5.646160691523401,1.589146992893264
1996-12-15,0.07419178082191794,-6.152559005538153,2.738367224716235
1996-12-16,0.0769041095890412,-6.533144885411704,5.846240775822663
1996-12-17,0.07068493150684943,-6.692673512036221,3.731988580529371
1996-12-18,0.05736986301369874,-6.35418246883285,5.766812605819151
1996-12-19,0.04463013698630143,-5.93785791667268,4.213227779686379
1996-12-20,0.032246575342465805,-6.405264309366745,3.5530177340242797
1996-12-21,0.03101369863013704,-6.692153666584869,3.6311399679547325
1996-12-22,0.03301369863013701,-6.653272739292981,5.2502590406628435
1996-12-23,0.03950684931506849,-5.980386192050272,3.8008793427352034
1996-12-24,0.04021917808219179,-5.777692830617183,2.0874736525349915
1996-12-25,0.04490410958904107,-5.485762377508649,-1.7591417320803924
1996-12-26,0.05210958904109589,-4.766436771607699,-9.575672817433396
1996-12-27,0.05260273972602739,-4.468885665179881,-5.293717074546148
1996-12-28,0.05167123287671227,-5.35002370522203,-9.181647527654683
1996-12-29,0.04745205479452049,-5.8695937789838855,-8.477858275810636
1996-12-30,0.038520547945205486,-6.218338422468254,-7.830182125476951
1996-12-31,0.0352328767123288,-6.886126269324594,-7.009106607387734
1997-01-01,0.03909589041095897,-7.221306458997936,-1.9677894314130233
1997-01-02,0.03991780821917814,-6.639114678176017,-0.6308031300431614
1997-01-03,0.030082191780821964,-7.187616961281041,3.0975347695002196
1997-01-04,0.012520547945205594,-7.054204246142298,0.1916836981970924
1997-01-05,0.0036712328767124006,-6.874877937747495,-2.0587932951292167
1997-01-06,-0.00545205479452044,-6.34970969046966,-1.1648382547358196
1997-01-07,0.009561643835616508,-5.796353877333025,0.3867922334974079
1997-01-08,0.03161643835616445,-6.567875479019009,0.5262590406628451
1997-01-09,0.04339726027397266,-6.952945377157402,0.15954811688342918
1997-01-10,0.04928767123287679,-6.344883557698322,-0.4744041135345549
1997-01-11,0.05145205479452063,-5.8177110954573665,-1.6637409593371535
1997-01-12,0.050027397260274,-5.446057424926983,1.0260300276667094
1997-01-13,0.04241095890410961,-4.891534067006366,3.699123108102256
1997-01-14,0.029780821917808294,-4.98428643792312,4.914505616005312
1997-01-15,0.031835616438356196,-5.72706199113703,5.385226374698674
1997-01-16,0.03410958904109595,-5.9490205439996915,5.304910954958595
1997-01-17,0.020630136986301444,-6.536574460402923,4.105944323416621
1997-01-18,0.010767123287671314,-6.733023353975104,2.0522562306874326
1997-01-19,0.002904109589041186,-7.031281169219221,2.0483770596301794
1997-01-20,-0.0011232876712327367,-6.974241478316517,3.16536476598775
1997-01-21,-0.0033424657534244923,-6.85518563005519,5.198528095808614
1997-01-22,-0.007534246575342331,-6.246212676068536,5.603746922643879
1997-01-23,-0.006684931506849137,-6.688383382074859,6.245068313581708
1997-01-24,-0.008602739726027243,-7.324531608277878,6.533134348003905
1997-01-25,-0.017999999999999877,-7.4403398274559605,6.11833982745596
1997-01-26,-0.023561643835616264,-7.088863887870433,4.29242553170605
1997-01-27,-0.021232876712328645,-7.545687913160211,2.2369207898725394
1997-01-28,-0.02284931506849303,-7.297627498688838,1.8004768137573315
1997-01-29,-0.013780821917808102,-7.335795394719748,4.629576216637556
1997-01-30,-0.01460273972602729,-7.293775724891859,5.498378464617886
1997-01-31,-0.0343561643835616,-6.831487702412056,3.2158438667956175
1997-02-01,-0.039753424657534266,-6.521976638133868,2.861730062791402
1997-02-02,-0.029260273972602738,-6.593745517656172,1.583005791628775
1997-02-03,-0.014410958904109598,-6.734910954958596,0.059321913862705244
1997-02-04,-0.003369863013698661,-6.943091495878863,1.786461358892562
1997-02-05,-0.0010958904109589149,-6.357349311122979,1.4184452015339373
1997-02-06,0.000931506849315096,-6.145156827807209,0.2442253209578933
1997-02-07,0.003095890410958979,-7.438229535921012,5.965133645510053
1997-02-08,0.003315068493150816,-7.513642251059754,6.160327182566603
1997-02-09,0.005808219178082399,-7.509302244034816,5.983494024856734
1997-02-10,0.015917808219178264,-7.6464121843228385,5.800494376103661
1997-02-11,0.03586301369863033,-7.4344395815831135,4.838576567884483
1997-02-12,0.055013698630137206,-7.514391109507243,6.159377410877106
1997-02-13,0.06882191780821936,-7.884687561913284,2.4158656441050645
1997-02-14,0.08249315068493168,-7.442676322011634,1.6801831713267026
1997-02-15,0.09139726027397273,-7.944499293560633,0.7931020332866607
1997-02-16,0.09260273972602745,-7.9744669788433855,-0.3081357608826414
1997-02-17,0.09216438356164387,-8.227892338871486,1.5357279553098424
1997-02-18,0.09032876712328766,-7.812736033989153,2.222407266865865
1997-02-19,0.08994520547945205,-7.438166311474226,-0.791778894005227
1997-02-20,0.0935342465753425,-6.508159989029547,2.654625742454205
1997-02-21,0.10298630136986303,-6.458881450216762,4.505895148846899
1997-02-22,0.10906849315068494,-6.808605370132464,6.1295368769817795
1997-02-23,0.12235616438356166,-7.457442040311599,6.845085875928037
1997-02-24,0.14150684931506857,-7.011469437571872,2.919962588256803
1997-02-25,0.15542465753424656,-6.687996307961758,4.552571650427511
1997-02-26,0.16630136986301364,-6.739202489907665,3.832901120044651
1997-02-27,0.1752602739726027,-6.268228833427159,-2.177031440545443
1997-02-28,0.17208219178082185,-6.656306810244861,5.63422461846404
1997-03-01,0.17778082191780817,-7.091073933532533,7.043293111614725
1997-03-02,0.20358904109589035,-7.197087280915743,7.443498239819853
1997-03-03,0.23646575342465748,-6.783026866444371,6.926561113019713
1997-03-04,0.25789041095890397,-6.371295921590138,7.4834055106312345
1997-03-05,0.26975342465753416,-5.973124513089962,5.473371088432428
1997-03-06,0.2818082191780822,-6.301552331846548,-0.07025588733153398
1997-03-07,0.2999726027397259,-6.100935542243457,3.940962939503731
1997-03-08,0.320986301369863,-6.587050048741524,6.546063747371662
1997-03-09,0.34134246575342464,-6.549626796194984,6.888284330441559
1997-03-10,0.36717808219178083,-5.825435015373067,7.408256933181287
1997-03-11,0.39134246575342463,-5.2572614993913325,7.755919033637908
1997-03-12,0.4116712328767123,-5.983395675717289,7.001724442840577
1997-03-13,0.43191780821917813,-5.6011146781760175,4.559196869956839
1997-03-14,0.45197260273972606,-5.379382328334079,3.267409725594353
1997-03-15,0.4759178082191781,-5.48494045970043,0.42902265148125185
1997-03-16,0.48624657534246574,-5.247581134094529,2.481334558752063
1997-03-17,0.5006027397260273,-4.2096563009368175,2.5090535612107905
1997-03-18,0.5192054794520548,-4.157675268270854,4.958469788818799
1997-03-19,0.5363561643835617,-4.757220052253995,-2.5691361121295664
1997-03-20,0.5549863013698632,-4.175884611439101,-4.489101689930762
1997-03-21,0.5712328767123289,-4.427621176244159,-3.6536117004681703
1997-03-22,0.5869041095890413,-4.121782749830391,-2.73512135975865
1997-03-23,0.6004657534246576,-4.871725847828283,1.1012600944036253
1997-03-24,0.6109589041095893,-4.816027217691297,-2.2749316864182925
1997-03-25,0.627232876712329,-5.09124323455115,-2.215989642161179
1997-03-26,0.650246575342466,-5.183326128825824,0.8330795534833575
1997-03-27,0.6755342465753427,-5.528761323767869,6.123227077192526
1997-03-28,0.6984657534246577,-4.983116785657577,0.29465103223291944
1997-03-29,0.7120821917808221,-4.696721281618237,-6.715360910162585
1997-03-30,0.7284383561643837,-4.554541443191823,-4.493896912972561
1997-03-31,0.7286301369863015,-4.402521773363936,-0.3861083636223652
1997-04-01,0.7303561643835619,-4.0947479763846575,2.1943918120010957
1997-04-02,0.7440547945205482,-3.26172514533443,3.037670350813882
1997-04-03,0.7694520547945207,-3.033782749830391,1.4643306950358703
1997-04-04,0.7838904109589043,-3.121732872766815,-3.9221575381920895
1997-04-05,0.7953150684931509,-3.5048828552044693,-2.1304322132886817
1997-04-06,0.8255890410958906,-3.3825512781057685,-1.6630377629901223
1997-04-07,0.8446575342465756,-3.7824444990400856,-1.7822130352064898
1997-04-08,0.8508767123287673,-4.325312781442614,1.7444360691138465
1997-04-09,0.8604931506849316,-4.430534418253292,3.910041267568361
1997-04-10,0.8817260273972605,-4.3496829957032395,3.857956968305979
1997-04-11,0.8983835616438358,-3.8241065994967074,2.5257230378528717
1997-04-12,0.8966849315068494,-3.699958373293686,-4.446726558213163
1997-04-13,0.8884931506849315,-3.529810849584518,-3.038682301100413
1997-04-14,0.8719452054794521,-3.295453982707103,-0.2264912227723488
1997-04-15,0.8500547945205481,-3.9501670139680796,-1.4798877805524686
1997-04-16,0.8299726027397261,-3.63545749517637,-5.824515107563357
1997-04-17,0.8303561643835616,-3.0300827147056983,-6.380273449677863
1997-04-18,0.8483561643835617,-2.676071474804047,-0.9722846895795145
1997-04-19,0.8735616438356166,-2.658051804976158,-0.9155098388594585
1997-04-20,0.8975890410958904,-2.376564625488979,-6.381024415606912
1997-04-21,0.9135890410958905,-2.1774286929283893,-8.296160348167502
1997-04-22,0.9167945205479451,-1.7045006985483397,-8.802293821999605
1997-04-23,0.9196164383561645,-1.60474165393998,-5.314874784416184
1997-04-24,0.9124657534246576,-1.3483911095072436,-1.8340746439174138
1997-04-25,0.8904383561643837,-0.970426936693756,0.6599885805293723
1997-04-26,0.8770684931506849,-0.5687809935957578,0.08171250044507294
1997-04-27,0.8729041095890411,-0.44575535257011695,-2.1671487570189245
1997-04-28,0.8617808219178082,-0.36008903715037677,-0.7116917847674314
1997-04-29,0.8317534246575342,-0.10397944810928078,-3.2977739765482537
1997-04-30,0.8201643835616439,-0.08841780427366439,-4.22174657928798
1997-05-01,0.8294246575342465,-0.2501269718184484,-2.069297685715798
1997-05-02,0.8251780821917808,-0.2514750575226986,2.436296975330918
1997-05-03,0.8296712328767122,0.11849895020473389,4.301829816918554
1997-05-04,0.8230410958904109,-0.08670371927190826,4.173662623381498
1997-05-05,0.8096712328767124,-0.2317651874840614,0.942093954607349
1997-05-06,0.7983835616438357,0.1394501268819379,-2.717833688525774
1997-05-07,0.7991506849315069,-0.018806985868325486,-5.9603436990631815
1997-05-08,0.8013698630136987,0.16499912582819712,-7.666368988841897
1997-05-09,0.7949315068493152,0.8065144050695039,-5.291445911918819
1997-05-10,0.8024383561643836,0.8789808609880143,-2.8414192171523975
1997-05-11,0.8039452054794521,1.1716327752837643,-1.6255779807632165
1997-05-12,0.8022739726027398,1.6106717636926158,-0.8129457362953555
1997-05-13,0.7964931506849315,1.9133068181358892,0.7002000311791794
1997-05-14,0.7856712328767125,2.3271382196111263,3.477190547512161
1997-05-15,0.7678082191780824,2.3469380088629705,3.845253771958947
1997-05-16,0.7576164383561644,2.079670709951836,3.0827128516919995
1997-05-17,0.7545479452054795,1.521290660777266,4.494161394017254
1997-05-18,0.7515890410958905,0.8342860945672206,2.5841248643368893
1997-05-19,0.7490958904109589,0.4417557117080709,3.5591483978809704
1997-05-20,0.7595616438356165,0.5229106116026966,1.867527744561687
1997-05-21,0.7674246575342465,1.26421303520649,-0.7916376927407365
1997-05-22,0.7778904109589041,2.199844225933571,-2.937734636892475
1997-05-23,0.7928493150684932,2.769824556105682,-0.812673871174175
1997-05-24,0.8114520547945205,2.902159645673648,-0.18361170046816877
1997-05-25,0.825890410958904,2.3225720095654645,1.6515375794756313
1997-05-26,0.8555616438356164,2.6180395192247548,1.426398836939629
1997-05-27,0.8714520547945206,3.3267370956209614,1.2018108495845183
1997-05-28,0.8849589041095891,3.5091782617607574,-2.6141371658703463
1997-05-29,0.9059178082191781,3.7641561332043825,-0.21007394142356084
1997-05-30,0.93213698630137,3.4835597159230334,-0.18569670222440315
1997-05-31,0.9558356164383561,4.096879701873156,-0.8327153183115126
1997-06-01,0.963095890410959,3.719338430359282,-4.492434320770241
1997-06-02,0.9669589041095892,3.140810154981692,-0.9177690590912815
1997-06-03,0.9659452054794522,2.753534426144319,-0.019479631623771088
1997-06-04,0.9521369863013699,2.720678086137294,1.9471849275613362
1997-06-05,0.9444383561643837,3.404964001135538,0.28059764270007825
1997-06-06,0.9316438356164385,4.208854412094443,1.139501752289119
1997-06-07,0.9166027397260275,4.4431073098815865,4.370289950392387
1997-06-08,0.920054794520548,4.101932037665219,2.8180131678142333
1997-06-09,0.9209589041095891,4.352151918241264,2.506889177649148
1997-06-10,0.9163561643835618,4.515270990949378,4.468372844667061
1997-06-11,0.9119178082191782,4.64739533236139,4.490686859419433
1997-06-12,0.9186575342465755,4.398231300046674,3.4931111657067513
1997-06-13,0.9147671232876714,4.771327892951485,2.1339049837608446
1997-06-14,0.9006301369863015,4.822098528708422,0.7672713343052768
1997-06-15,0.8835890410958905,5.01027696214713,0.3661339967569788
1997-06-16,0.8601917808219179,5.386000179568977,1.1738080396091055
1997-06-17,0.8306027397260275,5.604099231202276,-1.2247019709283036
1997-06-18,0.8152054794520549,5.769240783713691,-2.8444462631657457
1997-06-19,0.8070684931506851,6.115490871525423,-3.0525593646761076
1997-06-20,0.8051506849315069,6.618806642512426,-4.353957327443933
1997-06-21,0.8035890410958905,6.442742013077933,-1.4863310541738244
1997-06-22,0.798,6.005523186242669,-6.023523186242668
1997-06-23,0.7876986301369864,6.105474011672947,-5.9131726418099335
1997-06-24,0.782054794520548,6.463422027127811,-6.705476821648359
1997-06-25,0.7854520547945206,6.6153679351011165,-4.690819989895637
1997-06-26,0.8046027397260276,6.7376236428636735,-3.962226382589701
1997-06-27,0.831068493150685,6.846494735241616,-4.167563228392301
1997-06-28,0.8369863013698631,7.677430615115167,-2.79441691648503
1997-06-29,0.8512602739726027,7.638049793197358,-3.309310067169961
1997-06-30,0.8676712328767122,7.216994998676809,-6.154666231553522
1997-07-01,0.8880821917808217,7.726461437032974,-5.124543628813795
1997-07-02,0.9148767123287669,7.816629930183659,-4.991506642512426
1997-07-03,0.9321095890410958,7.758190889087769,-3.5903004781288645
1997-07-04,0.9408493150684929,7.849064176759002,-4.949913491827496
1997-07-05,0.9410410958904107,7.624521711005577,-8.155562806895988
1997-07-06,0.9450958904109585,7.535721711005578,-7.510817601416536
1997-07-07,0.9530958904109585,7.660425820594618,-7.053521711005576
1997-07-08,0.9610958904109586,7.659828560320647,-3.6209244507316054
1997-07-09,0.9649589041095887,7.68018212547695,-1.245141029586538
1997-07-10,0.9684931506849312,7.488536884872805,-1.8770300355577367
1997-07-11,0.9832602739726024,7.555372852558088,-1.818633126530691
1997-07-12,1.001808219178082,7.205849143390544,-0.6276573625686259
1997-07-13,1.0251232876712326,7.305116442301679,0.10976027002708832
1997-07-14,1.0404931506849313,7.330495437735468,-0.8909885884203987
1997-07-15,1.0351780821917806,7.646339484100062,-2.6315175662918424
1997-07-16,1.025780821917808,7.703801373808528,1.6304178042736641
1997-07-17,1.0145753424657533,8.03939533236139,0.7360293251728542
1997-07-18,1.0053424657534245,8.195239378725985,-5.920581844479409
1997-07-19,0.988849315068493,8.524629614061425,-7.083478929129917
1997-07-20,0.9824109589041093,8.249456449326617,-6.231867408230727
1997-07-21,0.9756986301369861,8.07071672329922,-4.316415353436206
1997-07-22,0.954767123287671,8.549601865554225,-1.1543689888418962
1997-07-23,0.9268767123287669,8.76107921012746,-0.8679559224562272
1997-07-24,0.8975890410958901,8.624287499554926,-0.6018765406508155
1997-07-25,0.8814246575342463,8.375106607387734,-3.2965312649219802
1997-07-26,0.8616712328767121,8.768581141985555,-3.500252374862267
1997-07-27,0.8429589041095888,8.909926417714393,-1.3428853218239816
1997-07-28,0.8294246575342463,8.911056027830305,0.17951931463544746
1997-07-29,0.8203835616438354,8.542165265624476,-0.6025488272683113
1997-07-30,0.8135616438356161,8.147170534328373,0.43926782183601176
1997-07-31,0.7994520547945203,8.681203551539472,-1.450655606333993
1997-08-01,0.7831506849315066,8.519180369242317,-5.402331054173824
1997-08-02,0.7649315068493148,7.949296983221945,-1.3542284900712591
1997-08-03,0.7502739726027394,8.453571658318538,0.04615436907872272
1997-08-04,0.73972602739726,9.16424113496062,1.10603283764212
1997-08-05,0.7345205479452053,8.66974657928798,2.855732872766815
1997-08-06,0.7333698630136984,8.564114686067047,0.42251545091925635
1997-08-07,0.7321643835616436,8.37739533236139,0.10044028407696715
1997-08-08,0.7356986301369861,8.975322975494512,-0.07102160563149695
1997-08-09,0.7243287671232874,8.932508785118678,0.5831624477580348
1997-08-10,0.7054520547945204,8.89066614374179,1.613881801463691
1997-08-11,0.7060273972602739,8.38539743984295,1.3985751628967762
1997-08-12,0.7135616438356163,8.317084127584431,1.5293542285799528
1997-08-13,0.7229863013698627,8.196149810759705,1.7808638878704315
1997-08-14,0.7313150684931505,8.677133302154154,1.301551629352696
1997-08-15,0.7515890410958902,7.893801373808529,1.7446095850955814
1997-08-16,0.779835616438356,7.751190906650114,0.6689734769115283
1997-08-17,0.8053972602739723,7.766952761233887,-0.6423500215078599
1997-08-18,0.8332328767123285,7.973079912621312,-0.3563127893336411
1997-08-19,0.8419178082191778,8.140393576126758,-0.5723113843459355
1997-08-20,0.8603287671232874,7.9143275417045595,0.005343691172152276
1997-08-21,0.8878904109589039,8.228461718030514,-0.3363521289894189
1997-08-22,0.9031780821917806,7.889133302154154,0.7876886156540648
1997-08-23,0.9088219178082191,7.4533911173982705,2.297786964793511
1997-08-24,0.9003561643835615,7.278654903840141,2.680988931776297
1997-08-25,0.8851506849315067,7.753854060847515,2.830995254220979
1997-08-26,0.8862191780821916,7.775518971279549,0.89826185063826
1997-08-27,0.8863013698630136,7.320444155684187,1.3232544744527983
1997-08-28,0.8947397260273972,6.861314545568274,-2.3960542715956707
1997-08-29,0.9189863013698629,6.879403762287627,-6.558390063657489
1997-08-30,0.9124657534246574,6.47600298954439,-2.728468742969047
1997-08-31,0.8927945205479451,6.201467689228267,4.455737790223789
1997-09-01,0.8736712328767121,6.061980509741088,5.814348257382201
1997-09-02,0.8703561643835613,6.24275887293041,2.0868849626860273
1997-09-03,0.8679999999999998,5.6700816688559454,3.0819183311440534
1997-09-04,0.8549041095890408,5.8623928736329045,3.202703016778054
1997-09-05,0.860821917808219,5.695381282484327,3.8637967997074547
1997-09-06,0.8656712328767122,5.494617671665921,3.6897110954573673
1997-09-07,0.8508767123287668,5.281013878199114,0.8281094094721189
1997-09-08,0.8188767123287669,5.586893049256367,2.6442302384148677
1997-09-09,0.7758904109589039,6.073948195023842,2.370161394017254
1997-09-10,0.7415616438356163,6.217741661831007,1.7906966943333762
1997-09-11,0.7159178082191779,5.98430997935823,3.939772212422593
1997-09-12,0.6912328767123286,5.390670358704909,3.2980967645827626
1997-09-13,0.6738082191780821,4.631134004648008,-0.6449422238260896
1997-09-14,0.6694794520547944,4.917950302505401,-4.107429754560195
1997-09-15,0.6650410958904108,5.093451531869645,0.12150737223994401
1997-09-16,0.6613150684931506,5.059232353787453,2.7094525777193956
1997-09-17,0.6555616438356163,5.30114735203122,2.9832910041331635
1997-09-18,0.6592054794520547,5.471748686769539,2.959045833778406
1997-09-19,0.6601643835616436,5.39086494950224,1.7289706669361165
1997-09-20,0.6595342465753423,5.345998072087418,1.4244676813372399
1997-09-21,0.6516164383561642,4.331037762990123,1.797345798653713
1997-09-22,0.6339452054794519,4.213026523088471,1.4030282714320768
1997-09-23,0.621753424657534,4.014211630218784,1.4440349451236818
1997-09-24,0.6179178082191779,3.938477172895285,2.023605018885537
1997-09-25,0.6164931506849313,3.9207848652029775,3.5227219841120916
1997-09-26,0.6067123287671231,3.8721484057719975,4.201139265460879
1997-09-27,0.6236164383561642,3.723670007457983,3.9327135541858524
1997-09-28,0.6608767123287669,3.1143795262496936,3.6547437614215394
1997-09-29,0.6897260273972601,3.4609703235802174,2.719303649022523
1997-09-30,0.7067945205479449,3.9452815283571745,4.347923951094881
1997-10-01,0.7108219178082189,3.9082692347147447,3.560908847477036
1997-10-02,0.7080821917808217,3.8416201303944075,2.1302976778247706
1997-10-03,0.7122465753424656,3.7382074152556646,-0.35045399059813054
1997-10-04,0.7256986301369861,3.4934508293757913,3.070850540487222
1997-10-05,0.7325205479452053,2.7181947703663076,5.619284681688487
1997-10-06,0.734876712328767,1.961820341142563,3.6433029465286704
1997-10-07,0.7384657534246574,2.31159203064028,3.3699422159350623
1997-10-08,0.7313972602739724,2.551293470752679,3.7273092689733485
1997-10-09,0.7190958904109587,3.110797510092335,5.2301065994967075
1997-10-10,0.7047123287671231,3.1437395543494477,2.771548116883429
1997-10-11,0.686821917808219,2.9772091714902973,-1.6640310892985162
1997-10-12,0.6844109589041093,2.783380579990473,-4.567791538894582
1997-10-13,0.6710958904109587,2.857145947043512,-8.54824183745447
1997-10-14,0.650739726027397,2.7451340046480075,-10.225873730675405
1997-10-15,0.6444109589041094,2.5351747492914916,-8.3695857081956
1997-10-16,0.6512876712328766,2.297583600714042,-3.5988712719469187
1997-10-17,0.6602739726027396,1.5673257854699252,0.6324002419273353
1997-10-18,0.6468767123287669,0.6918990204541192,5.271224267217114
1997-10-19,0.6330684931506848,0.5998140186978846,5.567117488151431
1997-10-20,0.6470410958904109,0.07143748199258068,4.681521422117009
1997-10-21,0.6712602739726026,0.434118198536311,1.8646215274910867
1997-10-22,0.7010958904109588,0.9325242399834485,1.2363798696055928
1997-10-23,0.7224931506849315,0.9541547282166764,1.3333521210983923
1997-10-24,0.7300273972602738,1.0387174257930725,-3.3687448230533463
1997-10-25,0.7356986301369861,1.0161645631306206,-2.1018631932676066
1997-10-26,0.7427671232876711,0.7095365336258791,-1.4123036569135503
1997-10-27,0.7456438356164382,0.8556067830111969,-3.871250618627635
1997-10-28,0.734876712328767,1.5459798072472348,-8.700856519576002
1997-10-29,0.7355890410958903,1.6977065371383482,-6.4332955782342385
1997-10-30,0.7403013698630135,1.6723781212619873,-3.812679491125001
1997-10-31,0.7423561643835614,1.2832211138858016,-2.805577278269363
1997-11-01,0.7303835616438356,0.10286705698379968,0.026749381372364753
1997-11-02,0.7154520547945205,-0.5999956054679039,1.6545435506733834
1997-11-03,0.6984931506849315,-0.9022604456505525,2.5137672949656213
1997-11-04,0.6905479452054795,-0.5789769893807946,-0.07157095582468487
1997-11-05,0.692986301369863,-0.33294748463896096,-1.460038816730902
1997-11-06,0.7127671232876711,-0.3139752331461618,0.27120810985849075
1997-11-07,0.740904109589041,-0.6598066346213988,-0.3310974749676422
1997-11-08,0.7662191780821916,-1.6624030519027482,-0.8238161261794437
1997-11-09,0.7872328767123287,-1.9510739335325336,-1.6261589431797954
1997-11-10,0.8075890410958902,-2.8881269718184486,-1.1994620692774411
1997-11-11,0.8254520547945203,-4.0193633610000425,-0.4960886937944782
1997-11-12,0.8389315068493148,-3.271392163248023,-1.7975393436012923
1997-11-13,0.8401095890410957,-2.9015333645125123,-5.328576224528583
1997-11-14,0.8367397260273971,-3.2643222651096324,-6.412417460917766
1997-11-15,0.828849315068493,-3.2585365257348515,0.2996872106663586
1997-11-16,0.8093698630136985,-2.783034593876755,0.8936647308630565
1997-11-17,0.7979999999999998,-3.6141571790541347,1.2761571790541346
1997-11-18,0.7915068493150683,-4.008117839398357,3.3866109900832893
1997-11-19,0.7933150684931505,-4.270810498337591,-0.4125045701555603
1997-11-20,0.7976712328767122,-3.8082077586115646,-0.049463474265147855
1997-11-21,0.8006027397260271,-4.5146468172698,-0.7559559224562262
1997-11-22,0.797753424657534,-4.422303297775596,-0.4254501268819384
1997-11-23,0.7904931506849313,-3.870726901569063,-1.4297662491158678
1997-11-24,0.7797808219178077,-4.790910252464743,2.001129430546935
1997-11-25,0.7735068493150681,-4.439180712598216,1.5656738632831484
1997-11-26,0.7656438356164379,-4.460228833427158,1.36458499781072
1997-11-27,0.767561643835616,-4.114927814811072,1.6073661709754559
1997-11-28,0.7613698630136981,-4.292378464617886,1.8410086016041878
1997-11-29,0.7619452054794515,-4.150512640943843,0.9585674354643912
1997-11-30,0.7586027397260269,-3.947609233848656,-2.1709935058773713
1997-12-01,0.7690958904109584,-4.23279925843594,-3.2262966319750186
1997-12-02,0.7801917808219174,-4.137071826050973,-3.6031199547709445
1997-12-03,0.7886027397260271,-4.800926409823366,-8.447676329902663
1997-12-04,0.7973698630136983,-5.359052156223084,-3.7583177067906135
1997-12-05,0.8124931506849311,-5.913653490961405,-2.738839659723526
1997-12-06,0.8208493150684929,-5.665217242278582,-2.235632072789911
1997-12-07,0.8107123287671231,-5.219905686254697,3.2391933574875744
1997-12-08,0.7972328767123285,-5.219241127069589,2.9320082503572604
1997-12-09,0.7973698630136985,-5.187364765987748,0.13999490297404993
1997-12-10,0.7873698630136985,-5.240638387343562,1.9232685243298642
1997-12-11,0.7605205479452053,-5.291845974277177,4.891325426331972
1997-12-12,0.727753424657534,-5.151193357487574,-0.6965600671699601
1997-12-13,0.6996986301369861,-5.3989172774032745,-4.060781352733711
1997-12-14,0.6855342465753422,-5.646160691523401,-5.23937355505194
1997-12-15,0.6708493150684929,-6.152559005538153,-6.39829030953034
1997-12-16,0.6518082191780818,-6.533144885411704,-5.528663333766379
1997-12-17,0.640849315068493,-6.692673512036221,-2.4581758030322725
1997-12-18,0.6410958904109587,-6.35418246883285,2.2130865784218905
1997-12-19,0.6504109589041093,-5.93785791667268,2.907446957768571
1997-12-20,0.674794520547945,-6.405264309366745,2.3404697888188
1997-12-21,0.6984657534246572,-6.692153666584869,0.9236879131602116
1997-12-22,0.7262191780821916,-6.653272739292981,0.797053561210789
1997-12-23,0.7440273972602738,-5.980386192050272,1.0363587947899982
1997-12-24,0.7675342465753423,-5.777692830617183,2.6001585840418406
1997-12-25,0.7881095890410957,-5.485762377508649,4.487652788467553
1997-12-26,0.803808219178082,-4.766436771607699,-0.6673714475703827
1997-12-27,0.8225205479452053,-4.468885665179881,-3.903634882765324
1997-12-28,0.8301095890410959,-5.35002370522203,-4.7500858838190645
1997-12-29,0.8416712328767123,-5.8695937789838855,-3.2820774538928266
1997-12-30,0.8606301369863013,-6.218338422468254,-1.2022917145180463
1997-12-31,0.8808767123287671,-6.886126269324594,1.9252495569958263
1998-01-01,0.8939452054794519,-7.221306458997936,3.467361253518484
1998-01-02,0.8949863013698629,-6.639114678176017,1.7041283768061541
1998-01-03,0.9005753424657533,-7.187616961281041,2.297041618815287
1998-01-04,0.9169863013698629,-7.054204246142298,0.767217944772435
1998-01-05,0.9413424657534246,-6.874877937747495,-0.07646452800592929
1998-01-06,0.9537808219178081,-6.34970969046966,0.7959288685518517
1998-01-07,0.9395342465753422,-5.796353877333025,0.8668196307576821
1998-01-08,0.9280273972602738,-6.567875479019009,0.9198480817587358
1998-01-09,0.9271232876712328,-6.952945377157402,4.665822089486169
1998-01-10,0.9295342465753423,-6.344883557698322,5.415349311122979
1998-01-11,0.9372602739726026,-5.8177110954573665,5.9604508214847645
1998-01-12,0.9418904109589039,-5.446057424926983,5.744167013968079
1998-01-13,0.9327123287671232,-4.891534067006366,0.8688217382392427
1998-01-14,0.9262465753424657,-4.98428643792312,0.5880398625806542
1998-01-15,0.912986301369863,-5.72706199113703,0.41407568976716647
1998-01-16,0.9084657534246576,-5.9490205439996915,1.0605547905750337
1998-01-17,0.927123287671233,-6.536574460402923,-2.8205488272683095
1998-01-18,0.9558082191780822,-6.733023353975104,-1.242784865202978
1998-01-19,0.9866575342465753,-7.031281169219221,-1.385376365027354
1998-01-20,1.0062465753424659,-6.974241478316517,-5.482005097025948
1998-01-21,1.0155616438356165,-6.85518563005519,-6.000376013780426
1998-01-22,1.024082191780822,-6.246212676068536,-6.117869515712286
1998-01-23,1.0275068493150687,-6.688383382074859,-0.6891234672402096
1998-01-24,1.036054794520548,-7.324531608277878,-1.7215231862426688
1998-01-25,1.050054794520548,-7.4403398274559605,-1.7797149670645878
1998-01-26,1.0522191780821921,-7.088863887870433,-1.7233552902117584
1998-01-27,1.040164383561644,-7.545687913160211,-2.124476470401434
1998-01-28,1.039178082191781,-7.297627498688838,-1.751550583502942
1998-01-29,1.0430684931506853,-7.335795394719748,-1.577273098430938
1998-01-30,1.0448493150684932,-7.293775724891859,-1.5110735901766343
1998-01-31,1.0597260273972604,-6.831487702412056,-4.528238324985206
1998-02-01,1.065095890410959,-6.521976638133868,-3.5931192522770914
1998-02-02,1.0626301369863014,-6.593745517656172,-3.35888461933013
1998-02-03,1.0625753424657536,-6.734910954958596,-2.917664387507158
1998-02-04,1.05013698630137,-6.943091495878863,0.3129545095774935
1998-02-05,1.051123287671233,-6.357349311122979,-0.0737739765482539
1998-02-06,1.0609041095890412,-6.145156827807209,0.4742527182181666
1998-02-07,1.0755890410958904,-7.438229535921012,0.742640494825122
1998-02-08,1.0882739726027397,-7.513642251059754,-1.8146317215429866
1998-02-09,1.101041095890411,-7.509302244034816,5.098261148144405
1998-02-10,1.1127671232876712,-7.6464121843228385,7.453645061035167
1998-02-11,1.1245205479452056,-7.4344395815831135,7.189919033637908
1998-02-12,1.123945205479452,-7.514391109507243,8.130445904027791
1998-02-13,1.1236164383561644,-7.884687561913284,8.76107112355712
1998-02-14,1.1287945205479453,-7.442676322011634,10.94388180146369
1998-02-15,1.1350410958904111,-7.944499293560633,9.079458197670222
1998-02-16,1.1427397260273973,-7.9744669788433855,8.801727252815988
1998-02-17,1.1434520547945208,-8.227892338871486,3.6544402840769656
1998-02-18,1.1453698630136988,-7.812736033989153,7.887366170975454
1998-02-19,1.1454520547945206,-7.438166311474226,8.212714256679705
1998-02-20,1.1418904109589043,-6.508159989029547,7.186269578070643
1998-02-21,1.1352328767123288,-6.458881450216762,5.533648573504434
1998-02-22,1.1266027397260276,-6.808605370132464,2.022002630406436
1998-02-23,1.1133150684931508,-7.457442040311599,0.30412697181844806
1998-02-24,1.095178082191781,-7.011469437571872,2.3562913553800913
1998-02-25,1.0899999999999999,-6.687996307961758,3.6479963079617583
1998-02-26,1.0738904109589043,-6.739202489907665,6.005312078948761
1998-02-27,1.061095890410959,-6.268228833427159,5.7871329430162
1998-02-28,1.0624657534246575,-6.656306810244861,2.3638410568202035
1998-03-01,1.059123287671233,-7.091073933532533,-1.0180493541387001
1998-03-02,1.0459452054794522,-7.197087280915743,-0.37885792456371004
1998-03-03,1.0347123287671234,-6.783026866444371,4.918314537677247
1998-03-04,1.037917808219178,-6.371295921590138,5.84337811337096
1998-03-05,1.0347671232876712,-5.973124513089962,-0.07164261019770901
1998-03-06,1.030027397260274,-6.301552331846548,1.341524934586273
1998-03-07,1.0126301369863016,-6.100935542243457,4.998305405257155
1998-03-08,1.0003287671232877,-6.587050048741524,0.466721281618236
1998-03-09,1.0005205479452055,-6.549626796194984,-5.450893751750222
1998-03-10,0.9920273972602739,-5.825435015373067,-8.906592381887208
1998-03-11,0.9912876712328766,-5.2572614993913325,-5.374026171841545
1998-03-12,0.993945205479452,-5.983395675717289,-2.940549529762163
1998-03-13,0.9792876712328766,-5.6011146781760175,-4.998172993056858
1998-03-14,0.9517260273972601,-5.379382328334079,-3.592343699063181
1998-03-15,0.9299999999999998,-5.48494045970043,-1.6050595402995702
1998-03-16,0.9182465753424656,-5.247581134094529,0.42933455875206317
1998-03-17,0.8999999999999999,-4.2096563009368175,0.7496563009368176
1998-03-18,0.8854520547945205,-4.157675268270854,2.492223213476333
1998-03-19,0.8612876712328765,-4.757220052253995,-1.5640676189788811
1998-03-20,0.8404109589041094,-4.175884611439101,-4.424526347465009
1998-03-21,0.8316438356164382,-4.427621176244159,-4.144022659372279
1998-03-22,0.8211232876712327,-4.121782749830391,-5.859340537840842
1998-03-23,0.8134794520547943,-4.871725847828283,-5.561753604226511
1998-03-24,0.8059178082191779,-4.816027217691297,-6.9198905905278805
1998-03-25,0.8002465753424655,-5.09124323455115,-3.7890033407913153
1998-03-26,0.7953972602739723,-5.183326128825824,0.16792886855185163
1998-03-27,0.7841369863013696,-5.528761323767869,2.4446243374664993
1998-03-28,0.7729315068493148,-4.983116785657577,6.3901852788082625
1998-03-29,0.7613150684931503,-4.696721281618237,6.835406213125086
1998-03-30,0.7465205479452051,-4.554541443191823,6.018020895246618
1998-03-31,0.7389315068493147,-4.402521773363936,5.833590266514621
1998-04-01,0.7254794520547942,-4.0947479763846575,3.6692685243298633
1998-04-02,0.7021095890410955,-3.26172514533443,2.0796155562933345
1998-04-03,0.6830958904109585,-3.033782749830391,3.0706868594194328
1998-04-04,0.6703287671232874,-3.121732872766815,1.1014041056435273
1998-04-05,0.6486575342465749,-3.5048828552044693,0.5062253209578942
1998-04-06,0.626575342465753,-3.3825512781057685,-0.6040240643599843
1998-04-07,0.6148493150684927,-3.7824444990400856,-0.24240481602840713
1998-04-08,0.5974794520547941,-4.325312781442614,-0.58216667061218
1998-04-09,0.5765205479452051,-4.430534418253292,-0.2959861296919133
1998-04-10,0.5541643835616434,-4.3496829957032395,-1.0644813878584047
1998-04-11,0.5382739726027395,-3.8241065994967074,-3.6441673731060322
1998-04-12,0.5381369863013694,-3.699958373293686,-4.968178613007684
1998-04-13,0.5408219178082188,-3.529810849584518,-7.5510110682236995
1998-04-14,0.5484931506849312,-3.295453982707103,-7.333039167977828
1998-04-15,0.5769315068493148,-3.9501670139680796,-3.5167644928812347
1998-04-16,0.6041917808219175,-3.63545749517637,-3.0887342856455478
1998-04-17,0.6203835616438353,-3.0300827147056983,-2.8903008469381364
1998-04-18,0.62172602739726,-2.676071474804047,-5.635654552593213
1998-04-19,0.6073424657534243,-2.658051804976158,-5.689290660777266
1998-04-20,0.5832328767123283,-2.376564625488979,-0.9666682512233491
1998-04-21,0.5562465753424654,-2.1774286929283893,0.901182117585924
1998-04-22,0.5563835616438351,-1.7045006985483397,2.4481171369045045
1998-04-23,0.5619999999999996,-1.60474165393998,2.8527416539399804
1998-04-24,0.5684383561643832,-1.3483911095072436,1.2599527533428603
1998-04-25,0.5751232876712324,-0.970426936693756,3.0453036490225234
1998-04-26,0.5710684931506845,-0.5687809935957578,2.9677125004450735
1998-04-27,0.5577260273972598,-0.44575535257011695,-0.8019706748271427
1998-04-28,0.5556712328767119,-0.36008903715037677,-4.335582195726335
1998-04-29,0.5823013698630133,-0.10397944810928078,-2.7883219217537327
1998-04-30,0.5950684931506847,-0.08841780427366439,-2.2766506888770204
1998-05-01,0.5839178082191778,-0.2501269718184484,-1.0737908364007294
1998-05-02,0.575698630136986,-0.2514750575226986,-1.6842235726142873
1998-05-03,0.5683561643835613,0.11849895020473389,-0.8868551145882951
1998-05-04,0.5590684931506846,-0.08670371927190826,-1.7523647738787764
1998-05-05,0.5521917808219174,-0.2317651874840614,-1.700426593337856
1998-05-06,0.5441369863013696,0.1394501268819379,-1.5735871131833075
1998-05-07,0.5295342465753421,-0.018806985868325486,1.5292727392929835
1998-05-08,0.5128219178082188,0.16499912582819712,2.892178956363584
1998-05-09,0.5051232876712326,0.8065144050695039,4.238362307259263
1998-05-10,0.5127397260273969,0.8789808609880143,5.118279412984588
1998-05-11,0.528602739726027,1.1716327752837643,6.079764484990209
1998-05-12,0.53958904109589,1.6106717636926158,5.969739195211494
1998-05-13,0.5263287671232872,1.9133068181358892,5.890364414740824
1998-05-14,0.5209863013698626,2.3271382196111263,4.17187547901901
1998-05-15,0.5231780821917804,2.3469380088629705,2.8598839089452497
1998-05-16,0.5288493150684928,2.079670709951836,0.43147997497967117
1998-05-17,0.5128767123287667,1.521290660777266,-2.374167373106033
1998-05-18,0.4891232876712325,0.8342860945672206,-1.3034093822384532
1998-05-19,0.46065753424657496,0.4417557117080709,1.4775867540453542
1998-05-20,0.429561643835616,0.5229106116026966,2.8575277445616876
1998-05-21,0.4059726027397256,1.26421303520649,1.1598143620537846
1998-05-22,0.3741095890410955,2.199844225933571,-1.4639538149746665
1998-05-23,0.34016438356164347,2.769824556105682,-1.3999889396673253
1998-05-24,0.31610958904109554,2.902159645673648,-2.3382692347147436
1998-05-25,0.3065205479452051,2.3225720095654645,-1.7390925575106695
1998-05-26,0.296630136986301,2.6180395192247548,-0.3046696562110558
1998-05-27,0.28786301369862977,3.3267370956209614,-1.0846001093195916
1998-05-28,0.27183561643835585,3.5091782617607574,-1.3010138781991132
1998-05-29,0.2555890410958901,3.7641561332043825,-1.8197451743002724
1998-05-30,0.2371780821917805,3.4835597159230334,0.7192622018851864
1998-05-31,0.22512328767123257,4.096879701873156,-1.322002989544389
1998-06-01,0.21794520547945176,3.719338430359282,0.0827163641612656
1998-06-02,0.21873972602739697,3.140810154981692,3.8804501189909115
1998-06-03,0.21863013698630113,2.753534426144319,3.797835436869379
1998-06-04,0.2363561643835614,2.720678086137294,5.8629657494791445
1998-06-05,0.23468493150684905,3.404964001135538,6.510351067357615
1998-06-06,0.22019178082191754,4.208854412094443,4.90095380708364
1998-06-07,0.20169863013698602,4.4431073098815865,1.385194059981428
1998-06-08,0.16605479452054767,4.101932037665219,-1.3479868321857666
1998-06-09,0.13649315068493126,4.352151918241264,3.3413549310738055
1998-06-10,0.13095890410958877,4.515270990949378,1.6037701049410336
1998-06-11,0.12336986301369837,4.64739533236139,-4.5207651953750885
1998-06-12,0.10775342465753401,4.398231300046674,-7.655984724704208
1998-06-13,0.1123835616438354,4.771327892951485,-7.3037114545953195
1998-06-14,0.1349041095890409,4.822098528708422,-3.637002638297463
1998-06-15,0.16476712328767107,5.01027696214713,-4.275044085434801
1998-06-16,0.20564383561643823,5.386000179568977,-5.121644015185415
1998-06-17,0.23693150684931502,5.604099231202276,-4.6310307380515905
1998-06-18,0.2625479452054794,5.769240783713691,-2.2017887289191704
1998-06-19,0.27254794520547937,6.115490871525423,0.8819611832690972
1998-06-20,0.26578082191780816,6.618806642512426,5.085412535569767
1998-06-21,0.2525205479452054,6.442742013077933,7.704737438976861
1998-06-22,0.23183561643835607,6.005523186242669,4.672641197318975
1998-06-23,0.21564383561643827,6.105474011672947,1.158882152710615
1998-06-24,0.21191780821917802,6.463422027127811,2.44466016465301
1998-06-25,0.19797260273972594,6.6153679351011165,3.4066594621591575
1998-06-26,0.17701369863013688,6.7376236428636735,2.3953626585061896
1998-06-27,0.1802465753424657,6.846494735241616,3.3132586894159184
1998-06-28,0.20112328767123291,7.677430615115167,0.6114460972135998
1998-06-29,0.2186575342465754,7.638049793197358,1.543292672556066
1998-06-30,0.22835616438356177,7.216994998676809,1.4046488369396277
1998-07-01,0.23356164383561656,7.726461437032974,2.919976919131411
1998-07-02,0.22819178082191793,7.816629930183659,0.46517828899442293
1998-07-03,0.22224657534246586,7.758190889087769,-2.5004374644302345
1998-07-04,0.22027397260273984,7.849064176759002,-2.189338149361742
1998-07-05,0.21695890410958915,7.624521711005577,-1.4414806151151653
1998-07-06,0.22767123287671245,7.535721711005578,2.0966070561177093
1998-07-07,0.25172602739726047,7.660425820594618,-1.8121518479918786
1998-07-08,0.2747123287671234,7.659828560320647,-8.13454088908777
1998-07-09,0.28515068493150697,7.68018212547695,-4.765332810408457
1998-07-10,0.2898082191780823,7.488536884872805,-1.5283451040508877
1998-07-11,0.2695342465753426,7.555372852558088,-0.2249070991334312
1998-07-12,0.24772602739726038,7.205849143390544,2.946424829212197
1998-07-13,0.22745205479452066,7.305116442301679,2.5974315029038015
1998-07-14,0.19235616438356173,7.330495437735468,-3.39285160211903
1998-07-15,0.1716712328767124,7.646339484100062,-4.128010716976775
1998-07-16,0.161068493150685,7.703801373808528,-2.344869866959213
1998-07-17,0.15673972602739733,8.03939533236139,-0.05613505838878741
1998-07-18,0.15567123287671242,8.195239378725985,1.7390893883973035
1998-07-19,0.1648219178082192,8.524629614061425,4.210548468130357
1998-07-20,0.1752054794520548,8.249456449326617,5.835338071221328
1998-07-21,0.18767123287671245,8.07071672329922,3.6216120438240686
1998-07-22,0.2127945205479453,8.549601865554225,2.9876036138978304
1998-07-23,0.23715068493150693,8.76107921012746,2.931770104941032
1998-07-24,0.2583013698630137,8.624287499554926,1.2874111305820595
1998-07-25,0.264082191780822,8.375106607387734,0.440811200831444
1998-07-26,0.2745479452054794,8.768581141985555,2.196870912808965
1998-07-27,0.2904931506849316,8.909926417714393,-0.00041956839932488776
1998-07-28,0.30145205479452053,8.911056027830305,-3.692508082624826
1998-07-29,0.29857534246575346,8.542165265624476,-0.44074060809022875
1998-07-30,0.2983835616438357,8.147170534328373,2.3744459040277928
1998-07-31,0.2838356164383562,8.681203551539472,-0.28503916797782836
1998-08-01,0.2529863013698631,8.519180369242317,0.5578333293878206
1998-08-02,0.23561643835616444,7.949296983221945,1.135086578421891
1998-08-03,0.235041095890411,8.453571658318538,-0.338612754208949
1998-08-04,0.248027397260274,9.16424113496062,1.5777314677791061
1998-08-05,0.26358904109589043,8.66974657928798,-1.2133356203838703
1998-08-06,0.2757534246575343,8.564114686067047,1.2401318892754194
1998-08-07,0.2753150684931508,8.37739533236139,4.127289599145458
1998-08-08,0.26186301369863024,8.975322975494512,5.762814010806858
1998-08-09,0.24904109589041107,8.932508785118678,5.688450118990911
1998-08-10,0.22961643835616447,8.89066614374179,6.749717417902046
1998-08-11,0.2013972602739727,8.38539743984295,6.183205299883076
1998-08-12,0.15339726027397266,8.317084127584431,6.379518612141595
1998-08-13,0.10317808219178087,8.196149810759705,2.190672107048515
1998-08-14,0.04515068493150687,8.677133302154154,1.8677160129143395
1998-08-15,-0.006410958904109629,7.893801373808529,4.392609585095579
1998-08-16,-0.04758904109589046,7.751190906650114,3.7763981344457758
1998-08-17,-0.0824657534246576,7.766952761233887,3.0555129921907698
1998-08-18,-0.10736986301369869,7.973079912621312,0.8442899503923869
1998-08-19,-0.12660273972602748,8.140393576126758,1.0962091635992692
1998-08-20,-0.15030136986301373,7.9143275417045595,1.0459738281584547
1998-08-21,-0.16605479452054794,8.228461718030514,-0.582406923509966
1998-08-22,-0.17772602739726023,7.889133302154154,-0.5614072747568937
1998-08-23,-0.18715068493150688,7.4533911173982705,0.24375956753323624
1998-08-24,-0.20298630136986304,7.278654903840141,-1.0656686024702777
1998-08-25,-0.221972602739726,7.753854060847515,-2.6818814581077897
1998-08-26,-0.2386027397260274,7.775518971279549,0.13308376844647807
1998-08-27,-0.25317808219178084,7.320444155684187,-3.4172660734924056
1998-08-28,-0.2579452054794521,6.861314545568274,-5.913369340088822
1998-08-29,-0.2657260273972603,6.879403762287627,-4.873677734890366
1998-08-30,-0.26846575342465756,6.47600298954439,-2.767537236119732
1998-08-31,-0.25884931506849307,6.201467689228267,0.7973816258402255
1998-09-01,-0.2445205479452054,6.061980509741088,2.832540038204118
1998-09-02,-0.2501369863013698,6.24275887293041,4.377378113370958
1998-09-03,-0.2655068493150684,5.6700816688559454,3.0654251804591235
1998-09-04,-0.2755068493150684,5.8623928736329045,2.603113975682163
1998-09-05,-0.2944657534246574,5.695381282484327,-1.330915529059669
1998-09-06,-0.3267397260273972,5.494617671665921,0.39212205436147585
1998-09-07,-0.3417808219178081,5.281013878199114,2.0907669437186946
1998-09-08,-0.32668493150684924,5.586893049256367,0.6897918822504829
1998-09-09,-0.29906849315068484,6.073948195023842,3.175120298126842
1998-09-10,-0.27276712328767105,6.217741661831007,3.775025461456665
1998-09-11,-0.24879452054794515,5.98430997935823,-0.4455154588102843
1998-09-12,-0.22358904109589034,5.390670358704909,-5.847081317609019
1998-09-13,-0.20484931506849302,4.631134004648008,-7.696284689579515
1998-09-14,-0.19191780821917795,4.917950302505401,-7.536032494286223
1998-09-15,-0.19024657534246558,5.093451531869645,-5.683204956527179
1998-09-16,-0.19816438356164362,5.059232353787453,-1.7410679702258096
1998-09-17,-0.21284931506849297,5.30114735203122,-4.968298036962727
1998-09-18,-0.22098630136986286,5.471748686769539,-3.780762385399676
1998-09-19,-0.22580821917808216,5.39086494950224,-0.5850567303241574
1998-09-20,-0.2210684931506849,5.345998072087418,-1.5349295789367328
1998-09-21,-0.2153972602739726,4.331037762990123,-0.12564050271615024
1998-09-22,-0.20764383561643834,4.213026523088471,-0.5153826874720329
1998-09-23,-0.18432876712328763,4.014211630218784,0.18011713690450293
1998-09-24,-0.17112328767123275,3.938477172895285,1.0426461147759478
1998-09-25,-0.16860273972602716,3.9207848652029775,0.19781787452304966
1998-09-26,-0.1724109589041094,3.8721484057719975,0.8902625531321116
1998-09-27,-0.19561643835616416,3.723670007457983,0.5119464308981811
1998-09-28,-0.2159178082191779,3.1143795262496936,-0.8684617180305159
1998-09-29,-0.22783561643835598,3.4609703235802174,0.8668652928581384
1998-09-30,-0.23750684931506838,3.9452815283571745,0.3822253209578941
1998-10-01,-0.24216438356164371,3.9082692347147447,-4.016104851153101
1998-10-02,-0.24465753424657521,3.8416201303944075,-3.856962596147832
1998-10-03,-0.24947945205479444,3.7382074152556646,-4.048727963200871
1998-10-04,-0.24739726027397252,3.4934508293757913,-3.866053569101819
1998-10-05,-0.24301369863013694,2.7181947703663076,-1.4651810717361706
1998-10-06,-0.23016438356164373,1.961820341142563,0.32834404241908066
1998-10-07,-0.2285753424657533,2.31159203064028,-2.003016688174527
1998-10-08,-0.23260273972602719,2.551293470752679,-2.9586907310266515
1998-10-09,-0.23438356164383545,3.110797510092335,-1.9764139484484993
1998-10-10,-0.22750684931506834,3.1437395543494477,-2.0962327050343794
1998-10-11,-0.21912328767123274,2.9772091714902973,-0.8080858838190648
1998-10-12,-0.20561643835616422,2.783380579990473,-2.697764141634309
1998-10-13,-0.19254794520547924,2.857145947043512,-4.884598001838033
1998-10-14,-0.18008219178082172,2.7451340046480075,0.9849481871328138
1998-10-15,-0.17682191780821893,2.5351747492914916,2.4016471685167273
1998-10-16,-0.18257534246575322,2.297583600714042,3.1449917417517113
1998-10-17,-0.19106849315068467,1.5673257854699252,1.9737427076807597
1998-10-18,-0.1908767123287669,0.6918990204541192,0.8589776918746478
1998-10-19,-0.192767123287671,0.5998140186978846,-2.4070468954102138
1998-10-20,-0.19835616438356146,0.07143748199258068,-4.323081317609019
1998-10-21,-0.20213698630136964,0.434118198536311,2.7880187877650586
1998-10-22,-0.210767123287671,0.9325242399834485,4.198242883304223
1998-10-23,-0.2199726027397258,0.9541547282166764,4.62581787452305
1998-10-24,-0.22895890410958877,1.0387174257930725,0.030241478316516357
1998-10-25,-0.23871232876712306,1.0161645631306206,-2.607452234363498
1998-10-26,-0.24843835616438328,0.7095365336258791,-5.291098177461496
1998-10-27,-0.24531506849315046,0.8556067830111969,-3.630291714518046
1998-10-28,-0.23167123287671204,1.5459798072472348,1.985691425629477
1998-10-29,-0.21849315068493122,1.6977065371383482,-0.8192133864534169
1998-10-30,-0.21049315068493132,1.6723781212619873,-6.931884970577055
1998-10-31,-0.20298630136986284,1.2832211138858016,-4.860234812515938
1998-11-01,-0.18997260273972588,0.10286705698379968,-1.7328944542440738
1998-11-02,-0.1786027397260273,-0.5999956054679039,-0.841401654806069
1998-11-03,-0.16764383561643825,-0.9022604456505525,0.8699042812669908
1998-11-04,-0.15610958904109576,-0.5789769893807946,-2.1649134215781096
1998-11-05,-0.14643835616438344,-0.33294748463896096,-5.950614159196656
1998-11-06,-0.14367123287671218,-0.3139752331461618,-4.972353533977126
1998-11-07,-0.14863013698630118,-0.6598066346213988,-2.2515632283923
1998-11-08,-0.1553972602739724,-1.6624030519027482,2.8778003121767206
1998-11-09,-0.16183561643835592,-1.9510739335325336,5.112909549970889
1998-11-10,-0.17304109589041078,-2.8881269718184486,3.7911680677088593
1998-11-11,-0.18515068493150663,-4.0193633610000425,-4.32548595406845
1998-11-12,-0.19586301369862985,-3.271392163248023,-2.7127448230533466
1998-11-13,-0.20723287671232848,-2.9015333645125123,-3.4812337587751587
1998-11-14,-0.2212328767123285,-3.2643222651096324,-3.284444858178039
1998-11-15,-0.2261643835616436,-3.2585365257348515,-4.475299090703505
1998-11-16,-0.21843835616438328,-2.783034593876755,-6.748527049958861
1998-11-17,-0.20958904109589016,-3.6141571790541347,-8.106253779849975
1998-11-18,-0.21189041095890376,-4.008117839398357,-6.959991749642738
1998-11-19,-0.220739726027397,-4.270810498337591,-8.008449775635013
1998-11-20,-0.22978082191780802,-3.8082077586115646,-10.652011419470627
1998-11-21,-0.2298904109589039,-4.5146468172698,-12.115462771771295
1998-11-22,-0.2274794520547943,-4.422303297775596,-8.18021725016961
1998-11-23,-0.21353424657534226,-3.870726901569063,-3.9257388518555945
1998-11-24,-0.20284931506849296,-4.790910252464743,-0.6262404324667648
1998-11-25,-0.19252054794520534,-4.439180712598216,-0.6682987394565778
1998-11-26,-0.17953424657534237,-4.460228833427158,-3.5402369199974997
1998-11-27,-0.1664109589041095,-4.114927814811072,-3.3886612262848184
1998-11-28,-0.14868493150684928,-4.292378464617886,-3.9689366038752647
1998-11-29,-0.13542465753424654,-4.150512640943843,-2.544062701521911
1998-11-30,-0.11967123287671233,-3.947609233848656,-3.9127195332746325
1998-12-01,-0.10191780821917812,-4.23279925843594,-2.065282933344882
1998-12-02,-0.09761643835616438,-4.137071826050973,-2.7653117355928627
1998-12-03,-0.0972054794520548,-4.800926409823366,-1.0918681107245796
1998-12-04,-0.1146849315068493,-5.359052156223084,-3.4562629122700663
1998-12-05,-0.1291506849315069,-5.913653490961405,-7.08719582410709
1998-12-06,-0.14673972602739727,-5.665217242278582,-8.01804303169402
1998-12-07,-0.1536986301369863,-5.219905686254697,-8.806395683608315
1998-12-08,-0.1592876712328767,-5.219241127069589,-6.901471201697534
1998-12-09,-0.16731506849315067,-5.187364765987748,-0.9153201655191001
1998-12-10,-0.17367123287671232,-5.240638387343562,0.11430962022027469
1998-12-11,-0.16802739726027402,-5.291845974277177,0.1198733715374507
1998-12-12,-0.14920547945205487,-5.151193357487574,1.8703988369396285
1998-12-13,-0.12865753424657544,-5.3989172774032745,4.98757481164985
1998-12-14,-0.12561643835616454,-5.646160691523401,6.471777129879566
1998-12-15,-0.11553424657534264,-6.152559005538153,9.308093252113496
1998-12-16,-0.10134246575342484,-6.533144885411704,6.644487351165129
1998-12-17,-0.08827397260273989,-6.692673512036221,7.62094748463896
1998-12-18,-0.08706849315068514,-6.35418246883285,6.591250961983535
1998-12-19,-0.10219178082191793,-5.93785791667268,1.1900496974945982
1998-12-20,-0.12432876712328773,-6.405264309366745,-1.7004069235099672
1998-12-21,-0.16175342465753428,-6.692153666584869,-5.766092908757595
1998-12-22,-0.19857534246575342,-6.653272739292981,-4.188151918241265
1998-12-23,-0.2095068493150685,-5.980386192050272,0.6298930413653405
1998-12-24,-0.21967123287671225,-5.777692830617183,-1.5026359365061044
1998-12-25,-0.22624657534246567,-5.485762377508649,-2.147991047148886
1998-12-26,-0.2283561643835616,-4.766436771607699,1.5447929359912607
1998-12-27,-0.24183561643835622,-4.468885665179881,4.780721281618238
1998-12-28,-0.2535890410958904,-5.35002370522203,2.7336127463179207
1998-12-29,-0.25600000000000006,-5.8695937789838855,1.355593778983886
1998-12-30,-0.26063013698630144,-6.218338422468254,1.8189685594545555
1998-12-31,-0.2684931506849316,-6.886126269324594,1.1146194200095252
1999-01-01,-0.2612328767123288,-7.221306458997936,2.4525393357102647
1999-01-02,-0.2395342465753425,-6.639114678176017,2.1186489247513594
1999-01-03,-0.22013698630136988,-7.187616961281041,2.20775394758241
1999-01-04,-0.2066301369863014,-7.054204246142298,5.800834383128599
1999-01-05,-0.21879452054794526,-6.874877937747495,9.86367245829544
1999-01-06,-0.2252602739726028,-6.34970969046966,10.364969964442263
1999-01-07,-0.21391780821917816,-5.796353877333025,5.830271685552203
1999-01-08,-0.2091506849315069,-6.567875479019009,3.757026163950516
1999-01-09,-0.2068493150684932,-6.952945377157402,-1.6002053077741039
1999-01-10,-0.20556164383561654,-6.344883557698322,-1.4095547984660621
1999-01-11,-0.21098630136986313,-5.8177110954573665,-0.29130260317277035
1999-01-12,-0.2145205479452056,-5.446057424926983,-5.909422027127811
1999-01-13,-0.20764383561643845,-4.891534067006366,-5.5408220973771956
1999-01-14,-0.2008767123287672,-4.98428643792312,-2.1548368497481123
1999-01-15,-0.19761643835616444,-5.72706199113703,-0.05532157050680553
1999-01-16,-0.1913972602739727,-5.9490205439996915,1.7704178042736638
1999-01-17,-0.19032876712328772,-6.536574460402923,1.6369032275262105
1999-01-18,-0.1988493150684932,-6.733023353975104,3.701872669043597
1999-01-19,-0.2107397260273972,-7.031281169219221,4.3620208952466175
1999-01-20,-0.2152328767123287,-6.974241478316517,4.909474355028847
1999-01-21,-0.23282191780821912,-6.85518563005519,4.138007547863409
1999-01-22,-0.2604383561643836,-6.246212676068536,2.8866510322329195
1999-01-23,-0.27306849315068493,-6.688383382074859,2.7214518752255437
1999-01-24,-0.27287671232876715,-7.324531608277878,3.407408320606645
1999-01-25,-0.2755068493150685,-7.4403398274559605,5.365846676771029
1999-01-26,-0.27008219178082193,-7.088863887870433,3.598946079651255
1999-01-27,-0.2619178082191781,-7.545687913160211,-1.8723942786206118
1999-01-28,-0.2601369863013699,-7.297627498688838,-0.5222355150097924
1999-01-29,-0.26594520547945205,-7.335795394719748,-5.5782593998008
1999-01-30,-0.26728767123287667,-7.293775724891859,-11.458936603875266
1999-01-31,-0.27265753424657524,-6.831487702412056,-9.53585476334137
1999-02-01,-0.27391780821917805,-6.521976638133868,-2.464105553646954
1999-02-02,-0.2724931506849314,-6.593745517656172,2.7162386683411035
1999-02-03,-0.27484931506849314,-6.734910954958596,4.0997602700270885
1999-02-04,-0.26575342465753427,-6.943091495878863,6.068844920536398
1999-02-05,-0.26016438356164384,-6.357349311122979,1.0775136946846224
1999-02-06,-0.2655342465753424,-6.145156827807209,-3.109308925617449
1999-02-07,-0.276958904109589,-7.438229535921012,-2.584811559969399
1999-02-08,-0.2866575342465755,-7.513642251059754,-7.52970021469367
1999-02-09,-0.3084657534246577,-7.509302244034816,-3.7922320025405254
1999-02-10,-0.33273972602739743,-7.6464121843228385,-8.620848089649765
1999-02-11,-0.3616164383561645,-7.4344395815831135,-9.65394398006072
1999-02-12,-0.37890410958904125,-7.514391109507243,-11.546704780903717
1999-02-13,-0.39030136986301384,-7.884687561913284,-8.545011068223701
1999-02-14,-0.40230136986301385,-7.442676322011634,-2.555022308125352
1999-02-15,-0.41594520547945213,-7.944499293560633,-2.099555500959915
1999-02-16,-0.42857534246575346,-7.9744669788433855,1.2830423213091384
1999-02-17,-0.4292054794520549,-8.227892338871486,-1.7929021816764585
1999-02-18,-0.43191780821917825,-7.812736033989153,0.8146538422083314
1999-02-19,-0.43942465753424675,-7.438166311474226,4.047590969008473
1999-02-20,-0.44282191780821933,-6.508159989029547,4.510981906837767
1999-02-21,-0.44095890410958916,-6.458881450216762,3.6698403543263516
1999-02-22,-0.43783561643835633,-6.808605370132464,-2.193559013429179
1999-02-23,-0.4260000000000001,-7.457442040311599,-5.086557959688402
1999-02-24,-0.39956164383561654,-7.011469437571872,-2.2189689185925126
1999-02-25,-0.38967123287671246,-6.687996307961758,-0.19233245916152875
1999-02-26,-0.37372602739726035,-6.739202489907665,5.712928517304926
1999-02-27,-0.35339726027397267,-6.268228833427159,4.3616260937011315
1999-02-28,-0.3408219178082193,-6.656306810244861,2.76712872805308
1999-03-01,-0.33317808219178097,-7.091073933532533,3.884252015724314
1999-03-02,-0.33246575342465773,-7.197087280915743,6.229553034340401
1999-03-03,-0.3368219178082193,-6.783026866444371,4.23984878425259
1999-03-04,-0.3485205479452056,-6.371295921590138,1.619816469535344
1999-03-05,-0.35824657534246585,-5.973124513089962,-2.328628911567572
1999-03-06,-0.3648219178082194,-6.301552331846548,-4.183625750345232
1999-03-07,-0.3575890410958906,-6.100935542243457,-5.411475416660652
1999-03-08,-0.3549315068493152,-6.587050048741524,-3.66801844440916
1999-03-09,-0.35427397260273985,-6.549626796194984,1.4139007687977232
1999-03-10,-0.34824657534246584,-5.825435015373067,2.5136815907155325
1999-03-11,-0.3488219178082193,-5.2572614993913325,5.566083417199552
1999-03-12,-0.34972602739726044,-5.983395675717289,7.153121703114549
1999-03-13,-0.3364657534246577,-5.6011146781760175,5.517580431600675
1999-03-14,-0.30558904109589047,-5.379382328334079,4.50497136942997
1999-03-15,-0.26709589041095905,-5.48494045970043,4.312036350111389
1999-03-16,-0.2339178082191782,-5.247581134094529,2.191498942313707
1999-03-17,-0.2108767123287672,-4.2096563009368175,-1.0294669867344153
1999-03-18,-0.19879452054794527,-4.157675268270854,-1.7835302111812004
1999-03-19,-0.1787397260273973,-4.757220052253995,-3.494040221718608
1999-03-20,-0.1695068493150685,-4.175884611439101,-5.17460853924583
1999-03-21,-0.16849315068493145,-4.427621176244159,-1.4138856730709088
1999-03-22,-0.16558904109589032,-4.121782749830391,-2.8026282090737187
1999-03-23,-0.17046575342465747,-4.871725847828283,-1.7478083987470594
1999-03-24,-0.16476712328767112,-4.816027217691297,2.560794340978968
1999-03-25,-0.1547945205479451,-5.09124323455115,1.9860377550990949
1999-03-26,-0.14441095890410954,-5.183326128825824,2.0277370877299337
1999-03-27,-0.13430136986301366,-5.528761323767869,1.9730626936308826
1999-03-28,-0.13328767123287666,-4.983116785657577,-1.1735955431095464
1999-03-29,-0.13057534246575336,-4.696721281618237,0.3172966240839905
1999-03-30,-0.12646575342465752,-4.554541443191823,2.5410071966164804
1999-03-31,-0.12123287671232874,-4.402521773363936,3.1637546500762643
1999-04-01,-0.12021917808219182,-4.0947479763846575,2.8149671544668493
1999-04-02,-0.10830136986301375,-3.26172514533443,1.9800265151974439
1999-04-03,-0.09369863013698627,-3.033782749830391,2.0874813799673775
1999-04-04,-0.08602739726027388,-3.121732872766815,2.6177602700270888
1999-04-05,-0.09175342465753422,-3.5048828552044693,2.8466362798620035
1999-04-06,-0.10810958904109591,-3.3825512781057685,4.820660867146865
1999-04-07,-0.12473972602739725,-3.7824444990400856,1.0771842250674828
1999-04-08,-0.12476712328767119,-4.325312781442614,-1.3299200952697152
1999-04-09,-0.11934246575342458,-4.430534418253292,-0.25012311599328285
1999-04-10,-0.11865753424657532,-4.3496829957032395,2.1183405299498146
1999-04-11,-0.10824657534246572,-3.8241065994967074,0.0623531748391728
1999-04-12,-0.09791780821917806,-3.699958373293686,0.5978761815128637
1999-04-13,-0.08257534246575339,-3.529810849584518,-2.1576138079497276
1999-04-14,-0.06309589041095887,-3.295453982707103,-2.1714501268819384
1999-04-15,-0.05882191780821912,-3.9501670139680796,-1.6910110682237018
1999-04-16,-0.05868493150684928,-3.63545749517637,-4.525857573316781
1999-04-17,-0.064958904109589,-3.0300827147056983,-5.304958381184712
1999-04-18,-0.0708493150684931,-2.676071474804047,-4.87307921012746
1999-04-19,-0.07652054794520548,-2.658051804976158,-5.695427647078636
1999-04-20,-0.07687671232876714,-2.376564625488979,-2.346558662182254
1999-04-21,-0.07194520547945205,-2.1774286929283893,0.1493738984078412
1999-04-22,-0.07783561643835618,-1.7045006985483397,-0.06766368501330411
1999-04-23,-0.08208219178082198,-1.60474165393998,0.13682384572080175
1999-04-24,-0.09556164383561654,-1.3483911095072436,-1.3560472466571398
1999-04-25,-0.09504109589041096,-0.970426936693756,0.15546803258416697
1999-04-26,-0.08095890410958906,-0.5687809935957578,0.06973989770534694
1999-04-27,-0.059424657534246625,-0.44575535257011695,0.9551800101043635
1999-04-28,-0.04030136986301368,-0.36008903715037677,1.2403904070133904
1999-04-29,-0.027123287671232815,-0.10397944810928078,2.6311027357805132
1999-04-30,-0.005726027397260171,-0.08841780427366439,1.2441438316709243
1999-05-01,0.02394520547945221,-0.2501269718184484,2.2261817663389962
1999-05-02,0.04364383561643848,-0.2514750575226986,3.5978312219062603
1999-05-03,0.06093150684931515,0.11849895020473389,3.7705695429459514
1999-05-04,0.07347945205479463,-0.08670371927190826,2.7332242672171136
1999-05-05,0.07315068493150702,-0.2317651874840614,2.9886145025525543
1999-05-06,0.08424657534246585,0.1394501268819379,2.4163032977755963
1999-05-07,0.10580821917808228,-0.018806985868325486,2.9629987666902426
1999-05-08,0.11035616438356168,0.16499912582819712,1.4846447097882411
1999-05-09,0.10194520547945203,0.8065144050695039,2.171540389451044
1999-05-10,0.08378082191780821,0.8789808609880143,3.197238317094177
1999-05-11,0.05857534246575352,1.1716327752837643,2.4597918822504825
1999-05-12,0.03676712328767133,1.6106717636926158,2.052561113019713
1999-05-13,0.04142465753424665,1.9133068181358892,2.465268524329864
1999-05-14,0.048219178082191894,2.3271382196111263,0.49464260230668167
1999-05-15,0.06397260273972609,2.3469380088629705,-1.7909106116026967
1999-05-16,0.07627397260273985,2.079670709951836,-0.9159446825545761
1999-05-17,0.0817534246575343,1.521290660777266,0.8769559145651995
1999-05-18,0.09367123287671239,0.8342860945672206,2.3220426725560674
1999-05-19,0.0980821917808219,0.4417557117080709,1.0001620965111073
1999-05-20,0.09690410958904105,0.5229106116026966,-0.03981472119173768
1999-05-21,0.09575342465753425,1.26421303520649,-1.8299664598640242
1999-05-22,0.09802739726027387,2.199844225933571,-1.227871623193845
1999-05-23,0.11610958904109574,2.769824556105682,-0.2959341451467776
1999-05-24,0.11649315068493135,2.902159645673648,2.9513472036414203
1999-05-25,0.11599999999999994,2.3225720095654645,2.351427990434536
1999-05-26,0.10893150684931499,2.6180395192247548,3.6530289739259305
1999-05-27,0.10950684931506835,3.3267370956209614,3.8337560550639695
1999-05-28,0.12452054794520524,3.5091782617607574,3.636301190294037
1999-05-29,0.13556164383561622,3.7641561332043825,4.770282222960001
1999-05-30,0.15399999999999975,3.4835597159230334,5.642440284076966
1999-05-31,0.17128767123287647,4.096879701873156,4.481832626893967
1999-06-01,0.18720547945205446,3.719338430359282,6.593456090188664
1999-06-02,0.20117808219178057,3.140810154981692,5.468011762826528
1999-06-03,0.2139999999999997,2.753534426144319,3.9524655738556813
1999-06-04,0.22671232876712294,2.720678086137294,-0.507390414904417
1999-06-05,0.24158904109589005,3.404964001135538,1.2234469577685725
1999-06-06,0.2457260273972599,4.208854412094443,-1.5445804394917024
1999-06-07,0.2656438356164379,4.4431073098815865,-1.2187511454980244
1999-06-08,0.30180821917808187,4.101932037665219,-3.523740256843301
1999-06-09,0.32728767123287644,4.352151918241264,0.22056041052586028
1999-06-10,0.3322739726027395,4.515270990949378,-0.9175449635521171
1999-06-11,0.3281917808219175,4.64739533236139,-2.6655871131833075
1999-06-12,0.32739726027397237,4.398231300046674,-1.005628560320646
1999-06-13,0.32564383561643806,4.771327892951485,-0.016971728567922284
1999-06-14,0.300739726027397,4.822098528708422,-2.692838254735819
1999-06-15,0.2766027397260271,5.01027696214713,-0.7068797018731567
1999-06-16,0.23654794520547917,5.386000179568977,0.027451875225544597
1999-06-17,0.1983561643835614,5.604099231202276,0.1775446044141633
1999-06-18,0.16594520547945185,5.769240783713691,-1.6651859891931435
1999-06-19,0.15931506849315047,6.115490871525423,-4.524805940018574
1999-06-20,0.16410958904109568,6.618806642512426,-2.8929162315535213
1999-06-21,0.14761643835616428,6.442742013077933,-5.850358451434097
1999-06-22,0.15021917808219162,6.005523186242669,-8.68574236432486
1999-06-23,0.16452054794520546,6.105474011672947,-2.7799945596181526
1999-06-24,0.17347945205479445,6.463422027127811,-1.2269014791826054
1999-06-25,0.18150684931506844,6.6153679351011165,1.023125215583815
1999-06-26,0.1882465753424657,6.7376236428636735,1.6141297817938591
1999-06-27,0.18452054794520542,6.846494735241616,-1.6110152831868216
1999-06-28,0.16328767123287663,7.677430615115167,-3.6407182863480436
1999-06-29,0.14397260273972592,7.638049793197358,0.7379776040629151
1999-06-30,0.1249863013698629,7.216994998676809,-0.18198130004667235
1999-07-01,0.10063013698630119,7.726461437032974,0.18290842598072476
1999-07-02,0.0892328767123286,7.816629930183659,3.254137193104013
1999-07-03,0.08364383561643819,7.758190889087769,5.558165275295793
1999-07-04,0.0858904109589039,7.849064176759002,5.025045412282095
1999-07-05,0.09312328767123268,7.624521711005577,3.6123550013231904
1999-07-06,0.08901369863013685,7.535721711005578,-2.204735409635714
1999-07-07,0.07389041095890395,7.660425820594618,-3.9943162315535217
1999-07-08,0.05652054794520535,7.659828560320647,-3.7763491082658525
1999-07-09,0.04402739726027389,7.68018212547695,-2.784209522737224
1999-07-10,0.03487671232876704,7.488536884872805,-0.43341359720157246
1999-07-11,0.04104109589041089,7.555372852558088,0.4735860515515018
1999-07-12,0.0461917808219177,7.205849143390544,1.1679590757875387
1999-07-13,0.04043835616438344,7.305116442301679,1.4944452015339378
1999-07-14,0.050767123287671106,7.330495437735468,-0.7412625610231398
1999-07-15,0.05468493150684915,7.646339484100062,-1.5410244156069108
1999-07-16,0.05413698630136972,7.703801373808528,-1.0479383601098977
1999-07-17,0.05682191780821903,8.03939533236139,2.3137827498303896
1999-07-18,0.049589041095890254,8.195239378725985,2.2351715801781253
1999-07-19,0.05238356164383549,8.524629614061425,1.2129868242947381
1999-07-20,0.04443835616438345,8.249456449326617,1.626105194509
1999-07-21,0.02380821917808207,8.07071672329922,2.145475057522697
1999-07-22,0.00873972602739715,8.549601865554225,-3.2283415915816223
1999-07-23,-0.00983561643835629,8.76107921012746,-6.901243593689104
1999-07-24,-0.026410958904109702,8.624287499554926,-3.0378765406508172
1999-07-25,-0.0474794520547946,8.375106607387734,0.8223728446670613
1999-07-26,-0.07635616438356174,8.768581141985555,1.5877750223980058
1999-07-27,-0.11147945205479462,8.909926417714393,2.381553034340401
1999-07-28,-0.12663013698630146,8.911056027830305,-0.2844258908440036
1999-07-29,-0.11961643835616449,8.542165265624476,0.6274511727316892
1999-07-30,-0.12208219178082204,8.147170534328373,0.6749116574524479
1999-07-31,-0.1032328767123288,8.681203551539472,-0.38797067482714276
1999-08-01,-0.05813698630136985,8.519180369242317,-1.0910433829409474
1999-08-02,-0.012684931506849285,7.949296983221945,0.923387948284903
1999-08-03,0.015726027397260377,8.453571658318538,0.4007023142842012
1999-08-04,0.022082191780821978,9.16424113496062,0.94367667325856
1999-08-05,0.013013698630137079,8.66974657928798,2.357239722081882
1999-08-06,0.00504109589041106,8.564114686067047,3.550844218042542
1999-08-07,0.01791780821917815,8.37739533236139,2.424686859419433
1999-08-08,0.042767123287671266,8.975322975494512,1.8119099012178168
1999-08-09,0.062027397260274,8.932508785118678,2.335463817621049
1999-08-10,0.10098630136986306,8.89066614374179,-1.0816524451116525
1999-08-11,0.11224657534246574,8.38539743984295,-2.5876440151854165
1999-08-12,0.1452054794520548,8.317084127584431,-4.1522896070364865
1999-08-13,0.18076712328767125,8.196149810759705,-4.196916934047376
1999-08-14,0.21561643835616445,8.677133302154154,-2.4627497405103185
1999-08-15,0.24849315068493164,7.893801373808529,-0.24229452449346045
1999-08-16,0.2634246575342467,7.751190906650114,-1.5146155641843606
1999-08-17,0.28265753424657547,7.766952761233887,-1.9196102954804628
1999-08-18,0.27997260273972613,7.973079912621312,0.22694748463896275
1999-08-19,0.27402739726027414,8.140393576126758,-0.2944209733870329
1999-08-20,0.27287671232876737,7.9143275417045595,-2.117204254033327
1999-08-21,0.26394520547945227,8.228461718030514,-2.252406923509967
1999-08-22,0.2399726027397263,7.889133302154154,-0.29910590489388067
1999-08-23,0.21594520547945226,7.4533911173982705,0.9806636771222781
1999-08-24,0.21643835616438376,7.278654903840141,2.8349067399954757
1999-08-25,0.22391780821917817,7.753854060847515,6.522228130933306
1999-08-26,0.23854794520547956,7.775518971279549,3.2659330835149714
1999-08-27,0.2529315068493152,7.320444155684187,1.8966243374664993
1999-08-28,0.24326027397260291,6.861314545568274,1.005425180459122
1999-08-29,0.2416712328767125,6.879403762287627,-0.7910749951643394
1999-08-30,0.2419726027397262,6.47600298954439,-0.4879755922841156
1999-08-31,0.23868493150684944,6.201467689228267,0.559847379264883
1999-09-01,0.2260273972602741,6.061980509741088,0.7719920929986381
1999-09-02,0.20608219178082204,6.24275887293041,-0.3488410647112321
1999-09-03,0.20934246575342477,5.6700816688559454,-0.9594241346093701
1999-09-04,0.21265753424657544,5.8623928736329045,-0.28505040787947955
1999-09-05,0.21073972602739738,5.695381282484327,0.8038789914882756
1999-09-06,0.23410958904109602,5.494617671665921,0.8012727392929833
1999-09-07,0.2534246575342467,5.281013878199114,1.735561464266639
1999-09-08,0.2619726027397262,5.586893049256367,2.301134348003907
1999-09-09,0.27421917808219193,6.073948195023842,2.391832626893967
1999-09-10,0.26980821917808234,6.217741661831007,2.9024501189909104
1999-09-11,0.2687397260273974,5.98430997935823,3.8769502946143746
1999-09-12,0.2648493150684933,5.390670358704909,4.934480326226597
1999-09-13,0.2618630136986303,4.631134004648008,5.887002981653362
1999-09-14,0.2590958904109591,4.917950302505401,4.12295380708364
1999-09-15,0.24564383561643854,5.093451531869645,2.290904632513916
1999-09-16,0.24147945205479468,5.059232353787453,2.2292881941577525
1999-09-17,0.24298630136986316,5.30114735203122,1.8958663465989174
1999-09-18,0.2512876712328769,5.471748686769539,-0.8830363580024159
1999-09-19,0.2598630136986304,5.39086494950224,-0.7007279632008698
1999-09-20,0.26156164383561664,5.345998072087418,-0.9575597159230336
1999-09-21,0.27553424657534265,4.331037762990123,-2.3965720095654657
1999-09-22,0.29032876712328787,4.213026523088471,1.0666447097882408
1999-09-23,0.2950684931506851,4.014211630218784,3.340719876630531
1999-09-24,0.2980000000000002,3.938477172895285,4.363522827104715
1999-09-25,0.2998356164383563,3.9207848652029775,3.419379518358666
1999-09-26,0.2958082191780823,3.8721484057719975,0.7920433750499205
1999-09-27,0.29052054794520554,3.723670007457983,1.0158094445968118
1999-09-28,0.2829589041095891,3.1143795262496936,0.13266156964071696
1999-09-29,0.27339726027397265,3.4609703235802174,2.27563241614581
1999-09-30,0.2554794520547945,3.9452815283571745,0.25923901958803075
1999-10-01,0.24016438356164382,3.9082692347147447,-0.14843361827638857
1999-10-02,0.22545205479452057,3.8416201303944075,1.002927814811072
1999-10-03,0.21402739726027384,3.7382074152556646,-1.7122348125159381
1999-10-04,0.2072054794520547,3.4934508293757913,-6.410656308827846
1999-10-05,0.20046575342465747,2.7181947703663076,-7.878660523790964
1999-10-06,0.18550684931506844,1.961820341142563,-6.1573271904576306
1999-10-07,0.1775890410958904,2.31159203064028,-2.419181071736171
1999-10-08,0.1798082191780822,2.551293470752679,-1.3911016899307609
1999-10-09,0.18539726027397258,3.110797510092335,-2.1461947703663076
1999-10-10,0.18008219178082183,3.1437395543494477,1.2961782538697304
1999-10-11,0.1801369863013699,2.9772091714902973,2.562653842208333
1999-10-12,0.17956164383561649,2.783380579990473,2.517057776173911
1999-10-13,0.1834520547945206,2.857145947043512,1.8494019981619667
1999-10-14,0.19035616438356165,2.7451340046480075,2.1745098309684314
1999-10-15,0.20257534246575337,2.5351747492914916,2.072249908242755
1999-10-16,0.21701369863013692,2.297583600714042,0.4554027006558212
1999-10-17,0.22934246575342465,1.5673257854699252,-0.5966682512233499
1999-10-18,0.24257534246575344,0.6918990204541192,-1.6444743629198726
1999-10-19,0.2544931506849315,0.5998140186978846,-2.9843071693828156
1999-10-20,0.2604931506849315,0.07143748199258068,-2.981930632677512
1999-10-21,0.27175342465753416,0.434118198536311,0.16412837680615483
1999-10-22,0.28621917808219166,0.9325242399834485,2.15125658193436
1999-10-23,0.2995616438356164,0.9541547282166764,-0.8137163720522927
1999-10-24,0.3147671232876712,1.0387174257930725,-0.32348454908074364
1999-10-25,0.3104109589041095,1.0161645631306206,1.9834244779652699
1999-10-26,0.3177808219178082,0.7095365336258791,2.002682644456313
1999-10-27,0.32547945205479456,0.8556067830111969,2.7789137649340088
1999-10-28,0.3314246575342465,1.5459798072472348,6.232595535218518
1999-10-29,0.32800000000000007,1.6977065371383482,6.444293462861653
1999-10-30,0.3285205479452055,1.6723781212619873,3.3591013307928073
1999-10-31,0.33087671232876714,1.2832211138858016,1.7959021737854315
1999-11-01,0.3326575342465754,0.10286705698379968,4.054475408769625
1999-11-02,0.33268493150684936,-0.5999956054679039,3.227310673961054
1999-11-03,0.3371780821917809,-0.9022604456505525,0.24508236345877155
1999-11-04,0.3409041095890412,-0.5789769893807946,1.3880728797917532
1999-11-05,0.34389041095890416,-0.33294748463896096,1.4290570736800565
1999-11-06,0.34131506849315074,-0.3139752331461618,-3.797339835346989
1999-11-07,0.3454794520547946,-0.6598066346213988,-5.815672817433396
1999-11-08,0.349095890410959,-1.6624030519027482,-4.2566928385082115
1999-11-09,0.3520000000000001,-1.9510739335325336,-4.600926066467467
1999-11-10,0.357041095890411,-2.8881269718184486,-4.698914124071963
1999-11-11,0.36282191780821915,-4.0193633610000425,-3.1734585568081766
1999-11-12,0.35999999999999993,-3.271392163248023,-0.7886078367519773
1999-11-13,0.36271232876712317,-2.9015333645125123,1.6988210357453892
1999-11-14,0.3791506849315068,-3.2643222651096324,0.6051715801781259
1999-11-15,0.3965205479452054,-3.2585365257348515,-3.097984022210354
1999-11-16,0.40928767123287657,-2.783034593876755,-3.0262530773561216
1999-11-17,0.41619178082191766,-3.6141571790541347,-7.1220346017677825
1999-11-18,0.4184931506849314,-4.008117839398357,-8.020375311286573
1999-11-19,0.4148219178082191,-4.270810498337591,-9.064011419470628
1999-11-20,0.4127945205479452,-3.8082077586115646,-10.464586761936381
1999-11-21,0.4145479452054795,-4.5146468172698,-6.159901127935679
1999-11-22,0.40621917808219177,-4.422303297775596,-8.673915880306595
1999-11-23,0.40213698630136985,-3.870726901569063,-4.721410084732307
1999-11-24,0.40364383561643835,-4.790910252464743,-3.8127335831516955
1999-11-25,0.4013424657534247,-4.439180712598216,-1.0521617531552083
1999-11-26,0.39726027397260283,-4.460228833427158,1.362968559454555
1999-11-27,0.38578082191780827,-4.114927814811072,0.08914699289326311
1999-11-28,0.3718904109589043,-4.292378464617886,2.2404880536589813
1999-11-29,0.3469863013698631,-4.150512640943843,3.2835263395739798
1999-11-30,0.32643835616438377,-3.947609233848656,1.4511708776842722
1999-12-01,0.3041917808219179,-4.23279925843594,2.6286074776140222
1999-12-02,0.2993698630136988,-4.137071826050973,1.5177019630372746
1999-12-03,0.30895890410958915,-4.800926409823366,3.141967505713777
1999-12-04,0.3298630136986303,-5.359052156223084,1.5291891425244541
1999-12-05,0.3431780821917809,-5.913653490961405,-6.049524591230375
1999-12-06,0.36041095890410974,-5.665217242278582,-1.2551937166255271
1999-12-07,0.3612602739726029,-5.219905686254697,3.8786454122820944
1999-12-08,0.3675890410958905,-5.219241127069589,1.8716520859736985
1999-12-09,0.3764383561643837,-5.187364765987748,0.36092640982336466
1999-12-10,0.39024657534246604,-5.240638387343562,-1.9396081879989042
1999-12-11,0.4070684931506852,-5.291845974277177,-0.7452225188735087
1999-12-12,0.41589041095890433,-5.151193357487574,0.6653029465286693
1999-12-13,0.4246849315068495,-5.3989172774032745,-4.655767654103576
1999-12-14,0.444246575342466,-5.646160691523401,-2.908085883819065
1999-12-15,0.45361643835616466,-6.152559005538153,-5.881057432818011
1999-12-16,0.4579726027397262,-6.533144885411704,-7.854827717328022
1999-12-17,0.45580821917808234,-6.692673512036221,-4.753134707141863
1999-12-18,0.4618904109589042,-6.35418246883285,3.6222920578739455
1999-12-19,0.4841917808219179,-5.93785791667268,2.3536661358507622
1999-12-20,0.5064657534246576,-6.405264309366745,-8.351201444057914
1999-12-21,0.5379726027397261,-6.692153666584869,-5.515818936154857
1999-12-22,0.5784657534246577,-6.653272739292981,0.2548069858683233
1999-12-23,0.5977808219178085,-5.980386192050272,3.092605370132463
1999-12-24,0.5979178082191783,-5.777692830617183,0.6097750223980043
1999-12-25,0.5843287671232877,-5.485762377508649,-0.4985663896146395
1999-12-26,0.5605753424657535,-4.766436771607699,-0.604138570858054
1999-12-27,0.5518630136986302,-4.468885665179881,-3.762977348518749
1999-12-28,0.557972602739726,-5.35002370522203,-5.127948897517696
1999-12-29,0.5492602739726029,-5.8695937789838855,-6.379666494988717
1999-12-30,0.5430958904109591,-6.218338422468254,-7.874757467942705
1999-12-31,0.5412602739726029,-6.886126269324594,-3.855134004648008
2000-01-01,0.5362739726027399,-7.221306458997936,-0.3849675136048045
2000-01-02,0.5297808219178084,-6.639114678176017,2.1693338562582083
2000-01-03,0.5248219178082193,-7.187616961281041,4.102795043472821
2000-01-04,0.5174520547945207,-7.054204246142298,3.5767521913477776
2000-01-05,0.5212054794520549,-6.874877937747495,3.6036724582954403
2000-01-06,0.5397808219178082,-6.34970969046966,3.259928868551852
2000-01-07,0.5568493150684931,-5.796353877333025,0.49950456226453177
2000-01-08,0.5516164383561644,-6.567875479019009,-0.343740959337155
2000-01-09,0.538958904109589,-6.952945377157402,-0.0960135269521869
2000-01-10,0.5280821917808218,-6.344883557698322,-0.2631986340825003
2000-01-11,0.5061643835616438,-5.8177110954573665,-3.108453288104278
2000-01-12,0.4803287671232876,-5.446057424926983,-2.8342713421963035
2000-01-13,0.46432876712328763,-4.891534067006366,-4.782794700116923
2000-01-14,0.45169863013698625,-4.98428643792312,-3.0074121922138666
2000-01-15,0.4292602739726027,-5.72706199113703,0.29780171716442716
2000-01-16,0.39871232876712326,-5.9490205439996915,-1.4596917847674318
2000-01-17,0.3759178082191781,-6.536574460402923,2.0906566521837444
2000-01-18,0.36183561643835616,-6.733023353975104,0.24118773753674727
2000-01-19,0.34726027397260273,-7.031281169219221,-3.7259791047533826
2000-01-20,0.33479452054794523,-6.974241478316517,-1.1405530422314287
2000-01-21,0.3381917808219178,-6.85518563005519,-3.213006150766728
2000-01-22,0.3574520547945206,-6.246212676068536,-3.781239378725985
2000-01-23,0.3681095890410959,-6.688383382074859,-5.609726206966236
2000-01-24,0.3639178082191781,-7.324531608277878,-7.7693861999413
2000-01-25,0.3563287671232877,-7.4403398274559605,-8.085988939667327
2000-01-26,0.3440821917808219,-7.088863887870433,-2.5452183039103886
2000-01-27,0.34435616438356154,-7.545687913160211,0.08133174877664917
2000-01-28,0.3330958904109588,-7.297627498688838,-2.0154683917221217
2000-01-29,0.3190410958904109,-7.335795394719748,0.7167542988293372
2000-01-30,0.30750684931506844,-7.293775724891859,4.42626887557679
2000-01-31,0.3082739726027397,-6.831487702412056,6.473213729809316
2000-02-01,0.31432876712328767,-6.521976638133868,7.31764787101058
2000-02-02,0.3166849315068493,-6.593745517656172,4.447060586149323
2000-02-03,0.3064109589041096,-6.734910954958596,0.20849999605448666
2000-02-04,0.2862465753424658,-6.943091495878863,2.606844920536398
2000-02-05,0.26432876712328773,-6.357349311122979,5.253020543999691
2000-02-06,0.24424657534246577,-6.145156827807209,5.450910252464743
2000-02-07,0.22846575342465747,-7.438229535921012,3.939763782496355
2000-02-08,0.21780821917808216,-7.513642251059754,6.185834031881672
2000-02-09,0.21841095890410947,-7.509302244034816,-0.20910871486929317
2000-02-10,0.22999999999999993,-7.6464121843228385,2.8464121843228387
2000-02-11,0.24942465753424653,-7.4344395815831135,2.715014924048867
2000-02-12,0.2684383561643835,-7.514391109507243,0.5259527533428594
2000-02-13,0.2803561643835616,-7.884687561913284,2.784331397529723
2000-02-14,0.28901369863013693,-7.442676322011634,2.203662623381497
2000-02-15,0.30139726027397257,-7.944499293560633,4.20310203328666
2000-02-16,0.3173698630136986,-7.9744669788433855,-0.4429028841703131
2000-02-17,0.3280547945205479,-8.227892338871486,-4.720162455649062
2000-02-18,0.3395616438356165,-7.812736033989153,-0.3768256098464624
2000-02-19,0.35624657534246573,-7.438166311474226,-0.00808026386823979
2000-02-20,0.37287671232876707,-6.508159989029547,-5.054716723299219
2000-02-21,0.38117808219178084,-6.458881450216762,-5.922296631975018
2000-02-22,0.3788493150684932,-6.808605370132464,-2.8302439449360284
2000-02-23,0.37983561643835617,-7.457442040311599,-3.1623935761267576
2000-02-24,0.37202739726027395,-7.011469437571872,2.3494420403115983
2000-02-25,0.3748493150684931,-6.687996307961758,4.293146992893265
2000-02-26,0.38772602739726025,-6.739202489907665,1.4214764625104053
2000-02-27,0.3841095890410959,-6.268228833427159,3.044119244386063
2000-02-28,0.38128767123287666,-6.656306810244861,2.1550191390119844
2000-02-29,0.3852602739726027,-7.091073933532533,1.96581365955993
2000-03-01,0.38372602739726025,-7.197087280915743,0.8933612535184823
2000-03-02,0.37646575342465755,-6.783026866444371,-3.7534388869802866
2000-03-03,0.3788219178082193,-6.371295921590138,2.082474003781919
2000-03-04,0.37602739726027407,-5.973124513089962,-1.8529028841703123
2000-03-05,0.36432876712328777,-6.301552331846548,-5.612776435276741
2000-03-06,0.3464931506849316,-6.100935542243457,2.4144423915585254
2000-03-07,0.3342739726027398,-6.587050048741524,2.6927760761387844
2000-03-08,0.32832876712328773,-6.549626796194984,3.851298029071696
2000-03-09,0.3136986301369863,-5.825435015373067,6.321736385236081
2000-03-10,0.3088767123287671,-5.2572614993913325,3.2983847870625653
2000-03-11,0.31457534246575325,-5.983395675717289,6.098820333251536
2000-03-12,0.3187123287671232,-5.6011146781760175,3.4424023494088942
2000-03-13,0.32005479452054786,-5.379382328334079,2.789327533813531
2000-03-14,0.3172876712328766,-5.48494045970043,2.7176527884675528
2000-03-15,0.3126301369863014,-5.247581134094529,-3.2650490028917725
2000-03-16,0.315917808219178,-4.2096563009368175,-3.07626150728236
2000-03-17,0.3231506849315068,-4.157675268270854,-1.7554754166606532
2000-03-18,0.3206301369863013,-4.757220052253995,-0.9634100847323062
2000-03-19,0.31871232876712324,-4.175884611439101,-2.532827717328022
2000-03-20,0.3226575342465752,-4.427621176244159,-1.285036358002416
2000-03-21,0.32567123287671224,-4.121782749830391,1.806111516953679
2000-03-22,0.33199999999999974,-4.871725847828283,3.1497258478282832
2000-03-23,0.31520547945205457,-4.816027217691297,3.8108217382392424
2000-03-24,0.3020547945205478,-5.09124323455115,2.599188440030602
2000-03-25,0.2972876712328766,-5.183326128825824,2.2560384575929473
2000-03-26,0.2951506849315067,-5.528761323767869,0.07361063883636199
2000-03-27,0.29964383561643815,-4.983116785657577,-3.5365270499588615
2000-03-28,0.30873972602739713,-4.696721281618237,-2.8820184444091597
2000-03-29,0.3213424657534246,-4.554541443191823,-1.3968010225616014
2000-03-30,0.31994520547945204,-4.402521773363936,-3.8174234321155174
2000-03-31,0.31898630136986306,-4.0947479763846575,-3.214238324985206
2000-04-01,0.31808219178082203,-3.26172514533443,-3.8163570464463916
2000-04-02,0.30986301369863023,-3.033782749830391,-2.4860802638682395
2000-04-03,0.3040273972602741,-3.121732872766815,-0.26229452449345914
2000-04-04,0.3114794520547947,-3.5048828552044693,-0.01659659685032544
2000-04-05,0.3404657534246576,-3.3825512781057685,-1.0879144753188892
2000-04-06,0.3647123287671233,-3.7824444990400856,-2.302267829727038
2000-04-07,0.3586027397260274,-4.325312781442614,-1.0032899582834132
2000-04-08,0.34117808219178075,-4.430534418253292,1.3293563360615117
2000-04-09,0.33509589041095883,-4.3496829957032395,-0.2754128947077197
2000-04-10,0.3206575342465754,-3.8241065994967074,-0.34655093474986787
2000-04-11,0.30298630136986304,-3.699958373293686,-0.013027928076177364
2000-04-12,0.2855068493150685,-3.529810849584518,-1.1056959997305502
2000-04-13,0.2770410958904109,-3.295453982707103,0.008412886816692389
2000-04-14,0.2743013698630138,-3.9501670139680796,2.435865644105066
2000-04-15,0.27657534246575355,-3.63545749517637,0.4088821527106159
2000-04-16,0.2818356164383563,-3.0300827147056983,-1.1517529017326575
2000-04-17,0.279123287671233,-2.676071474804047,-0.3930518128671858
2000-04-18,0.2813972602739727,-2.658051804976158,-1.7033454552978151
2000-04-19,0.291095890410959,-2.376564625488979,-0.52453126492198
2000-04-20,0.3067397260273974,-2.1774286929283893,3.8806889669009914
2000-04-21,0.3117260273972605,-1.7045006985483397,4.8227746711510795
2000-04-22,0.31142465753424686,-1.60474165393998,4.613316996405733
2000-04-23,0.3256986301369865,-1.3483911095072436,3.772692479370257
2000-04-24,0.3354520547945208,-0.970426936693756,-1.8650251181007649
2000-04-25,0.3356712328767125,-0.5687809935957578,2.343109760719045
2000-04-26,0.33682191780821935,-0.44575535257011695,3.3689334347618973
2000-04-27,0.3310136986301372,-0.36008903715037677,3.0390753385202394
2000-04-28,0.3123013698630139,-0.10397944810928078,1.041678078246267
2000-04-29,0.3003561643835619,-0.08841780427366439,1.1280616398901024
2000-04-30,0.29043835616438374,-0.2501269718184484,2.8196886156540644
2000-05-01,0.28293150684931534,-0.2514750575226986,4.008543550673383
2000-05-02,0.2663287671232879,0.11849895020473389,3.575172282671978
2000-05-03,0.24608219178082208,-0.08670371927190826,4.200621527491087
2000-05-04,0.24052054794520572,-0.2317651874840614,4.181244639538856
2000-05-05,0.23158904109589068,0.1394501268819379,3.3589608320221713
2000-05-06,0.2110958904109592,-0.018806985868325486,1.9177110954573662
2000-05-07,0.20463013698630161,0.16499912582819712,2.910370737185501
2000-05-08,0.2120000000000003,0.8065144050695039,3.3814855949304956
2000-05-09,0.21761643835616462,0.8789808609880143,4.123402700655821
2000-05-10,0.2204383561643838,1.1716327752837643,4.137928868551852
2000-05-11,0.22786301369863038,1.6106717636926158,3.971465222608754
2000-05-12,0.22712328767123305,1.9133068181358892,1.2495698941928777
2000-05-13,0.2214246575342467,2.3271382196111263,1.3114371228546267
2000-05-14,0.21375342465753433,2.3469380088629705,4.059308566479495
2000-05-15,0.21805479452054805,2.079670709951836,5.2822744955276155
2000-05-16,0.22950684931506857,1.521290660777266,5.389202489907665
2000-05-17,0.23287671232876728,0.8342860945672206,4.702837193104012
2000-05-18,0.25416438356164395,0.4417557117080709,1.684079904730285
2000-05-19,0.26917808219178085,0.5229106116026966,-1.5520886937944773
2000-05-20,0.2809041095890412,1.26421303520649,-2.7551171447955314
2000-05-21,0.3082191780821918,2.199844225933571,-0.798063404015763
2000-05-22,0.3217808219178083,2.769824556105682,-3.5416053780234904
2000-05-23,0.3421095890410959,2.902159645673648,1.2357307652852567
2000-05-24,0.356986301369863,2.3225720095654645,2.660441689064672
2000-05-25,0.3734520547945205,2.6180395192247548,2.548508425980725
2000-05-26,0.3756712328767122,3.3267370956209614,2.0775916715023266
2000-05-27,0.3665753424657533,3.5091782617607574,-0.7957536042265105
2000-05-28,0.3585479452054792,3.7641561332043825,-0.5227040784098618
2000-05-29,0.3497260273972601,3.4835597159230334,-3.6432857433202934
2000-05-30,0.3566849315068492,4.096879701873156,-3.2035646333800054
2000-05-31,0.3732602739726026,3.719338430359282,-1.7125987043318847
2000-06-01,0.3794520547945204,3.140810154981692,3.529737790223787
2000-06-02,0.38805479452054775,2.753534426144319,7.278410779335133
2000-06-03,0.3894246575342464,2.720678086137294,6.9598972563284605
2000-06-04,0.39397260273972584,3.404964001135538,5.9310633961247365
2000-06-05,0.42241095890410946,4.208854412094443,4.5687346290014474
2000-06-06,0.43876712328767103,4.4431073098815865,-1.0818744331692578
2000-06-07,0.43709589041095864,4.101932037665219,-1.3490279280761777
2000-06-08,0.4403013698630135,4.352151918241264,3.3375467118957234
2000-06-09,0.45147945205479434,4.515270990949378,4.003249556995828
2000-06-10,0.46473972602739705,4.64739533236139,3.337864941611212
2000-06-11,0.4740821917808217,4.398231300046674,2.067686508172505
2000-06-12,0.487780821917808,4.771327892951485,3.030891285130706
2000-06-13,0.5209589041095888,4.822098528708422,4.226942567181989
2000-06-14,0.5446849315068492,5.01027696214713,2.445038106346021
2000-06-15,0.5684657534246574,5.386000179568977,1.285534067006366
2000-06-16,0.5873972602739724,5.604099231202276,-1.0014964914762476
2000-06-17,0.5925753424657532,5.769240783713691,0.1281838738205554
2000-06-18,0.5743561643835615,6.115490871525423,3.200152964091017
2000-06-19,0.5642191780821917,6.618806642512426,4.836974179405382
2000-06-20,0.5945479452054794,6.442742013077933,5.202710041716588
2000-06-21,0.622794520547945,6.005523186242669,5.621682293209386
2000-06-22,0.6286027397260273,6.105474011672947,3.805923248601025
2000-06-23,0.6217808219178081,6.463422027127811,-1.6252028490456185
2000-06-24,0.6211506849315067,6.6153679351011165,-4.376518620032623
2000-06-25,0.619890410958904,6.7376236428636735,-7.4875140538225775
2000-06-26,0.618767123287671,6.846494735241616,-5.2252618585292865
2000-06-27,0.6242191780821917,7.677430615115167,-1.871649793197359
2000-06-28,0.6345479452054794,7.638049793197358,-2.932597738402838
2000-06-29,0.6474520547945204,7.216994998676809,-2.9544470534713296
2000-06-30,0.6596438356164382,7.726461437032974,-1.0461052726494122
2000-07-01,0.6534246575342464,7.816629930183659,0.8699454122820942
2000-07-02,0.6412876712328766,7.758190889087769,2.630521439679355
2000-07-03,0.6456712328767122,7.849064176759002,2.655264590364286
2000-07-04,0.6426849315068491,7.624521711005577,0.37279335748757436
2000-07-05,0.633808219178082,7.535721711005578,-1.3795299301836597
2000-07-06,0.6251780821917807,7.660425820594618,2.234396097213601
2000-07-07,0.6204383561643835,7.659828560320647,1.8897330835149697
2000-07-08,0.6280547945205479,7.68018212547695,-5.278236919997498
2000-07-09,0.6342465753424658,7.488536884872805,-5.652783460215271
2000-07-10,0.6318630136986301,7.555372852558088,-4.0872358662567185
2000-07-11,0.6241095890410958,7.205849143390544,-7.409958732431639
2000-07-12,0.6296438356164383,7.305116442301679,-8.524760277918118
2000-07-13,0.6422465753424657,7.330495437735468,-7.172742013077934
2000-07-14,0.6625205479452054,7.646339484100062,-6.758860032045267
2000-07-15,0.6708493150684931,7.703801373808528,-9.85465068887702
2000-07-16,0.6664931506849314,8.03939533236139,-9.445888483046321
2000-07-17,0.6604109589041095,8.195239378725985,-6.695650337630094
2000-07-18,0.6409589041095891,8.524629614061425,-4.515588518171014
2000-07-19,0.6344109589041096,8.249456449326617,-4.283867408230727
2000-07-20,0.6392602739726027,8.07071672329922,-3.019976997271823
2000-07-21,0.6388767123287671,8.549601865554225,-2.6184785778829918
2000-07-22,0.6427945205479452,8.76107921012746,-0.5238737306754047
2000-07-23,0.6472602739726028,8.624287499554926,0.17845222647247105
2000-07-24,0.6667671232876713,8.375106607387734,-1.4218737306754043
2000-07-25,0.6958356164383562,8.768581141985555,-1.9544167584239114
2000-07-26,0.7308767123287672,8.909926417714393,-2.9308031300431603
2000-07-27,0.7456986301369863,8.911056027830305,-1.056754657967292
2000-07-28,0.7425753424657535,8.542165265624476,-4.344740608090229
2000-07-29,0.7435342465753425,8.147170534328373,-5.320704780903715
2000-07-30,0.7370958904109589,8.681203551539472,-5.438299441950431
2000-07-31,0.7213972602739727,8.519180369242317,-1.5905776295162894
2000-08-01,0.6904383561643836,7.949296983221945,2.4302646606136715
2000-08-02,0.6525205479452056,8.453571658318538,0.623907793736258
2000-08-03,0.6194794520547946,9.16424113496062,-3.403720587015414
2000-08-04,0.6027945205479454,8.66974657928798,-5.592541099835925
2000-08-05,0.5956438356164385,8.564114686067047,-5.039758521683485
2000-08-06,0.5908493150684933,8.37739533236139,-5.478244647429883
2000-08-07,0.5829589041095893,8.975322975494512,-4.488281879604101
2000-08-08,0.5858904109589043,8.932508785118678,-2.078399196077582
2000-08-09,0.5832054794520549,8.89066614374179,-1.3438716231938432
2000-08-10,0.5937260273972602,8.38539743984295,1.16087653275979
2000-08-11,0.5891232876712329,8.317084127584431,2.4937925847443356
2000-08-12,0.5832054794520548,8.196149810759705,2.34064470978824
2000-08-13,0.5979452054794521,8.677133302154154,1.5049214923663943
2000-08-14,0.6145479452054796,7.893801373808529,2.5516506809859916
2000-08-15,0.6218904109589041,7.751190906650114,2.6469186823909805
2000-08-16,0.6263835616438357,7.766952761233887,3.5666636771222775
2000-08-17,0.6486301369863015,7.973079912621312,3.7582899503923866
2000-08-18,0.6786301369863015,8.140393576126758,3.5009762868869405
2000-08-19,0.6786849315068495,7.9143275417045595,3.5669875267885915
2000-08-20,0.6860273972602741,8.228461718030514,3.3955108847092124
2000-08-21,0.7055342465753425,7.889133302154154,2.2653324512705018
2000-08-22,0.7152328767123288,7.4533911173982705,-0.36862399411059954
2000-08-23,0.7258904109589042,7.278654903840141,2.6854546852009546
2000-08-24,0.7393424657534249,7.753854060847515,3.1568034733990595
2000-08-25,0.733150684931507,7.775518971279549,3.801330343788944
2000-08-26,0.7037808219178083,7.320444155684187,6.145775022398005
2000-08-27,0.6740273972602742,6.861314545568274,-0.7453419428285484
2000-08-28,0.6387945205479453,6.879403762287627,-2.218198282835572
2000-08-29,0.6144931506849317,6.47600298954439,0.5895038597706783
2000-08-30,0.5949589041095891,6.201467689228267,-0.3564265933378561
2000-08-31,0.5784383561643837,6.061980509741088,-2.230418865905471
2000-09-01,0.5773150684931508,6.24275887293041,0.1399260585764388
2000-09-02,0.5774246575342467,5.6700816688559454,-2.3475063263901923
2000-09-03,0.5912876712328767,5.8623928736329045,-4.933680544865782
2000-09-04,0.6088767123287671,5.695381282484327,-6.104257994813094
2000-09-05,0.6130136986301369,5.494617671665921,-4.037631370296058
2000-09-06,0.6267123287671232,5.281013878199114,-0.8077262069662376
2000-09-07,0.6274794520547945,5.586893049256367,-3.4043725013111614
2000-09-08,0.6152876712328768,6.073948195023842,0.2907641337432816
2000-09-09,0.6117260273972603,6.217741661831007,4.640532310771733
2000-09-10,0.607095890410959,5.98430997935823,5.048594130230812
2000-09-11,0.6110958904109591,5.390670358704909,5.078233750884131
2000-09-12,0.6030136986301371,4.631134004648008,4.535852296721854
2000-09-13,0.5950684931506852,4.917950302505401,2.086981204343913
2000-09-14,0.6120547945205482,5.093451531869645,3.1244936736098072
2000-09-15,0.6287397260273976,5.059232353787453,4.482027920185149
2000-09-16,0.6375616438356168,5.30114735203122,0.5812910041331634
2000-09-17,0.6460000000000004,5.471748686769539,-1.9777486867695395
2000-09-18,0.6515342465753426,5.39086494950224,0.34760080392241743
2000-09-19,0.6600273972602742,5.345998072087418,-0.25602546934769155
2000-09-20,0.6640273972602742,4.331037762990123,-0.4750651602503977
2000-09-21,0.6646849315068495,4.213026523088471,-5.437711454595321
2000-09-22,0.6738904109589043,4.014211630218784,-1.8381020411776885
2000-09-23,0.6884109589041097,3.938477172895285,2.2331118682006053
2000-09-24,0.6924657534246577,3.9207848652029775,2.2467493813723656
2000-09-25,0.6968767123287672,3.8721484057719975,2.030974881899235
2000-09-26,0.7090410958904111,3.723670007457983,3.9172888966516055
2000-09-27,0.7204109589041098,3.1143795262496936,4.2952095148461975
2000-09-28,0.7249041095890412,3.4609703235802174,1.3141255668307412
2000-09-29,0.72813698630137,3.9452815283571745,-0.5634185146585442
2000-09-30,0.7356712328767123,3.9082692347147447,-0.9739404675914574
2000-10-01,0.7569589041095891,3.8416201303944075,-2.5285790345039967
2000-10-02,0.7778082191780822,3.7382074152556646,-4.406015634433746
2000-10-03,0.7886027397260275,3.4934508293757913,-4.272053569101819
2000-10-04,0.7940000000000003,2.7181947703663076,2.107805229633692
2000-10-05,0.7869863013698631,1.961820341142563,2.091193357487574
2000-10-06,0.7984383561643836,2.31159203064028,-5.270030386804664
2000-10-07,0.8000000000000002,2.551293470752679,-8.37129347075268
2000-10-08,0.7918904109589042,3.110797510092335,-4.972687921051239
2000-10-09,0.7909589041095892,3.1437395543494477,-4.584698458459037
2000-10-10,0.7944383561643837,2.9772091714902973,-4.501647527654681
2000-10-11,0.7895068493150685,2.783380579990473,-4.472887429305542
2000-10-12,0.7926301369863016,2.857145947043512,-1.8497760840298136
2000-10-13,0.7794246575342467,2.7451340046480075,0.5854413378177461
2000-10-14,0.7521643835616441,2.5351747492914916,2.352660867146864
2000-10-15,0.7444109589041099,2.297583600714042,1.8480054403818476
2000-10-16,0.7380273972602742,1.5673257854699252,-2.095353182730199
2000-10-17,0.726109589041096,0.6918990204541192,-1.2980086094952152
2000-10-18,0.7247123287671235,0.5998140186978846,0.08547365253499173
2000-10-19,0.7128767123287674,0.07143748199258068,2.275685805678652
2000-10-20,0.6801369863013701,0.434118198536311,1.575744815162319
2000-10-21,0.643205479452055,0.9325242399834485,1.6842702805644962
2000-10-22,0.6111506849315071,0.9541547282166764,4.084694586851817
2000-10-23,0.589178082191781,1.0387174257930725,2.9621044920151465
2000-10-24,0.5940821917808221,1.0161645631306206,1.7797532450885574
2000-10-25,0.5859178082191783,0.7095365336258791,2.154545658154943
2000-10-26,0.5664657534246577,0.8556067830111969,0.4179274635641457
2000-10-27,0.5554794520547947,1.5459798072472348,-0.8214592593020295
2000-10-28,0.5544657534246576,1.6977065371383482,1.8578277094369944
2000-10-29,0.5547945205479454,1.6723781212619873,-0.4871726418099327
2000-10-30,0.5495616438356166,1.2832211138858016,-1.162782757721418
2000-10-31,0.5456164383561646,0.10286705698379968,-2.2184834953399646
2000-11-01,0.543178082191781,-0.5999956054679039,-4.373182476723876
2000-11-02,0.5360821917808221,-0.9022604456505525,-1.9838217461302698
2000-11-03,0.5266301369863016,-0.5789769893807946,-2.057653147605507
2000-11-04,0.5209315068493152,-0.33294748463896096,-6.227984022210355
2000-11-05,0.516191780821918,-0.3139752331461618,-6.332216547675756
2000-11-06,0.5094794520547945,-0.6598066346213988,-3.289672817433396
2000-11-07,0.5027123287671234,-1.6624030519027482,-2.360309276864375
2000-11-08,0.49868493150684934,-1.9510739335325336,-3.7176109979743157
2000-11-09,0.49369863013698634,-2.8881269718184486,-2.1255716583185373
2000-11-10,0.48572602739726034,-4.0193633610000425,-3.566362666397217
2000-11-11,0.48657534246575346,-3.271392163248023,-2.995183179217731
2000-11-12,0.49019178082191794,-2.9015333645125123,-1.2286584163094059
2000-11-13,0.4795068493150686,-3.2643222651096324,2.0748154157945637
2000-11-14,0.463123287671233,-3.2585365257348515,1.0154132380636183
2000-11-15,0.4509315068493152,-2.783034593876755,-1.83789691297256
2000-11-16,0.44430136986301383,-3.6141571790541347,0.619855809191121
2000-11-17,0.43624657534246586,-4.008117839398357,-2.5581287359441083
2000-11-18,0.44232876712328784,-4.270810498337591,-4.811518268785697
2000-11-19,0.4594520547945208,-3.8082077586115646,-0.5412442961829567
2000-11-20,0.4679178082191783,-4.5146468172698,-1.263270990949378
2000-11-21,0.48304109589041117,-4.422303297775596,-1.3307377981148152
2000-11-22,0.48600000000000015,-3.870726901569063,0.6247269015690629
2000-11-23,0.4869863013698632,-4.790910252464743,2.1139239510948795
2000-11-24,0.4823835616438358,-4.439180712598216,-0.3232028490456198
2000-11-25,0.4814520547945208,-4.460228833427158,-2.0412232213673622
2000-11-26,0.4917534246575344,-4.114927814811072,-2.9468256098464627
2000-11-27,0.507123287671233,-4.292378464617886,-1.1147448230533472
2000-11-28,0.5332602739726029,-4.150512640943843,5.63725236697124
2000-11-29,0.5575068493150688,-3.947609233848656,7.270102384533587
2000-11-30,0.5662739726027399,-4.23279925843594,4.6265252858332
2000-12-01,0.5486575342465755,-4.137071826050973,4.408414291804398
2000-12-02,0.5221643835616441,-4.800926409823366,3.428762026261722
2000-12-03,0.48430136986301386,-5.359052156223084,3.0347507863600702
2000-12-04,0.45241095890410976,-5.913653490961405,4.221242532057295
2000-12-05,0.4408493150684934,-5.665217242278582,4.634367927210089
2000-12-06,0.4345205479452057,-5.219905686254697,3.1953851383094913
2000-12-07,0.4375890410958907,-5.219241127069589,2.971652085973698
2000-12-08,0.4287671232876716,-5.187364765987748,4.388597642700077
2000-12-09,0.41534246575342504,-5.240638387343562,2.875295921590137
2000-12-10,0.39745205479452095,-5.291845974277177,2.6743939194826556
2000-12-11,0.3732054794520552,-5.151193357487574,5.707987878035519
2000-12-12,0.3616986301369867,-5.3989172774032745,7.517218647266288
2000-12-13,0.34660273972602784,-5.646160691523401,5.849557951797373
2000-12-14,0.33673972602739766,-6.152559005538153,2.915819279510756
2000-12-15,0.33575342465753466,-6.533144885411704,-0.82260853924583
2000-12-16,0.32978082191780866,-6.692673512036221,-2.737107309881587
2000-12-17,0.31646575342465794,-6.35418246883285,-2.882283284591809
2000-12-18,0.2892602739726031,-5.93785791667268,-1.151402357299923
2000-12-19,0.257424657534247,-6.405264309366745,2.9678396518324983
2000-12-20,0.23545205479452092,-6.692153666584869,5.0967016117903485
2000-12-21,0.2229589041095894,-6.653272739292981,2.7303138351833915
2000-12-22,0.2127397260273976,-5.980386192050272,0.9876464660228743
2000-12-23,0.21841095890410997,-5.777692830617183,0.7592818717130729
2000-12-24,0.23882191780821949,-5.485762377508649,-0.6130595402995711
2000-12-25,0.2697808219178085,-4.766436771607699,-0.723344050310109
2000-12-26,0.29945205479452086,-4.468885665179881,-1.5205663896146397
2000-12-27,0.311342465753425,-5.35002370522203,-1.111318760531395
2000-12-28,0.3138356164383565,-5.8695937789838855,-1.4342418374544712
2000-12-29,0.32186301369863046,-6.218338422468254,-3.2035245912303756
2000-12-30,0.32583561643835635,-6.886126269324594,-5.909709347113763
2000-12-31,0.318164383561644,-7.221306458997936,-4.596857924563708
2001-01-01,0.31043835616438376,-6.639114678176017,3.9886763220116332
2001-01-02,0.3075068493150687,-7.187616961281041,3.2301101119659723
2001-01-03,0.3102739726027399,-7.054204246142298,0.5439302735395577
2001-01-04,0.32065753424657556,-6.874877937747495,0.6542204035009194
2001-01-05,0.32071232876712347,-6.34970969046966,1.7489973617025365
2001-01-06,0.3080273972602741,-5.796353877333025,3.5283264800727507
2001-01-07,0.31539726027397275,-6.567875479019009,2.1524782187450366
2001-01-08,0.3269863013698632,-6.952945377157402,-0.754040924212461
2001-01-09,0.33753424657534264,-6.344883557698322,-2.9026506888770216
2001-01-10,0.35471232876712344,-5.8177110954573665,-0.9370012333097568
2001-01-11,0.3767671232876714,-5.446057424926983,1.8692903016393116
2001-01-12,0.3964109589041097,-4.891534067006366,2.685123108102256
2001-01-13,0.4179726027397262,-4.98428643792312,0.06631383518339362
2001-01-14,0.4392328767123289,-5.72706199113703,-1.3021708855752987
2001-01-15,0.44583561643835634,-5.9490205439996915,-3.726815072438666
2001-01-16,0.4520273972602742,-6.536574460402923,-5.085452936857351
2001-01-17,0.4515890410958906,-6.733023353975104,-2.2385656871207873
2001-01-18,0.45090410958904126,-7.031281169219221,-2.059622940369821
2001-01-19,0.4386849315068495,-6.974241478316517,-1.3844434531903316
2001-01-20,0.43663013698630154,-6.85518563005519,-1.8814445069311132
2001-01-21,0.4415068493150687,-6.246212676068536,-2.2352941732465315
2001-01-22,0.44238356164383585,-6.688383382074859,1.4359998204310234
2001-01-23,0.44531506849315083,-7.324531608277878,2.7592165397847275
2001-01-24,0.45095890410958905,-7.4403398274559605,4.609380923346372
2001-01-25,0.4606849315068494,-7.088863887870433,2.748178956363584
2001-01-26,0.46701369863013703,-7.545687913160211,-1.1813257854699257
2001-01-27,0.48238356164383567,-7.297627498688838,-1.8147560629549986
2001-01-28,0.5026575342465753,-7.335795394719748,-1.8168621395268278
2001-01-29,0.5238082191780823,-7.293775724891859,-1.5200324942862231
2001-01-30,0.5403013698630137,-6.831487702412056,-5.058813667450958
2001-01-31,0.545972602739726,-6.521976638133868,-6.753995964605858
2001-02-01,0.5581369863013699,-6.593745517656172,-7.854391468645199
2001-02-02,0.5696438356164384,-6.734910954958596,-6.144732880657842
2001-02-03,0.5803287671232877,-6.943091495878863,-0.29723727124442423
2001-02-04,0.5827397260273972,-6.357349311122979,3.184609585095582
2001-02-05,0.5916986301369864,-6.145156827807209,2.2234581976702223
2001-02-06,0.6026301369863014,-7.438229535921012,4.63559939893471
2001-02-07,0.6070684931506849,-7.513642251059754,4.81657375790907
2001-02-08,0.6079999999999999,-7.509302244034816,3.2413022440348165
2001-02-09,0.5913698630136986,-7.6464121843228385,0.8050423213091396
2001-02-10,0.5697260273972602,-7.4344395815831135,0.23471355418585382
2001-02-11,0.5630136986301368,-7.514391109507243,5.611377410877106
2001-02-12,0.5624383561643834,-7.884687561913284,8.5622492057489
2001-02-13,0.566876712328767,-7.442676322011634,4.605799609682867
2001-02-14,0.570958904109589,-7.944499293560633,5.573540389451044
2001-02-15,0.5708219178082191,-7.9744669788433855,7.423645061035167
2001-02-16,0.559917808219178,-8.227892338871486,5.997974530652308
2001-02-17,0.553095890410959,-7.812736033989153,-0.5703598564218053
2001-02-18,0.5483561643835615,-7.438166311474226,2.4798101470906646
2001-02-19,0.5355616438356164,-6.508159989029547,1.9025983451939306
2001-02-20,0.529013698630137,-6.458881450216762,-2.530132248413376
2001-02-21,0.5326027397260273,-6.808605370132464,0.9060026304064364
2001-02-22,0.5320273972602739,-7.457442040311599,1.595414643051325
2001-02-23,0.5320821917808218,-7.011469437571872,-0.07061275420895008
2001-02-24,0.5337808219178082,-6.687996307961758,-6.5857845139560505
2001-02-25,0.5319178082191779,-6.739202489907665,-9.58271531831151
2001-02-26,0.5464657534246574,-6.268228833427159,-9.9782369199975
2001-02-27,0.5624931506849313,-6.656306810244861,-6.89618634044007
2001-02-28,0.5741095890410958,-7.091073933532533,-5.353035655508561
2001-03-01,0.577808219178082,-7.197087280915743,-5.3307209382623375
2001-03-02,0.5763561643835615,-6.783026866444371,-4.363329297939191
2001-03-03,0.558931506849315,-6.371295921590138,1.9423644147408234
2001-03-04,0.5578356164383561,-5.973124513089962,3.0252888966516056
2001-03-05,0.5715890410958904,-6.301552331846548,0.5999632907506571
2001-03-06,0.5787945205479451,-6.100935542243457,3.692141021695512
2001-03-07,0.570821917808219,-6.587050048741524,7.456228130933305
2001-03-08,0.5606575342465753,-6.549626796194984,3.8989692619484084
2001-03-09,0.5601643835616438,-5.825435015373067,1.6252706318114232
2001-03-10,0.5510958904109589,-5.2572614993913325,1.7561656089803734
2001-03-11,0.5130958904109588,-5.983395675717289,4.21029978530633
2001-03-12,0.4717534246575341,-5.6011146781760175,4.749361253518483
2001-03-13,0.4342191780821917,-5.379382328334079,-0.2748368497481124
2001-03-14,0.4092328767123287,-5.48494045970043,-0.27429241701189877
2001-03-15,0.3980273972602739,-5.247581134094529,2.8495537368342547
2001-03-16,0.37460273972602737,-4.2096563009368175,2.95505356121079
2001-03-17,0.3467123287671232,-4.157675268270854,1.4409629395037307
2001-03-18,0.32304109589041086,-4.757220052253995,2.1141789563635847
2001-03-19,0.300876712328767,-4.175884611439101,-0.4949921008896663
2001-03-20,0.2761095890410957,-4.427621176244159,1.8615115872030632
2001-03-21,0.2574520547945204,-4.121782749830391,3.3343306950358707
2001-03-22,0.24717808219178067,-4.871725847828283,3.474547765636502
2001-03-23,0.25479452054794505,-4.816027217691297,7.231232697143351
2001-03-24,0.2531506849315067,-5.09124323455115,7.948092549619643
2001-03-25,0.24293150684931492,-5.183326128825824,3.790394621976509
2001-03-26,0.23386301369863,-5.528761323767869,1.7448983100692388
2001-03-27,0.2154246575342465,-4.983116785657577,0.9876921281233306
2001-03-28,0.19271232876712321,-4.696721281618237,1.3840089528511141
2001-03-29,0.18183561643835613,-4.554541443191823,0.3827058267534671
2001-03-30,0.18194520547945203,-4.402521773363936,-2.499423432115516
2001-03-31,0.18112328767123287,-4.0947479763846575,-0.3263753112865757
2001-04-01,0.18265753424657533,-3.26172514533443,4.089067611087855
2001-04-02,0.19819178082191774,-3.033782749830391,5.235590969008474
2001-04-03,0.22199999999999992,-3.121732872766815,3.759732872766815
2001-04-04,0.23975342465753413,-3.5048828552044693,2.025129430546935
2001-04-05,0.234849315068493,-3.3825512781057685,-3.5422980369627246
2001-04-06,0.23605479452054778,-3.7824444990400856,2.006389704519538
2001-04-07,0.2600273972602738,-4.325312781442614,-0.33471461581765993
2001-04-08,0.28953424657534227,-4.430534418253292,-1.5789998283220497
2001-04-09,0.3079726027397258,-4.3496829957032395,-0.5882896070364865
2001-04-10,0.3213972602739724,-3.8241065994967074,0.922709339222735
2001-04-11,0.33824657534246555,-3.699958373293686,-1.84828820204878
2001-04-12,0.36147945205479437,-3.529810849584518,-0.04166860247027637
2001-04-13,0.38402739726027385,-3.295453982707103,-4.918573414553171
2001-04-14,0.40216438356164375,-3.9501670139680796,-7.641997369593564
2001-04-15,0.4099999999999999,-3.63545749517637,-2.5545425048236305
2001-04-16,0.4164657534246574,-3.0300827147056983,-3.6163830387189595
2001-04-17,0.43298630136986294,-2.676071474804047,-4.896914826565816
2001-04-18,0.4488219178082191,-2.658051804976158,-2.380770112832061
2001-04-19,0.45813698630136984,-2.376564625488979,-5.011572360812391
2001-04-20,0.46394520547945206,-2.1774286929283893,-8.226516512551063
2001-04-21,0.471041095890411,-1.7045006985483397,-8.816540397342072
2001-04-22,0.46591780821917805,-1.60474165393998,-7.241176154279199
2001-04-23,0.45567123287671235,-1.3483911095072436,-4.377280123369468
2001-04-24,0.45167123287671235,-0.970426936693756,-0.19124429618295624
2001-04-25,0.4432602739726027,-0.5687809935957578,-0.7444792803768449
2001-04-26,0.4338356164383561,-0.44575535257011695,-3.8280802638682396
2001-04-27,0.4347671232876712,-0.36008903715037677,-1.0746780861372942
2001-04-28,0.43904109589041085,-0.10397944810928078,0.54493835221887
2001-04-29,0.435890410958904,-0.08841780427366439,1.1125273933147604
2001-04-30,0.44284931506849323,-0.2501269718184484,0.7572776567499551
2001-05-01,0.45939726027397265,-0.2514750575226986,2.392077797248726
2001-05-02,0.4781369863013699,0.11849895020473389,2.473364063493896
2001-05-03,0.4803287671232877,-0.08670371927190826,1.3763749521486206
2001-05-04,0.49008219178082196,-0.2317651874840614,0.48168299570323947
2001-05-05,0.5086027397260275,0.1394501268819379,1.0019471333920345
2001-05-06,0.5363287671232877,-0.018806985868325486,-0.1375217812549622
2001-05-07,0.5535890410958905,0.16499912582819712,0.11141183307591238
2001-05-08,0.5580821917808219,0.8065144050695039,0.5654034031496742
2001-05-09,0.5639726027397259,0.8789808609880143,2.30704653627226
2001-05-10,0.5727123287671232,1.1716327752837643,1.9656548959491127
2001-05-11,0.5549589041095889,1.6106717636926158,0.7343693321977951
2001-05-12,0.5512054794520547,1.9133068181358892,1.2354877024120565
2001-05-13,0.5700547945205479,2.3271382196111263,2.2828069858683255
2001-05-14,0.5811232876712327,2.3469380088629705,-0.20806129653420324
2001-05-15,0.5703013698630135,2.079670709951836,-1.0499720798148495
2001-05-16,0.54986301369863,1.521290660777266,0.6188463255241039
2001-05-17,0.5522739726027397,0.8342860945672206,1.9634399328300398
2001-05-18,0.5606575342465753,0.4417557117080709,-1.5624132459546463
2001-05-19,0.577945205479452,0.5229106116026966,0.35914418291785133
2001-05-20,0.5933424657534246,1.26421303520649,3.182444499040085
2001-05-21,0.5923835616438355,2.199844225933571,2.0077722124225934
2001-05-22,0.6011506849315067,2.769824556105682,1.6990247589628118
2001-05-23,0.6123013698630136,2.902159645673648,2.045538984463338
2001-05-24,0.6094520547945204,2.3225720095654645,2.7679759356400155
2001-05-25,0.583890410958904,2.6180395192247548,0.6580700698163411
2001-05-26,0.5703287671232875,3.3267370956209614,1.5429341372557515
2001-05-27,0.5753150684931505,3.5091782617607574,2.755506669746092
2001-05-28,0.5846575342465753,3.7641561332043825,4.8611863325490425
2001-05-29,0.5856438356164384,3.4835597159230334,5.6607964484605295
2001-05-30,0.5613150684931506,4.096879701873156,5.441805229633692
2001-05-31,0.5325205479452054,3.719338430359282,1.3281410216955125
2001-06-01,0.5284109589041096,3.140810154981692,-3.0492211138858014
2001-06-02,0.5298904109589041,2.753534426144319,-2.5334248371032233
2001-06-03,0.5316986301369863,2.720678086137294,-7.002376716274281
2001-06-04,0.5353150684931507,3.404964001135538,-5.850279069628689
2001-06-05,0.5325205479452055,4.208854412094443,0.23862503996035223
2001-06-06,0.527890410958904,4.4431073098815865,-3.4809977208404908
2001-06-07,0.5224109589041095,4.101932037665219,-0.3143429965693292
2001-06-08,0.5089315068493151,4.352151918241264,0.048916574909421584
2001-06-09,0.4984931506849314,4.515270990949378,-0.943764141634309
2001-06-10,0.49189041095890396,4.64739533236139,-3.2192857433202944
2001-06-11,0.4835068493150684,4.398231300046674,-6.791738149361742
2001-06-12,0.46756164383561627,4.771327892951485,-1.148889536787101
2001-06-13,0.4432328767123286,4.822098528708422,-1.2053314054207513
2001-06-14,0.4043835616438355,5.01027696214713,-1.0146605237909654
2001-06-15,0.37189041095890396,5.386000179568977,1.1221094094721193
2001-06-16,0.36531506849315054,5.604099231202276,-2.9594142996954265
2001-06-17,0.3681369863013697,5.769240783713691,-4.5073777700150615
2001-06-18,0.36389041095890395,6.115490871525423,-6.519381282484327
2001-06-19,0.3651506849315067,6.618806642512426,-6.583957327443932
2001-06-20,0.3576712328767122,6.442742013077933,-2.580413245954646
2001-06-21,0.32873972602739715,6.005523186242669,1.3557370877299348
2001-06-22,0.30575342465753413,6.105474011672947,0.3987725636695183
2001-06-23,0.29156164383561634,6.463422027127811,0.775016329036573
2001-06-24,0.26315068493150673,6.6153679351011165,3.4314813799673773
2001-06-25,0.24052054794520533,6.7376236428636735,4.191855809191121
2001-06-26,0.2303835616438355,6.846494735241616,5.993121703114549
2001-06-27,0.21446575342465735,7.677430615115167,2.878103631460176
2001-06-28,0.19213698630136963,7.638049793197358,-1.580186779498728
2001-06-29,0.19367123287671212,7.216994998676809,0.42933376844647864
2001-06-30,0.2089863013698628,7.726461437032974,0.8545522615971617
2001-07-01,0.21457534246575322,7.816629930183659,-1.4912052726494123
2001-07-02,0.202821917808219,7.758190889087769,0.2489871931040133
2001-07-03,0.17265753424657523,7.849064176759002,2.0582782889944227
2001-07-04,0.16180821917808208,7.624521711005577,1.863670069816341
2001-07-05,0.1673698630136985,7.535721711005578,2.876908425980724
2001-07-06,0.16397260273972591,7.660425820594618,2.715601576665655
2001-07-07,0.16306849315068486,7.659828560320647,-2.2828970534713315
2001-07-08,0.16073972602739722,7.68018212547695,-2.120921851504347
2001-07-09,0.15268493150684928,7.488536884872805,-0.9412218163796542
2001-07-10,0.1576712328767123,7.555372852558088,0.2369559145651996
2001-07-11,0.17126027397260274,7.205849143390544,-0.6871094173631462
2001-07-12,0.17542465753424655,7.305116442301679,-0.020541099835925003
2001-07-13,0.16553424657534246,7.330495437735468,0.473970315689189
2001-07-14,0.15306849315068494,7.646339484100062,1.6205920227492525
2001-07-15,0.1506575342465753,7.703801373808528,-1.574458908055103
2001-07-16,0.1496712328767123,8.03939533236139,-6.519066565238103
2001-07-17,0.1514246575342466,8.195239378725985,-3.926664036260231
2001-07-18,0.15558904109589042,8.524629614061425,-4.190218655157315
2001-07-19,0.154958904109589,8.249456449326617,-4.054415353436206
2001-07-20,0.15706849315068488,8.07071672329922,-6.9977852164499055
2001-07-21,0.1631780821917808,8.549601865554225,-2.892779947746005
2001-07-22,0.17120547945205478,8.76107921012746,1.7277153104204839
2001-07-23,0.19065753424657542,8.624287499554926,0.9550549661984977
2001-07-24,0.1935068493150686,8.375106607387734,0.12138654329719678
2001-07-25,0.1925205479452056,8.768581141985555,0.6088983100692396
2001-07-26,0.18635616438356178,8.909926417714393,1.1637174179020455
2001-07-27,0.1859452054794522,8.911056027830305,1.8129987666902423
2001-07-28,0.20443835616438366,8.542165265624476,1.8033963782111417
2001-07-29,0.22578082191780838,8.147170534328373,2.597048643753819
2001-07-30,0.2509863013698633,8.681203551539472,2.767810147090664
2001-07-31,0.27578082191780845,8.519180369242317,4.875038808839875
2001-08-01,0.31342465753424675,7.949296983221945,4.8772783592438085
2001-08-02,0.34391780821917833,8.453571658318538,5.372510533462284
2001-08-03,0.37273972602739747,9.16424113496062,1.0430191390119834
2001-08-04,0.407205479452055,8.66974657928798,-1.4969520587400345
2001-08-05,0.42284931506849344,8.564114686067047,-3.98696400113554
2001-08-06,0.4210684931506853,8.37739533236139,-2.0384638255120757
2001-08-07,0.42545205479452086,8.975322975494512,-0.34077503028903244
2001-08-08,0.4162191780821921,8.932508785118678,-0.2887279632008699
2001-08-09,0.40287671232876743,8.89066614374179,-0.8235428560705564
2001-08-10,0.40726027397260306,8.38539743984295,-4.722657713815554
2001-08-11,0.42098630136986337,8.317084127584431,-5.238070428954295
2001-08-12,0.42241095890410985,8.196149810759705,0.051439230336185915
2001-08-13,0.41904109589041116,8.677133302154154,1.4738256019554363
2001-08-14,0.413232876712329,7.893801373808529,4.3729657494791425
2001-08-15,0.413260273972603,7.751190906650114,4.345548819377283
2001-08-16,0.4101095890410962,7.766952761233887,3.7329376497250175
2001-08-17,0.40030136986301396,7.973079912621312,0.02661871751567446
2001-08-18,0.39013698630137006,8.140393576126758,1.2994694375718723
2001-08-19,0.3933150684931509,7.9143275417045595,2.12235738980229
2001-08-20,0.38536986301369885,8.228461718030514,-0.9738315810442133
2001-08-21,0.3718082191780824,7.889133302154154,0.20905847866776472
2001-08-22,0.3783287671232878,7.4533911173982705,1.2782801154784416
2001-08-23,0.362027397260274,7.278654903840141,2.8393176988995856
2001-08-24,0.3575342465753425,7.753854060847515,3.5586116925771423
2001-08-25,0.3625479452054795,7.775518971279549,4.791933083514971
2001-08-26,0.37279452054794515,7.320444155684187,5.796761323767869
2001-08-27,0.401013698630137,6.861314545568274,4.837671755801588
2001-08-28,0.4364657534246576,6.879403762287627,3.8341304842877157
2001-08-29,0.4652876712328766,6.47600298954439,4.978709339222733
2001-08-30,0.4827123287671233,6.201467689228267,1.1058199820046095
2001-08-31,0.5,6.061980509741088,-2.681980509741088
2001-09-01,0.5175890410958905,6.24275887293041,-6.160347914026301
2001-09-02,0.5073424657534247,5.6700816688559454,-2.67742413460937
2001-09-03,0.5058082191780822,5.8623928736329045,0.17179890718901358
2001-09-04,0.5144931506849315,5.695381282484327,-3.3798744331692583
2001-09-05,0.5185205479452055,5.494617671665921,-6.853138219611127
2001-09-06,0.5123835616438357,5.281013878199114,-4.40339743984295
2001-09-07,0.5150958904109589,5.586893049256367,-3.471988939667326
2001-09-08,0.5229041095890412,6.073948195023842,-2.9268523046128836
2001-09-09,0.5209315068493152,6.217741661831007,-9.138673168680322
2001-09-10,0.5197260273972604,5.98430997935823,-9.95403600675549
2001-09-11,0.5185753424657535,5.390670358704909,-8.529245701170662
2001-09-12,0.5301369863013701,4.631134004648008,-4.511270990949377
2001-09-13,0.5378082191780823,4.917950302505401,-1.945758521683484
2001-09-14,0.5365205479452057,5.093451531869645,-5.349972079814851
2001-09-15,0.5320000000000001,5.059232353787453,-5.601232353787453
2001-09-16,0.5342465753424659,5.30114735203122,-7.955393927373685
2001-09-17,0.5352602739726029,5.471748686769539,-9.957008960742142
2001-09-18,0.5441643835616439,5.39086494950224,-8.585029333063883
2001-09-19,0.5525479452054795,5.345998072087418,-6.958546017292897
2001-09-20,0.5562739726027397,4.331037762990123,-4.117311735592862
2001-09-21,0.5492328767123287,4.213026523088471,-2.5422593998008
2001-09-22,0.5186849315068494,4.014211630218784,-2.2828965617256336
2001-09-23,0.479945205479452,3.938477172895285,-1.288422378374737
2001-09-24,0.45493150684931505,3.9207848652029775,-0.8257163720522929
2001-09-25,0.4416164383561643,3.8721484057719975,-4.443764844128162
2001-09-26,0.4310684931506849,3.723670007457983,-4.094738500608668
2001-09-27,0.4272876712328767,3.1143795262496936,0.61833280251743
2001-09-28,0.42449315068493154,3.4609703235802174,1.6545365257348514
2001-09-29,0.43345205479452054,3.9452815283571745,-0.5687335831516949
2001-09-30,0.4369041095890411,3.9082692347147447,-0.11517334430378545
2001-10-01,0.42852054794520544,3.8416201303944075,3.4698593216603872
2001-10-02,0.4192328767123288,3.7382074152556646,4.642559708032008
2001-10-03,0.41205479452054805,3.4934508293757913,2.5844943761036605
2001-10-04,0.4116438356164384,2.7181947703663076,0.700161394017254
2001-10-05,0.4221369863013699,1.961820341142563,2.8960426725560677
2001-10-06,0.41701369863013704,2.31159203064028,3.861394270729583
2001-10-07,0.42498630136986304,2.551293470752679,2.773720227877458
2001-10-08,0.43712328767123293,3.110797510092335,2.112079202236432
2001-10-09,0.43838356164383574,3.1437395543494477,0.6678768840067164
2001-10-10,0.43046575342465765,2.9772091714902973,2.012325075085045
2001-10-11,0.435095890410959,2.783380579990473,4.361523529598568
2001-10-12,0.4433698630136987,2.857145947043512,6.729484189942789
2001-10-13,0.46093150684931505,2.7451340046480075,7.523934488502678
2001-10-14,0.47775342465753423,2.5351747492914916,5.4870718260509745
2001-10-15,0.47120547945205493,2.297583600714042,4.481210919833902
2001-10-16,0.4700547945205481,1.5673257854699252,4.202619420009527
2001-10-17,0.4764383561643837,0.6918990204541192,4.731662623381498
2001-10-18,0.4816438356164385,0.5998140186978846,3.728542145685677
2001-10-19,0.4900273972602741,0.07143748199258068,4.618535120747145
2001-10-20,0.5001095890410959,0.434118198536311,4.3457722124225935
2001-10-21,0.5227397260273973,0.9325242399834485,-0.06526396601084583
2001-10-22,0.5445753424657533,0.9541547282166764,0.4112699293175702
2001-10-23,0.5583561643835617,1.0387174257930725,1.5329264098233657
2001-10-24,0.5604657534246575,1.0161645631306206,-1.2566303165552781
2001-10-25,0.5671232876712329,0.7095365336258791,-1.2666598212971119
2001-10-26,0.5833424657534246,0.8556067830111969,0.7410507512353786
2001-10-27,0.577945205479452,1.5459798072472348,0.7160749872733132
2001-10-28,0.5710684931506849,1.6977065371383482,0.6912249697109667
2001-10-29,0.5638082191780822,1.6723781212619873,2.0438136595599308
2001-10-30,0.5635068493150684,1.2832211138858016,4.86327203679913
2001-10-31,0.560849315068493,0.10286705698379968,4.606283627947707
2001-11-01,0.55186301369863,-0.5999956054679039,-3.5818674082307256
2001-11-02,0.5446027397260274,-0.9022604456505525,1.5676577059245251
2001-11-03,0.5338356164383561,-0.5789769893807946,4.695141372942439
2001-11-04,0.5175890410958903,-0.33294748463896096,3.8953584435430706
2001-11-05,0.5067123287671231,-0.3139752331461618,-0.022737095620961267
2001-11-06,0.5045753424657534,-0.6598066346213988,-1.6447687078443547
2001-11-07,0.5053150684931507,-1.6624030519027482,-0.2129120165904026
2001-11-08,0.49980821917808216,-1.9510739335325336,-0.5287342856455486
2001-11-09,0.49208219178082185,-2.8881269718184486,-8.603955219962373
2001-11-10,0.4861917808219177,-4.0193633610000425,-4.936828419821875
2001-11-11,0.47936986301369855,-3.271392163248023,3.892022300234325
2001-11-12,0.4733972602739726,-2.9015333645125123,2.82813610423854
2001-11-13,0.4755890410958904,-3.2643222651096324,-1.8712667759862582
2001-11-14,0.48331506849315065,-3.2585365257348515,-6.464778542758299
2001-11-15,0.4933698630136986,-2.783034593876755,-1.0003352691369436
2001-11-16,0.5026575342465753,-3.6141571790541347,3.6214996448075594
2001-11-17,0.5201095890410958,-4.008117839398357,3.6680082503572615
2001-11-18,0.5205205479452054,-4.270810498337591,0.7302899503923852
2001-11-19,0.5167671232876712,-3.8082077586115646,-0.948559364676107
2001-11-20,0.5172876712328767,-4.5146468172698,1.887359146036924
2001-11-21,0.5147671232876713,-4.422303297775596,2.7075361744879243
2001-11-22,0.505095890410959,-3.870726901569063,-0.434368988841896
2001-11-23,0.4913972602739726,-4.790910252464743,-7.220487007809229
2001-11-24,0.485013698630137,-4.439180712598216,-5.275832986031921
2001-11-25,0.47150684931506837,-4.460228833427158,-0.21127801588791062
2001-11-26,0.4462191780821917,-4.114927814811072,0.5087086367288798
2001-11-27,0.41657534246575323,-4.292378464617886,-0.6641968778478677
2001-11-28,0.39254794520547925,-4.150512640943843,-3.102035304261637
2001-11-29,0.37490410958904097,-3.947609233848656,-3.057294875740385
2001-11-30,0.37375342465753414,-4.23279925843594,3.319045833778406
2001-12-01,0.39087671232876703,-4.137071826050973,5.106195113722206
2001-12-02,0.40967123287671225,-4.800926409823366,4.2012551769466535
2001-12-03,0.43950684931506856,-5.359052156223084,4.399545306908016
2001-12-04,0.46490410958904127,-5.913653490961405,3.188749381372364
2001-12-05,0.46238356164383576,-5.665217242278582,2.9228336806347466
2001-12-06,0.466191780821918,-5.219905686254697,1.1637139054327799
2001-12-07,0.46232876712328785,-5.219241127069589,-1.9730876400536994
2001-12-08,0.4563835616438357,-5.187364765987748,0.5509812043439126
2001-12-09,0.4526301369863015,-5.240638387343562,0.4280082503572604
2001-12-10,0.45172602739726037,-5.291845974277177,-0.43988005312008394
2001-12-11,0.46887671232876726,-5.151193357487574,-0.20768335484119316
2001-12-12,0.47871232876712333,-5.3989172774032745,-1.4797950513638494
2001-12-13,0.4943561643835617,-5.646160691523401,-8.478195472860161
2001-12-14,0.5136712328767123,-6.152559005538153,-9.121112227338559
2001-12-15,0.5308219178082192,-6.533144885411704,-3.417677032396516
2001-12-16,0.5566849315068494,-6.692673512036221,-1.9340114194706288
2001-12-17,0.5913424657534248,-6.35418246883285,-4.707159996920575
2001-12-18,0.6329863013698631,-5.93785791667268,-1.0351283846971828
2001-12-19,0.6721917808219178,-6.405264309366745,-0.17692747145517274
2001-12-20,0.6961095890410959,-6.692153666584869,-5.923955922456227
2001-12-21,0.7088493150684931,-6.653272739292981,-6.145576575775512
2001-12-22,0.7277534246575342,-5.980386192050272,-4.707367232607263
2001-12-23,0.7478630136986302,-5.777692830617183,-10.140170183081448
2001-12-24,0.7486849315068493,-5.485762377508649,-9.382922553998199
2001-12-25,0.7388219178082192,-4.766436771607699,-4.892385146200519
2001-12-26,0.731041095890411,-4.468885665179881,-7.76215543071053
2001-12-27,0.728,-5.35002370522203,-9.67797629477797
2001-12-28,0.7218356164383561,-5.8695937789838855,-1.2822418374544702
2001-12-29,0.7102465753424658,-6.218338422468254,1.9980918471257887
2001-12-30,0.704109589041096,-6.886126269324594,-4.247983319716502
2001-12-31,0.7044109589041097,-7.221306458997936,-9.273104499906172
2002-01-01,0.7015890410958905,-6.639114678176017,-7.412474362919874
2002-01-02,0.6978082191780823,-7.187616961281041,-1.1201912578970425
2002-01-03,0.6809589041095891,-7.054204246142298,2.2032453420327087
2002-01-04,0.6708493150684933,-6.874877937747495,-0.9359713773209979
2002-01-05,0.6550410958904112,-6.34970969046966,1.0846685945792487
2002-01-06,0.662191780821918,-5.796353877333025,2.324162096511107
2002-01-07,0.6777534246575344,-6.567875479019009,-1.1498779456385249
2002-01-08,0.686164383561644,-6.952945377157402,0.7067809935957587
2002-01-09,0.6847671232876713,-6.344883557698322,1.7101164344106499
2002-01-10,0.6854520547945206,-5.8177110954573665,0.252259040662846
2002-01-11,0.6893150684931508,-5.446057424926983,-2.053257643566167
2002-01-12,0.6832876712328768,-4.891534067006366,-2.151753604226511
2002-01-13,0.6736986301369863,-4.98428643792312,-1.069412192213866
2002-01-14,0.6775890410958905,-5.72706199113703,-1.9005270499588605
2002-01-15,0.6936712328767123,-5.9490205439996915,-3.33465068887702
2002-01-16,0.7002739726027397,-6.536574460402923,-3.8136995121998165
2002-01-17,0.7026027397260273,-6.733023353975104,-2.719579385750923
2002-01-18,0.711013698630137,-7.031281169219221,-1.5497325294109165
2002-01-19,0.7357534246575341,-6.974241478316517,0.5484880536589829
2002-01-20,0.7444657534246575,-6.85518563005519,0.7407198766305321
2002-01-21,0.736054794520548,-6.246212676068536,4.570157881547988
2002-01-22,0.7364931506849316,-6.688383382074859,2.181890231389927
2002-01-23,0.7322465753424657,-7.324531608277878,2.1122850329354117
2002-01-24,0.7188767123287672,-7.4403398274559605,2.091463115127193
2002-01-25,0.7056712328767123,-7.088863887870433,2.3531926549937205
2002-01-26,0.7037534246575343,-7.545687913160211,5.331934488502676
2002-01-27,0.7046027397260274,-7.297627498688838,5.753024758962811
2002-01-28,0.7062191780821918,-7.335795394719748,7.179576216637556
2002-01-29,0.7034794520547946,-7.293775724891859,7.350296272837064
2002-01-30,0.6903561643835617,-6.831487702412056,8.531131538028493
2002-01-31,0.6736438356164385,-6.521976638133868,4.24833280251743
2002-02-01,0.6567397260273974,-6.593745517656172,2.567005791628775
2002-02-02,0.651123287671233,-6.734910954958596,6.353787667287363
2002-02-03,0.6508219178082192,-6.943091495878863,5.342269578070644
2002-02-04,0.6578356164383563,-6.357349311122979,2.4595136946846226
2002-02-05,0.6535342465753425,-6.145156827807209,3.761622581231866
2002-02-06,0.6402465753424659,-7.438229535921012,1.2279829605785464
2002-02-07,0.631178082191781,-7.513642251059754,-0.07753583113202644
2002-02-08,0.6258082191780823,-7.509302244034816,4.823494024856734
2002-02-09,0.6209041095890411,-7.6464121843228385,5.785508074733798
2002-02-10,0.6181369863013699,-7.4344395815831135,0.706302595281743
2002-02-11,0.6055342465753425,-7.514391109507243,4.338856862931901
2002-02-12,0.5910136986301371,-7.884687561913284,6.413673863283147
2002-02-13,0.5787671232876712,-7.442676322011634,4.603909198723963
2002-02-14,0.5722191780821918,-7.944499293560633,4.422280115478442
2002-02-15,0.5665753424657535,-7.9744669788433855,3.847891636377632
2002-02-16,0.5698082191780822,-8.227892338871486,2.2780841196934043
2002-02-17,0.5704109589041098,-7.812736033989153,0.5723250750850433
2002-02-18,0.5731780821917809,-7.438166311474226,-0.4450117707175547
2002-02-19,0.5785753424657534,-6.508159989029547,-3.0904153534362067
2002-02-20,0.5730136986301371,-6.458881450216762,-0.19413224841337495
2002-02-21,0.5676712328767124,-6.808605370132464,-5.079065862744248
2002-02-22,0.5600821917808219,-7.457442040311599,-0.07264015146922276
2002-02-23,0.5518082191780822,-7.011469437571872,1.73966121839379
2002-02-24,0.5412876712328767,-6.687996307961758,-2.8532913632711177
2002-02-25,0.5271780821917808,-6.739202489907665,0.7220244077158844
2002-02-26,0.5128219178082192,-6.268228833427159,2.99540691561894
2002-02-27,0.5014520547945205,-6.656306810244861,3.6848547554503406
2002-02-28,0.4911232876712328,-7.091073933532533,1.0899506458613004
2002-03-01,0.49493150684931503,-7.197087280915743,1.0621557740664285
2002-03-02,0.5076164383561643,-6.783026866444371,2.1254104280882062
2002-03-03,0.5250684931506849,-6.371295921590138,-1.7637725715605468
2002-03-04,0.5374794520547945,-5.973124513089962,2.485645061035167
2002-03-05,0.532958904109589,-6.301552331846548,3.808593427736959
2002-03-06,0.5404383561643835,-6.100935542243457,5.200497186079073
2002-03-07,0.5590684931506849,-6.587050048741524,5.227981555590839
2002-03-08,0.5715068493150685,-6.549626796194984,4.878119946879915
2002-03-09,0.5827945205479452,-5.825435015373067,4.452640494825122
2002-03-10,0.589835616438356,-5.2572614993913325,0.9974258829529763
2002-03-11,0.6140547945205479,-5.983395675717289,3.6693408811967414
2002-03-12,0.6338082191780822,-5.6011146781760175,4.167306458997935
2002-03-13,0.6494794520547945,-5.379382328334079,3.7299028762792843
2002-03-14,0.664931506849315,-5.48494045970043,2.2700089528511147
2002-03-15,0.6702191780821918,-5.247581134094529,2.107361956012337
2002-03-16,0.6794520547945206,-4.2096563009368175,1.0002042461422969
2002-03-17,0.6857534246575343,-4.157675268270854,1.9219218436133194
2002-03-18,0.7047123287671234,-4.757220052253995,2.102507723486872
2002-03-19,0.732082191780822,-4.175884611439101,2.323802419658279
2002-03-20,0.7596438356164383,-4.427621176244159,4.437977340627721
2002-03-21,0.7814520547945205,-4.121782749830391,4.1703306950358705
2002-03-22,0.7973698630136987,-4.871725847828283,0.35435598481458364
2002-03-23,0.8082739726027397,-4.816027217691297,-4.472246754911443
2002-03-24,0.8077534246575342,-5.09124323455115,-6.746510190106384
2002-03-25,0.790904109589041,-5.183326128825824,-5.887577980763217
2002-03-26,0.7690410958904109,-5.528761323767869,-3.650279772122543
2002-03-27,0.7533150684931507,-4.983116785657577,-3.4001982828355732
2002-03-28,0.7456438356164383,-4.696721281618237,-0.5489225539982012
2002-03-29,0.7282739726027397,-4.554541443191823,-1.183732529410916
2002-03-30,0.7120547945205479,-4.402521773363936,0.2404669788433873
2002-03-31,0.7031232876712328,-4.0947479763846575,0.4116246887134247
2002-04-01,0.6996986301369863,-3.26172514533443,0.5120265151974439
2002-04-02,0.6941095890410958,-3.033782749830391,1.3496731607892953
2002-04-03,0.6873424657534246,-3.121732872766815,0.6743904070133904
2002-04-04,0.6809315068493151,-3.5048828552044693,1.433951348355154
2002-04-05,0.6775890410958905,-3.3825512781057685,-0.15503776299012184
2002-04-06,0.6682739726027397,-3.7824444990400856,-0.2958294735626543
2002-04-07,0.6476438356164383,-4.325312781442614,2.1876689458261755
2002-04-08,0.6297534246575343,-4.430534418253292,2.510780993595758
2002-04-09,0.6166575342465754,-4.3496829957032395,-0.43697453854333634
2002-04-10,0.6099178082191782,-3.8241065994967074,-2.2558112087224704
2002-04-11,0.6052602739726027,-3.699958373293686,-0.42530190067891693
2002-04-12,0.5943561643835616,-3.529810849584518,2.7454546852009565
2002-04-13,0.5685205479452055,-3.295453982707103,1.3069334347618975
2002-04-14,0.5420547945205481,-3.9501670139680796,-1.6418877805524685
2002-04-15,0.5272602739726029,-3.63545749517637,-5.061802778796233
2002-04-16,0.5188767123287673,-3.0300827147056983,-4.138793997623069
2002-04-17,0.5126575342465755,-2.676071474804047,-2.6465860594425283
2002-04-18,0.4984109589041098,-2.658051804976158,-0.5303591539279515
2002-04-19,0.4736438356164386,-2.376564625488979,-1.9670792101274595
2002-04-20,0.44673972602739737,-2.1774286929283893,-4.529311033099008
2002-04-21,0.4402465753424658,-1.7045006985483397,-0.5257458767941261
2002-04-22,0.4412876712328768,-1.60474165393998,0.7534539827071032
2002-04-23,0.44175342465753437,-1.3483911095072436,0.6666376848497093
2002-04-24,0.4332602739726029,-0.970426936693756,0.5971666627211532
2002-04-25,0.427123287671233,-0.5687809935957578,1.701657705924525
2002-04-26,0.42613698630137,-0.44575535257011695,2.099618366268747
2002-04-27,0.4246849315068495,-0.36008903715037677,-3.034595894356473
2002-04-28,0.4259726027397262,-0.10397944810928078,-1.9519931546304454
2002-04-29,0.41093150684931523,-0.08841780427366439,-1.5125137025756508
2002-04-30,0.4090410958904111,-0.2501269718184484,0.6810858759280373
2002-05-01,0.40263013698630146,-0.2514750575226986,1.478844920536397
2002-05-02,0.39449315068493157,0.11849895020473389,-0.7229921008896655
2002-05-03,0.41350684931506854,-0.08670371927190826,-1.2068031300431603
2002-05-04,0.41230136986301374,-0.2317651874840614,-3.3705361823789524
2002-05-05,0.40254794520547943,0.1394501268819379,-4.821998072087418
2002-05-06,0.3784657534246576,-0.018806985868325486,-3.949658767556332
2002-05-07,0.36350684931506855,0.16499912582819712,-0.47850597514326565
2002-05-08,0.3535068493150686,0.8065144050695039,1.0399787456154277
2002-05-09,0.33879452054794523,0.8789808609880143,0.5222246184640404
2002-05-10,0.3203013698630137,1.1716327752837643,-0.601934145146778
2002-05-11,0.34090410958904116,1.6106717636926158,-1.2015758732816568
2002-05-12,0.3553424657534246,1.9133068181358892,-1.0586492838893138
2002-05-13,0.3501917808219177,2.3271382196111263,0.32266999956695575
2002-05-14,0.3427671232876711,2.3469380088629705,0.8302948678493585
2002-05-15,0.3506301369863013,2.079670709951836,1.9896991530618626
2002-05-16,0.37347945205479444,1.521290660777266,4.46522988716794
2002-05-17,0.38257534246575337,0.8342860945672206,5.523138562967026
2002-05-18,0.37816438356164384,0.4417557117080709,4.990079904730285
2002-05-19,0.37213698630136977,0.5229106116026966,0.7149524020959338
2002-05-20,0.3731506849315068,1.26421303520649,2.032636279862003
2002-05-21,0.37780821917808227,2.199844225933571,2.4123475548883473
2002-05-22,0.3769315068493151,2.769824556105682,1.0032439370450033
2002-05-23,0.3743287671232876,2.902159645673648,-1.2464884127969358
2002-05-24,0.3710684931506849,2.3225720095654645,-1.9936405027161495
2002-05-25,0.39005479452054787,2.6180395192247548,-1.4780943137453026
2002-05-26,0.41156164383561633,3.3267370956209614,-3.228298739456578
2002-05-27,0.42106849315068484,3.5091782617607574,-6.320246754911443
2002-05-28,0.42698630136986293,3.7641561332043825,-5.8011424345742455
2002-05-29,0.4432054794520547,3.4835597159230334,-2.966765195375088
2002-05-30,0.4642191780821917,4.096879701873156,-0.9010988799553479
2002-05-31,0.47131506849315064,3.719338430359282,0.9693465011475677
2002-06-01,0.4571506849315068,3.140810154981692,3.2720391600868015
2002-06-02,0.4357534246575342,2.753534426144319,4.420712149198147
2002-06-03,0.41602739726027393,2.720678086137294,4.003294516602431
2002-06-04,0.3958082191780822,3.404964001135538,3.55922777968638
2002-06-05,0.38172602739726025,4.208854412094443,-0.5305804394917031
2002-06-06,0.37506849315068486,4.4431073098815865,-1.9381758030322715
2002-06-07,0.37536986301369857,4.101932037665219,-1.5773019006789175
2002-06-08,0.38331506849315067,4.352151918241264,-1.9954669867344141
2002-06-09,0.3791506849315067,4.515270990949378,-2.1944216758808843
2002-06-10,0.36641095890410946,4.64739533236139,-3.4238062912654996
2002-06-11,0.3603013698630136,4.398231300046674,-0.40853266990968784
2002-06-12,0.3586301369863012,4.771327892951485,2.550041970062214
2002-06-13,0.36484931506849294,4.822098528708422,4.583052156223084
2002-06-14,0.38821917808219164,5.01027696214713,6.051503859770677
2002-06-15,0.41594520547945185,5.386000179568977,7.338054614951573
2002-06-16,0.429808219178082,5.604099231202276,6.416092549619642
2002-06-17,0.43986301369862996,5.769240783713691,8.070896202587678
2002-06-18,0.45720547945205464,6.115490871525423,8.587303649022523
2002-06-19,0.45610958904109583,6.618806642512426,7.635083768446479
2002-06-20,0.46536986301369854,6.442742013077933,6.041888123908367
2002-06-21,0.48936986301369856,6.005523186242669,5.8451069507436335
2002-06-22,0.5166849315068494,6.105474011672947,7.087841056820204
2002-06-23,0.5397260273972604,6.463422027127811,7.866851945474929
2002-06-24,0.5845479452054796,6.6153679351011165,3.410084119693404
2002-06-25,0.6210136986301371,6.7376236428636735,0.2113626585061894
2002-06-26,0.639205479452055,6.846494735241616,2.744299785306329
2002-06-27,0.6637534246575344,7.677430615115167,1.3188159602272993
2002-06-28,0.6950136986301372,7.638049793197358,-4.333063491827495
2002-06-29,0.7040000000000002,7.216994998676809,-4.31099499867681
2002-06-30,0.704191780821918,7.726461437032974,-1.880653217854892
2002-07-01,0.7317260273972604,7.816629930183659,-1.898355957580919
2002-07-02,0.7635890410958905,7.758190889087769,-1.3417799301836597
2002-07-03,0.7886575342465756,7.849064176759002,0.06227828899442134
2002-07-04,0.8049589041095893,7.624521711005577,-4.929480615115166
2002-07-05,0.803397260273973,7.535721711005578,-1.4491189712795505
2002-07-06,0.8087397260273975,7.660425820594618,-3.699165546622016
2002-07-07,0.7843835616438359,7.659828560320647,-0.294212121964482
2002-07-08,0.7632054794520551,7.68018212547695,2.9566123950709944
2002-07-09,0.7346849315068495,7.488536884872805,1.5467781836203445
2002-07-10,0.7140273972602742,7.555372852558088,-0.8294002498183621
2002-07-11,0.6988767123287674,7.205849143390544,-0.964725855719311
2002-07-12,0.6818630136986303,7.305116442301679,0.8830205439996908
2002-07-13,0.6708767123287673,7.330495437735468,-2.231372150064236
2002-07-14,0.6594520547945208,7.646339484100062,-2.3857915388945825
2002-07-15,0.652082191780822,7.703801373808528,-0.6558835655893498
2002-07-16,0.6613424657534249,8.03939533236139,-1.1607377981148153
2002-07-17,0.6791232876712332,8.195239378725985,-2.044362666397218
2002-07-18,0.6849041095890414,8.524629614061425,-3.8695337236504663
2002-07-19,0.6907123287671235,8.249456449326617,-1.5201687780937405
2002-07-20,0.6886301369863015,8.07071672329922,1.500653139714478
2002-07-21,0.691150684931507,8.549601865554225,-0.2407525504857322
2002-07-22,0.6919178082191784,8.76107921012746,-1.8629970183466398
2002-07-23,0.680191780821918,8.624287499554926,0.6255207196231556
2002-07-24,0.6708493150684933,8.375106607387734,-1.9059559224562275
2002-07-25,0.6605753424657537,8.768581141985555,-4.739156484451309
2002-07-26,0.6507123287671235,8.909926417714393,-4.120638746481516
2002-07-27,0.6416712328767125,8.911056027830305,0.6572727392929831
2002-07-28,0.6228767123287673,8.542165265624476,1.6949580220467553
2002-07-29,0.6214794520547947,8.147170534328373,2.7913500136168334
2002-07-30,0.6057534246575345,8.681203551539472,1.4130430238029934
2002-07-31,0.5722739726027399,8.519180369242317,-0.21145434184505696
2002-08-01,0.5297808219178084,7.949296983221945,-1.4390778051397533
2002-08-02,0.48810958904109614,8.453571658318538,-0.9416812473596341
2002-08-03,0.45095890410958933,9.16424113496062,-1.0852000390702088
2002-08-04,0.4196986301369865,8.66974657928798,-1.619445209424966
2002-08-05,0.39723287671232893,8.564114686067047,-1.4013475627793763
2002-08-06,0.3744931506849317,8.37739533236139,-3.561888483046321
2002-08-07,0.33947945205479474,8.975322975494512,-5.104802427549307
2002-08-08,0.31558904109589064,8.932508785118678,-3.4980978262145683
2002-08-09,0.304191780821918,8.89066614374179,-2.6848579245637074
2002-08-10,0.2858904109589043,8.38539743984295,-6.391287850801855
2002-08-11,0.26315068493150695,8.317084127584431,-6.090234812515938
2002-08-12,0.25468493150684945,8.196149810759705,-4.380834742266554
2002-08-13,0.23980821917808232,8.677133302154154,-3.646941521332236
2002-08-14,0.21241095890410966,7.893801373808529,0.10378766728736188
2002-08-15,0.18512328767123293,7.751190906650114,2.1836858056786514
2002-08-16,0.16117808219178087,7.766952761233887,1.9218691565743322
2002-08-17,0.14180821917808226,7.973079912621312,1.465111868200605
2002-08-18,0.11632876712328771,8.140393576126758,1.7932776567499555
2002-08-19,0.09509589041095892,7.9143275417045595,3.43057656788448
2002-08-20,0.08802739726027398,8.228461718030514,1.2935108847092103
2002-08-21,0.09416438356164386,7.889133302154154,-1.5432976857157978
2002-08-22,0.09416438356164386,7.4533911173982705,-0.3875555009599143
2002-08-23,0.11010958904109591,7.278654903840141,0.3212355071187636
2002-08-24,0.11320547945205481,7.753854060847515,0.7829404597004297
2002-08-25,0.1073150684931507,7.775518971279549,1.2071659602273002
2002-08-26,0.11301369863013692,7.320444155684187,0.9065421456856759
2002-08-27,0.10961643835616433,6.861314545568274,-0.11093098392443856
2002-08-28,0.09980821917808211,6.879403762287627,0.02078801853429102
2002-08-29,0.08742465753424647,6.47600298954439,1.5865723529213644
2002-08-30,0.09016438356164377,6.201467689228267,2.888367927210088
2002-08-31,0.09547945205479444,6.061980509741088,2.3525400382041175
2002-09-01,0.09375342465753417,6.24275887293041,0.6334877024120553
2002-09-02,0.09101369863013693,5.6700816688559454,2.268904632513917
2002-09-03,0.0853424657534246,5.8623928736329045,-1.0577353393863298
2002-09-04,0.08627397260273967,5.695381282484327,-0.22165525508706718
2002-09-05,0.08197260273972595,5.494617671665921,0.38340972559435293
2002-09-06,0.06805479452054784,5.281013878199114,0.5809313272803376
2002-09-07,0.05712328767123275,5.586893049256367,1.1059836630724007
2002-09-08,0.05164383561643823,6.073948195023842,0.11440796935971953
2002-09-09,0.06169863013698614,6.217741661831007,0.16055970803200736
2002-09-10,0.07202739726027385,5.98430997935823,-2.296337376618504
2002-09-11,0.0711232876712328,5.390670358704909,-2.361793646376142
2002-09-12,0.055178082191780733,4.631134004648008,1.6036879131602113
2002-09-13,0.042904109589041,4.917950302505401,0.47914558790555795
2002-09-14,0.02517808219178075,5.093451531869645,-1.4686296140614261
2002-09-15,0.017150684931506753,5.059232353787453,-2.78638303871896
2002-09-16,0.011342465753424506,5.30114735203122,-0.512489817784644
2002-09-17,0.0022191780821916446,5.471748686769539,0.5660321351482693
2002-09-18,-0.00427397260273988,5.39086494950224,2.0234090231005
2002-09-19,-0.015890410958904297,5.345998072087418,1.5698923388714867
2002-09-20,-0.02945205479452071,4.331037762990123,2.278414291804398
2002-09-21,-0.03035616438356177,4.213026523088471,2.017329641295091
2002-09-22,-0.013315068493150804,4.014211630218784,-1.9408965617256335
2002-09-23,0.01449315068493126,3.938477172895285,-6.972970323580216
2002-09-24,0.04021917808219155,3.9207848652029775,-8.391004043285168
2002-09-25,0.06032876712328743,3.8721484057719975,-9.802477172895285
2002-09-26,0.0786301369863011,3.723670007457983,-6.542300144444284
2002-09-27,0.0912328767123285,3.1143795262496936,-5.385612402962023
2002-09-28,0.10473972602739698,3.4609703235802174,-3.9457100496076145
2002-09-29,0.11506849315068465,3.9452815283571745,-3.5103500215078594
2002-09-30,0.1189041095890408,3.9082692347147447,-1.0471733443037854
2002-10-01,0.12394520547945183,3.8416201303944075,1.7344346641261406
2002-10-02,0.10879452054794493,3.7382074152556646,2.4829980641963907
2002-10-03,0.08860273972602711,3.4934508293757913,0.5679464308981821
2002-10-04,0.06799999999999967,2.7181947703663076,-0.17619477036630737
2002-10-05,0.06536986301369832,1.961820341142563,-0.14719020415626138
2002-10-06,0.05386301369862985,2.31159203064028,-3.30545504433891
2002-10-07,0.018602739726027114,2.551293470752679,-3.349896210478706
2002-10-08,-0.007753424657534494,3.110797510092335,-2.2230440854348004
2002-10-09,-0.019972602739726307,3.1437395543494477,-1.3337669516097215
2002-10-10,-0.025643835616438626,2.9772091714902973,0.7684346641261417
2002-10-11,-0.03558904109589066,2.783380579990473,0.8522084611054175
2002-10-12,-0.047424657534246795,2.857145947043512,-2.2097212895092655
2002-10-13,-0.04821917808219198,2.7451340046480075,-1.6269148265658155
2002-10-14,-0.03413698630137006,2.5351747492914916,0.5989622370098786
2002-10-15,-0.011095890410959184,2.297583600714042,1.9035122896969177
2002-10-16,0.00972602739725997,1.5673257854699252,2.3929481871328147
2002-10-17,0.02764383561643808,0.6918990204541192,-0.01954285607055739
2002-10-18,0.03506849315068465,0.5998140186978846,-4.8648825118485695
2002-10-19,0.03999999999999973,0.07143748199258068,-4.75143748199258
2002-10-20,0.04956164383561616,0.434118198536311,2.426320157628073
2002-10-21,0.04797260273972573,0.9325242399834485,0.7895031572768257
2002-10-22,0.04868493150684902,0.9541547282166764,1.0771603402764747
2002-10-23,0.048849315068492896,1.0387174257930725,-1.0575667408615654
2002-10-24,0.052465753424657285,1.0161645631306206,-2.9886303165552777
2002-10-25,0.05624657534246547,0.7095365336258791,-1.1157831089683445
2002-10-26,0.05501369863013671,0.8556067830111969,0.7393795183586664
2002-10-27,0.06449315068493128,1.5459798072472348,1.699527042067834
2002-10-28,0.074794520547945,1.6977065371383482,-4.3025010576862925
2002-10-29,0.08780821917808194,1.6723781212619873,1.8298136595599308
2002-10-30,0.09276712328767098,1.2832211138858016,2.9940117628265277
2002-10-31,0.09279452054794493,0.10286705698379968,2.1043384224682553
2002-11-01,0.10167123287671204,-0.5999956054679039,3.8083243725911915
2002-11-02,0.10679452054794492,-0.9022604456505525,1.5654659251026075
2002-11-03,0.1299726027397257,-0.5789769893807946,1.539004386641069
2002-11-04,0.16169863013698593,-0.33294748463896096,-4.538751145498025
2002-11-05,0.19197260273972555,-0.3139752331461618,-5.1679973695935635
2002-11-06,0.2138904109589037,-0.6598066346213988,-5.004083776337505
2002-11-07,0.23043835616438313,-1.6624030519027482,-5.308035304261635
2002-11-08,0.23339726027397217,-1.9510739335325336,-7.012323326741438
2002-11-09,0.2389589041095886,-2.8881269718184486,-0.8308319322911402
2002-11-10,0.24854794520547904,-4.0193633610000425,0.5708154157945633
2002-11-11,0.2550684931506845,-3.271392163248023,2.2363236700973386
2002-11-12,0.24805479452054752,-2.9015333645125123,0.3434785699919649
2002-11-13,0.2247671232876709,-3.2643222651096324,1.2495551418219617
2002-11-14,0.2038630136986298,-3.2585365257348515,2.1546735120362217
2002-11-15,0.18789041095890374,-2.783034593876755,2.6251441829178512
2002-11-16,0.17117808219178055,-3.6141571790541347,2.3429790968623543
2002-11-17,0.16621917808219153,-4.008117839398357,1.8218986613161658
2002-11-18,0.17761643835616414,-4.270810498337591,1.4431940599814266
2002-11-19,0.1629589041095889,-3.8082077586115646,1.1052488545019759
2002-11-20,0.14079452054794506,-4.5146468172698,1.9438522967218548
2002-11-21,0.12879452054794505,-4.422303297775596,2.143508777227651
2002-11-22,0.14076712328767105,-3.870726901569063,-1.2600402217186084
2002-11-23,0.1557260273972601,-4.790910252464743,0.045184225067482764
2002-11-24,0.16419178082191765,-4.439180712598216,2.894988931776299
2002-11-25,0.1767123287671231,-4.460228833427158,3.553516504660035
2002-11-26,0.20210958904109563,-4.114927814811072,2.912818225769976
2002-11-27,0.22536986301369832,-4.292378464617886,5.447008601604187
2002-11-28,0.24276712328767092,-4.150512640943843,4.717745517656172
2002-11-29,0.2561095890410956,-3.947609233848656,-0.3485003551924395
2002-11-30,0.26572602739726,-4.23279925843594,-1.7429267689613201
2002-12-01,0.27224657534246544,-4.137071826050973,-2.5851747492914923
2002-12-02,0.2741643835616435,-4.800926409823366,-2.8632379737382774
2002-12-03,0.2804657534246573,-5.359052156223084,-2.8214135972015733
2002-12-04,0.287753424657534,-5.913653490961405,-1.7740999336961298
2002-12-05,0.3063287671232875,-5.665217242278582,0.648888475155295
2002-12-06,0.3259452054794518,-5.219905686254697,1.4139604807752457
2002-12-07,0.34654794520547927,-5.219241127069589,1.0426931818641094
2002-12-08,0.36663013698630115,-5.187364765987748,-0.879265370998553
2002-12-09,0.38802739726027374,-5.240638387343562,-4.157389009916711
2002-12-10,0.4182191780821916,-5.291845974277177,-2.6363732038050145
2002-12-11,0.44257534246575325,-5.151193357487574,-0.7913819849781794
2002-12-12,0.45797260273972584,-5.3989172774032745,0.8109446746635491
2002-12-13,0.4663287671232874,-5.646160691523401,0.07983192440011422
2002-12-14,0.46882191780821897,-6.152559005538153,1.0437370877299346
2002-12-15,0.46353424657534226,-6.533144885411704,1.7096106388363612
2002-12-16,0.4586301369863012,-6.692673512036221,1.8340433750499194
2002-12-17,0.44747945205479445,-6.35418246883285,1.766703016778056
2002-12-18,0.423890410958904,-5.93785791667268,-1.2260324942862244
2002-12-19,0.4042191780821917,-6.405264309366745,3.471045131284554
2002-12-20,0.3970684931506849,-6.692153666584869,3.1350851734341845
2002-12-21,0.39169863013698636,-6.653272739292981,4.141574109155995
2002-12-22,0.39219178082191786,-5.980386192050272,4.038194411228353
2002-12-23,0.3904109589041097,-5.777692830617183,6.577281871713073
2002-12-24,0.3968767123287672,-5.485762377508649,4.278885665179882
2002-12-25,0.41293150684931523,-4.766436771607699,2.073505264758384
2002-12-26,0.4166301369863016,-4.468885665179881,1.5122555281935797
2002-12-27,0.41887671232876733,-5.35002370522203,2.041146992893263
2002-12-28,0.43372602739726057,-5.8695937789838855,2.285867751586625
2002-12-29,0.45386301369863047,-6.218338422468254,2.324475408769624
2002-12-30,0.46860273972602773,-6.886126269324594,6.037523529598566
2002-12-31,0.4665205479452058,-7.221306458997936,2.59478591105273
2003-01-01,0.4595616438356168,-6.639114678176017,1.9795530343404
2003-01-02,0.4478904109589044,-7.187616961281041,5.079726550322136
2003-01-03,0.44583561643835656,-7.054204246142298,1.8683686297039408
2003-01-04,0.4384931506849319,-6.874877937747495,1.2463847870625635
2003-01-05,0.4441643835616441,-6.34970969046966,-7.594454693091984
2003-01-06,0.44350684931506873,-5.796353877333025,-5.1871529719820435
2003-01-07,0.43641095890410986,-6.567875479019009,-11.3185354798851
2003-01-08,0.4346575342465756,-6.952945377157402,-6.581712157089173
2003-01-09,0.44186301369863046,-6.344883557698322,-3.57697945600031
2003-01-10,0.45076712328767155,-5.8177110954573665,-5.723056027830306
2003-01-11,0.4570958904109591,-5.446057424926983,-5.831038465483977
2003-01-12,0.4746027397260277,-4.891534067006366,-6.113068672719661
2003-01-13,0.49438356164383596,-4.98428643792312,-3.5800971237207166
2003-01-14,0.5064109589041099,-5.72706199113703,1.6506510322329202
2003-01-15,0.5182191780821921,-5.9490205439996915,3.330801365917499
2003-01-16,0.5235890410958907,-6.536574460402923,-1.5270145806929687
2003-01-17,0.5368219178082194,-6.733023353975104,-0.43379856383311566
2003-01-18,0.5534520547945208,-7.031281169219221,-2.152170885575301
2003-01-19,0.5640821917808221,-6.974241478316517,1.6401592865356953
2003-01-20,0.5716164383561646,-6.85518563005519,1.1935691916990256
2003-01-21,0.5838082191780822,-6.246212676068536,0.44240445689045416
2003-01-22,0.587150684931507,-6.688383382074859,-1.0787673028566482
2003-01-23,0.5904657534246576,-7.324531608277878,-1.49593414514678
2003-01-24,0.6052876712328767,-7.4403398274559605,-1.394947843776916
2003-01-25,0.6239452054794521,-7.088863887870433,-0.8650813176090191
2003-01-26,0.6264383561643836,-7.545687913160211,-1.4507504430041722
2003-01-27,0.6131506849315069,-7.297627498688838,5.334476813757331
2003-01-28,0.5978904109589042,-7.335795394719748,1.5479049837608434
2003-01-29,0.5918904109589043,-7.293775724891859,-4.758114686067046
2003-01-30,0.5835616438356166,-6.831487702412056,-6.872073941423561
2003-01-31,0.5906027397260275,-6.521976638133868,-10.878626101592157
2003-02-01,0.6003287671232878,-6.593745517656172,-10.936583249467114
2003-02-02,0.6146575342465754,-6.734910954958596,-5.01974657928798
2003-02-03,0.6370136986301371,-6.943091495878863,-2.8439222027512736
2003-02-04,0.6594246575342466,-6.357349311122979,-5.842075346411267
2003-02-05,0.6889041095890411,-6.145156827807209,-9.053747281781831
2003-02-06,0.7204383561643835,-7.438229535921012,-7.57220882024337
2003-02-07,0.7470410958904109,-7.513642251059754,-4.353398844830656
2003-02-08,0.7715068493150684,-7.509302244034816,-2.0022046052802525
2003-02-09,0.808931506849315,-7.6464121843228385,-2.7025193225264763
2003-02-10,0.8447671232876712,-7.4344395815831135,-2.6103275417045566
2003-02-11,0.8772876712328767,-7.514391109507243,-1.3628965617256332
2003-02-12,0.9082739726027397,-7.884687561913284,-3.9035864106894556
2003-02-13,0.9197808219178082,-7.442676322011634,-5.697104499906175
2003-02-14,0.9205205479452055,-7.944499293560633,-4.666021254384572
2003-02-15,0.92613698630137,-7.9744669788433855,-3.581670007457986
2003-02-16,0.9326027397260275,-8.227892338871486,-7.384710400854541
2003-02-17,0.9312876712328768,-7.812736033989153,-7.538551637243724
2003-02-18,0.926,-7.438166311474226,-3.377833688525775
2003-02-19,0.928082191780822,-6.508159989029547,-1.1999222027512753
2003-02-20,0.9362739726027398,-6.458881450216762,-0.5573925223859773
2003-02-21,0.9463561643835616,-6.808605370132464,0.3622492057489026
2003-02-22,0.958,-7.457442040311599,0.6594420403115988
2003-02-23,0.964958904109589,-7.011469437571872,-0.8234894665377173
2003-02-24,0.9693424657534246,-6.687996307961758,-1.201346157791666
2003-02-25,0.9751506849315068,-6.739202489907665,-0.9659481950238415
2003-02-26,0.9871780821917808,-6.268228833427159,-1.0589492487646215
2003-02-27,1.0006849315068491,-6.656306810244861,-1.334378121261988
2003-02-28,1.000904109589041,-7.091073933532533,1.5801698239434918
2003-03-01,0.9947397260273971,-7.197087280915743,2.5023475548883454
2003-03-02,0.9765753424657534,-6.783026866444371,1.0264515239786176
2003-03-03,0.9602191780821917,-6.371295921590138,-3.1989232564920522
2003-03-04,0.9411232876712328,-5.973124513089962,0.01200122541872961
2003-03-05,0.935890410958904,-6.301552331846548,3.7456619208876436
2003-03-06,0.9375068493150684,-6.100935542243457,3.2334286929283884
2003-03-07,0.9413150684931507,-6.587050048741524,-0.23426501975162672
2003-03-08,0.9413150684931508,-6.549626796194984,0.5183117277018328
2003-03-09,0.9393424657534248,-5.825435015373067,2.096092549619642
2003-03-10,0.9342739726027398,-5.2572614993913325,4.322987526788593
2003-03-11,0.9276986301369863,-5.983395675717289,7.125697045580303
2003-03-12,0.9248767123287671,-5.6011146781760175,3.5462379658472507
2003-03-13,0.9212876712328768,-5.379382328334079,-2.3619053428987984
2003-03-14,0.9095068493150686,-5.48494045970043,-2.454566389614639
2003-03-15,0.9008493150684933,-5.247581134094529,-4.593268180973964
2003-03-16,0.9029863013698631,-4.2096563009368175,-2.153330000433046
2003-03-17,0.9178356164383563,-4.157675268270854,-0.4301603481675027
2003-03-18,0.9295068493150687,-4.757220052253995,-1.452286797061074
2003-03-19,0.9429041095890414,-4.175884611439101,-0.2570194981499405
2003-03-20,0.954164383561644,-4.427621176244159,0.0034567926825150863
2003-03-21,0.9677808219178085,-4.121782749830391,-0.9659980720874177
2003-03-22,0.9815890410958907,-4.871725847828283,-0.15986319326760778
2003-03-23,0.992301369863014,-4.816027217691297,1.5637258478282834
2003-03-24,1.0064109589041097,-5.09124323455115,3.20483227564704
2003-03-25,1.0266301369863016,-5.183326128825824,3.2666959918395224
2003-03-26,1.043342465753425,-5.528761323767869,3.415418858014444
2003-03-27,1.0757534246575344,-4.983116785657577,2.9573633610000427
2003-03-28,1.099260273972603,-4.696721281618237,3.6974610076456345
2003-03-29,1.1210958904109591,-4.554541443191823,3.353445552780864
2003-03-30,1.132383561643836,-4.402521773363936,3.5901382117200997
2003-03-31,1.1345205479452058,-4.0947479763846575,1.3802274284394516
2003-04-01,1.1364931506849318,-3.26172514533443,1.9152319946494982
2003-04-02,1.133397260273973,-3.033782749830391,-4.619614510443582
2003-04-03,1.137232876712329,-3.121732872766815,-7.145500003945514
2003-04-04,1.1435616438356166,-3.5048828552044693,-6.548678788631147
2003-04-05,1.143260273972603,-3.3825512781057685,-1.5807089958668343
2003-04-06,1.125287671232877,-3.7824444990400856,-4.952843172192791
2003-04-07,1.117287671232877,-4.325312781442614,-11.151974889790262
2003-04-08,1.1134794520547948,-4.430534418253292,-7.592945033801503
2003-04-09,1.0977534246575344,-4.3496829957032395,-5.378070428954296
2003-04-10,1.098109589041096,-3.8241065994967074,-4.81400298954439
2003-04-11,1.1018630136986305,-3.699958373293686,-4.5519046404049455
2003-04-12,1.109287671232877,-3.529810849584518,-2.089476821648359
2003-04-13,1.1252054794520552,-3.295453982707103,0.46024850325504785
2003-04-14,1.1318630136986303,-3.9501670139680796,2.9083040002694496
2003-04-15,1.1297260273972605,-3.63545749517637,2.7457314677791094
2003-04-16,1.1216438356164384,-3.0300827147056983,2.8584388790892596
2003-04-17,1.116164383561644,-2.676071474804047,3.2899070912424033
2003-04-18,1.1171506849315072,-2.658051804976158,1.560901120044651
2003-04-19,1.1290958904109591,-2.376564625488979,-0.82253126492198
2003-04-20,1.147150684931507,-2.1774286929283893,-1.7397219920031177
2003-04-21,1.1389863013698631,-1.7045006985483397,-1.8044856028215237
2003-04-22,1.1243835616438358,-1.60474165393998,0.3303580922961442
2003-04-23,1.1066301369863014,-1.3483911095072436,0.06176097252094226
2003-04-24,1.0906575342465754,-0.970426936693756,1.2597694024471804
2003-04-25,1.0683835616438357,-0.5687809935957578,2.440397431951922
2003-04-26,1.0416438356164384,-0.44575535257011695,1.0341115169536785
2003-04-27,1.0147671232876714,-0.36008903715037677,-0.16467808613729462
2003-04-28,0.988986301369863,-0.10397944810928078,1.2449931467394177
2003-04-29,0.9845753424657535,-0.08841780427366439,2.663842461807911
2003-04-30,0.9626301369863016,-0.2501269718184484,1.9374968348321466
2003-05-01,0.9347397260273975,-0.2514750575226986,0.956735331495301
2003-05-02,0.9205753424657537,0.11849895020473389,1.9909257073295126
2003-05-03,0.9061643835616441,-0.08670371927190826,0.17053933571026417
2003-05-04,0.8970684931506852,-0.2317651874840614,4.604696694333375
2003-05-05,0.8934520547945208,0.1394501268819379,6.267097818323541
2003-05-06,0.9069041095890413,-0.018806985868325486,6.5719028762792835
2003-05-07,0.9358356164383566,0.16499912582819712,6.949165257733447
2003-05-08,0.9619452054794523,0.8065144050695039,6.471540389451044
2003-05-09,0.9658630136986305,0.8789808609880143,0.9751561253133552
2003-05-10,0.9776164383561645,1.1716327752837643,0.7707507863600711
2003-05-11,0.9898904109589044,1.6106717636926158,1.64943782534848
2003-05-12,1.0033150684931509,1.9133068181358892,0.6733781133709598
2003-05-13,1.0069589041095894,2.3271382196111263,-2.894097123720716
2003-05-14,1.0094794520547947,2.3469380088629705,-8.336417460917765
2003-05-15,1.006082191780822,2.079670709951836,-6.295752901732659
2003-05-16,1.0017534246575344,1.521290660777266,-1.9930440854348004
2003-05-17,0.9932602739726029,0.8342860945672206,-1.1875463685398233
2003-05-18,0.9929589041095892,0.4417557117080709,2.56528538418234
2003-05-19,0.9913698630136989,0.5229106116026966,4.255719525383604
2003-05-20,1.0040273972602742,1.26421303520649,-3.948240432466764
2003-05-21,1.0215342465753428,2.199844225933571,-6.321378472508914
2003-05-22,1.0364931506849318,2.769824556105682,-4.036317706790614
2003-05-23,1.0466301369863016,2.902159645673648,2.4512102173400505
2003-05-24,1.06241095890411,2.3225720095654645,2.775017031530426
2003-05-25,1.0758082191780827,2.6180395192247548,0.9261522615971627
2003-05-26,1.08027397260274,3.3267370956209614,0.6729889317762989
2003-05-27,1.0818904109589043,3.5091782617607574,2.2889313272803378
2003-05-28,1.0821095890410963,3.7641561332043825,2.0337342777545206
2003-05-29,1.070082191780822,3.4835597159230334,2.7563580922961437
2003-05-30,1.0487397260273976,4.096879701873156,3.3843805720994453
2003-05-31,1.0456986301369866,3.719338430359282,3.904962939503731
2003-06-01,1.053287671232877,3.140810154981692,5.055902173785432
2003-06-02,1.0622465753424661,2.753534426144319,4.494218998513215
2003-06-03,1.0784657534246578,2.720678086137294,5.640856160438048
2003-06-04,1.0997534246575345,3.404964001135538,5.515282574206928
2003-06-05,1.1178356164383565,4.208854412094443,5.513309971467201
2003-06-06,1.1317808219178085,4.4431073098815865,4.465111868200605
2003-06-07,1.1353972602739728,4.101932037665219,5.1826707020608085
2003-06-08,1.1299726027397263,4.352151918241264,4.58787547901901
2003-06-09,1.1358904109589043,4.515270990949378,4.858838598091718
2003-06-10,1.1510410958904111,4.64739533236139,6.811563571748198
2003-06-11,1.153287671232877,4.398231300046674,7.68848102872045
2003-06-12,1.157178082191781,4.771327892951485,7.3714940248567355
2003-06-13,1.1633698630136988,4.822098528708422,6.834531608277879
2003-06-14,1.1793150684931506,5.01027696214713,6.17040796935972
2003-06-15,1.182054794520548,5.386000179568977,4.641945025910476
2003-06-16,1.166164383561644,5.604099231202276,3.8897363852360813
2003-06-17,1.1470958904109592,5.769240783713691,3.2936633258753503
2003-06-18,1.1444931506849316,6.115490871525423,-0.7099840222103548
2003-06-19,1.1473698630136986,6.618806642512426,-0.23617650552612357
2003-06-20,1.1417260273972603,6.442742013077933,2.7555319595248067
2003-06-21,1.1409863013698631,6.005523186242669,3.23349051238747
2003-06-22,1.1315342465753424,6.105474011672947,6.652991741751712
2003-06-23,1.1027123287671232,6.463422027127811,6.653865644105066
2003-06-24,1.0560273972602738,6.6153679351011165,5.298604667638609
2003-06-25,1.0320273972602738,6.7376236428636735,5.660348959876052
2003-06-26,1.0314794520547945,6.846494735241616,3.7020258127035897
2003-06-27,1.0364931506849315,7.677430615115167,1.7660762341999021
2003-06-28,1.0346301369863014,7.638049793197358,0.7473200698163405
2003-06-29,1.0272602739726029,7.216994998676809,2.7157447273505886
2003-06-30,1.017095890410959,7.726461437032974,3.1864426725560673
2003-07-01,1.0061917808219178,7.816629930183659,-2.9328217110055768
2003-07-02,0.9921917808219178,7.758190889087769,-4.110382669909686
2003-07-03,0.9845205479452055,7.849064176759002,-4.3935847247042075
2003-07-04,0.9608219178082191,7.624521711005577,-5.835343628813796
2003-07-05,0.9460821917808219,7.535721711005578,-4.2718039027864
2003-07-06,0.9347671232876713,7.660425820594618,-1.7551929438822897
2003-07-07,0.9492876712328768,7.659828560320647,-0.699116231553524
2003-07-08,0.9668219178082191,7.68018212547695,0.16299595671483136
2003-07-09,1.0075342465753425,7.488536884872805,0.6339288685518527
2003-07-10,1.0357534246575342,7.555372852558088,1.4788737227843782
2003-07-11,1.046958904109589,7.205849143390544,1.9371919524998669
2003-07-12,1.058904109589041,7.305116442301679,2.815979448109281
2003-07-13,1.0810136986301369,7.330495437735468,3.7484908636343945
2003-07-14,1.1013698630136983,7.646339484100062,4.392290652886241
2003-07-15,1.1173698630136986,7.703801373808528,3.2688287631777744
2003-07-16,1.1132876712328765,8.03939533236139,2.697316996405732
2003-07-17,1.0901643835616437,8.195239378725985,-0.49540376228762906
2003-07-18,1.0887397260273972,8.524629614061425,0.5566306599111783
2003-07-19,1.0876986301369862,8.249456449326617,4.152844920536397
2003-07-20,1.0880547945205479,8.07071672329922,4.9812284821802315
2003-07-21,1.0754794520547946,8.549601865554225,2.1249186823909803
2003-07-22,1.0733150684931505,8.76107921012746,2.2056057213793885
2003-07-23,1.0615068493150686,8.624287499554926,1.4642056511300066
2003-07-24,1.0564109589041095,8.375106607387734,-1.0815175662918435
2003-07-25,1.0550410958904108,8.768581141985555,0.2763777621240333
2003-07-26,1.0610958904109589,8.909926417714393,2.2789776918746476
2003-07-27,1.04986301369863,8.911056027830305,1.1590809584710637
2003-07-28,1.0421643835616439,8.542165265624476,-3.5743296491861205
2003-07-29,1.0147397260273974,8.147170534328373,-3.1719102603557694
2003-07-30,0.9909589041095891,8.681203551539472,-1.162162455649061
2003-07-31,0.9817808219178081,8.519180369242317,-3.6609611911601254
2003-08-01,0.9867397260273972,7.949296983221945,0.6739632907506579
2003-08-02,1.0145479452054793,8.453571658318538,2.0818803964759844
2003-08-03,1.0558082191780822,9.16424113496062,3.539950645861298
2003-08-04,1.0857808219178082,8.66974657928798,5.874472598794213
2003-08-05,1.1149863013698629,8.564114686067047,6.060899012563091
2003-08-06,1.1538904109589039,8.37739533236139,6.418714256679705
2003-08-07,1.1993972602739726,8.975322975494512,5.545279764231516
2003-08-08,1.2417260273972603,8.932508785118678,5.285765187484063
2003-08-09,1.2633150684931505,8.89066614374179,5.286018787765059
2003-08-10,1.2649315068493148,8.38539743984295,6.289671053307734
2003-08-11,1.2625479452054793,8.317084127584431,5.990367927210089
2003-08-12,1.2670958904109586,8.196149810759705,6.476754298829336
2003-08-13,1.2716712328767121,8.677133302154154,6.631195464969132
2003-08-14,1.2855616438356163,7.893801373808529,3.230636982355854
2003-08-15,1.310904109589041,7.751190906650114,1.3279049837608454
2003-08-16,1.3371506849315065,7.766952761233887,2.7958965538346066
2003-08-17,1.3539452054794519,7.973079912621312,2.6129748818992358
2003-08-18,1.3840273972602737,8.140393576126758,0.045579026612967866
2003-08-19,1.4120821917808215,7.9143275417045595,0.18359026651461807
2003-08-20,1.4147123287671228,8.228461718030514,0.7268259532023613
2003-08-21,1.4047945205479448,7.889133302154154,0.13607217729790033
2003-08-22,1.4019999999999997,7.4533911173982705,1.98460888260173
2003-08-23,1.4069041095890407,7.278654903840141,3.274440986570819
2003-08-24,1.4209589041095887,7.753854060847515,2.0151870350428966
2003-08-25,1.4131232876712325,7.775518971279549,1.5013577410492172
2003-08-26,1.391479452054794,7.320444155684187,1.7480763922610203
2003-08-27,1.3849041095890406,6.861314545568274,3.003781344842685
2003-08-28,1.3693698630136983,6.879403762287627,3.6812263746986744
2003-08-29,1.3472602739726023,6.47600298954439,0.40673673648300834
2003-08-30,1.3179452054794516,6.201467689228267,-0.5894128947077197
2003-08-31,1.2868767123287668,6.061980509741088,-5.468857222069855
2003-09-01,1.2572328767123284,6.24275887293041,-6.499991749642739
2003-09-02,1.2461369863013698,5.6700816688559454,-5.856218655157315
2003-09-03,1.2367397260273971,5.8623928736329045,-4.119132599660301
2003-09-04,1.222657534246575,5.695381282484327,-0.7680388167309014
2003-09-05,1.214739726027397,5.494617671665921,0.6406426023066816
2003-09-06,1.2125479452054793,5.281013878199114,-0.5635618234045934
2003-09-07,1.2015068493150682,5.586893049256367,-0.7583998985714349
2003-09-08,1.1783013698630134,6.073948195023842,-2.862249564886856
2003-09-09,1.1451780821917805,6.217741661831007,-3.3229197440227876
2003-09-10,1.108684931506849,5.98430997935823,-4.362994910865079
2003-09-11,1.0833150684931505,5.390670358704909,-4.68398542719806
2003-09-12,1.0835068493150681,4.631134004648008,-3.7246408539630758
2003-09-13,1.0923013698630135,4.917950302505401,-3.730251672368415
2003-09-14,1.1110958904109587,5.093451531869645,-1.7745474222806044
2003-09-15,1.1229589041095889,5.059232353787453,1.527808742102958
2003-09-16,1.1409589041095887,5.30114735203122,2.6178937438591925
2003-09-17,1.1678356164383559,5.471748686769539,4.290415696792104
2003-09-18,1.1856712328767118,5.39086494950224,4.943463817621049
2003-09-19,1.1963835616438352,5.345998072087418,5.327618366268747
2003-09-20,1.2091232876712326,4.331037762990123,6.079838949338644
2003-09-21,1.2194794520547942,4.213026523088471,4.677494024856733
2003-09-22,1.2069863013698625,4.014211630218784,1.9888020684113537
2003-09-23,1.1849589041095885,3.938477172895285,-0.7634360770048731
2003-09-24,1.1625479452054792,3.9207848652029775,-3.413332810408457
2003-09-25,1.1398356164383558,3.8721484057719975,0.9480159777896464
2003-09-26,1.1134246575342464,3.723670007457983,1.002905335007771
2003-09-27,1.0894246575342463,3.1143795262496936,1.5861958162160605
2003-09-28,1.0760273972602736,3.4609703235802174,-0.7969977208404906
2003-09-29,1.069671232876712,3.9452815283571745,-3.6849527612338866
2003-09-30,1.0678356164383558,3.9082692347147447,-1.2761048511531006
2003-10-01,1.0626027397260271,3.8416201303944075,-0.3342228701204344
2003-10-02,1.077780821917808,3.7382074152556646,2.9140117628265276
2003-10-03,1.1018630136986296,3.4934508293757913,1.864686156925579
2003-10-04,1.1222191780821915,2.7181947703663076,-1.3404139484484991
2003-10-05,1.1303013698630133,1.961820341142563,-7.7721217110055765
2003-10-06,1.1424109589041094,2.31159203064028,-7.31400298954439
2003-10-07,1.1683287671232874,2.551293470752679,-5.889622237875966
2003-10-08,1.174876712328767,3.110797510092335,-9.145674222421102
2003-10-09,1.1753972602739724,3.1437395543494477,-2.39913681462342
2003-10-10,1.1784657534246574,2.9772091714902973,0.9343250750850451
2003-10-11,1.180712328767123,2.783380579990473,2.345907091242404
2003-10-12,1.1762739726027394,2.857145947043512,2.3765800803537482
2003-10-13,1.1671780821917805,2.7451340046480075,-0.4123120868397878
2003-10-14,1.15,2.5351747492914916,-1.3651747492914916
2003-10-15,1.1390136986301367,2.297583600714042,-2.1965972993441785
2003-10-16,1.128712328767123,1.5673257854699252,-0.7260381142370482
2003-10-17,1.116876712328767,0.6918990204541192,-0.7487757327828862
2003-10-18,1.1159178082191779,0.5998140186978846,-1.5857318269170624
2003-10-19,1.1194246575342464,0.07143748199258068,0.7591378604731729
2003-10-20,1.1085753424657532,0.434118198536311,-1.6126935410020642
2003-10-21,1.1052876712328765,0.9325242399834485,-5.597811911216325
2003-10-22,1.1075616438356162,0.9541547282166764,-6.461716372052293
2003-10-23,1.116821917808219,1.0387174257930725,-7.955539343601291
2003-10-24,1.1189589041095886,1.0161645631306206,-12.18512346724021
2003-10-25,1.1075616438356162,0.7095365336258791,-11.927098177461495
2003-10-26,1.0952876712328763,0.8556067830111969,-10.110894454244074
2003-10-27,1.0937808219178078,1.5459798072472348,-8.739760629165042
2003-10-28,1.090630136986301,1.6977065371383482,-6.928336674124649
2003-10-29,1.0826575342465752,1.6723781212619873,-7.175035655508562
2003-10-30,1.0772054794520547,1.2832211138858016,-8.170426593337856
2003-10-31,1.0724931506849313,0.10286705698379968,-4.045360207668731
2003-11-01,1.0646575342465754,-0.5999956054679039,-2.4146619287786715
2003-11-02,1.0616712328767122,-0.9022604456505525,-2.7094107872261595
2003-11-03,1.046739726027397,-0.5789769893807946,-0.6977627366466024
2003-11-04,1.0303835616438355,-0.33294748463896096,-0.4974360770048746
2003-11-05,1.0003287671232874,-0.3139752331461618,4.583646466022874
2003-11-06,0.9639452054794518,-0.6598066346213988,3.775861429141947
2003-11-07,0.9274794520547943,-1.6624030519027482,-4.575076400152046
2003-11-08,0.9062465753424653,-1.9510739335325336,-3.3951726418099324
2003-11-09,0.8878630136986299,-2.8881269718184486,3.0002639581198185
2003-11-10,0.8714246575342461,-4.0193633610000425,4.847938703465797
2003-11-11,0.8629041095890408,-3.271392163248023,2.958488053658982
2003-11-12,0.8633150684931504,-2.9015333645125123,0.6482182960193619
2003-11-13,0.8732054794520545,-3.2643222651096324,-0.6388832143424219
2003-11-14,0.8805205479452051,-3.2585365257348515,-0.10198402221035341
2003-11-15,0.8821095890410955,-2.783034593876755,-1.16907499516434
2003-11-16,0.8843561643835612,-3.6141571790541347,1.5198010146705734
2003-11-17,0.8850136986301365,-4.008117839398357,0.5231041407682211
2003-11-18,0.8854794520547942,-4.270810498337591,5.355331046282797
2003-11-19,0.9072328767123283,-3.8082077586115646,6.750974881899236
2003-11-20,0.9350958904109585,-4.5146468172698,6.609550926858842
2003-11-21,0.9459452054794517,-4.422303297775596,5.026358092296144
2003-11-22,0.9249589041095886,-3.870726901569063,3.715767997459474
2003-11-23,0.9002465753424654,-4.790910252464743,4.190663677122277
2003-11-24,0.8863561643835615,-4.439180712598216,3.8028245482146548
2003-11-25,0.8802739726027394,-4.460228833427158,3.439954860824419
2003-11-26,0.8708767123287668,-4.114927814811072,2.3240511024823047
2003-11-27,0.8593698630136983,-4.292378464617886,0.42300860160418763
2003-11-28,0.8412602739726025,-4.150512640943843,-3.6707476330287605
2003-11-29,0.8239999999999997,-3.947609233848656,-2.0263907661513443
2003-11-30,0.8130136986301367,-4.23279925843594,0.4797855598058036
2003-12-01,0.7938630136986298,-4.137071826050973,0.1632088123523432
2003-12-02,0.7755616438356161,-4.800926409823366,2.5553647659877496
2003-12-03,0.7530684931506846,-5.359052156223084,4.4759836630724
2003-12-04,0.7255616438356162,-5.913653490961405,4.388091847125789
2003-12-05,0.7024931506849312,-5.665217242278582,5.342724091593651
2003-12-06,0.6812602739726026,-5.219905686254697,2.3786454122820944
2003-12-07,0.6614794520547944,-5.219241127069589,-1.2522383249852052
2003-12-08,0.6532876712328766,-5.187364765987748,0.9940770947548714
2003-12-09,0.6531506849315067,-5.240638387343562,1.1074877024120555
2003-12-10,0.6497534246575342,-5.291845974277177,-2.0479074503803583
2003-12-11,0.6453150684931506,-5.151193357487574,0.42587828899442304
2003-12-12,0.6326027397260273,-5.3989172774032745,2.896314537677247
2003-12-13,0.6093150684931505,-5.646160691523401,5.756845623030251
2003-12-14,0.5765205479452052,-6.152559005538153,1.9360384575929475
2003-12-15,0.5561095890410956,-6.533144885411704,-4.182964703629392
2003-12-16,0.5431506849315064,-6.692673512036221,-5.210477172895285
2003-12-17,0.5272054794520544,-6.35418246883285,0.7369769893807954
2003-12-18,0.5287397260273969,-5.93785791667268,-0.2808818093547174
2003-12-19,0.5269041095890408,-6.405264309366745,1.2883601997777046
2003-12-20,0.5118356164383558,-6.692153666584869,2.750318050146513
2003-12-21,0.4854246575342462,-6.653272739292981,0.5978480817587348
2003-12-22,0.45641095890410927,-5.980386192050272,-6.546024766853838
2003-12-23,0.4315068493150682,-5.777692830617183,-10.503814018697884
2003-12-24,0.4149863013698627,-5.485762377508649,-4.499223923861215
2003-12-25,0.3950684931506846,-4.766436771607699,1.8913682784570147
2003-12-26,0.3766027397260271,-4.468885665179881,3.382282925453854
2003-12-27,0.37052054794520517,-5.35002370522203,1.4095031572768253
2003-12-28,0.3766575342465751,-5.8695937789838855,-0.3470637552626892
2003-12-29,0.37441095890410925,-6.218338422468254,-1.3060725364358552
2003-12-30,0.361753424657534,-6.886126269324594,2.164372844667059
2003-12-31,0.3750410958904108,-7.221306458997936,-2.4237346368924753
2004-01-01,0.38342465753424665,-6.639114678176017,-0.7443099793582295
2004-01-02,0.38367123287671245,-7.187616961281041,-3.506054271595673
2004-01-03,0.3891232876712329,-7.054204246142298,-3.4549190415289335
2004-01-04,0.3992328767123287,-6.874877937747495,-2.844354938964834
2004-01-05,0.40506849315068494,-6.34970969046966,-2.255358802681024
2004-01-06,0.4058356164383562,-5.796353877333025,1.250518260894669
2004-01-07,0.4069041095890412,-6.567875479019009,3.570971369429968
2004-01-08,0.4042739726027398,-6.952945377157402,3.7486714045546625
2004-01-09,0.3855342465753424,-6.344883557698322,0.5693493111229797
2004-01-10,0.3635342465753424,-5.8177110954573665,-1.2758231511179767
2004-01-11,0.33564383561643824,-5.446057424926983,2.3604135893105447
2004-01-12,0.3051780821917808,-4.891534067006366,1.486355984814585
2004-01-13,0.27263013698630134,-4.98428643792312,2.4816563009368187
2004-01-14,0.25104109589041096,-5.72706199113703,0.41602089524661956
2004-01-15,0.24109589041095894,-5.9490205439996915,-4.8320753464112665
2004-01-16,0.24739726027397263,-6.536574460402923,-1.7708227998710502
2004-01-17,0.24698630136986305,-6.733023353975104,-0.5239629473947591
2004-01-18,0.23789041095890417,-7.031281169219221,-1.7066092417396836
2004-01-19,0.22613698630136994,-6.974241478316517,-2.611895507984852
2004-01-20,0.22071232876712332,-6.85518563005519,0.7544733012880664
2004-01-21,0.2194520547945206,-6.246212676068536,-3.5032393787259846
2004-01-22,0.2264657534246576,-6.688383382074859,-2.5780823713497973
2004-01-23,0.23967123287671238,-7.324531608277878,-1.6451396245988352
2004-01-24,0.23293150684931513,-7.4403398274559605,1.1874083206066457
2004-01-25,0.2218356164383563,-7.088863887870433,-4.562971728567923
2004-01-26,0.20739726027397276,-7.545687913160211,-3.8417093471137624
2004-01-27,0.20394520547945222,-7.297627498688838,-4.266317706790614
2004-01-28,0.20865753424657552,-7.335795394719748,-6.742862139526826
2004-01-29,0.21358904109589055,-7.293775724891859,-7.729813316204032
2004-01-30,0.2275890410958905,-6.831487702412056,-4.706101338683836
2004-01-31,0.23380821917808228,-6.521976638133868,-0.37183158104421477
2004-02-01,0.23635616438356177,-6.593745517656172,4.487389353272611
2004-02-02,0.23430136986301384,-6.734910954958596,6.300609585095582
2004-02-03,0.2220000000000001,-6.943091495878863,8.231091495878863
2004-02-04,0.2083835616438357,-6.357349311122979,8.808965749479142
2004-02-05,0.19224657534246586,-6.145156827807209,8.052910252464743
2004-02-06,0.17515068493150704,-7.438229535921012,8.423078850989505
2004-02-07,0.15989041095890433,-7.513642251059754,4.11375184010085
2004-02-08,0.14682191780821935,-7.509302244034816,-0.7875196737734038
2004-02-09,0.13178082191780838,-7.6464121843228385,-2.895368637594969
2004-02-10,0.12104109589041108,-7.4344395815831135,-0.2266015143072977
2004-02-11,0.10638356164383575,-7.514391109507243,1.0780075478634075
2004-02-12,0.08893150684931522,-7.884687561913284,1.9857560550639697
2004-02-13,0.07213698630137003,-7.442676322011634,4.400539335710263
2004-02-14,0.05605479452054814,-7.944499293560633,5.778444499040085
2004-02-15,0.044630136986301555,-7.9744669788433855,3.4298368418570844
2004-02-16,0.0386849315068495,-8.227892338871486,4.489207407364637
2004-02-17,0.03624657534246595,-7.812736033989153,3.596489458646687
2004-02-18,0.03479452054794538,-7.438166311474226,-1.5266282090737198
2004-02-19,0.03597260273972622,-6.508159989029547,-3.927812613710179
2004-02-20,0.026684931506849464,-6.458881450216762,-0.667803481290087
2004-02-21,0.004958904109589216,-6.808605370132464,3.093646466022875
2004-02-22,-0.011780821917808063,-7.457442040311599,6.759222862229407
2004-02-23,-0.01750684931506828,-7.011469437571872,-2.7010237131130594
2004-02-24,-0.027534246575342203,-6.687996307961758,-8.1044694454629
2004-02-25,-0.039150684931506544,-6.739202489907665,-2.351646825160829
2004-02-26,-0.0660273972602737,-6.268228833427159,-5.675743769312566
2004-02-27,-0.08339726027397243,-6.656306810244861,-8.320295929481166
2004-02-28,-0.08446575342465733,-7.091073933532533,-8.03446031304281
2004-02-29,-0.08380821917808197,-7.197087280915743,-7.759104499906175
2004-03-01,-0.06983561643835592,-6.783026866444371,-8.747137517117274
2004-03-02,-0.06142465753424634,-6.371295921590138,-6.2272794208756155
2004-03-03,-0.04238356164383543,-5.973124513089962,-2.4344919252662027
2004-03-04,-0.023726027397260097,-6.301552331846548,-0.4347216407561918
2004-03-05,-0.01339726027397245,-6.100935542243457,1.2943328025174292
2004-03-06,-0.005287671232876601,-6.587050048741524,-0.08766228002559906
2004-03-07,0.007424657534246655,-6.549626796194984,-2.5777978613392616
2004-03-08,0.017698630136986342,-5.825435015373067,-5.452263614763918
2004-03-09,0.030356164383561694,-5.2572614993913325,-6.8630946649922295
2004-03-10,0.046,-5.983395675717289,-5.31260432428271
2004-03-11,0.06799999999999999,-5.6011146781760175,-4.856885321823983
2004-03-12,0.08964383561643825,-5.379382328334079,-1.4602615072823593
2004-03-13,0.10931506849315059,-5.48494045970043,1.555625391207279
2004-03-14,0.11972602739726017,-5.247581134094529,3.0478551066972686
2004-03-15,0.12594520547945195,-4.2096563009368175,2.9537110954573658
2004-03-16,0.12309589041095882,-4.157675268270854,6.934579377859895
2004-03-17,0.10665753424657523,-4.757220052253995,9.18056251800742
2004-03-18,0.08183561643835605,-4.175884611439101,7.114048995000745
2004-03-19,0.06638356164383555,-4.427621176244159,4.801237614600323
2004-03-20,0.05734246575342461,-4.121782749830391,4.594440284076967
2004-03-21,0.0424383561643836,-4.871725847828283,4.559287491663899
2004-03-22,0.03410958904109597,-4.816027217691297,-2.038082371349799
2004-03-23,0.027561643835616524,-5.09124323455115,-3.8563184092844667
2004-03-24,0.02273972602739732,-5.183326128825824,-3.909413597201574
2004-03-25,0.03265753424657545,-5.528761323767869,-3.863896210478707
2004-03-26,0.011260273972602805,-4.983116785657577,-5.618143488315026
2004-03-27,-0.013287671232876656,-4.696721281618237,-3.9499910471488855
2004-03-28,-0.03449315068493145,-4.554541443191823,-0.38096540612324503
2004-03-29,-0.038547945205479404,-4.402521773363936,2.4410697185694152
2004-03-30,-0.030547945205479446,-4.0947479763846575,1.875295921590137
2004-03-31,-0.02756164383561642,-3.26172514533443,1.1692867891700462
2004-04-01,-0.024876712328767127,-3.033782749830391,2.078659462159158
2004-04-02,-0.03375342465753434,-3.121732872766815,2.815486297424349
2004-04-03,-0.038520547945205576,-3.5048828552044693,2.0634034031496746
2004-04-04,-0.030356164383561694,-3.3825512781057685,2.54290744248933
2004-04-05,0.004438356164383501,-3.7824444990400856,0.588006142875702
2004-04-06,0.03791780821917802,-4.325312781442614,-0.6126050267765644
2004-04-07,0.06126027397260273,-4.430534418253292,-4.150725855719311
2004-04-08,0.0918904109589041,-4.3496829957032395,-4.182207415255664
2004-04-09,0.10572602739726032,-3.8241065994967074,-2.7016194279005528
2004-04-10,0.11035616438356169,-3.699958373293686,-2.7403977910898756
2004-04-11,0.10334246575342464,-3.529810849584518,-2.7035316161689065
2004-04-12,0.0915342465753424,-3.295453982707103,-1.8260802638682399
2004-04-13,0.08832876712328759,-3.9501670139680796,-2.3181617531552074
2004-04-14,0.08263013698630126,-3.63545749517637,-0.21717264180993157
2004-04-15,0.07758904109589027,-3.0300827147056983,0.1424936736098079
2004-04-16,0.0670136986301368,-2.676071474804047,0.01905777617391058
2004-04-17,0.05115068493150663,-2.658051804976158,2.2769011200446516
2004-04-18,0.038958904109588785,-2.376564625488979,1.5476057213793901
2004-04-19,0.027972602739725867,-2.1774286929283893,-4.580543909811337
2004-04-20,0.030712328767123105,-1.7045006985483397,-1.8962116302187833
2004-04-21,0.05304109589041078,-1.60474165393998,2.2317005580495692
2004-04-22,0.07879452054794511,-1.3483911095072436,4.469596588959298
2004-04-23,0.10920547945205472,-0.970426936693756,3.0212214572417015
2004-04-24,0.15084931506849314,-0.5687809935957578,-0.8020683214727352
2004-04-25,0.198,-0.44575535257011695,-2.6022446474298833
2004-04-26,0.23293150684931518,-0.36008903715037677,0.06715753030106159
2004-04-27,0.25613698630136994,-0.10397944810928078,0.8278424618079108
2004-04-28,0.273095890410959,-0.08841780427366439,0.4653219138627054
2004-04-29,0.28709589041095895,-0.2501269718184484,0.6230310814074895
2004-04-30,0.30657534246575346,-0.2514750575226986,-0.13510028494305487
2004-05-01,0.3153150684931507,0.11849895020473389,-0.26381401869788457
2004-05-02,0.3270136986301369,-0.08670371927190826,-0.3403099793582287
2004-05-03,0.34402739726027387,-0.2317651874840614,-0.2922622097762124
2004-05-04,0.35887671232876706,0.1394501268819379,0.8316731607892951
2004-05-05,0.37635616438356156,-0.018806985868325486,-3.867549178515236
2004-05-06,0.37819178082191773,0.16499912582819712,-5.7731909066501155
2004-05-07,0.37197260273972593,0.8065144050695039,-6.2484870078092305
2004-05-08,0.3786301369863012,0.8789808609880143,-6.187610997974315
2004-05-09,0.37194520547945187,1.1716327752837643,-5.3335779807632155
2004-05-10,0.3433972602739725,1.6106717636926158,-3.7040690239665883
2004-05-11,0.3089589041095889,1.9133068181358892,-1.7422657222454783
2004-05-12,0.2795616438356163,2.3271382196111263,-2.0166998634467426
2004-05-13,0.26682191780821907,2.3469380088629705,-3.9837599266711896
2004-05-14,0.2760273972602738,2.079670709951836,-2.8956981072121097
2004-05-15,0.2630410958904108,1.521290660777266,-0.6743317566676768
2004-05-16,0.23950684931506835,0.8342860945672206,0.3862070561177111
2004-05-17,0.22797260273972586,0.4417557117080709,3.5702716855522034
2004-05-18,0.2244657534246573,0.5229106116026966,5.192623634972646
2004-05-19,0.21953424657534226,1.26421303520649,4.776252718218167
2004-05-20,0.21172602739725999,2.199844225933571,4.658429746669169
2004-05-21,0.18093150684931472,2.769824556105682,0.7792439370450035
2004-05-22,0.14446575342465717,2.902159645673648,-4.306625399098305
2004-05-23,0.12219178082191746,2.3225720095654645,-5.304763790387382
2004-05-24,0.11257534246575307,2.6180395192247548,-3.1806148616905077
2004-05-25,0.10421917808219144,3.3267370956209614,-0.5709562737031528
2004-05-26,0.09917808219178048,3.5091782617607574,-0.15835634395253795
2004-05-27,0.10178082191780788,3.7641561332043825,-1.18593695512219
2004-05-28,0.10539726027397237,3.4835597159230334,-2.8889569761970058
2004-05-29,0.11432876712328749,4.096879701873156,-1.981208468996444
2004-05-30,0.12054794520547932,3.719338430359282,0.8201136244352387
2004-05-31,0.11846575342465739,3.140810154981692,-0.9992759084063496
2004-06-01,0.11556164383561636,2.753534426144319,-1.2390960699799356
2004-06-02,0.10213698630136978,2.720678086137294,-1.5928150724386638
2004-06-03,0.09501369863013692,3.404964001135538,-3.519977699765675
2004-06-04,0.0864109589041095,4.208854412094443,-1.875265370998552
2004-06-05,0.07501369863013689,4.4431073098815865,-2.2281210085117236
2004-06-06,0.0770136986301369,4.101932037665219,-0.9789457362953558
2004-06-07,0.09021917808219171,4.352151918241264,2.6376289036765446
2004-06-08,0.09950684931506848,4.515270990949378,5.845222159735555
2004-06-09,0.1087945205479452,4.64739533236139,6.613810147090663
2004-06-10,0.12873972602739733,4.398231300046674,7.093028973925928
2004-06-11,0.13920547945205486,4.771327892951485,3.74946662759646
2004-06-12,0.14304109589041103,4.822098528708422,-0.6451396245988334
2004-06-13,0.1379178082191781,5.01027696214713,-4.758194770366308
2004-06-14,0.14219178082191788,5.386000179568977,-1.7681919603908947
2004-06-15,0.1622465753424658,5.604099231202276,0.16365419345525822
2004-06-16,0.18394520547945212,5.769240783713691,-1.5631859891931432
2004-06-17,0.18624657534246586,6.115490871525423,0.8082625531321117
2004-06-18,0.18495890410958918,6.618806642512426,0.056234453377985716
2004-06-19,0.16753424657534263,6.442742013077933,-1.7702762596532757
2004-06-20,0.15936986301369888,6.005523186242669,-5.424893049256367
2004-06-21,0.14843835616438383,6.105474011672947,-2.953912367837331
2004-06-22,0.1478356164383564,6.463422027127811,-1.4812576435661668
2004-06-23,0.16301369863013715,6.6153679351011165,0.1616183662687467
2004-06-24,0.18093150684931528,6.7376236428636735,-0.758555149712989
2004-06-25,0.18452054794520567,6.846494735241616,-2.1910152831868217
2004-06-26,0.17421917808219198,7.677430615115167,0.4083502068026412
2004-06-27,0.164219178082192,7.638049793197358,3.8577310287204503
2004-06-28,0.15512328767123307,7.216994998676809,2.767881713651959
2004-06-29,0.14920547945205503,7.726461437032974,-0.5656669164850294
2004-06-30,0.1275890410958907,7.816629930183659,2.79578102872045
2004-07-01,0.13156164383561675,7.758190889087769,-0.1897525329233849
2004-07-02,0.14315068493150715,7.849064176759002,-3.4622148616905095
2004-07-03,0.1589589041095893,7.624521711005577,-3.0434806151151657
2004-07-04,0.17328767123287697,7.535721711005578,0.19099061776154613
2004-07-05,0.17323287671232906,7.660425820594618,1.1363413026930527
2004-07-06,0.18627397260274,7.659828560320647,0.34389746707661306
2004-07-07,0.1896438356164386,7.68018212547695,1.3301740389066108
2004-07-08,0.1867123287671236,7.488536884872805,0.4947507863600711
2004-07-09,0.19386301369863043,7.555372852558088,-4.519235866256719
2004-07-10,0.20961643835616464,7.205849143390544,-5.255465581746709
2004-07-11,0.22479452054794546,7.305116442301679,-6.529910962849624
2004-07-12,0.23408219178082224,7.330495437735468,-6.5245776295162905
2004-07-13,0.23452054794520577,7.646339484100062,-6.620860032045267
2004-07-14,0.22934246575342498,7.703801373808528,-3.7231438395619527
2004-07-15,0.22534246575342493,8.03939533236139,-0.04473779811481471
2004-07-16,0.2389315068493153,8.195239378725985,2.6558291144246997
2004-07-17,0.2525753424657537,8.524629614061425,1.242795043472821
2004-07-18,0.2656712328767127,8.249456449326617,1.65487231779667
2004-07-19,0.2774794520547949,8.07071672329922,1.5018038246459842
2004-07-20,0.2837534246575346,8.549601865554225,0.93664470978824
2004-07-21,0.27005479452054826,8.76107921012746,2.5488659953519903
2004-07-22,0.2827945205479455,8.624287499554926,4.8029179798971295
2004-07-23,0.29287671232876733,8.375106607387734,4.502016680283498
2004-07-24,0.2887671232876714,8.768581141985555,-1.417348265273227
2004-07-25,0.2750684931506851,8.909926417714393,-0.9849949108650788
2004-07-26,0.26506849315068504,8.911056027830305,-3.326124520980991
2004-07-27,0.24769863013698637,8.542165265624476,-4.039863895761463
2004-07-28,0.2273698630136986,8.147170534328373,-0.6645403973420709
2004-07-29,0.218054794520548,8.681203551539472,1.410741653939981
2004-07-30,0.21104109589041092,8.519180369242317,2.219778534867272
2004-07-31,0.1968767123287672,7.949296983221945,3.7338263044492876
2004-08-01,0.1798082191780823,8.453571658318538,3.8466201225033814
2004-08-02,0.1533972602739727,9.16424113496062,3.6923616047654075
2004-08-03,0.12608219178082208,8.66974657928798,2.3441712289311987
2004-08-04,0.09241095890410979,8.564114686067047,2.1134743550288437
2004-08-05,0.06090410958904128,8.37739533236139,1.6217005580495698
2004-08-06,0.04060273972602758,8.975322975494512,0.46407428477946056
2004-08-07,0.016273972602739953,8.932508785118678,0.9412172422785829
2004-08-08,-0.005123287671232699,8.89066614374179,1.7844571439294423
2004-08-09,-0.01172602739726018,8.38539743984295,2.0763285875543094
2004-08-10,-0.008876712328767064,8.317084127584431,3.3417925847443364
2004-08-11,-0.01128767123287665,8.196149810759705,2.4051378604731717
2004-08-12,-0.012547945205479407,8.677133302154154,1.545414643051327
2004-08-13,-0.00676712328767121,7.893801373808529,-1.607034250520857
2004-08-14,-0.0030136986301369864,7.751190906650114,-3.2281772080199778
2004-08-15,-0.022986301369863075,7.766952761233887,-0.013966459864024117
2004-08-16,-0.04632876712328772,7.973079912621312,1.8432488545019758
2004-08-17,-0.07471232876712333,8.140393576126758,0.6143187526403651
2004-08-18,-0.10468493150684935,7.9143275417045595,1.17035738980229
2004-08-19,-0.11627397260273975,8.228461718030514,2.6878122545722256
2004-08-20,-0.1197534246575343,7.889133302154154,-1.72937987749662
2004-08-21,-0.1325479452054795,7.4533911173982705,-4.410843172192791
2004-08-22,-0.159068493150685,7.278654903840141,-1.269586410689456
2004-08-23,-0.1969041095890411,7.753854060847515,1.5430500487415264
2004-08-24,-0.212054794520548,7.775518971279549,-0.5334641767590007
2004-08-25,-0.21531506849315069,7.320444155684187,-0.8851290871910358
2004-08-26,-0.22791780821917815,6.861314545568274,-5.193396737349096
2004-08-27,-0.23112328767123294,6.879403762287627,-1.058280474616394
2004-08-28,-0.2304109589041096,6.47600298954439,1.594407969359719
2004-08-29,-0.23389041095890412,6.201467689228267,1.2024227217306365
2004-08-30,-0.24638356164383565,6.061980509741088,1.164403051902748
2004-08-31,-0.24383561643835622,6.24275887293041,-1.9289232564920535
2004-09-01,-0.2467123287671233,5.6700816688559454,2.586630659911177
2004-09-02,-0.25868493150684935,5.8623928736329045,4.186292057873944
2004-09-03,-0.27539726027397265,5.695381282484327,4.500015977789646
2004-09-04,-0.30052054794520555,5.494617671665921,5.115902876279286
2004-09-05,-0.32435616438356174,5.281013878199114,5.613342286184449
2004-09-06,-0.34580821917808235,5.586893049256367,4.538915169921714
2004-09-07,-0.34849315068493164,6.073948195023842,3.28454495566109
2004-09-08,-0.3430958904109591,6.217741661831007,3.875354228579952
2004-09-09,-0.33786301369863037,5.98430997935823,5.1135530343404
2004-09-10,-0.32821917808219203,5.390670358704909,4.627548819377282
2004-09-11,-0.33136986301369886,4.631134004648008,4.870235858365691
2004-09-12,-0.3456164383561647,4.917950302505401,1.507666135850763
2004-09-13,-0.3543561643835619,5.093451531869645,1.960904632513917
2004-09-14,-0.3567123287671235,5.059232353787453,1.9674799749796703
2004-09-15,-0.3628493150684932,5.30114735203122,-1.8782980369627262
2004-09-16,-0.3733424657534248,5.471748686769539,-3.228406221016114
2004-09-17,-0.3761369863013698,5.39086494950224,0.86527203679913
2004-09-18,-0.3714520547945206,5.345998072087418,3.5954539827071033
2004-09-19,-0.369013698630137,4.331037762990123,2.2179759356400135
2004-09-20,-0.3609589041095891,4.213026523088471,3.217932381021118
2004-09-21,-0.33712328767123306,4.014211630218784,1.1429116574524487
2004-09-22,-0.3101095890410961,3.938477172895285,-1.0283675838541888
2004-09-23,-0.28490410958904133,3.9207848652029775,1.6541192443860635
2004-09-24,-0.25953424657534274,3.8721484057719975,-5.462614159196654
2004-09-25,-0.23178082191780874,3.723670007457983,-6.611889185540175
2004-09-26,-0.21194520547945256,3.1143795262496936,-4.852434320770241
2004-09-27,-0.20084931506849368,3.4609703235802174,-1.0001210085117238
2004-09-28,-0.19660273972602788,3.9452815283571745,0.501321211368853
2004-09-29,-0.19665753424657578,3.9082692347147447,1.0783882995318312
2004-09-30,-0.19654794520547977,3.8416201303944075,1.9049278148110722
2004-10-01,-0.19747945205479492,3.7382074152556646,0.9492720367991305
2004-10-02,-0.20484931506849352,3.4934508293757913,1.4313984856927018
2004-10-03,-0.20923287671232912,2.7181947703663076,2.9710381063460223
2004-10-04,-0.21421917808219218,1.961820341142563,6.2723988369396295
2004-10-05,-0.21142465753424697,2.31159203064028,6.2598326268939655
2004-10-06,-0.19934246575342507,2.551293470752679,3.9980489950007456
2004-10-07,-0.17994520547945242,3.110797510092335,3.3891476953871176
2004-10-08,-0.16736986301369902,3.1437395543494477,3.9936303086642506
2004-10-09,-0.17093150684931543,2.9772091714902973,3.9737223353590188
2004-10-10,-0.17789041095890457,2.783380579990473,1.1445098309684316
2004-10-11,-0.17410958904109639,2.857145947043512,-0.5830363580024156
2004-10-12,-0.1629315068493155,2.7451340046480075,-0.2522024977986921
2004-10-13,-0.15065753424657582,2.5351747492914916,-2.1445172150449157
2004-10-14,-0.1437534246575347,2.297583600714042,-2.7538301760565074
2004-10-15,-0.1380821917808224,1.5673257854699252,-3.3192435936891025
2004-10-16,-0.13816438356164432,0.6918990204541192,-5.283734636892476
2004-10-17,-0.14950684931506897,0.5998140186978846,-4.770307169382816
2004-10-18,-0.15208219178082238,0.07143748199258068,-1.9793552902117584
2004-10-19,-0.14194520547945247,0.434118198536311,0.6378270069431415
2004-10-20,-0.14654794520547998,0.9325242399834485,3.8040237052220314
2004-10-21,-0.1621917808219183,0.9541547282166764,4.208037052605242
2004-10-22,-0.1777534246575347,1.0387174257930725,4.439035998864462
2004-10-23,-0.18838356164383613,1.0161645631306206,4.3222189985132164
2004-10-24,-0.18734246575342517,0.7095365336258791,6.5778059321275455
2004-10-25,-0.1835616438356169,0.8556067830111969,3.9179548608244197
2004-10-26,-0.18350684931506894,1.5459798072472348,1.0075270420678342
2004-10-27,-0.18189041095890457,1.6977065371383482,0.534183873820556
2004-10-28,-0.1749589041095894,1.6723781212619873,-0.807419217152398
2004-10-29,-0.16249315068493186,1.2832211138858016,0.17927203679913029
2004-10-30,-0.14421917808219215,0.10286705698379968,0.3613521210983925
2004-10-31,-0.12400000000000032,-0.5999956054679039,3.043995605467904
2004-11-01,-0.10263013698630166,-0.9022604456505525,4.664890582636854
2004-11-02,-0.0906849315068496,-0.5789769893807946,5.859661920887644
2004-11-03,-0.09361643835616466,-0.33294748463896096,7.0065639229951255
2004-11-04,-0.08980821917808245,-0.3139752331461618,6.343783452324245
2004-11-05,-0.0818356164383564,-0.6598066346213988,2.5516422510597554
2004-11-06,-0.07298630136986323,-1.6624030519027482,-1.1446106467273887
2004-11-07,-0.07142465753424683,-1.9510739335325336,-4.857501408933219
2004-11-08,-0.06964383561643864,-2.8881269718184486,-6.462229192565112
2004-11-09,-0.07098630136986331,-4.0193633610000425,-6.779650337630093
2004-11-10,-0.07715068493150723,-3.271392163248023,-6.831457151820469
2004-11-11,-0.07638356164383592,-2.9015333645125123,-3.0620830738436515
2004-11-12,-0.06816438356164417,-3.2643222651096324,3.6624866486712766
2004-11-13,-0.06232876712328804,-3.2585365257348515,-3.89913470714186
2004-11-14,-0.06082191780821956,-2.783034593876755,-8.816143488315026
2004-11-15,-0.06482191780821955,-3.6141571790541347,-1.7410209031376453
2004-11-16,-0.07556164383561675,-4.008117839398357,0.20367948323397433
2004-11-17,-0.095287671232877,-4.270810498337591,4.536098169570468
2004-11-18,-0.10895890410958933,-3.8082077586115646,4.917166662721154
2004-11-19,-0.11035616438356201,-4.5146468172698,-3.5849970183466384
2004-11-20,-0.10260273972602771,-4.422303297775596,-7.235093962498377
2004-11-21,-0.08660273972602765,-3.870726901569063,-3.4026703587049094
2004-11-22,-0.07909589041095916,-4.790910252464743,1.660006142875702
2004-11-23,-0.07030136986301391,-4.439180712598216,1.7094820824612302
2004-11-24,-0.05786301369863036,-4.460228833427158,2.5380918471257887
2004-11-25,-0.03884931506849337,-4.114927814811072,4.183777129879565
2004-11-26,-0.016054794520548088,-4.292378464617886,2.618433259138434
2004-11-27,0.011753424657534095,-4.150512640943843,0.4187592162863085
2004-11-28,0.037095890410958725,-3.947609233848656,1.0305133434376974
2004-11-29,0.042958904109588775,-4.23279925843594,0.4898403543263514
2004-11-30,0.04558904109589015,-4.137071826050973,-0.148517215044917
2004-12-01,0.05326027397260246,-4.800926409823366,-1.6223338641492369
2004-12-02,0.06893150684931479,-5.359052156223084,2.56012064937377
2004-12-03,0.092684931506849,-5.913653490961405,1.8809685594545558
2004-12-04,0.1005205479452051,-5.665217242278582,1.7846966943333773
2004-12-05,0.10243835616438329,-5.219905686254697,3.687467330090314
2004-12-06,0.10010958904109565,-5.219241127069589,4.129131538028493
2004-12-07,0.08254794520547923,-5.187364765987748,4.954816820782269
2004-12-08,0.05145205479452025,-5.240638387343562,5.099186332549042
2004-12-09,0.015698630136986,-5.291845974277177,5.866147344140191
2004-12-10,-0.015589041095890738,-5.151193357487574,4.906782398583465
2004-12-11,-0.030328767123288046,-5.3989172774032745,4.959246044526562
2004-12-12,-0.029616438356164773,-5.646160691523401,4.525777129879566
2004-12-13,-0.016109589041096377,-6.152559005538153,4.08866859457925
2004-12-14,-0.013643835616438858,-6.533144885411704,3.706788721028143
2004-12-15,-0.01271232876712381,-6.692673512036221,3.2653858408033445
2004-12-16,-0.004273972602740183,-6.35418246883285,2.1084564414355897
2004-12-17,0.0006027397260269449,-5.93785791667268,-0.22274482305334686
2004-12-18,0.010164383561643427,-6.405264309366745,-4.554900074194898
2004-12-19,0.02967123287671191,-6.692153666584869,0.25248243370815704
2004-12-20,0.06098630136986262,-6.653272739292981,-2.9677135620768818
2004-12-21,0.08643835616438321,-5.980386192050272,-6.39605216411411
2004-12-22,0.10775342465753387,-5.777692830617183,-4.640060594040352
2004-12-23,0.12249315068493122,-5.485762377508649,2.3332692268237176
2004-12-24,0.1425479452054792,-4.766436771607699,3.45388882640222
2004-12-25,0.15630136986301346,-4.468885665179881,-0.1574157046831317
2004-12-26,0.166794520547945,-5.35002370522203,-2.036770815325914
2004-12-27,0.17227397260273955,-5.8695937789838855,-3.462680193618855
2004-12-28,0.18389041095890396,-6.218338422468254,-3.2755519884906503
2004-12-29,0.19413698630136966,-6.886126269324594,-5.558010716976776
2004-12-30,0.18673972602739727,-7.221306458997936,-0.7854332670294619
2004-12-31,0.17520547945205478,-6.639114678176017,3.6939091987239623
2005-01-01,0.17693150684931497,-7.187616961281041,2.4706854544317256
2005-01-02,0.1918082191780821,-7.054204246142298,1.9723960269642165
2005-01-03,0.19536986301369852,-6.874877937747495,-2.6604919252662036
2005-01-04,0.17591780821917796,-6.34970969046966,2.733791882250482
2005-01-05,0.1646301369863012,-5.796353877333025,2.7217237403467234
2005-01-06,0.14504109589041092,-6.567875479019009,2.762834383128598
2005-01-07,0.12783561643835611,-6.952945377157402,6.635109760719046
2005-01-08,0.12684931506849306,-6.344883557698322,6.578034242629829
2005-01-09,0.13235616438356157,-5.8177110954573665,4.4953549310738055
2005-01-10,0.14315068493150673,-5.446057424926983,5.942906739995476
2005-01-11,0.15753424657534237,-4.891534067006366,1.7939998204310235
2005-01-12,0.1786849315068492,-4.98428643792312,0.6856015064162708
2005-01-13,0.19534246575342457,-5.72706199113703,-0.9882804746163938
2005-01-14,0.2074794520547944,-5.9490205439996915,0.16154109194489674
2005-01-15,0.2107671232876711,-6.536574460402923,3.2458073371152514
2005-01-16,0.2203013698630136,-6.733023353975104,4.28272198411209
2005-01-17,0.2226575342465754,-7.031281169219221,2.6186236349726446
2005-01-18,0.21380821917808224,-6.974241478316517,-0.3095667408615652
2005-01-19,0.20884931506849322,-6.85518563005519,-4.233663685013304
2005-01-20,0.19457534246575353,-6.246212676068536,1.1716373336027823
2005-01-21,0.17375342465753435,-6.688383382074859,1.154629957417324
2005-01-22,0.1538356164383563,-7.324531608277878,-3.0593040081604794
2005-01-23,0.1548767123287672,-7.4403398274559605,-3.7345368848728056
2005-01-24,0.16057534246575356,-7.088863887870433,-8.15171145459532
2005-01-25,0.17520547945205495,-7.545687913160211,-10.149517566291841
2005-01-26,0.19706849315068511,-7.297627498688838,-11.679440994461848
2005-01-27,0.21523287671232888,-7.335795394719748,-10.14943748199258
2005-01-28,0.22227397260273984,-7.293775724891859,-10.298498247710882
2005-01-29,0.21556164383561655,-6.831487702412056,-9.864073941423563
2005-01-30,0.19849315068493156,-6.521976638133868,-6.566516512551065
2005-01-31,0.18504109589041107,-6.593745517656172,-5.101295578234238
2005-02-01,0.16638356164383572,-6.734910954958596,-3.601472606685239
2005-02-02,0.14764383561643846,-6.943091495878863,-3.984552339737575
2005-02-03,0.12758904109589053,-6.357349311122979,-2.6102397299729105
2005-02-04,0.11693150684931516,-6.145156827807209,0.7182253209578935
2005-02-05,0.10671232876712344,-7.438229535921012,-0.3884827928461112
2005-02-06,0.08334246575342491,-7.513642251059754,-3.6197002146936716
2005-02-07,0.05824657534246595,-7.509302244034816,-3.10894433130765
2005-02-08,0.04471232876712339,-7.6464121843228385,-1.768300144444285
2005-02-09,0.033561643835616564,-7.4344395815831135,-1.019122062252503
2005-02-10,0.02386301369863025,-7.514391109507243,0.7005280958086129
2005-02-11,0.015589041095890533,-7.884687561913284,4.169098520817394
2005-02-12,0.014027397260274136,-7.442676322011634,5.828648924751359
2005-02-13,0.013479452054794668,-7.944499293560633,-1.468980158494161
2005-02-14,-0.007123287671232777,-7.9744669788433855,-5.0384097334853815
2005-02-15,-0.022438356164383458,-8.227892338871486,-5.809669304964132
2005-02-16,-0.020493150684931342,-7.812736033989153,-7.286770815325915
2005-02-17,-0.019369863013698474,-7.438166311474226,-5.702463825512075
2005-02-18,-0.026602739726027204,-6.508159989029547,-5.135237271244426
2005-02-19,-0.02999999999999983,-6.458881450216762,-5.281118549783238
2005-02-20,-0.026684931506849162,-6.808605370132464,-6.5547096983606865
2005-02-21,-0.02849315068493135,-7.457442040311599,-7.0340648090034685
2005-02-22,-0.040109589041095725,-7.011469437571872,-8.208420973387032
2005-02-23,-0.04060273972602726,-6.687996307961758,-9.281400952312215
2005-02-24,-0.03621917808219165,-6.739202489907665,-6.9545783320101435
2005-02-25,-0.020931506849314937,-6.268228833427159,-6.890839659723525
2005-02-26,-0.015863013698629986,-6.656306810244861,-8.12783017605651
2005-02-27,-0.020273972602739634,-7.091073933532533,-9.368652093864727
2005-02-28,-0.014520547945205388,-7.197087280915743,-12.388392171139053
2005-03-01,-0.004712328767123235,-6.783026866444371,-7.882260804788506
2005-03-02,0.016438356164383584,-6.371295921590138,-7.355142434574247
2005-03-03,0.02482191780821924,-5.973124513089962,-6.871697404718258
2005-03-04,0.028328767123287753,-6.301552331846548,-6.5867764352767395
2005-03-05,0.03128767123287681,-6.100935542243457,-7.920352128989419
2005-03-06,0.029424657534246525,-6.587050048741524,-8.822374608792723
2005-03-07,0.023643835616438343,-6.549626796194984,-10.424017039421456
2005-03-08,0.014301369863013749,-5.825435015373067,-6.428866354489948
2005-03-09,0.008136986301370008,-5.2572614993913325,-4.870875486910037
2005-03-10,0.0025479452054795668,-5.983395675717289,-3.359152269488191
2005-03-11,-0.008465753424657389,-5.6011146781760175,-1.2604195683993256
2005-03-12,-0.016027397260273822,-5.379382328334079,-2.504590274405648
2005-03-13,-0.026904109589040978,-5.48494045970043,-3.50815543071053
2005-03-14,-0.0321369863013698,-5.247581134094529,0.009718120395898922
2005-03-15,-0.03424657534246568,-4.2096563009368175,2.253902876279283
2005-03-16,-0.03342465753424655,-4.157675268270854,4.851099925805101
2005-03-17,-0.019232876712328775,-4.757220052253995,5.4764529289663235
2005-03-18,-0.004328767123287752,-4.175884611439101,6.180213378562389
2005-03-19,-0.021780821917808238,-4.427621176244159,6.599401998161968
2005-03-20,-0.04654794520547952,-4.121782749830391,5.588330695035871
2005-03-21,-0.05676712328767128,-4.871725847828283,7.598492971115954
2005-03-22,-0.07060273972602746,-4.816027217691297,6.766629957417324
2005-03-23,-0.07630136986301377,-5.09124323455115,6.107544604414163
2005-03-24,-0.06876712328767125,-5.183326128825824,5.382093252113495
2005-03-25,-0.06736986301369867,-5.528761323767869,5.496131186781567
2005-03-26,-0.045917808219178,-4.983116785657577,4.569034593876755
2005-03-27,-0.02224657534246571,-4.696721281618237,3.298967856960703
2005-03-28,-0.0007123287671232242,-4.554541443191823,3.635253771958946
2005-03-29,0.009780821917808304,-4.402521773363936,3.9427409514461274
2005-03-30,0.013643835616438454,-4.0947479763846575,1.8111041407682191
2005-03-31,0.00663013698630144,-3.26172514533443,1.1750950083481286
2005-04-01,-0.008794520547945158,-3.033782749830391,1.7225772703783362
2005-04-02,-0.0073698630136986,-3.121732872766815,0.09910273578051365
2005-04-03,-0.026849315068493175,-3.5048828552044693,0.4517321702729622
2005-04-04,-0.04704109589041103,-3.3825512781057685,0.7395923739961794
2005-04-05,-0.06813698630136986,-3.7824444990400856,1.6805814853414556
2005-04-06,-0.08663013698630137,-4.325312781442614,3.9219429184289156
2005-04-07,-0.09383561643835621,-4.430534418253292,3.0843700346916485
2005-04-08,-0.1046301369863014,-4.3496829957032395,0.6043131326895406
2005-04-09,-0.11391780821917816,-3.8241065994967074,-3.781975592284114
2005-04-10,-0.11958904109589047,-3.699958373293686,-5.050452585610422
2005-04-11,-0.11613698630136997,-3.529810849584518,-1.1040521641141114
2005-04-12,-0.11783561643835627,-3.295453982707103,2.463289599145459
2005-04-13,-0.12019178082191798,-3.9501670139680796,2.370358794789998
2005-04-14,-0.11194520547945228,-3.63545749517637,2.4974027006558224
2005-04-15,-0.09654794520547964,-3.0300827147056983,2.386630659911178
2005-04-16,-0.07032876712328784,-2.676071474804047,0.1264002419273349
2005-04-17,-0.04161643835616452,-2.658051804976158,-1.7703317566676775
2005-04-18,-0.014410958904109733,-2.376564625488979,0.6609755843930887
2005-04-19,0.004712328767123117,-2.1774286929283893,-0.8572836358387335
2005-04-20,0.014493150684931372,-1.7045006985483397,-3.5599924521365915
2005-04-21,0.014465753424657404,-1.60474165393998,-3.4397240994846774
2005-04-22,0.008739726027397185,-1.3483911095072436,-1.1403486165201535
2005-04-23,0.0025753424657533226,-0.970426936693756,-0.7521484057719973
2005-04-24,-0.004438356164383598,-0.5687809935957578,-0.26678065023985853
2005-04-25,-0.014410958904109669,-0.44575535257011695,-1.0098336885257733
2005-04-26,-0.01372602739726033,-0.36008903715037677,0.3338150645476371
2005-04-27,-0.0018356164383562246,-0.10397944810928078,1.675815064547637
2005-04-28,0.01657534246575331,-0.08841780427366439,3.2518424618079114
2005-04-29,0.038438356164383486,-0.2501269718184484,5.421688615654065
2005-04-30,0.05569863013698619,-0.2514750575226986,6.785776427385712
2005-05-01,0.07452054794520538,0.11849895020473389,7.35698050185006
2005-05-02,0.08775342465753411,-0.08670371927190826,7.698950294614375
2005-05-03,0.08608219178082173,-0.2317651874840614,4.325682995703239
2005-05-04,0.08367123287671209,0.1394501268819379,0.03687864024135004
2005-05-05,0.08235616438356146,-0.018806985868325486,-2.183549178515236
2005-05-06,0.07328767123287665,0.16499912582819712,-2.5582867970610734
2005-05-07,0.06482191780821905,0.8065144050695039,-2.711336322877723
2005-05-08,0.07356164383561634,0.8789808609880143,-5.312542504823631
2005-05-09,0.09701369863013692,1.1716327752837643,-4.408646473913901
2005-05-10,0.129945205479452,1.6106717636926158,-3.980616969172068
2005-05-11,0.16372602739726028,1.9133068181358892,-3.8470328455331497
2005-05-12,0.19002739726027404,2.3271382196111263,-1.6471656168714004
2005-05-13,0.21216438356164385,2.3469380088629705,-0.9291023924246145
2005-05-14,0.21098630136986307,2.079670709951836,-0.7006570113216992
2005-05-15,0.2342739726027398,1.521290660777266,-0.09556463338000598
2005-05-16,0.2688493150684932,0.8342860945672206,-1.1031354096357138
2005-05-17,0.28449315068493153,0.4417557117080709,-0.4062488623930024
2005-05-18,0.28912328767123285,0.5229106116026966,-2.0720338992739293
2005-05-19,0.26421917808219175,1.26421303520649,-0.2584322132886818
2005-05-20,0.23054794520547944,2.199844225933571,4.129607828860949
2005-05-21,0.22276712328767123,2.769824556105682,3.567408320606647
2005-05-22,0.2356438356164383,2.902159645673648,1.4421965187099142
2005-05-23,0.23695890410958897,2.3225720095654645,-2.6795309136750536
2005-05-24,0.21575342465753417,2.6180395192247548,-0.0737929438822893
2005-05-25,0.18890410958904102,3.3267370956209614,3.884358794789998
2005-05-26,0.1624657534246575,3.5091782617607574,6.718355984814586
2005-05-27,0.1303561643835616,3.7641561332043825,7.105487702412056
2005-05-28,0.10375342465753416,3.4835597159230334,7.262686859419433
2005-05-29,0.07920547945205476,4.096879701873156,7.303914818674789
2005-05-30,0.05550684931506844,3.719338430359282,3.0251547203256495
2005-05-31,0.04120547945205476,3.140810154981692,0.03798436556625351
2005-06-01,0.026273972602739695,2.753534426144319,1.6501916012529412
2005-06-02,0.0211780821917808,2.720678086137294,4.208143831670926
2005-06-03,0.008630136986301329,3.404964001135538,5.236405861878161
2005-06-04,0.0034246575342465266,4.208854412094443,1.067720930371311
2005-06-05,0.00046575342465752373,4.4431073098815865,-1.4535730633062438
2005-06-06,-0.015041095890410972,4.101932037665219,-1.7368909417748082
2005-06-07,-0.036849315068493094,4.352151918241264,-3.6453026031727704
2005-06-08,-0.06257534246575333,4.515270990949378,-5.342695648483624
2005-06-09,-0.09065753424657527,4.64739533236139,-6.236737798114815
2005-06-10,-0.11838356164383552,4.398231300046674,-4.079847738402838
2005-06-11,-0.1333972602739725,4.771327892951485,-1.3579306326775122
2005-06-12,-0.14356164383561634,4.822098528708422,-0.09853688487280632
2005-06-13,-0.14402739726027391,5.01027696214713,0.45375043511314406
2005-06-14,-0.1481917808219178,5.386000179568977,-0.5778083987470586
2005-06-15,-0.15769863013698632,5.604099231202276,0.8235993989347099
2005-06-16,-0.1685479452054795,5.769240783713691,1.869307161491788
2005-06-17,-0.1708493150684932,6.115490871525423,2.9453584435430704
2005-06-18,-0.18682191780821922,6.618806642512426,3.918015275295793
2005-06-19,-0.19764383561643833,6.442742013077933,5.714901822538505
2005-06-20,-0.20671232876712328,6.005523186242669,6.371189142524455
2005-06-21,-0.20079452054794517,6.105474011672947,6.685320508874997
2005-06-22,-0.1820821917808218,6.463422027127811,6.628660164653011
2005-06-23,-0.16912328767123277,6.6153679351011165,5.873755352570117
2005-06-24,-0.17106849315068484,6.7376236428636735,6.913444850287012
2005-06-25,-0.17405479452054778,6.846494735241616,3.1875600592789306
2005-06-26,-0.18304109589041073,7.677430615115167,4.595610480775244
2005-06-27,-0.19720547945205463,7.638049793197358,6.219155686254697
2005-06-28,-0.2129315068493149,7.216994998676809,7.375936508172507
2005-06-29,-0.23726027397260258,7.726461437032974,3.560798836939629
2005-06-30,-0.2555616438356163,7.816629930183659,0.4789317136519564
2005-07-01,-0.27605479452054793,7.758190889087769,-3.9921360945672206
2005-07-02,-0.2804657534246575,7.849064176759002,-2.408598423334345
2005-07-03,-0.29076712328767124,7.624521711005577,2.8362454122820937
2005-07-04,-0.30386301369863006,7.535721711005578,1.9681413026930512
2005-07-05,-0.30810958904109587,7.660425820594618,-5.482316231553522
2005-07-06,-0.32742465753424654,7.659828560320647,-3.2624039027864002
2005-07-07,-0.34846575342465747,7.68018212547695,-5.281716372052292
2005-07-08,-0.36323287671232873,7.488536884872805,-5.235304008160476
2005-07-09,-0.3838082191780821,7.555372852558088,-4.301564633380006
2005-07-10,-0.4043013698630137,7.205849143390544,-2.6315477735275303
2005-07-11,-0.4232054794520548,7.305116442301679,-1.9419109628496232
2005-07-12,-0.44630136986301366,7.330495437735468,-0.5941940678724542
2005-07-13,-0.455890410958904,7.646339484100062,1.7895509268588432
2005-07-14,-0.46301369863013697,7.703801373808528,3.0492123248216085
2005-07-15,-0.4645479452054794,8.03939533236139,5.075152612844089
2005-07-16,-0.46482191780821913,8.195239378725985,4.559582539082234
2005-07-17,-0.4824657534246575,8.524629614061425,5.457836139363232
2005-07-18,-0.5076438356164382,8.249456449326617,3.2881873862898203
2005-07-19,-0.5191780821917806,8.07071672329922,-0.9315386411074398
2005-07-20,-0.5166849315068491,8.549601865554225,-0.07291693404737565
2005-07-21,-0.49947945205479427,8.76107921012746,-1.8915997580726662
2005-07-22,-0.4898082191780819,8.624287499554926,-2.024479280376844
2005-07-23,-0.4922465753424655,8.375106607387734,-1.9828600320452674
2005-07-24,-0.4912328767123285,8.768581141985555,-0.25734826527322774
2005-07-25,-0.48605479452054773,8.909926417714393,1.8561283768061543
2005-07-26,-0.4603835616438354,8.911056027830305,2.7393275338135297
2005-07-27,-0.4347123287671231,8.542165265624476,4.6225470631426475
2005-07-28,-0.42369863013698605,8.147170534328373,6.616528095808613
2005-07-29,-0.4061917808219176,8.681203551539472,4.604988229282446
2005-07-30,-0.37443835616438337,8.519180369242317,0.3552579869220658
2005-07-31,-0.3383561643835614,7.949296983221945,-1.9609408188383837
2005-08-01,-0.30999999999999983,8.453571658318538,-0.5735716583185377
2005-08-02,-0.2776164383561641,9.16424113496062,-2.686624696604455
2005-08-03,-0.24986301369862993,8.66974657928798,-4.119883565589349
2005-08-04,-0.22734246575342437,8.564114686067047,-4.886772220313622
2005-08-05,-0.21487671232876687,8.37739533236139,-1.992518620032623
2005-08-06,-0.2168219178082189,8.975322975494512,-3.008501057686293
2005-08-07,-0.21972602739726,8.932508785118678,-7.3527827577214175
2005-08-08,-0.21265753424657508,8.89066614374179,-7.168008609495215
2005-08-09,-0.20293150684931477,8.38539743984295,-2.672465932993636
2005-08-10,-0.1958082191780819,8.317084127584431,-0.5412759084063499
2005-08-11,-0.2025205479452052,8.196149810759705,-0.9436292628144995
2005-08-12,-0.2205753424657531,8.677133302154154,-1.2665579596884005
2005-08-13,-0.2465205479452052,7.893801373808529,-1.9372808258633238
2005-08-14,-0.2725205479452052,7.751190906650114,-3.158670358704909
2005-08-15,-0.27191780821917777,7.766952761233887,-7.285034953014709
2005-08-16,-0.2537534246575339,7.973079912621312,-3.5393264879637787
2005-08-17,-0.23175342465753396,8.140393576126758,1.4813598485307757
2005-08-18,-0.20079452054794492,7.9143275417045595,1.6764669788433855
2005-08-19,-0.18463013698630107,8.228461718030514,0.11616841895578744
2005-08-20,-0.17147945205479428,7.889133302154154,-2.9176538500993603
2005-08-21,-0.15660273972602715,7.4533911173982705,-3.176788377672243
2005-08-22,-0.1341369863013697,7.278654903840141,-1.9545179175387712
2005-08-23,-0.11668493150684922,7.753854060847515,-2.777169129340666
2005-08-24,-0.0949589041095889,7.775518971279549,-0.8305600671699604
2005-08-25,-0.07471232876712305,7.320444155684187,0.5742681730829364
2005-08-26,-0.058602739726027225,6.861314545568274,0.2172881941577529
2005-08-27,-0.04104109589041077,6.879403762287627,0.6016373336027847
2005-08-28,-0.02665753424657518,6.47600298954439,-0.21934545529781424
2005-08-29,-0.016904109589041007,6.201467689228267,3.0854364203607725
2005-08-30,-0.0007945205479451406,6.061980509741088,4.498814010806858
2005-08-31,-0.0011780821917806855,6.24275887293041,5.548419209261369
2005-09-01,-0.006876712328767021,5.6700816688559454,5.406795043472822
2005-09-02,0.0012328767123287385,5.8623928736329045,5.2063742496547665
2005-09-03,0.0221369863013698,5.695381282484327,5.282481731214304
2005-09-04,0.0304109589041096,5.494617671665921,4.10497136942997
2005-09-05,0.033561643835616405,5.281013878199114,3.1454244779652702
2005-09-06,0.04199999999999998,5.586893049256367,0.7411069507436334
2005-09-07,0.05758904109589044,6.073948195023842,0.6284627638802673
2005-09-08,0.07783561643835621,6.217741661831007,1.414422721730637
2005-09-09,0.08087671232876718,5.98430997935823,0.674813308313003
2005-09-10,0.06958904109589045,5.390670358704909,1.4697406001991995
2005-09-11,0.0437808219178084,4.631134004648008,0.5250851734341841
2005-09-12,0.031479452054794646,4.917950302505401,-0.779429754560196
2005-09-13,0.02326027397260284,5.093451531869645,0.8132881941577521
2005-09-14,0.007698630136986403,5.059232353787453,1.90306901607556
2005-09-15,-0.01947945205479449,5.30114735203122,2.9583321000235747
2005-09-16,-0.04112328767123284,5.471748686769539,1.8793746009016932
2005-09-17,-0.05994520547945206,5.39086494950224,-5.820919744022788
2005-09-18,-0.07372602739726025,5.345998072087418,-5.742272044690157
2005-09-19,-0.08701369863013704,4.331037762990123,-1.7940240643599856
2005-09-20,-0.10441095890410962,4.213026523088471,-2.088615564184362
2005-09-21,-0.12002739726027399,4.014211630218784,-1.1541842329585101
2005-09-22,-0.13290410958904111,3.938477172895285,1.5444269366937555
2005-09-23,-0.1414246575342466,3.9207848652029775,2.0206397923312687
2005-09-24,-0.1453698630136987,3.8721484057719975,2.2532214572417013
2005-09-25,-0.13819178082191785,3.723670007457983,1.9345217733639348
2005-09-26,-0.12879452054794527,3.1143795262496936,2.924414994298252
2005-09-27,-0.1341643835616439,3.4609703235802174,2.7631940599814264
2005-09-28,-0.14854794520547948,3.9452815283571745,1.8632664168483055
2005-09-29,-0.14630136986301376,3.9082692347147447,-1.531967864851731
2005-09-30,-0.1419726027397261,3.8416201303944075,-3.7796475276546815
2005-10-01,-0.14194520547945205,3.7382074152556646,1.413737790223787
2005-10-02,-0.13824657534246576,3.4934508293757913,-5.745204254033325
2005-10-03,-0.14263013698630134,2.7181947703663076,-4.465564633380007
2005-10-04,-0.14531506849315057,1.961820341142563,-1.4965052726494124
2005-10-05,-0.15241095890410947,2.31159203064028,-0.5491810717361707
2005-10-06,-0.1731780821917807,2.551293470752679,1.3418846114391019
2005-10-07,-0.17980821917808207,3.110797510092335,-0.5509892909142531
2005-10-08,-0.1745479452054793,3.1437395543494477,0.6108083908560316
2005-10-09,-0.15857534246575328,2.9772091714902973,1.8913661709754561
2005-10-10,-0.1440547945205478,2.783380579990473,2.3706742145300743
2005-10-11,-0.15750684931506836,2.857145947043512,-1.2196390977284437
2005-10-12,-0.17701369863013694,2.7451340046480075,-1.0981203060178706
2005-10-13,-0.18493150684931503,2.5351747492914916,0.8997567575578236
2005-10-14,-0.17868493150684928,2.297583600714042,2.9011013307928066
2005-10-15,-0.17265753424657526,1.5673257854699252,6.28533174877665
2005-10-16,-0.1680821917808218,0.6918990204541192,5.226183171326702
2005-10-17,-0.16065753424657522,0.5998140186978846,5.170843515548691
2005-10-18,-0.16147945205479444,0.07143748199258068,5.010041970062214
2005-10-19,-0.15608219178082178,0.434118198536311,4.221963993244511
2005-10-20,-0.14164383561643812,0.9325242399834485,3.78911959563299
2005-10-21,-0.12506849315068477,0.9541547282166764,2.080913764934009
2005-10-22,-0.11397260273972584,1.0387174257930725,2.125255176946653
2005-10-23,-0.10578082191780809,1.0161645631306206,1.6796162587871875
2005-10-24,-0.09627397260273957,0.7095365336258791,2.8467374389768607
2005-10-25,-0.08791780821917788,0.8556067830111969,4.072311025207981
2005-10-26,-0.08591780821917785,1.5459798072472348,5.249938000971943
2005-10-27,-0.0893424657534245,1.6977065371383482,7.161635928615075
2005-10-28,-0.09983561643835606,1.6723781212619873,7.09745749517637
2005-10-29,-0.12613698630136969,1.2832211138858016,6.4429158724155675
2005-10-30,-0.16057534246575333,0.10286705698379968,7.247708285481954
2005-10-31,-0.18399999999999989,-0.5999956054679039,7.933995605467905
2005-11-01,-0.20232876712328757,-0.9022604456505525,4.15458921277384
2005-11-02,-0.203972602739726,-0.5789769893807946,5.092949592120521
2005-11-03,-0.1940547945205479,-0.33294748463896096,6.627002279159508
2005-11-04,-0.18139726027397257,-0.3139752331461618,3.1253724934201346
2005-11-05,-0.17032876712328762,-0.6598066346213988,-0.44986459825531366
2005-11-06,-0.15783561643835617,-1.6624030519027482,2.1302386683411045
2005-11-07,-0.14153424657534236,-1.9510739335325336,3.772608180107876
2005-11-08,-0.1418904109589041,-2.8881269718184486,5.6300173827773525
2005-11-09,-0.1376712328767123,-4.0193633610000425,5.617034593876754
2005-11-10,-0.12641095890410953,-3.271392163248023,2.817803122152133
2005-11-11,-0.11942465753424651,-2.9015333645125123,5.0609580220467585
2005-11-12,-0.11536986301369853,-3.2643222651096324,3.279692128123331
2005-11-13,-0.11641095890410952,-3.2585365257348515,4.654947484638961
2005-11-14,-0.10723287671232865,-2.783034593876755,3.850267470589084
2005-11-15,-0.09030136986301357,-3.6141571790541347,3.994458548917148
2005-11-16,-0.07219178082191763,-4.008117839398357,1.890309620220275
2005-11-17,-0.049260273972602575,-4.270810498337591,-4.599929227689806
2005-11-18,-0.04476712328767103,-3.8082077586115646,-7.437025118100763
2005-11-19,-0.05534246575342444,-4.5146468172698,-6.480010716976776
2005-11-20,-0.06427397260273948,-4.422303297775596,-2.5734227296216643
2005-11-21,-0.06372602739726,-3.870726901569063,-2.9455470710336766
2005-11-22,-0.06454794520547918,-4.790910252464743,-6.094541802329777
2005-11-23,-0.07449315068493127,-4.439180712598216,-8.086326136716853
2005-11-24,-0.08843835616438336,-4.460228833427158,-7.081332810408459
2005-11-25,-0.10416438356164368,-4.114927814811072,-7.470907801627284
2005-11-26,-0.11731506849315051,-4.292378464617886,-6.990306466888964
2005-11-27,-0.1307123287671232,-4.150512640943843,-8.398775030289034
2005-11-28,-0.15854794520547932,-3.947609233848656,-7.423842820945865
2005-11-29,-0.19397260273972589,-4.23279925843594,-4.4932281388243345
2005-11-30,-0.21898630136986286,-4.137071826050973,-5.333941872579163
2005-12-01,-0.24443835616438342,-4.800926409823366,-3.1846352340122515
2005-12-02,-0.27813698630136974,-5.359052156223084,-1.6728108574755458
2005-12-03,-0.30783561643835605,-5.913653490961405,0.3814891073997613
2005-12-04,-0.32375342465753415,-5.665217242278582,1.128970666936116
2005-12-05,-0.331945205479452,-5.219905686254697,-1.5381491082658503
2005-12-06,-0.33832876712328763,-5.219241127069589,-3.3924301058071222
2005-12-07,-0.3373150684931506,-5.187364765987748,-4.0153201655191
2005-12-08,-0.327068493150685,-5.240638387343562,-4.772293119505752
2005-12-09,-0.3108493150684932,-5.291845974277177,-3.9273047106543295
2005-12-10,-0.2939178082191781,-5.151193357487574,-0.2948888342932481
2005-12-11,-0.2812054794520549,-5.3989172774032745,1.5001227568553297
2005-12-12,-0.27156164383561654,-5.646160691523401,4.597722335359018
2005-12-13,-0.2594794520547946,-6.152559005538153,2.812038457592948
2005-12-14,-0.24383561643835627,-6.533144885411704,0.46698050185006057
2005-12-15,-0.2272876712328768,-6.692673512036221,-0.4800388167309029
2005-12-16,-0.21928767123287682,-6.35418246883285,1.4834701400657266
2005-12-17,-0.2166575342465754,-5.93785791667268,-5.8354845490807445
2005-12-18,-0.21665753424657533,-6.405264309366745,-8.27807815638668
2005-12-19,-0.21969863013698626,-6.692153666584869,-2.808147703278146
2005-12-20,-0.2190684931506848,-6.653272739292981,-0.5276587675563347
2005-12-21,-0.22257534246575328,-5.980386192050272,0.7429615345160254
2005-12-22,-0.2346027397260272,-5.777692830617183,0.43229557034320987
2005-12-23,-0.2413972602739724,-5.485762377508649,1.9871596377826206
2005-12-24,-0.24586301369862995,-4.766436771607699,2.752299785306329
2005-12-25,-0.242876712328767,-4.468885665179881,-3.0382376224913514
2005-12-26,-0.2463835616438355,-5.35002370522203,-6.793592733134135
2005-12-27,-0.2544383561643835,-5.8695937789838855,-8.775967864851731
2005-12-28,-0.26769863013698625,-6.218338422468254,-11.70396294739476
2005-12-29,-0.2746849315068493,-6.886126269324594,-11.769188799168555
2005-12-30,-0.2735068493150685,-7.221306458997936,-7.805186691686996
2005-12-31,-0.2559178082191781,-6.639114678176017,2.515032486395195
2006-01-01,-0.23972602739726026,-7.187616961281041,-0.8726570113216994
2006-01-02,-0.23723287671232873,-7.054204246142298,-2.3785628771453737
2006-01-03,-0.22972602739726014,-6.874877937747495,-3.7853960348552445
2006-01-04,-0.2033698630136985,-6.34970969046966,-3.936920446516642
2006-01-05,-0.19136986301369846,-5.796353877333025,-4.602276259653277
2006-01-06,-0.1810684931506848,-6.567875479019009,-2.301056027830307
2006-01-07,-0.16454794520547933,-6.952945377157402,-0.5825066776371193
2006-01-08,-0.14761643835616425,-6.344883557698322,-0.6275000039455145
2006-01-09,-0.1298082191780821,-5.8177110954573665,-2.142480685364551
2006-01-10,-0.10873972602739713,-5.446057424926983,-2.2352028490456197
2006-01-11,-0.09057534246575338,-4.891534067006366,-1.4578905905278807
2006-01-12,-0.08399999999999991,-4.98428643792312,-1.6517135620768801
2006-01-13,-0.08180821917808205,-5.72706199113703,-1.2711297896848874
2006-01-14,-0.08334246575342458,-5.9490205439996915,0.3523630097531161
2006-01-15,-0.08358904109589037,-6.536574460402923,-2.8998364985011857
2006-01-16,-0.08926027397260268,-6.733023353975104,-4.597716372052294
2006-01-17,-0.08550684931506836,-7.031281169219221,-1.283211981465711
2006-01-18,-0.06509589041095878,-6.974241478316517,0.8793373687274757
2006-01-19,-0.05106849315068478,-6.85518563005519,2.306254123205875
2006-01-20,-0.031150684931506724,-6.246212676068536,4.927363361000043
2006-01-21,-0.014958904109588948,-6.688383382074859,0.45334228618444783
2006-01-22,0.0016712328767124127,-7.324531608277878,-2.537139624598833
2006-01-23,0.014739726027397308,-7.4403398274559605,-1.7043998985714373
2006-01-24,0.02528767123287673,-7.088863887870433,1.3535762166375562
2006-01-25,0.030328767123287713,-7.545687913160211,-0.6346408539630781
2006-01-26,0.030958904109589062,-7.297627498688838,-7.493331405420751
2006-01-27,0.020849315068493163,-7.335795394719748,-3.5650539203487455
2006-01-28,0.011315068493150664,-7.293775724891859,1.502460656398708
2006-01-29,0.017890410958904077,-6.831487702412056,3.5035972914531515
2006-01-30,0.03424657534246573,-6.521976638133868,3.9477300627914023
2006-01-31,0.0372328767123288,-6.593745517656172,6.866512640943844
2006-02-01,0.03726027397260271,-6.734910954958596,6.657650680985993
2006-02-02,0.032657534246575276,-6.943091495878863,4.350433961632287
2006-02-03,0.029479452054794457,-6.357349311122979,2.0378698590681843
2006-02-04,0.020273972602739717,-6.145156827807209,0.10488285520446894
2006-02-05,0.012356164383561616,-7.438229535921012,-1.3541266284625486
2006-02-06,0.019945205479452,-7.513642251059754,-0.9763029544196984
2006-02-07,0.0296164383561643,-7.509302244034816,0.4696858056786519
2006-02-08,0.02797260273972592,-7.6464121843228385,0.8484395815831132
2006-02-09,0.016109589041095856,-7.4344395815831135,-3.451670007457981
2006-02-10,0.002219178082191721,-7.514391109507243,-5.867828068574949
2006-02-11,-0.016712328767123304,-7.884687561913284,-5.268600109319592
2006-02-12,-0.028109589041095947,-7.442676322011634,-3.6192140889472704
2006-02-13,-0.034821917808219194,-7.944499293560633,-1.200678788631147
2006-02-14,-0.02216438356164384,-7.9744669788433855,1.6066313624050297
2006-02-15,-0.017671232876712333,-8.227892338871486,2.2155635717481985
2006-02-16,-0.021616438356164384,-7.812736033989153,4.014352472345317
2006-02-17,-0.023753424657534286,-7.438166311474226,0.20191973613176017
2006-02-18,-0.022876712328767146,-6.508159989029547,-0.3389632986416862
2006-02-19,-0.019753424657534324,-6.458881450216762,0.13863487487429715
2006-02-20,-0.01717808219178083,-6.808605370132464,1.6357834523242447
2006-02-21,-0.01649315068493154,-7.457442040311599,-0.6760648090034698
2006-02-22,-0.009287671232876766,-7.011469437571872,-0.30924289119525117
2006-02-23,-0.011616438356164431,-6.687996307961758,-1.920387253682077
2006-02-24,-0.025232876712328836,-6.739202489907665,-1.085564633380006
2006-02-25,-0.032986301369863066,-6.268228833427159,-0.46878486520297713
2006-02-26,-0.04668493150684927,-6.656306810244861,-2.84700825824829
2006-02-27,-0.05690410958904105,-7.091073933532533,-5.772021956878426
2006-02-28,-0.08161643835616433,-7.197087280915743,-6.441296280728094
2006-03-01,-0.11323287671232865,-6.783026866444371,-7.9137402568433
2006-03-02,-0.13761643835616427,-6.371295921590138,-9.281087640053695
2006-03-03,-0.14290410958904098,-5.973124513089962,-3.743971377320996
2006-03-04,-0.1479726027397259,-6.301552331846548,1.219524934586273
2006-03-05,-0.1495342465753424,-6.100935542243457,-4.719530211181201
2006-03-06,-0.14232876712328757,-6.587050048741524,-7.500621184135188
2006-03-07,-0.1290410958904109,-6.549626796194984,-7.191332107914604
2006-03-08,-0.11052054794520544,-5.825435015373067,-0.614044436681727
2006-03-09,-0.09723287671232869,-5.2572614993913325,2.624494376103661
2006-03-10,-0.09457534246575336,-5.983395675717289,-2.152028981816959
2006-03-11,-0.08372602739726018,-5.6011146781760175,-5.305159294426723
2006-03-12,-0.0750958904109588,-5.379382328334079,-11.865521781254962
2006-03-13,-0.06273972602739715,-5.48494045970043,-7.962319814272173
2006-03-14,-0.051479452054794435,-5.247581134094529,-2.970939413850677
2006-03-15,-0.045287671232876636,-4.2096563009368175,-3.415056027830306
2006-03-16,-0.047315068493150564,-4.157675268270854,-5.055009663235996
2006-03-17,-0.05164383561643825,-4.757220052253995,-2.3911361121295664
2006-03-18,-0.05189041095890405,-4.175884611439101,-0.6422249776019946
2006-03-19,-0.03506849315068486,-4.427621176244159,1.5826896693948442
2006-03-20,-0.02030136986301363,-4.121782749830391,0.7120841196934045
2006-03-21,-0.016602739726027292,-4.871725847828283,1.20832858755431
2006-03-22,-0.0028493150684930357,-4.816027217691297,0.9988765327597902
2006-03-23,0.012876712328767225,-5.09124323455115,1.3183665222223824
2006-03-24,0.026712328767123393,-5.183326128825824,2.1766138000587003
2006-03-25,0.040109589041095906,-5.528761323767869,3.9486517347267727
2006-03-26,0.043424657534246645,-4.983116785657577,7.099692128123331
2006-03-27,0.04084931506849315,-4.696721281618237,6.665871966549744
2006-03-28,0.03257534246575338,-4.554541443191823,1.6419661007260697
2006-03-29,0.030027397260273942,-4.402521773363936,-1.3275056238963385
2006-03-30,0.03254794520547946,-4.0947479763846575,2.612200031179178
2006-03-31,0.04657534246575344,-3.26172514533443,2.7151498028686767
2006-04-01,0.06561643835616436,-3.033782749830391,1.6581663114742267
2006-04-02,0.0708767123287671,-3.121732872766815,1.370856160438048
2006-04-03,0.09816438356164378,-3.5048828552044693,-1.273281528357174
2006-04-04,0.12186301369863009,-3.3825512781057685,-0.4093117355928615
2006-04-05,0.11978082191780812,-3.7824444990400856,-1.0973363228777222
2006-04-06,0.11512328767123273,-4.325312781442614,-3.8598105062286194
2006-04-07,0.11293150684931494,-4.430534418253292,0.45760291140397724
2006-04-08,0.11054794520547934,-4.3496829957032395,2.30913505049776
2006-04-09,0.11983561643835607,-3.8241065994967074,1.8142709830583512
2006-04-10,0.12808219178082184,-3.699958373293686,0.0018761815128640613
2006-04-11,0.13547945205479445,-3.529810849584518,-6.265668602470276
2006-04-12,0.14972602739726026,-3.295453982707103,-4.924272044690158
2006-04-13,0.16298630136986308,-3.9501670139680796,-0.8028192874017837
2006-04-14,0.1721095890410959,-3.63545749517637,4.4933479061352735
2006-04-15,0.16950684931506843,-3.0300827147056983,4.32057586539063
2006-04-16,0.15723287671232872,-2.676071474804047,1.5688385980917183
2006-04-17,0.15673972602739716,-2.658051804976158,0.741312078948761
2006-04-18,0.1565479452054794,-2.376564625488979,0.19001668028349972
2006-04-19,0.15619178082191776,-2.1774286929283893,0.9612369121064714
2006-04-20,0.14764383561643835,-1.7045006985483397,1.5768568629319013
2006-04-21,0.1407123287671232,-1.60474165393998,2.4840293251728567
2006-04-22,0.1427123287671232,-1.3483911095072436,2.7756787807401206
2006-04-23,0.143945205479452,-0.970426936693756,2.096481731214304
2006-04-24,0.14799999999999996,-0.5687809935957578,3.0507809935957577
2006-04-25,0.15043835616438356,-0.44575535257011695,1.8753169964057335
2006-04-26,0.15112328767123284,-0.36008903715037677,0.8989657494791439
2006-04-27,0.15279452054794518,-0.10397944810928078,0.2711849275613356
2006-04-28,0.15038356164383565,-0.08841780427366439,-0.7119657573701713
2006-04-29,0.14473972602739738,-0.2501269718184484,-4.284612754208949
2006-04-30,0.13627397260273982,-0.2514750575226986,-5.8647989150800415
2006-05-01,0.13054794520547958,0.11849895020473389,-1.2490468954102134
2006-05-02,0.1261369863013699,-0.08670371927190826,0.9705667329705383
2006-05-03,0.10923287671232884,-0.2317651874840614,3.7025323107717325
2006-05-04,0.0687671232876712,0.1394501268819379,3.671782749830391
2006-05-05,0.02410958904109585,-0.018806985868325486,2.4946973968272292
2006-05-06,0.0006301369863012662,0.16499912582819712,1.5543707371855016
2006-05-07,0.0007397260273970634,0.8065144050695039,1.9127458689030992
2006-05-08,0.006082191780821752,0.8789808609880143,0.704936947231164
2006-05-09,0.015671232876712182,1.1716327752837643,-4.4573040081604764
2006-05-10,0.012657534246575296,1.6106717636926158,-2.323329297939191
2006-05-11,0.008767123287671173,1.9133068181358892,0.4179260585764393
2006-05-12,0.008273972602739677,2.3271382196111263,1.084587807786134
2006-05-13,0.0037260273972603217,2.3469380088629705,0.759335963739769
2006-05-14,-0.004465753424657454,2.079670709951836,-0.8652049565271787
2006-05-15,-0.012054794520547764,1.521290660777266,3.5007641337432815
2006-05-16,-0.0055342465753422925,0.8342860945672206,5.351248152008122
2006-05-17,-0.0025479452054793413,0.4417557117080709,6.490792233497408
2006-05-18,0.005260273972602744,0.5229106116026966,6.581829114424701
2006-05-19,0.03172602739726027,1.26421303520649,1.6140609373962498
2006-05-20,0.06186301369863019,2.199844225933571,0.4382927603677991
2006-05-21,0.09038356164383558,2.769824556105682,0.4397918822504825
2006-05-22,0.09876712328767112,2.902159645673648,1.779073231038681
2006-05-23,0.10917808219178066,2.3225720095654645,-2.8517500917572454
2006-05-24,0.11997260273972582,2.6180395192247548,-3.6080121219644807
2006-05-25,0.15246575342465737,3.3267370956209614,-1.1692028490456186
2006-05-26,0.18364383561643827,3.5091782617607574,0.9571779026228047
2006-05-27,0.22008219178082183,3.7641561332043825,2.2157616750147957
2006-05-28,0.2576438356164383,3.4835597159230334,2.2187964484605285
2006-05-29,0.3002739726027397,4.096879701873156,-3.077153674475896
2006-05-30,0.33742465753424655,3.719338430359282,-10.186763087893528
2006-05-31,0.3572328767123288,3.140810154981692,-9.408043031694021
2006-06-01,0.3842191780821918,2.753534426144319,-7.997753604226511
2006-06-02,0.4106575342465755,2.720678086137294,-8.48133562038387
2006-06-03,0.43156164383561657,3.404964001135538,-6.026525644971155
2006-06-04,0.4452876712328768,4.208854412094443,-5.18414208332732
2006-06-05,0.4563013698630138,4.4431073098815865,-4.8994086797446
2006-06-06,0.4789589041095891,4.101932037665219,-4.560890941774808
2006-06-07,0.49657534246575347,4.352151918241264,-3.808727260707017
2006-06-08,0.5182191780821919,4.515270990949378,-2.1834901690315696
2006-06-09,0.54213698630137,4.64739533236139,-0.9495323186627602
2006-06-10,0.5494520547945205,4.398231300046674,1.4323166451588056
2006-06-11,0.5403835616438355,4.771327892951485,2.6082885454046796
2006-06-12,0.5304383561643834,4.822098528708422,2.7474631151271938
2006-06-13,0.5241643835616437,5.01027696214713,4.195558654291227
2006-06-14,0.5276438356164382,5.386000179568977,4.456355984814585
2006-06-15,0.547972602739726,5.604099231202276,6.1579281660579985
2006-06-16,0.5685479452054794,5.769240783713691,4.0522112710808305
2006-06-17,0.5777808219178082,6.115490871525423,3.1567283065567695
2006-06-18,0.5996986301369862,6.618806642512426,3.1314947273505878
2006-06-19,0.616027397260274,6.442742013077933,3.791230589661793
2006-06-20,0.6147123287671233,6.005523186242669,5.779764484990209
2006-06-21,0.6190136986301371,6.105474011672947,4.585512289696916
2006-06-22,0.6189315068493152,6.463422027127811,1.4376464660228736
2006-06-23,0.6175068493150686,6.6153679351011165,2.6071252155838147
2006-06-24,0.6207397260273975,6.7376236428636735,4.491636631108929
2006-06-25,0.6218082191780824,6.846494735241616,3.481697045580302
2006-06-26,0.642191780821918,7.677430615115167,2.4903776040629158
2006-06-27,0.6703561643835618,7.638049793197358,2.4115940424190816
2006-06-28,0.703095890410959,7.216994998676809,1.6199091109122312
2006-06-29,0.7400821917808219,7.726461437032974,0.03345637118620459
2006-06-30,0.7807397260273972,7.816629930183659,-0.12736965621105512
2006-07-01,0.8188219178082191,7.758190889087769,1.332987193104013
2006-07-02,0.8281095890410957,7.849064176759002,2.3928262341999016
2006-07-03,0.8433424657534245,7.624521711005577,2.6121358232409984
2006-07-04,0.8463287671232875,7.535721711005578,3.5579495218711346
2006-07-05,0.8572328767123287,7.660425820594618,2.972341302693053
2006-07-06,0.8783561643835616,7.659828560320647,-0.08818472470420868
2006-07-07,0.8950410958904109,7.68018212547695,-2.7652232213673615
2006-07-08,0.9135890410958903,7.488536884872805,-0.4821259259686954
2006-07-09,0.9286301369863013,7.555372852558088,0.5659970104556109
2006-07-10,0.9387671232876713,7.205849143390544,2.5253837333217843
2006-07-11,0.9636438356164383,7.305116442301679,4.361239722081884
2006-07-12,0.988082191780822,7.330495437735468,4.601422370483709
2006-07-13,1.0028493150684932,7.646339484100062,2.730811200831446
2006-07-14,1.0167945205479454,7.703801373808528,2.369404105643527
2006-07-15,1.0431506849315069,8.03939533236139,3.0074539827071014
2006-07-16,1.0548767123287672,8.195239378725985,2.9498839089452478
2006-07-17,1.0788493150684932,8.524629614061425,1.826521070870081
2006-07-18,1.1061917808219177,8.249456449326617,3.044351769851465
2006-07-19,1.1185205479452054,8.07071672329922,4.880762728755574
2006-07-20,1.1323013698630138,8.549601865554225,3.398096764582762
2006-07-21,1.1493972602739726,8.76107921012746,3.729523529598568
2006-07-22,1.1580821917808217,8.624287499554926,2.2376303086642526
2006-07-23,1.1643013698630136,8.375106607387734,2.430592022749254
2006-07-24,1.1796986301369863,8.768581141985555,2.841720227877458
2006-07-25,1.1944109589041094,8.909926417714393,4.025662623381498
2006-07-26,1.1699726027397261,8.911056027830305,2.9489713694299677
2006-07-27,1.1511780821917807,8.542165265624476,3.2666566521837446
2006-07-28,1.1508219178082193,8.147170534328373,1.3520075478634084
2006-07-29,1.149698630136986,8.681203551539472,-0.43090218167645844
2006-07-30,1.1473424657534246,8.519180369242317,1.233477165004258
2006-07-31,1.143041095890411,7.949296983221945,2.5276619208876436
2006-08-01,1.1452876712328766,8.453571658318538,-0.9388593295514145
2006-08-02,1.1384657534246574,9.16424113496062,-4.092706888385276
2006-08-03,1.1311506849315067,8.66974657928798,-7.180897264219486
2006-08-04,1.1352876712328765,8.564114686067047,-7.409402357299923
2006-08-05,1.138,8.37739533236139,-6.705395332361389
2006-08-06,1.1536712328767122,8.975322975494512,-7.2689942083712245
2006-08-07,1.170821917808219,8.932508785118678,-5.973330702926897
2006-08-08,1.1756712328767123,8.89066614374179,-5.0263373766185016
2006-08-09,1.1761369863013698,8.38539743984295,-4.6515344261443206
2006-08-10,1.178,8.317084127584431,-6.245084127584431
2006-08-11,1.1947671232876713,8.196149810759705,-7.410916934047377
2006-08-12,1.2162191780821918,8.677133302154154,-9.613352480236346
2006-08-13,1.2389589041095892,7.893801373808529,-7.582760277918118
2006-08-14,1.2576712328767123,7.751190906650114,-7.138862139526827
2006-08-15,1.2645479452054795,7.766952761233887,-4.201500706439367
2006-08-16,1.2712328767123287,7.973079912621312,-3.4243127893336407
2006-08-17,1.27772602739726,8.140393576126758,-1.468119603524018
2006-08-18,1.2897534246575342,7.9143275417045595,-0.5940809663620943
2006-08-19,1.3117808219178082,8.228461718030514,-1.0602425399483222
2006-08-20,1.3167671232876712,7.889133302154154,-3.265900425441825
2006-08-21,1.3240821917808216,7.4533911173982705,-3.7174733091790926
2006-08-22,1.3306575342465752,7.278654903840141,-3.169312438086716
2006-08-23,1.3439178082191778,7.753854060847515,-1.607771869066693
2006-08-24,1.3544109589041093,7.775518971279549,-3.1299299301836587
2006-08-25,1.3684109589041094,7.320444155684187,-5.838855114588296
2006-08-26,1.3790684931506845,6.861314545568274,-4.050383038718959
2006-08-27,1.3846575342465752,6.879403762287627,-5.824061296534202
2006-08-28,1.392712328767123,6.47600298954439,-5.368715318311513
2006-08-29,1.413671232876712,6.201467689228267,-7.365138922104979
2006-08-30,1.4466301369863013,6.061980509741088,-8.48861064672739
2006-08-31,1.4796164383561643,6.24275887293041,-4.832375311286574
2006-09-01,1.5116438356164381,5.6700816688559454,1.9582744955276175
2006-09-02,1.5299999999999998,5.8623928736329045,1.8276071263670968
2006-09-03,1.5372602739726027,5.695381282484327,3.19735844354307
2006-09-04,1.5610958904109589,5.494617671665921,5.20428643792312
2006-09-05,1.5952054794520547,5.281013878199114,6.4337806423488315
2006-09-06,1.6255068493150684,5.586893049256367,5.917600101428566
2006-09-07,1.6305205479452054,6.073948195023842,3.905531257030951
2006-09-08,1.6224109589041094,6.217741661831007,0.8398473792648833
2006-09-09,1.6236438356164382,5.98430997935823,3.092046185025332
2006-09-10,1.6428493150684929,5.390670358704909,3.0464803262265985
2006-09-11,1.6900821917808218,4.631134004648008,3.3887838035711724
2006-09-12,1.7249315068493147,4.917950302505401,1.6371181906452836
2006-09-13,1.7453424657534244,5.093451531869645,1.3512060023769301
2006-09-14,1.766767123287671,5.059232353787453,-0.5959994770751242
2006-09-15,1.7907397260273972,5.30114735203122,-0.43188707805861615
2006-09-16,1.8050684931506848,5.471748686769539,-0.05681717992022417
2006-09-17,1.817780821917808,5.39086494950224,-1.5586457714200477
2006-09-18,1.8002465753424657,5.345998072087418,-2.2262446474298834
2006-09-19,1.7761643835616439,4.331037762990123,-2.307202146551767
2006-09-20,1.7530958904109588,4.213026523088471,1.0738775865005703
2006-09-21,1.7303287671232876,4.014211630218784,2.7354596026579285
2006-09-22,1.711917808219178,3.938477172895285,4.749605018885537
2006-09-23,1.6932328767123286,3.9207848652029775,5.075982258084695
2006-09-24,1.681013698630137,3.8721484057719975,1.636837895597866
2006-09-25,1.667972602739726,3.723670007457983,-0.8116426101977088
2006-09-26,1.6493972602739726,3.1143795262496936,-1.873776786523666
2006-09-27,1.6438630136986299,3.4609703235802174,0.05516666272115289
2006-09-28,1.647095890410959,3.9452815283571745,0.9876225812318662
2006-09-29,1.638904109589041,3.9082692347147447,1.8028266556962138
2006-09-30,1.6276986301369862,3.8416201303944075,1.4006812394686068
2006-10-01,1.6236712328767122,3.7382074152556646,1.5681213518676227
2006-10-02,1.6242465753424655,3.4934508293757913,2.4523025952817434
2006-10-03,1.6294520547945202,2.7181947703663076,2.4123531748391724
2006-10-04,1.6280273972602737,1.961820341142563,-4.029847738402837
2006-10-05,1.6369041095890409,2.31159203064028,-4.038496140229321
2006-10-06,1.6615068493150682,2.551293470752679,-1.2928003200677471
2006-10-07,1.6741643835616435,3.110797510092335,-3.2749618936539786
2006-10-08,1.6798356164383559,3.1437395543494477,2.146424829212196
2006-10-09,1.6855342465753422,2.9772091714902973,3.0572565819343605
2006-10-10,1.697643835616438,2.783380579990473,3.2289755843930883
2006-10-11,1.7335616438356163,2.857145947043512,2.0892924091208718
2006-10-12,1.7643835616438355,2.7451340046480075,1.800482433708157
2006-10-13,1.7847123287671232,2.5351747492914916,2.260112921941386
2006-10-14,1.7935890410958901,2.297583600714042,-0.021172641809931836
2006-10-15,1.8039726027397258,1.5673257854699252,-0.17129838820965082
2006-10-16,1.8195890410958904,0.6918990204541192,3.058511938449991
2006-10-17,1.835917808219178,0.5998140186978846,3.1042681730829376
2006-10-18,1.8466027397260272,0.07143748199258068,2.8719597782813926
2006-10-19,1.8595890410958902,0.434118198536311,-0.9137072396322012
2006-10-20,1.870547945205479,0.9325242399834485,-0.7530721851889276
2006-10-21,1.8801917808219173,0.9541547282166764,0.8056534909614065
2006-10-22,1.8900273972602737,1.0387174257930725,0.5712551769466538
2006-10-23,1.900657534246575,1.0161645631306206,1.1531779026228048
2006-10-24,1.910547945205479,0.7095365336258791,1.7299155211686417
2006-10-25,1.9255342465753422,0.8556067830111969,2.3088589704134606
2006-10-26,1.9381643835616436,1.5459798072472348,3.835855809191122
2006-10-27,1.950602739726027,1.6977065371383482,4.2416907231356245
2006-10-28,1.965808219178082,1.6723781212619873,2.971813659559931
2006-10-29,1.9921917808219176,1.2832211138858016,1.2345871052922808
2006-10-30,2.0172602739726027,0.10286705698379968,2.9798726690435973
2006-10-31,2.029917808219178,-0.5999956054679039,4.110077797248726
2006-11-01,2.0299726027397256,-0.9022604456505525,-4.247712157089174
2006-11-02,2.0209863013698626,-0.5789769893807946,-11.902009311989069
2006-11-03,2.0132876712328764,-0.33294748463896096,-11.880340186593916
2006-11-04,2.004410958904109,-0.3139752331461618,-7.630435725757947
2006-11-05,1.9983287671232874,-0.6598066346213988,-2.578522132501889
2006-11-06,1.9956164383561643,-1.6624030519027482,1.9267866135465836
2006-11-07,2.0012328767123284,-1.9510739335325336,5.129841056820204
2006-11-08,2.021972602739726,-2.8881269718184486,2.3661543690787226
2006-11-09,2.040027397260274,-4.0193633610000425,2.0193359637397688
2006-11-10,2.046931506849315,-3.271392163248023,0.46446065639870815
2006-11-11,2.0528219178082194,-2.9015333645125123,1.2287114467042928
2006-11-12,2.060082191780822,-3.2643222651096324,-1.8857599266711893
2006-11-13,2.0675068493150683,-3.2585365257348515,-0.2989703235802166
2006-11-14,2.04545205479452,-2.783034593876755,4.0775825390822344
2006-11-15,2.0232602739726024,-3.6141571790541347,2.970896905081532
2006-11-16,2.003013698630137,-4.008117839398357,2.6651041407682206
2006-11-17,1.9924931506849315,-4.270810498337591,3.0183173476526592
2006-11-18,2.0041643835616436,-3.8082077586115646,1.514043375049921
2006-11-19,2.01827397260274,-4.5146468172698,1.8563728446670602
2006-11-20,2.034438356164383,-4.422303297775596,-1.6121350583887875
2006-11-21,2.045698630136986,-3.870726901569063,-1.2549717285679232
2006-11-22,2.072575342465753,-4.790910252464743,-4.291665090001009
2006-11-23,2.1009315068493146,-4.439180712598216,1.5982492057489015
2006-11-24,2.119534246575342,-4.460228833427158,2.090694586851816
2006-11-25,2.1221643835616435,-4.114927814811072,3.6027634312494285
2006-11-26,2.1160273972602743,-4.292378464617886,4.486351067357612
2006-11-27,2.0912328767123287,-4.150512640943843,4.9392797642315145
2006-11-28,2.0784109589041098,-3.947609233848656,3.899198274944546
2006-11-29,2.0943013698630137,-4.23279925843594,0.4484978885729265
2006-11-30,2.116849315068493,-4.137071826050973,2.18022251098248
2006-12-01,2.1283561643835616,-4.800926409823366,4.092570245439804
2006-12-02,2.1472876712328763,-5.359052156223084,3.531764484990208
2006-12-03,2.167917808219178,-5.913653490961405,2.915735682742227
2006-12-04,2.1873150684931506,-5.665217242278582,2.637902173785432
2006-12-05,2.205123287671233,-5.219905686254697,4.194782398583464
2006-12-06,2.2251780821917806,-5.219241127069589,0.47406304487780826
2006-12-07,2.243506849315068,-5.187364765987748,1.3038579166726807
2006-12-08,2.2583013698630134,-5.240638387343562,1.3723370174805485
2006-12-09,2.270684931506849,-5.291845974277177,-3.8388389572296724
2006-12-10,2.2784109589041095,-5.151193357487574,-6.177217601416536
2006-12-11,2.277698630136986,-5.3989172774032745,-4.688781352733711
2006-12-12,2.2764931506849315,-5.646160691523401,-0.24033245916152968
2006-12-13,2.271972602739726,-6.152559005538153,1.5505864027984266
2006-12-14,2.266712328767123,-6.533144885411704,5.376432556644581
2006-12-15,2.245890410958904,-6.692673512036221,4.5567831010773165
2006-12-16,2.2310136986301368,-6.35418246883285,2.403168770202713
2006-12-17,2.2219726027397257,-5.93785791667268,-0.2741146860670458
2006-12-18,2.218465753424657,-6.405264309366745,-4.753201444057912
2006-12-19,2.220219178082192,-6.692153666584869,-5.728065511497323
2006-12-20,2.2194246575342467,-6.653272739292981,-1.396151918241265
2006-12-21,2.2124657534246577,-5.980386192050272,-1.722079561374386
2006-12-22,2.2054246575342464,-5.777692830617183,-2.527731826917063
2006-12-23,2.192739726027397,-5.485762377508649,0.7330226514812521
2006-12-24,2.1841369863013695,-4.766436771607699,0.71229978530633
2006-12-25,2.1737260273972603,-4.468885665179881,1.9851596377826208
2006-12-26,2.1512054794520545,-5.35002370522203,1.088818225769976
2006-12-27,2.1250958904109587,-5.8695937789838855,0.794497888572927
2006-12-28,2.1072602739726025,-6.218338422468254,-0.5789218515043482
2006-12-29,2.102410958904109,-6.886126269324594,0.693715310420485
2006-12-30,2.101835616438356,-7.221306458997936,3.71947084255958
2006-12-31,2.1001095890410952,-6.639114678176017,3.549005089134922
2007-01-01,2.0840547945205476,-7.187616961281041,2.3635621667604934
2007-01-02,2.0700821917808216,-7.054204246142298,-3.5958779456385237
2007-01-03,2.041753424657534,-6.874877937747495,-2.0768754869100388
2007-01-04,2.0125479452054793,-6.34970969046966,1.5571617452641808
2007-01-05,2.007041095890411,-5.796353877333025,-0.7106872185573865
2007-01-06,2.0148219178082187,-6.567875479019009,2.2730535612107907
2007-01-07,2.0184657534246573,-6.952945377157402,2.724479623732744
2007-01-08,2.0046027397260273,-6.344883557698322,0.9202808179722943
2007-01-09,1.9743013698630134,-5.8177110954573665,4.833409725594353
2007-01-10,1.9414520547945204,-5.446057424926983,4.634605370132462
2007-01-11,1.916794520547945,-4.891534067006366,1.9247395464584205
2007-01-12,1.913808219178082,-4.98428643792312,1.4404782187450378
2007-01-13,1.917972602739726,-5.72706199113703,6.349089388397305
2007-01-14,1.9202191780821916,-5.9490205439996915,2.6288013659175
2007-01-15,1.920739726027397,-6.536574460402923,3.8458347343755257
2007-01-16,1.924109589041096,-6.733023353975104,3.3689137649340077
2007-01-17,1.9241917808219178,-7.031281169219221,1.2070893883973026
2007-01-18,1.921753424657534,-6.974241478316517,3.9224880536589835
2007-01-19,1.9185205479452054,-6.85518563005519,6.576665082109985
2007-01-20,1.9104109589041094,-6.246212676068536,6.155801717164427
2007-01-21,1.8948493150684929,-6.688383382074859,0.8135340670063655
2007-01-22,1.8844931506849312,-7.324531608277878,1.2000384575929468
2007-01-23,1.8641369863013697,-7.4403398274559605,1.816202841154591
2007-01-24,1.8439452054794518,-7.088863887870433,-9.38508131760902
2007-01-25,1.8367671232876712,-7.545687913160211,-9.301079210127458
2007-01-26,1.8283561643835613,-7.297627498688838,-9.420728665694723
2007-01-27,1.825780821917808,-7.335795394719748,-5.77998542719806
2007-01-28,1.8225753424657531,-7.293775724891859,-1.1687996175738942
2007-01-29,1.8015068493150683,-6.831487702412056,0.14998085309698705
2007-01-30,1.780027397260274,-6.521976638133868,3.021949240873594
2007-01-31,1.7853424657534247,-6.593745517656172,2.6284030519027475
2007-02-01,1.7917534246575342,-6.734910954958596,2.233157530301062
2007-02-02,1.796849315068493,-6.943091495878863,4.09624218081037
2007-02-03,1.815041095890411,-6.357349311122979,1.2423082152325682
2007-02-04,1.838931506849315,-6.145156827807209,4.006225320957894
2007-02-05,1.8633972602739726,-7.438229535921012,3.0548322756470396
2007-02-06,1.87613698630137,-7.513642251059754,-1.0624947352416152
2007-02-07,1.8756164383561644,-7.509302244034816,-1.2063141943213482
2007-02-08,1.865890410958904,-7.6464121843228385,-0.30947822663606583
2007-02-09,1.8650136986301369,-7.4344395815831135,0.8194258829529764
2007-02-10,1.8783013698630138,-7.514391109507243,0.08608973964422972
2007-02-11,1.9012876712328768,-7.884687561913284,1.113399890680408
2007-02-12,1.9205753424657535,-7.442676322011634,1.262100979545881
2007-02-13,1.9428219178082191,-7.944499293560633,-0.6683226242475859
2007-02-14,1.9630958904109588,-7.9744669788433855,2.061371088432426
2007-02-15,1.9693424657534246,-8.227892338871486,2.5985498731180616
2007-02-16,1.9589589041095892,-7.812736033989153,6.423777129879564
2007-02-17,1.9553698630136989,-7.438166311474226,6.262796448460527
2007-02-18,1.9514520547945207,-6.508159989029547,-0.4932920657649733
2007-02-19,1.9443013698630136,-6.458881450216762,0.8445800803537491
2007-02-20,1.9379726027397262,-6.808605370132464,2.0806327673927383
2007-02-21,1.9339178082191781,-7.457442040311599,2.2135242320924204
2007-02-22,1.9278356164383563,-7.011469437571872,1.5836338211335157
2007-02-23,1.9326575342465753,-6.687996307961758,1.2453387737151838
2007-02-24,1.953041095890411,-6.739202489907665,0.8261613940172543
2007-02-25,1.9747671232876713,-6.268228833427159,-0.436538289860513
2007-02-26,2.0025753424657537,-6.656306810244861,-1.956268532220892
2007-02-27,2.0236986301369866,-7.091073933532533,-0.20262469660445337
2007-02-28,2.0455068493150685,-7.197087280915743,3.4615804316006744
2007-03-01,2.0625753424657534,-6.783026866444371,1.950451523978617
2007-03-02,2.065342465753425,-6.371295921590138,0.2059534558367142
2007-03-03,2.052301369863014,-5.973124513089962,0.7608231432269479
2007-03-04,2.0431232876712326,-6.301552331846548,1.6784290441753154
2007-03-05,2.0286027397260273,-6.100935542243457,1.80233280251743
2007-03-06,1.9891780821917808,-6.587050048741524,2.8178719665497436
2007-03-07,1.9444657534246577,-6.549626796194984,1.7951610427703262
2007-03-08,1.9077260273972603,-5.825435015373067,-0.8022910120241935
2007-03-09,1.885041095890411,-5.2572614993913325,-2.3177795964990784
2007-03-10,1.8755068493150684,-5.983395675717289,-3.67211117359778
2007-03-11,1.8547397260273972,-5.6011146781760175,-0.23362504785137972
2007-03-12,1.8413972602739728,-5.379382328334079,3.457985068060106
2007-03-13,1.820958904109589,-5.48494045970043,2.8739815555908406
2007-03-14,1.812,-5.247581134094529,2.6155811340945285
2007-03-15,1.8095616438356164,-4.2096563009368175,2.550094657101201
2007-03-16,1.811178082191781,-4.157675268270854,1.8364971860790726
2007-03-17,1.813068493150685,-4.757220052253995,0.9741515591033103
2007-03-18,1.8163561643835615,-4.175884611439101,2.1295284470555393
2007-03-19,1.8246575342465752,-4.427621176244159,-6.677036358002415
2007-03-20,1.8144383561643833,-4.121782749830391,-9.912655606333992
2007-03-21,1.8030410958904108,-4.871725847828283,-9.031315248062128
2007-03-22,1.7928767123287672,-4.816027217691297,-9.106849494637473
2007-03-23,1.7890410958904108,-5.09124323455115,-7.177797861339262
2007-03-24,1.780876712328767,-5.183326128825824,-6.3975505835029445
2007-03-25,1.7723561643835617,-5.528761323767869,-2.2435948406156925
2007-03-26,1.772849315068493,-4.983116785657577,0.6102674705890845
2007-03-27,1.762109589041096,-4.696721281618237,-1.8353883074228579
2007-03-28,1.746876712328767,-4.554541443191823,-2.092335269136944
2007-03-29,1.724712328767123,-4.402521773363936,-1.842190555403187
2007-03-30,1.7033150684931506,-4.0947479763846575,-2.0485670921084935
2007-03-31,1.685013698630137,-3.26172514533443,-3.0132885532957063
2007-04-01,1.675780821917808,-3.033782749830391,-1.4219980720874164
2007-04-02,1.6746849315068493,-3.121732872766815,-0.022952058740034254
2007-04-03,1.6776712328767123,-3.5048828552044693,-0.9527883776722428
2007-04-04,1.6838082191780823,-3.3825512781057685,-2.4912569410723138
2007-04-05,1.7043013698630136,-3.7824444990400856,0.558143129177072
2007-04-06,1.7293150684931509,-4.325312781442614,3.5059977129494633
2007-04-07,1.737178082191781,-4.430534418253292,3.4533563360615114
2007-04-08,1.7466027397260273,-4.3496829957032395,2.7430802559772123
2007-04-09,1.738,-3.8241065994967074,2.2761065994967074
2007-04-10,1.7235342465753425,-3.699958373293686,2.826424126718343
2007-04-11,1.7072328767123288,-3.529810849584518,5.27257797287219
2007-04-12,1.6968767123287671,-3.295453982707103,4.778577270378336
2007-04-13,1.6904383561643836,-3.9501670139680796,5.089728657803696
2007-04-14,1.685753424657534,-3.63545749517637,6.219704070518835
2007-04-15,1.6935342465753425,-3.0300827147056983,6.586548468130356
2007-04-16,1.704054794520548,-2.676071474804047,5.722016680283499
2007-04-17,1.7033698630136986,-2.658051804976158,5.15468194196246
2007-04-18,1.698054794520548,-2.376564625488979,2.548509830968431
2007-04-19,1.678821917808219,-2.1774286929283893,4.17860677512017
2007-04-20,1.6594246575342466,-1.7045006985483397,4.065076041014093
2007-04-21,1.629835616438356,-1.60474165393998,4.514906037501624
2007-04-22,1.5948219178082192,-1.3483911095072436,4.9135691916990245
2007-04-23,1.5653424657534245,-0.970426936693756,4.555084470940332
2007-04-24,1.5523287671232875,-0.5687809935957578,5.2564522264724705
2007-04-25,1.5347123287671232,-0.44575535257011695,5.9610430238029934
2007-04-26,1.5174246575342465,-0.36008903715037677,4.1426643796161295
2007-04-27,1.5005753424657533,-0.10397944810928078,3.463404105643528
2007-04-28,1.4826027397260275,-0.08841780427366439,3.505815064547637
2007-04-29,1.4700000000000002,-0.2501269718184484,4.020126971818448
2007-04-30,1.4638630136986301,-0.2514750575226986,1.9576120438240685
2007-05-01,1.442794520547945,0.11849895020473389,2.058706529247321
2007-05-02,1.4262739726027396,-0.08670371927190826,-0.3095702533308313
2007-05-03,1.4421643835616438,-0.2317651874840614,-0.9103991960775824
2007-05-04,1.4850958904109588,0.1394501268819379,-0.5545460172928967
2007-05-05,1.5251506849315066,-0.018806985868325486,-2.246343699063181
2007-05-06,1.5446301369863011,0.16499912582819712,-2.2096292628144982
2007-05-07,1.5543561643835613,0.8065144050695039,-0.6308705694530652
2007-05-08,1.5352328767123287,0.8789808609880143,1.2257862622996571
2007-05-09,1.5092602739726027,1.1716327752837643,1.6191069507436329
2007-05-10,1.4974246575342465,1.6106717636926158,2.7819035787731377
2007-05-11,1.4734246575342465,1.9133068181358892,1.4732685243298649
2007-05-12,1.454712328767123,2.3271382196111263,1.7881494516217513
2007-05-13,1.4436164383561643,2.3469380088629705,1.969445552780865
2007-05-14,1.4265753424657532,2.079670709951836,0.4137539475824106
2007-05-15,1.4020821917808217,1.521290660777266,-5.963372852558088
2007-05-16,1.366849315068493,0.8342860945672206,-4.121135409635714
2007-05-17,1.324849315068493,0.4417557117080709,-2.226605026776564
2007-05-18,1.290657534246575,0.5229106116026966,1.4564318541507286
2007-05-19,1.2634246575342463,1.26421303520649,4.642362307259264
2007-05-20,1.246630136986301,2.199844225933571,4.4035256370801275
2007-05-21,1.2339178082191777,2.769824556105682,5.19625763567514
2007-05-22,1.234821917808219,2.902159645673648,4.753018436518134
2007-05-23,1.238931506849315,2.3225720095654645,5.828496483585221
2007-05-24,1.254986301369863,2.6180395192247548,5.606974179405382
2007-05-25,1.2533698630136985,3.3267370956209614,4.519893041365339
2007-05-26,1.2492328767123286,3.5091782617607574,0.8515888615269143
2007-05-27,1.2340547945205478,3.7641561332043825,-1.03821092772493
2007-05-28,1.2063013698630136,3.4835597159230334,-7.779861085786047
2007-05-29,1.1843561643835614,4.096879701873156,-8.641235866256718
2007-05-30,1.1765753424657532,3.719338430359282,-5.225913772825035
2007-05-31,1.173013698630137,3.140810154981692,-1.9938238536118291
2007-06-01,1.1653698630136984,2.753534426144319,-4.578904289158018
2007-06-02,1.15772602739726,2.720678086137294,-2.3184041135345543
2007-06-03,1.1463013698630133,3.404964001135538,0.7887346290014485
2007-06-04,1.13172602739726,4.208854412094443,1.2094195605082971
2007-06-05,1.114794520547945,4.4431073098815865,0.9420981695704684
2007-06-06,1.1106027397260272,4.101932037665219,2.1274652226087536
2007-06-07,1.110794520547945,4.352151918241264,2.2670535612107923
2007-06-08,1.1101917808219177,4.515270990949378,2.6245372282287045
2007-06-09,1.0927123287671232,4.64739533236139,3.019892338871486
2007-06-10,1.0930684931506849,4.398231300046674,3.7087002068026402
2007-06-11,1.0980273972602737,4.771327892951485,1.7906447097882419
2007-06-12,1.096739726027397,4.822098528708422,1.741161745264181
2007-06-13,1.0821643835616437,5.01027696214713,1.9875586542912265
2007-06-14,1.065808219178082,5.386000179568977,1.9981916012529402
2007-06-15,1.0452876712328765,5.604099231202276,-1.9393869024351522
2007-06-16,1.0143287671232875,5.769240783713691,-1.8235695508369787
2007-06-17,0.987945205479452,6.115490871525423,-0.553436077004875
2007-06-18,0.9675890410958903,6.618806642512426,1.483604316391685
2007-06-19,0.9714246575342464,6.442742013077933,4.07583332938782
2007-06-20,0.9828767123287669,6.005523186242669,5.121600101428563
2007-06-21,0.9881095890410958,6.105474011672947,1.6764163992859569
2007-06-22,0.9930684931506848,6.463422027127811,-1.5064905202784953
2007-06-23,0.9952054794520546,6.6153679351011165,-2.400573414553171
2007-06-24,0.9895068493150683,6.7376236428636735,0.9828695078212588
2007-06-25,0.9826575342465751,6.846494735241616,-0.6791522694881911
2007-06-26,0.9725753424657533,7.677430615115167,-6.060005957580921
2007-06-27,0.9646301369863012,7.638049793197358,-7.41267993018366
2007-06-28,0.9544931506849315,7.216994998676809,-5.1414881493617415
2007-06-29,0.9549315068493149,7.726461437032974,-1.9513929438822881
2007-06-30,0.9518630136986301,7.816629930183659,-0.5084929438822892
2007-07-01,0.9335890410958902,7.758190889087769,0.58822006981634
2007-07-02,0.9079452054794519,7.849064176759002,-3.5470093822384543
2007-07-03,0.8884931506849314,7.624521711005577,-2.533014861690508
2007-07-04,0.8830958904109588,7.535721711005578,-6.818817601416536
2007-07-05,0.8728493150684931,7.660425820594618,-7.7032751356631115
2007-07-06,0.8611506849315068,7.659828560320647,-2.080979245252153
2007-07-07,0.8590958904109588,7.68018212547695,0.11072198411209122
2007-07-08,0.8537260273972601,7.488536884872805,0.9077370877299353
2007-07-09,0.8513972602739724,7.555372852558088,-4.416770112832061
2007-07-10,0.8447123287671232,7.205849143390544,-8.440561472157667
2007-07-11,0.8288219178082191,7.305116442301679,-7.4939383601098974
2007-07-12,0.8143561643835616,7.330495437735468,-4.224851602119029
2007-07-13,0.8058630136986301,7.646339484100062,1.8377975022013073
2007-07-14,0.7921643835616439,7.703801373808528,4.1140342426298275
2007-07-15,0.7706849315068494,8.03939533236139,4.09991973613176
2007-07-16,0.7603013698630137,8.195239378725985,3.4344592514110026
2007-07-17,0.748,8.524629614061425,3.387370385938576
2007-07-18,0.735890410958904,8.249456449326617,3.444653139714479
2007-07-19,0.7274520547945205,8.07071672329922,4.381831221906259
2007-07-20,0.7230958904109588,8.549601865554225,2.6273022440348175
2007-07-21,0.718931506849315,8.76107921012746,1.199989283023223
2007-07-22,0.718821917808219,8.624287499554926,-3.003109417363145
2007-07-23,0.7314794520547944,8.375106607387734,-0.9165860594425288
2007-07-24,0.7253972602739724,8.768581141985555,-4.133978402259527
2007-07-25,0.7216438356164382,8.909926417714393,-2.871570253330832
2007-07-26,0.762,8.911056027830305,0.7369439721696942
2007-07-27,0.7948219178082192,8.542165265624476,0.5530128165673052
2007-07-28,0.8332054794520547,8.147170534328373,0.7296239862195737
2007-07-29,0.862904109589041,8.681203551539472,-1.3141076611285127
2007-07-30,0.8863287671232875,8.519180369242317,-6.1955091363656045
2007-07-31,0.903835616438356,7.949296983221945,-5.073132599660301
2007-08-01,0.8976438356164382,8.453571658318538,1.2487845060650233
2007-08-02,0.8849863013698629,9.16424113496062,-1.4992274363304814
2007-08-03,0.876712328767123,8.66974657928798,-5.066458908055102
2007-08-04,0.8543835616438353,8.564114686067047,-0.4884982477108828
2007-08-05,0.8426575342465752,8.37739533236139,2.3099471333920345
2007-08-06,0.8245753424657533,8.975322975494512,1.9901016820397341
2007-08-07,0.8163561643835615,8.932508785118678,-0.9688649495022403
2007-08-08,0.824931506849315,8.89066614374179,-4.865597650591105
2007-08-09,0.8266849315068493,8.38539743984295,-7.8520823713498
2007-08-10,0.8374246575342466,8.317084127584431,-6.224508785118678
2007-08-11,0.8492602739726027,8.196149810759705,-2.2154100847323077
2007-08-12,0.8620000000000001,8.677133302154154,-0.8691333021541539
2007-08-13,0.8627397260273975,7.893801373808529,-0.1665410998359267
2007-08-14,0.861232876712329,7.751190906650114,1.3775762166375571
2007-08-15,0.8644657534246576,7.766952761233887,3.598581485341456
2007-08-16,0.8644109589041096,7.973079912621312,-0.7374908715254218
2007-08-17,0.8615068493150686,8.140393576126758,-4.8419004254418265
2007-08-18,0.8441917808219179,7.9143275417045595,-1.4585193225264774
2007-08-19,0.8292602739726029,8.228461718030514,-2.007721992003118
2007-08-20,0.8333150684931507,7.889133302154154,-5.392448370647305
2007-08-21,0.8350410958904109,7.4533911173982705,-5.538432213288681
2007-08-22,0.8329589041095891,7.278654903840141,-4.15161380794973
2007-08-23,0.8352054794520548,7.753854060847515,-3.3190595402995706
2007-08-24,0.8426301369863014,7.775518971279549,-0.8581491082658506
2007-08-25,0.8571506849315067,7.320444155684187,2.1124051593843065
2007-08-26,0.8738356164383562,6.861314545568274,4.384849837993369
2007-08-27,0.8866575342465753,6.879403762287627,4.823938703465798
2007-08-28,0.9025753424657534,6.47600298954439,2.831421667989857
2007-08-29,0.911178082191781,6.201467689228267,1.0973542285799525
2007-08-30,0.9110684931506852,6.061980509741088,-1.7230490028917727
2007-08-31,0.9161369863013701,6.24275887293041,-3.2588958592317803
2007-09-01,0.9243561643835619,5.6700816688559454,-2.2144378332395074
2007-09-02,0.9323561643835618,5.8623928736329045,-0.9247490380164667
2007-09-03,0.9352328767123289,5.695381282484327,-1.5006141591966555
2007-09-04,0.9150684931506851,5.494617671665921,-8.539686164816606
2007-09-05,0.8827123287671235,5.281013878199114,-9.173726206966236
2007-09-06,0.8640000000000001,5.586893049256367,-6.730893049256367
2007-09-07,0.8710410958904109,6.073948195023842,-3.614989290914253
2007-09-08,0.8681095890410959,6.217741661831007,-1.8858512508721033
2007-09-09,0.8777260273972602,5.98430997935823,-3.74203600675549
2007-09-10,0.8752602739726028,5.390670358704909,-1.0559306326775122
2007-09-11,0.8604109589041096,4.631134004648008,-3.2415449635521174
2007-09-12,0.8559452054794521,4.917950302505401,-0.763895507984854
2007-09-13,0.8427945205479452,5.093451531869645,1.3637539475824099
2007-09-14,0.8394794520547946,5.059232353787453,0.9212881941577526
2007-09-15,0.8416438356164384,5.30114735203122,1.2072088123523415
2007-09-16,0.8382739726027397,5.471748686769539,2.1099773406277214
2007-09-17,0.8254794520547946,5.39086494950224,2.4636555984429647
2007-09-18,0.8237808219178083,5.345998072087418,-4.979778894005226
2007-09-19,0.8254520547945206,4.331037762990123,-5.5164898177846435
2007-09-20,0.824986301369863,4.213026523088471,-1.7080128244583341
2007-09-21,0.832082191780822,4.014211630218784,2.2337061780003937
2007-09-22,0.8293698630136985,3.938477172895285,2.6521529640910164
2007-09-23,0.8238630136986301,3.9207848652029775,2.8353521210983925
2007-09-24,0.8027945205479452,3.8721484057719975,2.695057073680057
2007-09-25,0.77586301369863,3.723670007457983,-3.8395330211566128
2007-09-26,0.7663561643835616,3.1143795262496936,-6.550735690633255
2007-09-27,0.7589863013698629,3.4609703235802174,-7.1499566249500806
2007-09-28,0.7546849315068493,3.9452815283571745,-5.929966459864024
2007-09-29,0.7562465753424656,3.9082692347147447,-3.9945158100572105
2007-09-30,0.7638904109589041,3.8416201303944075,-1.1055105413533117
2007-10-01,0.7612328767123288,3.7382074152556646,2.0305597080320066
2007-10-02,0.7556986301369863,3.4934508293757913,4.410850540487222
2007-10-03,0.7496712328767123,2.7181947703663076,5.532133996756979
2007-10-04,0.7403835616438356,1.961820341142563,4.337796097213602
2007-10-05,0.7244383561643836,2.31159203064028,6.003969613195334
2007-10-06,0.7078356164383561,2.551293470752679,2.5308709128089646
2007-10-07,0.688,3.110797510092335,1.1512024899076656
2007-10-08,0.6608767123287671,3.1437395543494477,0.02538373332178523
2007-10-09,0.6488219178082193,2.9772091714902973,-1.1860310892985166
2007-10-10,0.6398082191780823,2.783380579990473,-1.6631887991685554
2007-10-11,0.6305479452054795,2.857145947043512,-0.5876938922489918
2007-10-12,0.6186301369863014,2.7451340046480075,0.596235858365691
2007-10-13,0.5940000000000001,2.5351747492914916,1.7408252507085082
2007-10-14,0.571013698630137,2.297583600714042,4.041402700655821
2007-10-15,0.5425205479452055,1.5673257854699252,4.93015366658487
2007-10-16,0.5087397260273971,0.6918990204541192,4.119361253518484
2007-10-17,0.4756438356164383,0.5998140186978846,2.524542145685677
2007-10-18,0.4606575342465753,0.07143748199258068,-2.7620950162391558
2007-10-19,0.44561643835616427,0.434118198536311,-6.579734636892475
2007-10-20,0.43098630136986293,0.9325242399834485,-10.113510541353312
2007-10-21,0.41583561643835615,0.9541547282166764,-10.509990344655034
2007-10-22,0.3973972602739726,1.0387174257930725,-8.696114686067045
2007-10-23,0.3754794520547945,1.0161645631306206,-2.071644015185415
2007-10-24,0.3541369863013698,0.7095365336258791,-3.143673519927249
2007-10-25,0.33493150684931505,0.8556067830111969,-2.410538289860512
2007-10-26,0.3164109589041096,1.5459798072472348,-0.6923907661513444
2007-10-27,0.30257534246575335,1.6977065371383482,-0.6702818796041015
2007-10-28,0.291917808219178,1.6723781212619873,0.045704070518834516
2007-10-29,0.27964383561643835,1.2832211138858016,0.70713505049776
2007-10-30,0.26660273972602744,0.10286705698379968,-2.959469796709827
2007-10-31,0.25273972602739725,-0.5999956054679039,-0.14274412055949337
2007-11-01,0.2413150684931507,-0.9022604456505525,3.340945377157402
2007-11-02,0.240986301369863,-0.5789769893807946,5.547990688010932
2007-11-03,0.2442739726027397,-0.33294748463896096,4.508673512036221
2007-11-04,0.2548767123287671,-0.3139752331461618,1.2290985208173946
2007-11-05,0.2624383561643835,-0.6598066346213988,2.7073682784570154
2007-11-06,0.2640273972602739,-1.6624030519027482,-3.3216243453575256
2007-11-07,0.26063013698630133,-1.9510739335325336,-2.6095562034537676
2007-11-08,0.2584931506849315,-2.8881269718184486,-0.19036617886648255
2007-11-09,0.2529041095890411,-4.0193633610000425,-4.953540748588999
2007-11-10,0.2505205479452055,-3.271392163248023,-4.569128384697182
2007-11-11,0.24295890410958906,-2.9015333645125123,-1.0114255395970768
2007-11-12,0.23495890410958903,-3.2643222651096324,-6.280636638999958
2007-11-13,0.23213698630136986,-3.2585365257348515,-7.403600460566518
2007-11-14,0.2508493150684932,-2.783034593876755,-6.987814721191738
2007-11-15,0.26347945205479456,-3.6141571790541347,-10.59932227300066
2007-11-16,0.27260273972602744,-4.008117839398357,-8.08448490032767
2007-11-17,0.27117808219178086,-4.270810498337591,-5.20036758385419
2007-11-18,0.25320547945205485,-3.8082077586115646,-2.8649977208404898
2007-11-19,0.2363287671232877,-4.5146468172698,-1.001681949853488
2007-11-20,0.21290410958904105,-4.422303297775596,0.5393991881865547
2007-11-21,0.19049315068493144,-3.870726901569063,2.100233750884131
2007-11-22,0.16794520547945202,-4.790910252464743,3.4729650469852906
2007-11-23,0.1504383561643835,-4.439180712598216,2.9587423564338327
2007-11-24,0.13553424657534247,-4.460228833427158,2.564694586851816
2007-11-25,0.1327397260273972,-4.114927814811072,0.05218808878367476
2007-11-26,0.13704109589041086,-4.292378464617886,-3.6646626312725257
2007-11-27,0.16767123287671226,-4.150512640943843,-1.147158591932869
2007-11-28,0.1993698630136986,-3.947609233848656,2.9382393708349572
2007-11-29,0.21852054794520545,-4.23279925843594,1.0242787104907345
2007-11-30,0.22854794520547939,-4.137071826050973,1.2785238808454937
2007-12-01,0.2457808219178082,-4.800926409823366,3.1851455879055575
2007-12-02,0.2625753424657534,-5.359052156223084,1.2464768137573312
2007-12-03,0.2672054794520548,-5.913653490961405,-0.5035519884906501
2007-12-04,0.2626575342465754,-5.665217242278582,-1.617440291967993
2007-12-05,0.25564383561643844,-5.219905686254697,4.614261850638259
2007-12-06,0.24772602739726027,-5.219241127069589,2.5215150996723286
2007-12-07,0.23797260273972604,-5.187364765987748,3.0893921632480223
2007-12-08,0.2221369863013699,-5.240638387343562,-2.971498598957808
2007-12-09,0.21082191780821916,-5.291845974277177,-1.6489759435310427
2007-12-10,0.20194520547945194,-5.151193357487574,-2.2907518479918787
2007-12-11,0.20008219178082176,-5.3989172774032745,-3.0811649143775472
2007-12-12,0.19315068493150672,-5.646160691523401,-3.4769899934081048
2007-12-13,0.18276712328767103,-6.152559005538153,-2.3302081177495193
2007-12-14,0.15906849315068475,-6.533144885411704,-0.00592360773898104
2007-12-15,0.14599999999999977,-6.692673512036221,-4.643326487963778
2007-12-16,0.13208219178082167,-6.35418246883285,-5.127899722947971
2007-12-17,0.12117808219178058,-5.93785791667268,-5.603320165519101
2007-12-18,0.10739726027397237,-6.405264309366745,-1.2421329509072274
2007-12-19,0.09260273972602728,-6.692153666584869,0.5795509268588424
2007-12-20,0.08347945205479441,-6.653272739292981,2.649793287238187
2007-12-21,0.08526027397260266,-5.980386192050272,2.215125918077669
2007-12-22,0.10013698630136972,-5.777692830617183,0.35755584431581333
2007-12-23,0.11986301369862998,-5.485762377508649,0.7258993638100186
2007-12-24,0.13035616438356146,-4.766436771607699,0.2660806072241373
2007-12-25,0.1477260273972601,-4.468885665179881,0.3311596377826209
2007-12-26,0.1776164383561642,-5.35002370522203,0.16240726686586626
2007-12-27,0.20410958904109583,-5.8695937789838855,-0.9845158100572107
2007-12-28,0.2201369863013698,-6.218338422468254,1.4682014361668845
2007-12-29,0.22904109589041088,-6.886126269324594,1.447085173434183
2007-12-30,0.23556164383561634,-7.221306458997936,-1.084255184837681
2007-12-31,0.2387671232876712,-6.639114678176017,-3.9496524451116537
2008-01-01,0.25501369863013695,-7.187616961281041,-2.907396737349096
2008-01-02,0.2703287671232877,-7.054204246142298,-3.7661245209809913
2008-01-03,0.2890684931506849,-6.874877937747495,-4.06419055540319
2008-01-04,0.30356164383561646,-6.34970969046966,-1.003851953365956
2008-01-05,0.3132602739726027,-5.796353877333025,0.23309360336042229
2008-01-06,0.3142739726027397,-6.567875479019009,2.0136015064162693
2008-01-07,0.3038082191780822,-6.952945377157402,3.5891371579793194
2008-01-08,0.30547945205479443,-6.344883557698322,0.1794041056435267
2008-01-09,0.323945205479452,-5.8177110954573665,0.6837658899779147
2008-01-10,0.3496712328767122,-5.446057424926983,0.9463861920502703
2008-01-11,0.36643835616438347,-4.891534067006366,0.3750957108419817
2008-01-12,0.357945205479452,-4.98428643792312,-2.003658767556332
2008-01-13,0.3344383561643835,-5.72706199113703,0.09262363497264658
2008-01-14,0.3023287671232876,-5.9490205439996915,0.4566917768764034
2008-01-15,0.28580821917808213,-6.536574460402923,0.9907662412248408
2008-01-16,0.27778082191780823,-6.733023353975104,0.5952425320572949
2008-01-17,0.2615616438356165,-7.031281169219221,-0.21028047461639598
2008-01-18,0.23958904109589046,-6.974241478316517,4.014652437220627
2008-01-19,0.23030136986301375,-6.85518563005519,6.744884260192176
2008-01-20,0.22542465753424656,-6.246212676068536,7.8007880185342895
2008-01-21,0.21627397260273967,-6.688383382074859,7.11210940947212
2008-01-22,0.20027397260273966,-7.324531608277878,0.6642576356751384
2008-01-23,0.19876712328767118,-7.4403398274559605,2.1115727041682897
2008-01-24,0.20238356164383553,-7.088863887870433,6.986480326226598
2008-01-25,0.2028493150684931,-7.545687913160211,4.312838598091718
2008-01-26,0.20221917808219164,-7.297627498688838,6.215408320606646
2008-01-27,0.2020547945205478,-7.335795394719748,6.6837406001992
2008-01-28,0.2097808219178081,-7.293775724891859,8.99399490297405
2008-01-29,0.23161643835616424,-6.831487702412056,8.109871264055892
2008-01-30,0.25117808219178067,-6.521976638133868,2.2907985559420876
2008-01-31,0.257835616438356,-6.593745517656172,-0.4640900987821839
2008-02-01,0.2620547945205478,-6.734910954958596,0.7428561604380475
2008-02-02,0.27572602739726015,-6.943091495878863,-2.5326345315183962
2008-02-03,0.2838082191780821,-6.357349311122979,-1.5064589080551034
2008-02-04,0.2821917808219177,-6.145156827807209,-1.0370349530147092
2008-02-05,0.2766849315068492,-7.438229535921012,1.6415446044141637
2008-02-06,0.28408219178082184,-7.513642251059754,3.659560059278933
2008-02-07,0.3007123287671232,-7.509302244034816,1.0085899152676925
2008-02-08,0.3142739726027397,-7.6464121843228385,5.162138211720099
2008-02-09,0.3222465753424657,-7.4344395815831135,6.682193006240648
2008-02-10,0.3303287671232877,-7.514391109507243,6.2840623423839554
2008-02-11,0.33301369863013697,-7.884687561913284,2.9516738632831476
2008-02-12,0.33389041095890415,-7.442676322011634,2.29878591105273
2008-02-13,0.327095890410959,-7.944499293560633,2.127403403149674
2008-02-14,0.31512328767123304,-7.9744669788433855,3.6893436911721524
2008-02-15,0.2991232876712331,-8.227892338871486,3.208769051200253
2008-02-16,0.2983835616438358,-7.812736033989153,1.7643524723453172
2008-02-17,0.2913698630136987,-7.438166311474226,2.4767964484605267
2008-02-18,0.2937808219178084,-6.508159989029547,2.644379167111739
2008-02-19,0.30997260273972627,-6.458881450216762,3.108908847477036
2008-02-20,0.3200821917808221,-6.808605370132464,2.9385231783516423
2008-02-21,0.3354246575342467,-7.457442040311599,4.632017382777352
2008-02-22,0.3432876712328769,-7.011469437571872,5.8781817663389955
2008-02-23,0.3322191780821919,-6.687996307961758,8.145777129879566
2008-02-24,0.3183835616438358,-6.739202489907665,8.55081892826383
2008-02-25,0.3018904109589043,-6.268228833427159,5.916338422468255
2008-02-26,0.289150684931507,-6.656306810244861,5.567156125313354
2008-02-27,0.28736986301369877,-7.091073933532533,4.673704070518834
2008-02-28,0.2889041095890412,-7.197087280915743,5.178183171326702
2008-02-29,0.30241095890410974,-6.783026866444371,5.560615907540261
2008-03-01,0.32671232876712347,-6.371295921590138,4.944583592823015
2008-03-02,0.34575342465753445,-5.973124513089962,5.3873710884324275
2008-03-03,0.3500547945205482,-6.301552331846548,4.421497537325999
2008-03-04,0.36046575342465775,-6.100935542243457,-3.889530211181201
2008-03-05,0.3903835616438358,-6.587050048741524,-7.393333512902311
2008-03-06,0.4189863013698632,-6.549626796194984,-3.5093595051748796
2008-03-07,0.44304109589041113,-5.825435015373067,3.232393919482656
2008-03-08,0.4576438356164385,-5.2572614993913325,-1.9603823362251056
2008-03-09,0.4525479452054797,-5.983395675717289,1.2608477305118102
2008-03-10,0.45942465753424677,-5.6011146781760175,0.2616900206417707
2008-03-11,0.47460273972602757,-5.379382328334079,-0.5952204113919493
2008-03-12,0.4994246575342467,-5.48494045970043,2.565515802166183
2008-03-13,0.5161369863013701,-5.247581134094529,-0.8885558522068413
2008-03-14,0.5155068493150686,-4.2096563009368175,2.6341494516217487
2008-03-15,0.5015068493150686,-4.157675268270854,3.936168418955785
2008-03-16,0.48128767123287686,-4.757220052253995,1.075932381021118
2008-03-17,0.4492054794520549,-4.175884611439101,-1.1733208680129543
2008-03-18,0.42320547945205483,-4.427621176244159,-5.895584303207896
2008-03-19,0.4316712328767124,-4.121782749830391,-7.919888483046321
2008-03-20,0.445095890410959,-4.871725847828283,-7.843370042582676
2008-03-21,0.4426027397260274,-4.816027217691297,-5.166575522034729
2008-03-22,0.42753424657534256,-5.09124323455115,-6.806291012024194
2008-03-23,0.4066575342465754,-5.183326128825824,-7.033331405420752
2008-03-24,0.3819452054794521,-5.528761323767869,-8.543183881711583
2008-03-25,0.35830136986301375,-4.983116785657577,-7.805184584205437
2008-03-26,0.354109589041096,-4.696721281618237,-3.897388307422859
2008-03-27,0.35931506849315076,-4.554541443191823,-3.394773625301328
2008-03-28,0.36673972602739735,-4.402521773363936,-2.0542179526634614
2008-03-29,0.3720547945205481,-4.0947479763846575,-0.14730681813589097
2008-03-30,0.3743561643835618,-3.26172514533443,1.0873689809508682
2008-03-31,0.3712876712328769,-3.033782749830391,-1.087504921402486
2008-04-01,0.3575342465753426,-3.121732872766815,-0.7258013738085278
2008-04-02,0.34323287671232894,-3.5048828552044693,-1.81835002150786
2008-04-03,0.32386301369863035,-3.3825512781057685,-4.521311735592862
2008-04-04,0.2935616438356168,-3.7824444990400856,-3.8511171447955306
2008-04-05,0.2530410958904113,-4.325312781442614,-1.077728314447798
2008-04-06,0.23649315068493187,-4.430534418253292,-2.2859587324316397
2008-04-07,0.2324657534246578,-4.3496829957032395,-5.642782757721418
2008-04-08,0.23432876712328793,-3.8241065994967074,-0.6202221676265807
2008-04-09,0.23783561643835646,-3.699958373293686,1.0221227568553295
2008-04-10,0.24290410958904138,-3.529810849584518,3.356906739995477
2008-04-11,0.2510136986301372,-3.295453982707103,1.8744402840769658
2008-04-12,0.2564383561643837,-3.9501670139680796,-2.466271342196304
2008-04-13,0.26268493150684946,-3.63545749517637,-0.7472274363304798
2008-04-14,0.26679452054794534,-3.0300827147056983,-2.386711805842247
2008-04-15,0.26594520547945216,-2.676071474804047,-5.1698737306754055
2008-04-16,0.2684383561643838,-2.658051804976158,-5.490386551188226
2008-04-17,0.26750684931506863,-2.376564625488979,-1.4909422238260897
2008-04-18,0.2712876712328769,-2.1774286929283893,0.09614102169551231
2008-04-19,0.2936712328767125,-1.7045006985483397,0.09082946567162709
2008-04-20,0.32695890410958917,-1.60474165393998,0.28778274983039087
2008-04-21,0.36476712328767136,-1.3483911095072436,-0.5863760137804279
2008-04-22,0.3957534246575344,-0.970426936693756,-2.2753264879637785
2008-04-23,0.40372602739726043,-0.5687809935957578,-1.3849450338015026
2008-04-24,0.4161643835616439,-0.44575535257011695,0.069590969008473
2008-04-25,0.42953424657534256,-0.36008903715037677,-1.5294452094249658
2008-04-26,0.43709589041095903,-0.10397944810928078,-0.5231164423016783
2008-04-27,0.4482465753424659,-0.08841780427366439,0.6501712289311985
2008-04-28,0.45136986301369886,-0.2501269718184484,0.5587571088047496
2008-04-29,0.44139726027397286,-0.2514750575226986,-1.7799222027512744
2008-04-30,0.44279452054794544,0.11849895020473389,-2.001293470752679
2008-05-01,0.4270684931506852,-0.08670371927190826,-3.4803647738787773
2008-05-02,0.41380821917808247,-0.2317651874840614,-0.0020430316940210635
2008-05-03,0.4040547945205483,0.1394501268819379,1.7264950785975137
2008-05-04,0.3985753424657538,-0.018806985868325486,2.7502316434025715
2008-05-05,0.39556164383561687,0.16499912582819712,1.6994392303361858
2008-05-06,0.3912876712328771,0.8065144050695039,1.1121979236976192
2008-05-07,0.4028219178082195,0.8789808609880143,1.118197221203766
2008-05-08,0.41153424657534277,1.1716327752837643,1.9368329781408928
2008-05-09,0.4151780821917811,1.6106717636926158,1.8241501541156033
2008-05-10,0.4327671232876714,1.9133068181358892,1.6439260585764397
2008-05-11,0.45038356164383586,2.3271382196111263,0.03247821874503787
2008-05-12,0.45863013698630156,2.3469380088629705,0.03443185415072758
2008-05-13,0.48180821917808236,2.079670709951836,0.32852107087008164
2008-05-14,0.5008493150684932,1.521290660777266,1.7678600241542408
2008-05-15,0.512027397260274,0.8342860945672206,1.3436865081725056
2008-05-16,0.5434520547945206,0.4417557117080709,1.8847922334974085
2008-05-17,0.5783561643835619,0.5229106116026966,1.6487332240137418
2008-05-18,0.6054520547945207,1.26421303520649,-1.2596650900010107
2008-05-19,0.61227397260274,2.199844225933571,-1.1221181985363111
2008-05-20,0.6134794520547948,2.769824556105682,-2.7333040081604767
2008-05-21,0.6124931506849318,2.902159645673648,-2.80465279635858
2008-05-22,0.6150684931506851,2.3225720095654645,-1.7776405027161497
2008-05-23,0.6050410958904112,2.6180395192247548,-0.133080615115166
2008-05-24,0.5756712328767126,3.3267370956209614,-0.2424083284976737
2008-05-25,0.5444109589041098,3.5091782617607574,0.5364107793351325
2008-05-26,0.5266575342465757,3.7641561332043825,1.2391863325490418
2008-05-27,0.5191780821917811,3.4835597159230334,4.087262201885186
2008-05-28,0.5058630136986304,4.096879701873156,3.607257284428214
2008-05-29,0.4904109589041099,3.719338430359282,2.4502506107366084
2008-05-30,0.4819452054794524,3.140810154981692,2.3572446395388558
2008-05-31,0.4751506849315072,2.753534426144319,2.4013148889241736
2008-06-01,0.4600547945205483,2.720678086137294,4.509267119342158
2008-06-02,0.4490136986301373,3.404964001135538,3.1760223002343246
2008-06-03,0.435287671232877,4.208854412094443,0.24585791667267998
2008-06-04,0.4290136986301373,4.4431073098815865,-0.9321210085117237
2008-06-05,0.4114520547945209,4.101932037665219,-0.06338409245973953
2008-06-06,0.40005479452054826,4.352151918241264,-0.582206712761812
2008-06-07,0.3830958904109592,4.515270990949378,-2.4283668813603367
2008-06-08,0.3797534246575346,4.64739533236139,-0.3971487570189254
2008-06-09,0.3869315068493153,4.398231300046674,1.1748371931040111
2008-06-10,0.3895890410958906,4.771327892951485,1.8190830659526256
2008-06-11,0.3929041095890413,4.822098528708422,-0.08500263829746402
2008-06-12,0.39295890410958917,5.01027696214713,-1.1132358662567192
2008-06-13,0.38972602739726037,5.386000179568977,-5.975726206966237
2008-06-14,0.39309589041095905,5.604099231202276,-6.057195121613235
2008-06-15,0.40901369863013703,5.769240783713691,-6.298254482343828
2008-06-16,0.4317534246575342,6.115490871525423,-3.977244296182957
2008-06-17,0.4591780821917808,6.618806642512426,-3.0379847247042067
2008-06-18,0.46057534246575343,6.442742013077933,-0.8133173555436866
2008-06-19,0.4546575342465754,6.005523186242669,2.3198192795107557
2008-06-20,0.44783561643835623,6.105474011672947,2.866690371888697
2008-06-21,0.4489315068493151,6.463422027127811,4.467646466022876
2008-06-22,0.45553424657534247,6.6153679351011165,5.33909781832354
2008-06-23,0.4633698630136987,6.7376236428636735,5.339006494122628
2008-06-24,0.4725753424657535,6.846494735241616,6.17092992229263
2008-06-25,0.4812054794520549,7.677430615115167,5.341363905432779
2008-06-26,0.47643835616438357,7.638049793197358,2.745511850638258
2008-06-27,0.46761643835616434,7.216994998676809,1.1953885629670262
2008-06-28,0.45646575342465756,7.726461437032974,1.7970728095423691
2008-06-29,0.44482191780821917,7.816629930183659,2.378548152008122
2008-06-30,0.4459178082191781,7.758190889087769,2.2458913026930523
2008-07-01,0.4606849315068493,7.849064176759002,2.830250891734149
2008-07-02,0.4723013698630137,7.624521711005577,3.4731769191314106
2008-07-03,0.4805753424657534,7.535721711005578,0.42370294652866836
2008-07-04,0.49090410958904107,7.660425820594618,-2.0313299301836594
2008-07-05,0.4869315068493151,7.659828560320647,1.8332399328300388
2008-07-06,0.47734246575342476,7.68018212547695,0.8624754087696243
2008-07-07,0.45635616438356175,7.488536884872805,-2.514893049256367
2008-07-08,0.4323287671232877,7.555372852558088,-3.3877016196813763
2008-07-09,0.424027397260274,7.205849143390544,-1.2798765406508181
2008-07-10,0.4188219178082192,7.305116442301679,2.3060616398901006
2008-07-11,0.40802739726027404,7.330495437735468,2.3014771650042576
2008-07-12,0.4036712328767124,7.646339484100062,-0.8600107169767739
2008-07-13,0.40764383561643847,7.703801373808528,-4.081445209424966
2008-07-14,0.40739726027397266,8.03939533236139,-7.256792592635364
2008-07-15,0.40583561643835625,8.195239378725985,-2.2410749951643405
2008-07-16,0.3969589041095891,8.524629614061425,0.8084114818289869
2008-07-17,0.3929589041095891,8.249456449326617,-2.1324153534362065
2008-07-18,0.39808219178082194,8.07071672329922,-3.3087989150800423
2008-07-19,0.3932054794520548,8.549601865554225,-0.43280734500627993
2008-07-20,0.3766849315068493,8.76107921012746,-0.23776414163430992
2008-07-21,0.3569041095890411,8.624287499554926,-5.981191609143967
2008-07-22,0.3375890410958904,8.375106607387734,-6.362695648483624
2008-07-23,0.33090410958904104,8.768581141985555,-4.289485251574597
2008-07-24,0.31978082191780816,8.909926417714393,-1.1497072396322014
2008-07-25,0.298986301369863,8.911056027830305,1.369957670799831
2008-07-26,0.2835068493150684,8.542165265624476,0.8343278850604552
2008-07-27,0.2590684931506849,8.147170534328373,1.243760972520942
2008-07-28,0.23657534246575337,8.681203551539472,2.132221105994775
2008-07-29,0.20419178082191777,8.519180369242317,2.4566278499357654
2008-07-30,0.1747671232876712,7.949296983221945,2.795935893490384
2008-07-31,0.1722191780821917,8.453571658318538,4.404209163599271
2008-08-01,0.17720547945205473,9.16424113496062,0.7485533855873268
2008-08-02,0.17202739726027388,8.66974657928798,0.6282260234517469
2008-08-03,0.16852054794520538,8.564114686067047,3.1473647659877493
2008-08-04,0.17230136986301361,8.37739533236139,2.3903032977755956
2008-08-05,0.17961643835616428,8.975322975494512,0.6250605861493224
2008-08-06,0.1830136986301369,8.932508785118678,2.364477516251185
2008-08-07,0.18241095890410952,8.89066614374179,1.8469228973541014
2008-08-08,0.1886575342465753,8.38539743984295,-2.264054974089526
2008-08-09,0.18013698630136982,8.317084127584431,-2.657221113885801
2008-08-10,0.15438356164383557,8.196149810759705,1.4294666275964598
2008-08-11,0.13383561643835615,8.677133302154154,0.8390310814074908
2008-08-12,0.12602739726027393,7.893801373808529,0.890171228931198
2008-08-13,0.10509589041095892,7.751190906650114,-0.34628679706107324
2008-08-14,0.08156164383561643,7.766952761233887,0.01148559493049639
2008-08-15,0.050520547945205475,7.973079912621312,-5.763600460566518
2008-08-16,0.026520547945205454,8.140393576126758,-4.276914124071963
2008-08-17,0.007452054794520581,7.9143275417045595,-3.18177959649908
2008-08-18,-0.009753424657534288,8.228461718030514,-0.28870829337298076
2008-08-19,-0.02315068493150689,7.889133302154154,1.3740173827773523
2008-08-20,-0.04621917808219176,7.4533911173982705,-0.9671719393160787
2008-08-21,-0.07372602739726028,7.278654903840141,2.35507112355712
2008-08-22,-0.0916164383561644,7.753854060847515,0.47776237750864947
2008-08-23,-0.11304109589041098,7.775518971279549,-3.942477875389138
2008-08-24,-0.13564383561643834,7.320444155684187,-1.9448003200677482
2008-08-25,-0.16350684931506848,6.861314545568274,-0.5978076962532057
2008-08-26,-0.188986301369863,6.879403762287627,1.2495825390822368
2008-08-27,-0.20632876712328768,6.47600298954439,3.290325777578899
2008-08-28,-0.21197260273972607,6.201467689228267,2.780504913511458
2008-08-29,-0.2211232876712329,6.061980509741088,4.339142777930145
2008-08-30,-0.2184383561643836,6.24275887293041,6.745679483233974
2008-08-31,-0.2238904109589041,5.6700816688559454,5.883808742102958
2008-09-01,-0.23405479452054803,5.8623928736329045,1.8116619208876443
2008-09-02,-0.2431780821917809,5.695381282484327,3.4777967997074537
2008-09-03,-0.23131506849315073,5.494617671665921,3.5266973968272293
2008-09-04,-0.21495890410958907,5.281013878199114,2.363945025910475
2008-09-05,-0.214082191780822,5.586893049256367,3.127189142524455
2008-09-06,-0.23517808219178088,6.073948195023842,2.8212298871679398
2008-09-07,-0.22980821917808222,6.217741661831007,-2.647933442652925
2008-09-08,-0.245068493150685,5.98430997935823,-0.10924148620754526
2008-09-09,-0.2542739726027398,5.390670358704909,5.61360361389783
2008-09-10,-0.262027397260274,4.631134004648008,6.940893392612267
2008-09-11,-0.26964383561643845,4.917950302505401,6.461693533111037
2008-09-12,-0.2629589041095892,5.093451531869645,2.2395073722399443
2008-09-13,-0.2610136986301372,5.059232353787453,-3.0882186551573163
2008-09-14,-0.27312328767123306,5.30114735203122,-5.058024064359986
2008-09-15,-0.27583561643835636,5.471748686769539,-8.485913070331183
2008-09-16,-0.2656712328767125,5.39086494950224,-5.935193716625528
2008-09-17,-0.24838356164383585,5.345998072087418,-0.8176145104435815
2008-09-18,-0.2334520547945209,4.331037762990123,0.44241429180439784
2008-09-19,-0.23178082191780855,4.213026523088471,-1.5612457011706629
2008-09-20,-0.23613698630137026,4.014211630218784,-2.1980746439174137
2008-09-21,-0.22369863013698663,3.938477172895285,-3.9147785427582984
2008-09-22,-0.20600000000000043,3.9207848652029775,-5.154784865202977
2008-09-23,-0.19515068493150728,3.8721484057719975,-4.93699772084049
2008-09-24,-0.1855890410958908,3.723670007457983,-4.408080966362093
2008-09-25,-0.181369863013699,3.1143795262496936,-3.703009663235995
2008-09-26,-0.17013698630137009,3.4609703235802174,-3.5108333372788474
2008-09-27,-0.16073972602739744,3.9452815283571745,-3.074541802329777
2008-09-28,-0.1670136986301371,3.9082692347147447,-2.231255536084608
2008-09-29,-0.17315068493150695,3.8416201303944075,-1.2884694454629009
2008-09-30,-0.16315068493150697,3.7382074152556646,-2.065056730324158
2008-10-01,-0.1506849315068495,3.4934508293757913,0.0972341021310581
2008-10-02,-0.13378082191780838,2.7181947703663076,-0.6544139484484992
2008-10-03,-0.11558904109589052,1.961820341142563,-5.866231300046672
2008-10-04,-0.09800000000000014,2.31159203064028,-7.96359203064028
2008-10-05,-0.08547945205479458,2.551293470752679,-2.715814018697884
2008-10-06,-0.06701369863013704,3.110797510092335,0.4362161885378022
2008-10-07,-0.04038356164383568,3.1437395543494477,1.4066440072943878
2008-10-08,-0.029232876712328836,2.9772091714902973,0.7720237052220318
2008-10-09,-0.021232876712328815,2.783380579990473,0.8478522967218556
2008-10-10,-0.021835616438356256,2.857145947043512,3.024689669394845
2008-10-11,-0.019671232876712477,2.7451340046480075,3.2145372282287052
2008-10-12,-0.0013150684931509254,2.5351747492914916,4.6161403192016595
2008-10-13,0.013780821917807915,2.297583600714042,6.098635577368151
2008-10-14,0.03117808219178052,1.5673257854699252,5.131496132338295
2008-10-15,0.053863013698629794,0.6918990204541192,5.484237965847251
2008-10-16,0.07002739726027367,0.5998140186978846,2.5901585840418413
2008-10-17,0.07021917808219146,0.07143748199258068,-0.9916566600747722
2008-10-18,0.06868493150684904,0.434118198536311,1.96719686995684
2008-10-19,0.07073972602739703,0.9325242399834485,2.3967360339891544
2008-10-20,0.07520547945205454,0.9541547282166764,3.6306397923312694
2008-10-21,0.08164383561643807,1.0387174257930725,2.9296387385904894
2008-10-22,0.09194520547945173,1.0161645631306206,1.1218902313899277
2008-10-23,0.09131506849315035,0.7095365336258791,1.6591483978809705
2008-10-24,0.08068493150684894,0.8556067830111969,2.7237082854819548
2008-10-25,0.08164383561643797,1.5459798072472348,2.3023763571363274
2008-10-26,0.07950684931506802,1.6977065371383482,3.622786613546584
2008-10-27,0.07408219178082143,1.6723781212619873,1.403539686957191
2008-10-28,0.06476712328767072,1.2832211138858016,-2.7179882371734725
2008-10-29,0.055808219178081715,0.10286705698379968,-2.2386752761618816
2008-10-30,0.04980821917808171,-0.5999956054679039,-5.679812613710178
2008-10-31,0.0579452054794516,-0.9022604456505525,-1.3156847598288994
2008-11-01,0.057342465753424214,-0.5789769893807946,2.17163452362737
2008-11-02,0.05375342465753385,-0.33294748463896096,2.699194059981427
2008-11-03,0.039342465753424316,-0.3139752331461618,0.3446327673927375
2008-11-04,0.02523287671232849,-0.6598066346213988,1.3845737579090702
2008-11-05,0.02328767123287645,-1.6624030519027482,1.1291153806698717
2008-11-06,0.025999999999999742,-1.9510739335325336,0.8050739335325336
2008-11-07,0.028821917808218956,-2.8881269718184486,1.3693050540102296
2008-11-08,0.030219178082191597,-4.0193633610000425,1.6891441829178513
2008-11-09,0.030712328767123123,-3.271392163248023,2.0806798344809003
2008-11-10,0.03424657534246555,-2.9015333645125123,2.2072867891700465
2008-11-11,0.03978082191780797,-3.2643222651096324,2.3745414431918244
2008-11-12,0.045808219178081935,-3.2585365257348515,-0.26727169344323043
2008-11-13,0.04556164383561628,-2.783034593876755,-2.7025270499588614
2008-11-14,0.044383561643835515,-3.6141571790541347,1.089773617410299
2008-11-15,0.0462191780821917,-4.008117839398357,4.881898661316166
2008-11-16,0.05208219178082178,-4.270810498337591,4.908728306556769
2008-11-17,0.058821917808219035,-3.8082077586115646,-0.1806141591966548
2008-11-18,0.06704109589041081,-4.5146468172698,-0.3923942786206105
2008-11-19,0.08389041095890397,-4.422303297775596,0.30841288681669177
2008-11-20,0.10320547945205463,-3.870726901569063,3.1275214221170082
2008-11-21,0.12268493150684912,-4.790910252464743,-0.14177467904210594
2008-11-22,0.14421917808219153,-4.439180712598216,-7.755038465483977
2008-11-23,0.16630136986301344,-4.460228833427158,-8.876072536435856
2008-11-24,0.1844109589041093,-4.114927814811072,-6.479483144093038
2008-11-25,0.1899178082191778,-4.292378464617886,-6.447539343601293
2008-11-26,0.17021917808219156,-4.150512640943843,-6.009706537138349
2008-11-27,0.15295890410958876,-3.947609233848656,-2.655349670260933
2008-11-28,0.1423835616438353,-4.23279925843594,-1.989584303207895
2008-11-29,0.13397260273972583,-4.137071826050973,-1.1069007766887529
2008-11-30,0.12378082191780798,-4.800926409823366,-2.2028544120944415
2008-12-01,0.1101643835616436,-5.359052156223084,-2.6311122273385594
2008-12-02,0.10120547945205466,-5.913653490961405,-5.34755198849065
2008-12-03,0.09953424657534234,-5.665217242278582,-3.74431700429676
2008-12-04,0.09720547945205468,-5.219905686254697,-1.6372997931973572
2008-12-05,0.09967123287671222,-5.219241127069589,-1.4904301058071239
2008-12-06,0.09621917808219167,-5.187364765987748,-2.9588544120944444
2008-12-07,0.10063013698630123,-5.240638387343562,-4.069991749642741
2008-12-08,0.09775342465753414,-5.291845974277177,1.0840925496196423
2008-12-09,0.09013698630136982,-5.151193357487574,-1.2089436288137954
2008-12-10,0.08561643835616431,-5.3989172774032745,-1.7566991609528904
2008-12-11,0.08408219178082177,-5.646160691523401,-3.34792150025742
2008-12-12,0.08199999999999986,-6.152559005538153,-3.409440994461848
2008-12-13,0.10408219178082179,-6.533144885411704,1.2790626936308822
2008-12-14,0.13504109589041083,-6.692673512036221,1.1776324161458103
2008-12-15,0.16221917808219166,-6.35418246883285,3.1419632907506583
2008-12-16,0.17405479452054773,-5.93785791667268,4.353803122152133
2008-12-17,0.18906849315068472,-6.405264309366745,-0.8138041837839394
2008-12-18,0.20194520547945188,-6.692153666584869,-1.6897915388945828
2008-12-19,0.19810958904109585,-6.653272739292981,0.04516315025188522
2008-12-20,0.17775342465753421,-5.980386192050272,2.522632767392738
2008-12-21,0.14682191780821918,-5.777692830617183,2.7208709128089636
2008-12-22,0.10860273972602748,-5.485762377508649,3.597159637782621
2008-12-23,0.07504109589041097,-4.766436771607699,3.681395675717288
2008-12-24,0.054383561643835655,-4.468885665179881,3.5745021035360454
2008-12-25,0.039561643835616486,-5.35002370522203,-1.4395379386135865
2008-12-26,0.02912328767123289,-5.8695937789838855,-4.029529508687347
2008-12-27,0.021561643835616408,-6.218338422468254,-2.4032232213673614
2008-12-28,0.018219178082191673,-6.886126269324594,-2.592092908757598
2008-12-29,0.01654794520547924,-7.221306458997936,-0.46524148620754335
2008-12-30,0.015424657534246336,-6.639114678176017,1.6636900206417709
2008-12-31,0.010821917808218978,-7.187616961281041,1.5767950434728224
2009-01-01,0.004986301369862861,-7.054204246142298,-0.48078205522756523
2009-01-02,0.006931506849314956,-6.874877937747495,-0.012053569101819761
2009-01-03,0.015397260273972473,-6.34970969046966,-2.165687569804313
2009-01-04,0.013506849315068417,-5.796353877333025,-2.967152971982043
2009-01-05,0.010657534246575229,-6.567875479019009,-5.342782055227567
2009-01-06,0.00999999999999987,-6.952945377157402,-4.887054622842598
2009-01-07,0.005205479452054702,-6.344883557698322,-2.550321921753734
2009-01-08,-0.0022465753424658064,-5.8177110954573665,-0.8900423292001678
2009-01-09,-0.022438356164383617,-5.446057424926983,-2.6215042189086324
2009-01-10,-0.039863013698630205,-4.891534067006366,-0.8086029192950042
2009-01-11,-0.03657534246575346,-4.98428643792312,-0.15913821961112617
2009-01-12,-0.013972602739726094,-5.72706199113703,0.35103459387675695
2009-01-13,0.01572602739726027,-5.9490205439996915,0.17329451660243134
2009-01-14,0.0303561643835617,-6.536574460402923,-1.9937817039806394
2009-01-15,0.03890410958904117,-6.733023353975104,-0.6258807556139381
2009-01-16,0.041013698630137006,-7.031281169219221,1.8802674705890832
2009-01-17,0.02854794520547947,-6.974241478316517,2.4456935331110374
2009-01-18,0.016794520547945224,-6.85518563005519,0.9283911095072446
2009-01-19,0.013232876712328784,-6.246212676068536,0.7929797993562069
2009-01-20,0.035753424657534255,-6.688383382074859,0.24262995741732407
2009-01-21,0.05986301369863014,-7.324531608277878,-1.635331405420752
2009-01-22,0.07309589041095893,-7.4403398274559605,-1.8227560629549986
2009-01-23,0.0749315068493151,-7.088863887870433,-0.47606761897888195
2009-01-24,0.058054794520547966,-7.545687913160211,-1.1923668813603365
2009-01-25,0.055315068493150696,-7.297627498688838,-2.5576875698043136
2009-01-26,0.05753424657534243,-7.335795394719748,-1.3817388518555944
2009-01-27,0.05079452054794522,-7.293775724891859,-2.6670187956560873
2009-01-28,0.05358904109589048,-6.831487702412056,-2.4521013386838346
2009-01-29,0.04958904109589046,-6.521976638133868,1.5623875970379775
2009-01-30,0.04402739726027406,-6.593745517656172,1.5697181203958976
2009-01-31,0.05049315068493156,-6.734910954958596,-0.9355821957263357
2009-02-01,0.04515068493150688,-6.943091495878863,-3.582059189052644
2009-02-02,0.02638356164383566,-6.357349311122979,0.1309657494791434
2009-02-03,0.010767123287671317,-6.145156827807209,1.904389704519537
2009-02-04,0.010109589041095934,-7.438229535921012,3.148119946879916
2009-02-05,0.009506849315068521,-7.513642251059754,3.7141354017446857
2009-02-06,0.010849315068493265,-7.509302244034816,3.578452928966323
2009-02-07,0.018630136986301477,-7.6464121843228385,2.347782047336537
2009-02-08,0.030301369863013808,-7.4344395815831135,-2.425861788279901
2009-02-09,0.02830136986301379,-7.514391109507243,-0.9139102603557712
2009-02-10,0.025178082191780925,-7.884687561913284,0.4095094797215033
2009-02-11,0.02556164383561654,-7.442676322011634,-5.032885321823981
2009-02-12,0.0313972602739727,-7.944499293560633,-6.16689796671334
2009-02-13,0.03821917808219191,-7.9744669788433855,-7.3637521992388075
2009-02-14,0.0653972602739727,-8.227892338871486,-5.317504921402486
2009-02-15,0.08832876712328772,-7.812736033989153,-4.985592733134136
2009-02-16,0.10997260273972607,-7.438166311474226,-3.621806291265499
2009-02-17,0.12227397260273978,-6.508159989029547,-2.074113983573193
2009-02-18,0.13663013698630147,-6.458881450216762,-5.13774868676954
2009-02-19,0.159123287671233,-6.808605370132464,-6.940517917538769
2009-02-20,0.1644109589041097,-7.457442040311599,-1.7269689185925108
2009-02-21,0.16490410958904117,-7.011469437571872,-1.7634346720171692
2009-02-22,0.1856164383561645,-6.687996307961758,0.042379869605594145
2009-02-23,0.20400000000000013,-6.739202489907665,-1.5047975100923345
2009-02-24,0.21641095890410966,-6.268228833427159,-3.2981821254769503
2009-02-25,0.22273972602739733,-6.656306810244861,-0.6964329157825357
2009-02-26,0.22668493150684937,-7.091073933532533,2.6743890020256833
2009-02-27,0.23227397260273971,-7.197087280915743,1.8948133083130028
2009-02-28,0.21605479452054793,-6.783026866444371,6.626972071923823
2009-03-01,0.2007945205479452,-6.371295921590138,3.080501401042193
2009-03-02,0.19690410958904112,-5.973124513089962,1.8262204035009209
2009-03-03,0.2046849315068494,-6.301552331846548,1.2368674003396976
2009-03-04,0.20843835616438364,-6.100935542243457,0.5924971860790738
2009-03-05,0.20945205479452061,-6.587050048741524,-1.2424020060529966
2009-03-06,0.20509589041095896,-6.549626796194984,-2.975469094215976
2009-03-07,0.18386301369863023,-5.825435015373067,-4.208427998325563
2009-03-08,0.17175342465753424,-5.2572614993913325,0.2855080747337988
2009-03-09,0.18649315068493152,-5.983395675717289,-4.0430974749676425
2009-03-10,0.19504109589041096,-5.6011146781760175,-2.8339264177143946
2009-03-11,0.18375342465753422,-5.379382328334079,-3.134371096323455
2009-03-12,0.16841095890410956,-5.48494045970043,0.11652950079631985
2009-03-13,0.15394520547945206,-5.247581134094529,1.9136359286150766
2009-03-14,0.14882191780821916,-4.2096563009368175,3.7108343831285984
2009-03-15,0.15545205479452054,-4.157675268270854,-0.13777678652366632
2009-03-16,0.15641095890410958,-4.757220052253995,0.4108090933498856
2009-03-17,0.17342465753424655,-4.175884611439101,2.8124599539048543
2009-03-18,0.1908219178082191,-4.427621176244159,0.6467992584359399
2009-03-19,0.19649315068493134,-4.121782749830391,-2.2347104008545404
2009-03-20,0.20306849315068476,-4.871725847828283,-6.991342645322402
2009-03-21,0.21358904109589025,-4.816027217691297,-6.527561823404594
2009-03-22,0.22435616438356148,-5.09124323455115,-2.0631129298324113
2009-03-23,0.24361643835616423,-5.183326128825824,-0.41029030953033985
2009-03-24,0.2690958904109588,-5.528761323767869,-4.470334566643091
2009-03-25,0.29317808219178076,-4.983116785657577,-4.250061296534204
2009-03-26,0.315972602739726,-4.696721281618237,-2.319251321121489
2009-03-27,0.3346849315068493,-4.554541443191823,0.7298565116849738
2009-03-28,0.35389041095890417,-4.402521773363936,1.3886313624050315
2009-03-29,0.36967123287671233,-4.0947479763846575,-2.4349232564920547
2009-03-30,0.3804383561643835,-3.26172514533443,-1.1587132108299532
2009-03-31,0.39416438356164385,-3.033782749830391,2.5396183662687473
2009-04-01,0.4147397260273972,-3.121732872766815,3.7669931467394178
2009-04-02,0.4204109589041095,-3.5048828552044693,4.274471896300359
2009-04-03,0.4221095890410958,-3.3825512781057685,2.020441689064673
2009-04-04,0.4450410958904109,-3.7824444990400856,2.4174034031496747
2009-04-05,0.4753150684931507,-4.325312781442614,3.269997712949463
2009-04-06,0.49273972602739724,-4.430534418253292,4.197794692225895
2009-04-07,0.5047123287671234,-4.3496829957032395,3.804970666936116
2009-04-08,0.5202465753424658,-3.8241065994967074,3.163860024154242
2009-04-09,0.5287671232876712,-3.699958373293686,3.651191250006015
2009-04-10,0.5344383561643835,-3.529810849584518,2.8453724934201348
2009-04-11,0.5273150684931507,-3.295453982707103,2.388138914213952
2009-04-12,0.5157534246575342,-3.9501670139680796,3.9744135893105454
2009-04-13,0.48728767123287664,-3.63545749517637,4.538169823943493
2009-04-14,0.4493972602739726,-3.0300827147056983,3.7806854544317257
2009-04-15,0.4102465753424656,-2.676071474804047,2.9658248994615812
2009-04-16,0.36863013698630126,-2.658051804976158,0.3094216679898567
2009-04-17,0.3453972602739726,-2.376564625488979,-1.4988326347849936
2009-04-18,0.3281095890410959,-2.1774286929283893,-0.5206808961127067
2009-04-19,0.2944109589041095,-1.7045006985483397,0.8400897396442303
2009-04-20,0.2718356164383561,-1.60474165393998,1.9729060375016239
2009-04-21,0.25663013698630127,-1.3483911095072436,1.8717609725209423
2009-04-22,0.24312328767123276,-0.970426936693756,1.6373036490225235
2009-04-23,0.2370958904109588,-0.5687809935957578,-1.4483148968152006
2009-04-24,0.22745205479452046,-0.44575535257011695,-3.6216967022244035
2009-04-25,0.22194520547945196,-0.36008903715037677,-0.9718561683290753
2009-04-26,0.22342465753424645,-0.10397944810928078,-1.0894452094249656
2009-04-27,0.21512328767123273,-0.08841780427366439,-1.0967054833975685
2009-04-28,0.21821917808219168,-0.2501269718184484,-2.6080922062637435
2009-04-29,0.24197260273972593,-0.2514750575226986,-4.850497545217028
2009-04-30,0.2613698630136986,0.11849895020473389,-4.009868813218432
2009-05-01,0.2892054794520547,-0.08670371927190826,-0.37250176018014647
2009-05-02,0.30465753424657527,-0.2317651874840614,-0.11289234676251383
2009-05-03,0.31090410958904113,0.1394501268819379,0.5096457635290209
2009-05-04,0.29824657534246574,-0.018806985868325486,-2.4094395894741405
2009-05-05,0.28506849315068494,0.16499912582819712,-3.3400676189788823
2009-05-06,0.2728493150684932,0.8065144050695039,0.520636279862003
2009-05-07,0.25912328767123294,0.8789808609880143,2.2518958513407528
2009-05-08,0.24589041095890415,1.1716327752837643,3.1324768137573313
2009-05-09,0.23767123287671238,1.6106717636926158,2.511657003430672
2009-05-10,0.2278082191780822,1.9133068181358892,2.0288849626860284
2009-05-11,0.21435616438356161,2.3271382196111263,1.558505616005312
2009-05-12,0.19698630136986303,2.3469380088629705,2.3160756897671666
2009-05-13,0.1813150684931507,2.079670709951836,2.8290142215550134
2009-05-14,0.18964383561643833,1.521290660777266,1.9890655036062956
2009-05-15,0.20657534246575335,0.8342860945672206,1.2191385629670257
2009-05-16,0.21515068493150674,0.4417557117080709,2.8830936033604226
2009-05-17,0.21172602739726015,0.5229106116026966,4.155363361000043
2009-05-18,0.21797260273972596,1.26421303520649,1.5878143620537841
2009-05-19,0.23643835616438347,2.199844225933571,2.2537174179020454
2009-05-20,0.25257534246575336,2.769824556105682,3.7776001014285643
2009-05-21,0.2726575342465753,2.902159645673648,4.585182820079776
2009-05-22,0.28569863013698626,2.3225720095654645,5.661729360297549
2009-05-23,0.31010958904109587,2.6180395192247548,8.021850891734148
2009-05-24,0.3450684931506849,3.3267370956209614,8.048194411228355
2009-05-25,0.37608219178082203,3.5091782617607574,7.314739546458419
2009-05-26,0.403041095890411,3.7641561332043825,3.3728027709052064
2009-05-27,0.43545205479452065,3.4835597159230334,-3.019011770717554
2009-05-28,0.458109589041096,4.096879701873156,-2.6449892909142525
2009-05-29,0.46698630136986313,3.719338430359282,-1.3863247317291454
2009-05-30,0.4713972602739728,3.140810154981692,-0.7022074152556645
2009-05-31,0.4754246575342468,2.753534426144319,-1.3189590836785658
2009-06-01,0.4804931506849317,2.720678086137294,-0.4811712368222256
2009-06-02,0.4816712328767125,3.404964001135538,-0.12663523401225074
2009-06-03,0.4933698630136987,4.208854412094443,-0.4222242751081411
2009-06-04,0.5062191780821919,4.4431073098815865,-1.8593264879637785
2009-06-05,0.5037808219178084,4.101932037665219,0.7442871404169722
2009-06-06,0.5086027397260274,4.352151918241264,-1.9507546579672908
2009-06-07,0.5259452054794521,4.515270990949378,-0.9612161964288299
2009-06-08,0.5496438356164384,4.64739533236139,-1.6170391679778287
2009-06-09,0.5432328767123289,4.398231300046674,-1.7614641767590022
2009-06-10,0.5464109589041096,4.771327892951485,0.012261148144405709
2009-06-11,0.5604657534246577,4.822098528708422,-0.8125642821330796
2009-06-12,0.5645205479452056,5.01027696214713,-2.044797510092336
2009-06-13,0.564109589041096,5.386000179568977,1.9098902313899275
2009-06-14,0.5481917808219179,5.604099231202276,5.087708987975806
2009-06-15,0.5322465753424659,5.769240783713691,3.4985126409438436
2009-06-16,0.5111780821917808,6.115490871525423,0.26333104628279624
2009-06-17,0.4771232876712329,6.618806642512426,2.4240700698163407
2009-06-18,0.45013698630136995,6.442742013077933,3.8971210006206958
2009-06-19,0.42827397260273986,6.005523186242669,0.9462028411545917
2009-06-20,0.39454794520547953,6.105474011672947,-4.510021956878427
2009-06-21,0.3592876712328768,6.463422027127811,-6.732709698360687
2009-06-22,0.338109589041096,6.6153679351011165,-8.493477524142213
2009-06-23,0.3288493150684932,6.7376236428636735,-6.7764729579321665
2009-06-24,0.32120547945205485,6.846494735241616,-1.2177002146936706
2009-06-25,0.3198904109589042,7.677430615115167,0.09267897392592861
2009-06-26,0.32336986301369863,7.638049793197358,-0.9114196562110566
2009-06-27,0.3272876712328767,7.216994998676809,-1.4242826699096858
2009-06-28,0.3274520547945206,7.726461437032974,0.7060865081725058
2009-06-29,0.33219178082191786,7.816629930183659,1.8811782889944233
2009-06-30,0.3486027397260274,7.758190889087769,1.9332063711862029
2009-07-01,0.3575068493150685,7.849064176759002,1.2534289739259297
2009-07-02,0.3618904109589042,7.624521711005577,1.4535878780355178
2009-07-03,0.36569863013698634,7.535721711005578,1.2485796588574365
2009-07-04,0.3438082191780823,7.660425820594618,1.2057659602272999
2009-07-05,0.32736986301369875,7.659828560320647,1.3028015766656535
2009-07-06,0.3210410958904111,7.68018212547695,-0.02122322136736088
2009-07-07,0.32832876712328773,7.488536884872805,-2.6268656519960922
2009-07-08,0.33043835616438355,7.555372852558088,-5.035811208722472
2009-07-09,0.32241095890410965,7.205849143390544,-3.8982601022946533
2009-07-10,0.3225753424657533,7.305116442301679,-4.967691784767432
2009-07-11,0.32652054794520546,7.330495437735468,-3.9770159856806737
2009-07-12,0.31906849315068486,7.646339484100062,0.42459202274925456
2009-07-13,0.3076986301369863,7.703801373808528,4.268499996054485
2009-07-14,0.2977534246575342,8.03939533236139,3.6928512429810745
2009-07-15,0.2915068493150685,8.195239378725985,3.2132537719589465
2009-07-16,0.29419178082191777,8.524629614061425,4.031178605116658
2009-07-17,0.2968219178082192,8.249456449326617,-1.266278367134836
2009-07-18,0.29923287671232873,8.07071672329922,-7.7599496000115495
2009-07-19,0.2950684931506849,8.549601865554225,-4.624670358704909
2009-07-20,0.28660273972602734,8.76107921012746,-1.4476819498534885
2009-07-21,0.2848493150684931,8.624287499554926,2.310863185376581
2009-07-22,0.2828493150684931,8.375106607387734,2.492044077543774
2009-07-23,0.284904109589041,8.768581141985555,0.5865147484254045
2009-07-24,0.29172602739726017,8.909926417714393,-0.4516524451116535
2009-07-25,0.30197260273972587,8.911056027830305,-4.793028630570031
2009-07-26,0.3127945205479451,8.542165265624476,-0.19495978617242038
2009-07-27,0.3172328767123286,8.147170534328373,1.9955965889593
2009-07-28,0.31084931506849295,8.681203551539472,-0.40205286660796524
2009-07-29,0.31509589041095865,8.519180369242317,3.3657237403467235
2009-07-30,0.3124109589041093,7.949296983221945,1.198292057873946
2009-07-31,0.2958904109589038,8.453571658318538,2.250537930722558
2009-08-01,0.27128767123287645,9.16424113496062,3.0144711938065036
2009-08-02,0.2458356164383559,8.66974657928798,-1.3955821957263357
2009-08-03,0.23016438356164354,8.564114686067047,-3.7642790696286896
2009-08-04,0.21098630136986274,8.37739533236139,-3.348381633731252
2009-08-05,0.20452054794520524,8.975322975494512,0.3601564765602827
2009-08-06,0.2032602739726025,8.932508785118678,2.124230940908719
2009-08-07,0.19578082191780796,8.89066614374179,2.323553034340403
2009-08-08,0.18528767123287648,8.38539743984295,0.5793148889241735
2009-08-09,0.1764109589041094,8.317084127584431,1.6065049135114595
2009-08-10,0.1806027397260272,8.196149810759705,0.6732474495142693
2009-08-11,0.17739726027397235,8.677133302154154,-0.3445305624281261
2009-08-12,0.16142465753424629,7.893801373808529,0.9947739686572259
2009-08-13,0.15175342465753403,7.751190906650114,1.7370556686923528
2009-08-14,0.15199999999999977,7.766952761233887,2.431047238766113
2009-08-15,0.1623287671232874,7.973079912621312,4.0445913202554
2009-08-16,0.16654794520547914,8.140393576126758,3.953058478667762
2009-08-17,0.1697534246575339,7.9143275417045595,4.555919033637907
2009-08-18,0.17386301369862983,8.228461718030514,4.017675268270855
2009-08-19,0.18254794520547918,7.889133302154154,6.408318752640366
2009-08-20,0.20487671232876692,7.4533911173982705,6.991732170272963
2009-08-21,0.22805479452054764,7.278654903840141,3.983290301639312
2009-08-22,0.22104109589041065,7.753854060847515,0.34510484326207536
2009-08-23,0.21515068493150658,7.775518971279549,3.2893303437889436
2009-08-24,0.21430136986301337,7.320444155684187,4.415254474452799
2009-08-25,0.225698630136986,6.861314545568274,3.542986824294741
2009-08-26,0.23956164383561615,6.879403762287627,3.131034593876757
2009-08-27,0.24635616438356145,6.47600298954439,4.277640846072049
2009-08-28,0.24205479452054773,6.201467689228267,4.366477516251185
2009-08-29,0.23635616438356152,6.061980509741088,-2.0383366741246496
2009-08-30,0.22290410958904097,6.24275887293041,0.7343370174805495
2009-08-31,0.2164931506849314,5.6700816688559454,4.023425180459124
2009-09-01,0.21071232876712317,5.8623928736329045,4.206894797599972
2009-09-02,0.20980821917808207,5.695381282484327,4.394810498337591
2009-09-03,0.20175342465753413,5.494617671665921,3.463628903676545
2009-09-04,0.1813424657534245,5.281013878199114,0.37764365604746164
2009-09-05,0.16945205479452036,5.586893049256367,-5.0063451040508875
2009-09-06,0.15860273972602723,6.073948195023842,-1.992550934749869
2009-09-07,0.13158904109589026,6.217741661831007,2.3706692970731025
2009-09-08,0.114958904109589,5.98430997935823,2.6507311165321816
2009-09-09,0.11367123287671224,5.390670358704909,1.1256584084183778
2009-09-10,0.10575342465753398,4.631134004648008,0.9731125706944583
2009-09-11,0.09024657534246552,4.917950302505401,0.8218031221521329
2009-09-12,0.07024657534246559,5.093451531869645,0.036301892787889756
2009-09-13,0.04742465753424647,5.059232353787453,-0.9766570113216995
2009-09-14,0.03153424657534232,5.30114735203122,-5.012681598606562
2009-09-15,0.020657534246575182,5.471748686769539,-2.5724062210161143
2009-09-16,0.015780821917807965,5.39086494950224,0.13335422857995205
2009-09-17,0.022054794520547698,5.345998072087418,0.9819471333920342
2009-09-18,0.03580821917808207,4.331037762990123,2.5731540178317953
2009-09-19,0.06446575342465738,4.213026523088471,1.9825077234868713
2009-09-20,0.09531506849315055,4.014211630218784,1.4004733012880646
2009-09-21,0.11454794520547931,3.938477172895285,2.776974881899236
2009-09-22,0.12742465753424642,3.9207848652029775,3.8117904772627766
2009-09-23,0.15342465753424644,3.8721484057719975,3.504426936693756
2009-09-24,0.17652054794520536,3.723670007457983,3.5498094445968116
2009-09-25,0.18715068493150677,3.1143795262496936,2.758469788818799
2009-09-26,0.18241095890410952,3.4609703235802174,3.146618717515673
2009-09-27,0.18002739726027395,3.9452815283571745,2.344691074382551
2009-09-28,0.19353424657534246,3.9082692347147447,1.3381965187099136
2009-09-29,0.19643835616438354,3.8416201303944075,3.3519415134412083
2009-09-30,0.1781369863013699,3.7382074152556646,5.103655598442965
2009-10-01,0.151068493150685,3.4934508293757913,1.8654806774735233
2009-10-02,0.1259178082191781,2.7181947703663076,-0.2941125785854859
2009-10-03,0.11375342465753427,1.961820341142563,2.2744262341999026
2009-10-04,0.10298630136986296,2.31159203064028,2.8854216679898568
2009-10-05,0.08495890410958899,2.551293470752679,3.473747625137732
2009-10-06,0.08476712328767123,3.110797510092335,4.654435366619994
2009-10-07,0.08789041095890414,3.1437395543494477,6.9483700346916475
2009-10-08,0.08791780821917806,2.9772091714902973,3.764873020290525
2009-10-09,0.08498630136986302,2.783380579990473,2.8116331186396635
2009-10-10,0.08008219178082193,2.857145947043512,0.3227718611756658
2009-10-11,0.06372602739726034,2.7451340046480075,-1.088860032045268
2009-10-12,0.042164383561643926,2.5351747492914916,-5.817339132853135
2009-10-13,0.021917808219178082,2.297583600714042,-7.73950140893322
2009-10-14,0.002904109589041054,1.5673257854699252,-9.130229895058966
2009-10-15,-0.010575342465753469,0.6918990204541192,-9.641323677988368
2009-10-16,-0.01435616438356166,0.5998140186978846,-5.805457854314323
2009-10-17,-0.007534246575342456,0.07143748199258068,-7.2239032354172386
2009-10-18,-0.0055342465753424434,0.434118198536311,-10.258583951960969
2009-10-19,-0.004410958904109599,0.9325242399834485,-5.768113281079338
2009-10-20,-0.007753424657534265,0.9541547282166764,-1.8364013035591422
2009-10-21,-0.009150684931506836,1.0387174257930725,-1.9095667408615657
2009-10-22,-0.007287671232876689,1.0161645631306206,-0.978876891897744
2009-10-23,0.004054794520547918,0.7095365336258791,-1.773591328146427
2009-10-24,0.02323287671232873,0.8556067830111969,0.7711603402764744
2009-10-25,0.037095890410958926,1.5459798072472348,2.886924302341806
2009-10-26,0.043013698630137105,1.6977065371383482,0.6292797642315149
2009-10-27,0.04857534246575353,1.6723781212619873,2.55904653627226
2009-10-28,0.0666849315068494,1.2832211138858016,5.950093954607349
2009-10-29,0.09290410958904113,0.10286705698379968,4.8042288334271595
2009-10-30,0.11361643835616446,-0.5999956054679039,4.41637916711174
2009-10-31,0.11969863013698645,-0.9022604456505525,4.262561815513566
2009-11-01,0.11893150684931526,-0.5789769893807946,4.390045482531479
2009-11-02,0.11063013698630147,-0.33294748463896096,-1.9776826523473408
2009-11-03,0.1163013698630137,-0.3139752331461618,-4.542326136716852
2009-11-04,0.12454794520547947,-0.6598066346213988,-3.1747413105840807
2009-11-05,0.11605479452054801,-1.6624030519027482,-3.9736517426177995
2009-11-06,0.10052054794520564,-1.9510739335325336,-4.099446614412672
2009-11-07,0.08621917808219186,-2.8881269718184486,-1.6880922062637431
2009-11-08,0.07479452054794523,-4.0193633610000425,-1.9554311595479028
2009-11-09,0.0667123287671233,-3.271392163248023,-2.8653201655191007
2009-11-10,0.0593972602739726,-2.9015333645125123,-4.15786389576146
2009-11-11,0.047589041095890405,-3.2643222651096324,-3.3532667759862584
2009-11-12,0.029452054794520496,-3.2585365257348515,2.789084470940331
2009-11-13,0.012438356164383553,-2.783034593876755,3.5105962377123716
2009-11-14,-0.0023013698630137552,-3.6141571790541347,4.266458548917148
2009-11-15,-0.025424657534246553,-4.008117839398357,3.703542496932604
2009-11-16,-0.047287671232876693,-4.270810498337591,7.288098169570468
2009-11-17,-0.06419178082191776,-3.8082077586115646,6.682399539433483
2009-11-18,-0.08843835616438356,-4.5146468172698,5.653085173434183
2009-11-19,-0.10882191780821916,-4.422303297775596,7.831125215583814
2009-11-20,-0.12673972602739714,-3.870726901569063,8.11746662759646
2009-11-21,-0.1408493150684931,-4.790910252464743,9.031759567533236
2009-11-22,-0.16043835616438357,-4.439180712598216,5.3096190687626
2009-11-23,-0.17509589041095905,-4.460228833427158,2.785324723838117
2009-11-24,-0.18463013698630157,-4.114927814811072,3.729557951797373
2009-11-25,-0.18895890410958924,-4.292378464617886,5.7613373687274745
2009-11-26,-0.18361643835616454,-4.150512640943843,2.6141290793000076
2009-11-27,-0.1785205479452056,-3.947609233848656,0.9161297817938614
2009-11-28,-0.17504109589041106,-4.23279925843594,-0.06215964567364818
2009-11-29,-0.17526027397260285,-4.137071826050973,0.672332100023576
2009-11-30,-0.18367123287671241,-4.800926409823366,-0.04540235729992226
2009-12-01,-0.19109589041095892,-5.359052156223084,-1.8998519533659568
2009-12-02,-0.20178082191780822,-5.913653490961405,-0.7745656871207869
2009-12-03,-0.20613698630136984,-5.665217242278582,1.2513542285799524
2009-12-04,-0.1938904109589042,-5.219905686254697,-2.236203902786399
2009-12-05,-0.1834794520547946,-5.219241127069589,0.5527205791243839
2009-12-06,-0.1674520547945207,-5.187364765987748,3.634816820782269
2009-12-07,-0.15687671232876718,-5.240638387343562,4.83751509967233
2009-12-08,-0.14473972602739726,-5.291845974277177,-1.0134142996954267
2009-12-09,-0.13293150684931515,-5.151193357487574,0.17412486433688912
2009-12-10,-0.12756164383561652,-5.3989172774032745,3.586478921238891
2009-12-11,-0.11476712328767133,-5.646160691523401,-1.6690721851889272
2009-12-12,-0.10498630136986316,-6.152559005538153,-3.372454693091985
2009-12-13,-0.10983561643835624,-6.533144885411704,-4.31701949814994
2009-12-14,-0.126027397260274,-6.692673512036221,-4.381299090703505
2009-12-15,-0.1354794520547946,-6.35418246883285,-4.250338079112357
2009-12-16,-0.1348767123287672,-5.93785791667268,-7.767265370998553
2009-12-17,-0.14819178082191795,-6.405264309366745,-10.326543909811335
2009-12-18,-0.16906849315068506,-6.692153666584869,-9.298777840264446
2009-12-19,-0.18802739726027418,-6.653272739292981,-11.878699863446744
2009-12-20,-0.20030136986301383,-5.980386192050272,-9.969312438086712
2009-12-21,-0.20290410958904137,-5.777692830617183,-4.6594030597937754
2009-12-22,-0.19679452054794538,-5.485762377508649,0.5225568980565942
2009-12-23,-0.18643835616438376,-4.766436771607699,1.152875127772083
2009-12-24,-0.18509589041095914,-4.468885665179881,3.3339815555908405
2009-12-25,-0.1878630136986304,-5.35002370522203,0.05788671892066066
2009-12-26,-0.18249315068493174,-5.8695937789838855,-2.387913070331182
2009-12-27,-0.17150684931506868,-6.218338422468254,-2.150154728216676
2009-12-28,-0.16567123287671254,-6.886126269324594,-0.6782024977986945
2009-12-29,-0.1647123287671235,-7.221306458997936,5.70601878776506
2009-12-30,-0.1640547945205482,-6.639114678176017,5.093169472696565
2009-12-31,-0.1589589041095893,-7.187616961281041,3.34657586539063
2010-01-01,-0.15043835616438384,-7.054204246142298,1.064642602306682
2010-01-02,-0.1433150684931509,-6.874877937747495,-7.851806993759354
2010-01-03,-0.14019178082191802,-6.34970969046966,-8.010098528708422
2010-01-04,-0.1386027397260276,-5.796353877333025,-5.125043382940949
2010-01-05,-0.13980821917808234,-6.567875479019009,-2.5323163018029087
2010-01-06,-0.12731506849315088,-6.952945377157402,-3.9797395543494485
2010-01-07,-0.09873972602739746,-6.344883557698322,-5.37637671627428
2010-01-08,-0.06665753424657554,-5.8177110954573665,-0.7656313702960587
2010-01-09,-0.03164383561643852,-5.446057424926983,-1.1722987394565791
2010-01-10,-0.0056986301369864704,-4.891534067006366,-3.562767302856648
2010-01-11,0.0065753424657532394,-4.98428643792312,-4.352288904542633
2010-01-12,0.006821917808219002,-5.72706199113703,-3.2997599266711886
2010-01-13,0.011095890410958736,-5.9490205439996915,-2.102075346411266
2010-01-14,0.013315068493150603,-6.536574460402923,-0.996740608090227
2010-01-15,0.015123287671232818,-6.733023353975104,0.3579000663038707
2010-01-16,0.02268493150684924,-7.031281169219221,2.778596237712371
2010-01-17,0.03983561643835609,-6.974241478316517,0.9144058618781612
2010-01-18,0.05526027397260263,-6.85518563005519,-2.2000746439174135
2010-01-19,0.06783561643835609,-6.246212676068536,0.09837705963018006
2010-01-20,0.07169863013698623,-6.688383382074859,-0.5233152480621275
2010-01-21,0.0719452054794519,-7.324531608277878,-0.8974135972015738
2010-01-22,0.06309589041095881,-7.4403398274559605,0.6772439370450014
2010-01-23,0.04378082191780811,-7.088863887870433,3.295083065952625
2010-01-24,0.04030136986301361,-7.545687913160211,2.7753865432971967
2010-01-25,0.026904109589041013,-7.297627498688838,-0.9092766109002035
2010-01-26,0.010219178082191742,-7.335795394719748,-3.6644237833624445
2010-01-27,0.005863013698630112,-7.293775724891859,-1.0720872888067703
2010-01-28,-0.016958904109589057,-6.831487702412056,-3.3615533934783555
2010-01-29,-0.034849315068493154,-6.521976638133868,-4.383174046797638
2010-01-30,-0.04427397260273973,-6.593745517656172,-7.321980509741088
2010-01-31,-0.04745205479452057,-6.734910954958596,-10.127636990246884
2010-02-01,-0.044438356164383616,-6.943091495878863,-9.21247014795675
2010-02-02,-0.04304109589041104,-6.357349311122979,-6.799609592986609
2010-02-03,-0.04112328767123294,-6.145156827807209,-0.40371988452155794
2010-02-04,-0.05882191780821921,-7.438229535921012,2.7570514537292308
2010-02-05,-0.08498630136986307,-7.513642251059754,1.0786285524296177
2010-02-06,-0.0992876712328768,-7.509302244034816,-0.14141008473230698
2010-02-07,-0.1037260273972603,-7.6464121843228385,-0.7698617882799015
2010-02-08,-0.10786301369863019,-7.4344395815831135,-0.7576974047182574
2010-02-09,-0.10542465753424662,-7.514391109507243,-1.9501842329585104
2010-02-10,-0.10189041095890404,-7.884687561913284,-5.293422027127812
2010-02-11,-0.10717808219178075,-7.442676322011634,-8.430145595796585
2010-02-12,-0.11794520547945199,-7.944499293560633,-5.927555500959914
2010-02-13,-0.12936986301369857,-7.9744669788433855,-3.4261631581429155
2010-02-14,-0.1541917808219177,-8.227892338871486,-3.557915880306595
2010-02-15,-0.1808219178082191,-7.812736033989153,-3.5464420482026275
2010-02-16,-0.19961643835616427,-7.438166311474226,-1.812217250169609
2010-02-17,-0.21309589041095872,-6.508159989029547,1.4312558794405055
2010-02-18,-0.22665753424657512,-6.458881450216762,3.3755389844633377
2010-02-19,-0.23624657534246557,-6.808605370132464,1.91485194547493
2010-02-20,-0.23643835616438336,-7.457442040311599,-3.886119603524018
2010-02-21,-0.22326027397260245,-7.011469437571872,-3.525270288455525
2010-02-22,-0.22175342465753395,-6.687996307961758,0.13974973261929247
2010-02-23,-0.22665753424657506,-6.739202489907665,3.08586002415424
2010-02-24,-0.22838356164383533,-6.268228833427159,2.2066123950709944
2010-02-25,-0.21912328767123262,-6.656306810244861,2.2254300979160933
2010-02-26,-0.22131506849315052,-7.091073933532533,1.5523890020256834
2010-02-27,-0.24063013698630115,-7.197087280915743,0.2877174179020434
2010-02-28,-0.24712328767123262,-6.783026866444371,2.180150154115604
2010-03-01,-0.26942465753424627,-6.371295921590138,1.2107205791243851
2010-03-02,-0.29887671232876684,-5.973124513089962,0.2120012254187289
2010-03-03,-0.31958904109589015,-6.301552331846548,1.4311413729424372
2010-03-04,-0.3323013698630135,-6.100935542243457,-1.80676308789353
2010-03-05,-0.34109589041095856,-6.587050048741524,-8.141854060847518
2010-03-06,-0.34112328767123257,-6.549626796194984,-6.769249916133784
2010-03-07,-0.32646575342465733,-5.825435015373067,-7.658099231202277
2010-03-08,-0.3152876712328765,-5.2572614993913325,-9.08745082937579
2010-03-09,-0.31915068493150656,-5.983395675717289,-9.607453639351206
2010-03-10,-0.3318082191780819,-5.6011146781760175,-2.777077102645901
2010-03-11,-0.34347945205479413,-5.379382328334079,-5.497138219611128
2010-03-12,-0.3510410958904106,-5.48494045970043,-5.024018444409159
2010-03-13,-0.35002739726027365,-5.247581134094529,-4.882391468645198
2010-03-14,-0.34452054794520515,-4.2096563009368175,-4.125823151117977
2010-03-15,-0.35221917808219144,-4.157675268270854,-5.430105553646955
2010-03-16,-0.3370684931506846,-4.757220052253995,-3.065711454595321
2010-03-17,-0.3233424657534243,-4.175884611439101,1.529227077192525
2010-03-18,-0.3228219178082189,-4.427621176244159,3.450443094052378
2010-03-19,-0.32945205479452033,-4.121782749830391,3.3112348046249114
2010-03-20,-0.3425753424657532,-4.871725847828283,4.014301190294036
2010-03-21,-0.35232876712328765,-4.816027217691297,5.2983559848145845
2010-03-22,-0.3500821917808218,-5.09124323455115,5.531325426331971
2010-03-23,-0.34780821917808197,-5.183326128825824,4.881134348003906
2010-03-24,-0.34646575342465735,-5.528761323767869,5.635227077192527
2010-03-25,-0.34665753424657525,-4.983116785657577,4.819774319904153
2010-03-26,-0.359972602739726,-4.696721281618237,2.2366938843579636
2010-03-27,-0.38219178082191774,-4.554541443191823,-0.2832667759862586
2010-03-28,-0.4102739726027398,-4.402521773363936,1.2827957459666757
2010-03-29,-0.4358356164383562,-4.0947479763846575,3.300583592823014
2010-03-30,-0.4564657534246576,-3.26172514533443,0.7381908987590875
2010-03-31,-0.47504109589041105,-3.033782749830391,-3.271176154279198
2010-04-01,-0.49567123287671244,-3.121732872766815,-5.202595894356472
2010-04-02,-0.5072054794520549,-3.5048828552044693,-3.977911665343476
2010-04-03,-0.5015616438356165,-3.3825512781057685,-1.4958870780586149
2010-04-04,-0.502054794520548,-3.7824444990400856,-0.5655007064393658
2010-04-05,-0.5032328767123289,-4.325312781442614,-2.331454341845057
2010-04-06,-0.5084931506849315,-4.430534418253292,5.129027568938223
2010-04-07,-0.511013698630137,-4.3496829957032395,5.960696694333377
2010-04-08,-0.5161917808219179,-3.8241065994967074,4.210298380318625
2010-04-09,-0.5088219178082192,-3.699958373293686,3.618780291101905
2010-04-10,-0.5033424657534247,-3.529810849584518,2.093153315337943
2010-04-11,-0.5008767123287671,-3.295453982707103,-2.5536693049641292
2010-04-12,-0.49712328767123287,-3.9501670139680796,-2.8827096983606877
2010-04-13,-0.4776164383561644,-3.63545749517637,-1.886926066467466
2010-04-14,-0.4525205479452055,-3.0300827147056983,-2.2573967373490964
2010-04-15,-0.42054794520547956,-2.676071474804047,-1.123380579990473
2010-04-16,-0.3931232876712329,-2.658051804976158,-0.30882490735260903
2010-04-17,-0.38917808219178085,-2.376564625488979,1.7257427076807597
2010-04-18,-0.3825205479452055,-2.1774286929283893,0.9199492408735948
2010-04-19,-0.36958904109589047,-1.7045006985483397,1.9140897396442302
2010-04-20,-0.3671232876712329,-1.60474165393998,1.391864941611213
2010-04-21,-0.38150684931506845,-1.3483911095072436,1.999897958822312
2010-04-22,-0.39235616438356163,-0.970426936693756,2.952783101077318
2010-04-23,-0.39616438356164385,-0.5687809935957578,3.324945377157402
2010-04-24,-0.39854794520547954,-0.44575535257011695,4.004303297775596
2010-04-25,-0.4121369863013699,-0.36008903715037677,4.722226023451746
2010-04-26,-0.44397260273972605,-0.10397944810928078,1.737952050849007
2010-04-27,-0.4676712328767123,-0.08841780427366439,1.6160890371503767
2010-04-28,-0.4798356164383562,-0.2501269718184484,4.699962588256805
2010-04-29,-0.4952054794520549,-0.2514750575226986,5.456680536974754
2010-04-30,-0.5024109589041097,0.11849895020473389,4.313912008699376
2010-05-01,-0.5129041095890412,-0.08670371927190826,2.6496078288609493
2010-05-02,-0.5247945205479452,-0.2317651874840614,0.4365597080320066
2010-05-03,-0.5306027397260275,0.1394501268819379,-1.6788473871559102
2010-05-04,-0.5209315068493151,-0.018806985868325486,0.4797384927176406
2010-05-05,-0.5032328767123289,0.16499912582819712,0.45823375088413176
2010-05-06,-0.482082191780822,0.8065144050695039,-1.8244322132886819
2010-05-07,-0.45438356164383564,0.8789808609880143,-2.7045972993441785
2010-05-08,-0.42997260273972604,1.1716327752837643,-1.4116601725440383
2010-05-09,-0.4237808219178082,1.6106717636926158,-0.9968909417748075
2010-05-10,-0.42416438356164377,1.9133068181358892,-0.26914243457424547
2010-05-11,-0.41983561643835615,2.3271382196111263,-0.4773026031727703
2010-05-12,-0.41128767123287674,2.3469380088629705,-1.3856503376300937
2010-05-13,-0.4075342465753424,2.079670709951836,-3.202136463376494
2010-05-14,-0.40438356164383554,1.521290660777266,-3.6269070991334305
2010-05-15,-0.39890410958904104,0.8342860945672206,-3.5553819849781796
2010-05-16,-0.3965479452054794,0.4417557117080709,-4.945207766502592
2010-05-17,-0.39515068493150685,0.5229106116026966,-3.2177599266711896
2010-05-18,-0.41808219178082195,1.26421303520649,-3.946130843425668
2010-05-19,-0.43254794520547946,2.199844225933571,-5.927296280728092
2010-05-20,-0.4492876712328767,2.769824556105682,-2.960536884872805
2010-05-21,-0.4761095890410959,2.902159645673648,-1.2060500566325523
2010-05-22,-0.5012328767123289,2.3225720095654645,1.2986608671468645
2010-05-23,-0.5229041095890412,2.6180395192247548,1.7048645903642865
2010-05-24,-0.540082191780822,3.3267370956209614,3.583345096159861
2010-05-25,-0.5596712328767124,3.5091782617607574,4.770492971115955
2010-05-26,-0.5876438356164384,3.7641561332043825,2.7834877024120557
2010-05-27,-0.6215616438356164,3.4835597159230334,-0.0119980720874171
2010-05-28,-0.6542191780821918,4.096879701873156,0.32733947620903514
2010-05-29,-0.682931506849315,3.719338430359282,1.0335930764900336
2010-05-30,-0.6947397260273972,3.140810154981692,0.38392957104570513
2010-05-31,-0.7178630136986301,2.753534426144319,-3.195671412445689
2010-06-01,-0.7338082191780821,2.720678086137294,-1.976869866959212
2010-06-02,-0.7358082191780821,3.404964001135538,-2.8091557819574557
2010-06-03,-0.7481369863013698,4.208854412094443,-0.7707174257930731
2010-06-04,-0.7735068493150685,4.4431073098815865,3.8903995394334814
2010-06-05,-0.7890958904109588,4.101932037665219,5.83716385274574
2010-06-06,-0.7999178082191781,4.352151918241264,5.207765889977914
2010-06-07,-0.8057260273972602,4.515270990949378,4.230455036447883
2010-06-08,-0.8061369863013699,4.64739533236139,4.168741653939979
2010-06-09,-0.786904109589041,4.398231300046674,3.878672809542368
2010-06-10,-0.8006849315068492,4.771327892951485,3.3193570385553652
2010-06-11,-0.8240821917808219,4.822098528708422,5.241983663072399
2010-06-12,-0.8143287671232875,5.01027696214713,2.904051804976157
2010-06-13,-0.8119999999999998,5.386000179568977,1.5159998204310225
2010-06-14,-0.8191506849315067,5.604099231202276,0.545051453729231
2010-06-15,-0.8326301369863012,5.769240783713691,1.4133893532726098
2010-06-16,-0.850739726027397,6.115490871525423,1.8452488545019747
2010-06-17,-0.8563561643835613,6.618806642512426,-1.1024504781288647
2010-06-18,-0.8490958904109587,6.442742013077933,-2.423646122666975
2010-06-19,-0.849780821917808,6.005523186242669,-4.695742364324861
2010-06-20,-0.8305205479452052,6.105474011672947,-7.764953463727743
2010-06-21,-0.799808219178082,6.463422027127811,-6.523613807949729
2010-06-22,-0.7840273972602738,6.6153679351011165,-5.1413405378408426
2010-06-23,-0.7758904109589039,6.7376236428636735,-1.8917332319047695
2010-06-24,-0.7680273972602737,6.846494735241616,0.3615326620186581
2010-06-25,-0.7803287671232875,7.677430615115167,0.18289815200812054
2010-06-26,-0.8002465753424656,7.638049793197358,2.1721967821451065
2010-06-27,-0.8157534246575342,7.216994998676809,3.7287584259807263
2010-06-28,-0.8220821917808219,7.726461437032974,3.985620754747849
2010-06-29,-0.8161643835616437,7.816629930183659,3.3795344533779854
2010-06-30,-0.8216986301369862,7.758190889087769,3.3435077410492164
2010-07-01,-0.8257260273972602,7.849064176759002,4.296661850638259
2010-07-02,-0.8253972602739724,7.624521711005577,5.750875549268396
2010-07-03,-0.8241643835616437,7.535721711005578,5.038442672556067
2010-07-04,-0.8107671232876711,7.660425820594618,3.5003413026930534
2010-07-05,-0.8019999999999998,7.659828560320647,3.012171439679352
2010-07-06,-0.7992054794520547,7.68018212547695,0.6590233539751047
2010-07-07,-0.7976438356164384,7.488536884872805,3.059106950743634
2010-07-08,-0.7836986301369864,7.555372852558088,6.508325777578898
2010-07-09,-0.7556164383561643,7.205849143390544,8.889767294965619
2010-07-10,-0.7426027397260273,7.305116442301679,8.877486297424348
2010-07-11,-0.7300821917808218,7.330495437735468,6.549586754045354
2010-07-12,-0.7162465753424657,7.646339484100062,5.939907091242403
2010-07-13,-0.7039452054794519,7.703801373808528,5.370143831670923
2010-07-14,-0.6883561643835615,8.03939533236139,6.238960832022171
2010-07-15,-0.6653698630136986,8.195239378725985,4.980130484287713
2010-07-16,-0.6425753424657534,8.524629614061425,5.6279457284043275
2010-07-17,-0.6288493150684932,8.249456449326617,2.419392865741875
2010-07-18,-0.6104109589041096,8.07071672329922,-0.5903057643951106
2010-07-19,-0.5952876712328767,8.549601865554225,1.8956858056786512
2010-07-20,-0.580931506849315,8.76107921012746,4.009852296721855
2010-07-21,-0.5901917808219178,8.624287499554926,4.595904281266993
2010-07-22,-0.6079178082191781,8.375106607387734,3.472811200831444
2010-07-23,-0.6262465753424657,8.768581141985555,-1.7323345666430896
2010-07-24,-0.648958904109589,8.909926417714393,-6.560967513604805
2010-07-25,-0.6668767123287671,8.911056027830305,-5.094179315501538
2010-07-26,-0.6815890410958905,8.542165265624476,-4.0905762245285855
2010-07-27,-0.6884383561643835,8.147170534328373,-3.0887321781639887
2010-07-28,-0.6844383561643835,8.681203551539472,-0.9967651953750885
2010-07-29,-0.6885479452054795,8.519180369242317,-3.960632424036838
2010-07-30,-0.6851780821917809,7.949296983221945,-4.334118901030164
2010-07-31,-0.6798904109589041,8.453571658318538,-0.21368124735963434
2010-08-01,-0.6552328767123288,9.16424113496062,2.780991741751709
2010-08-02,-0.6224657534246576,8.66974657928798,0.5727191741366777
2010-08-03,-0.5923561643835616,8.564114686067047,-2.431758521683485
2010-08-04,-0.5723287671232877,8.37739533236139,-1.8650665652381022
2010-08-05,-0.5652876712328767,8.975322975494512,-5.330035304261635
2010-08-06,-0.5606849315068494,8.932508785118678,-6.661823853611828
2010-08-07,-0.5421369863013699,8.89066614374179,-2.1585291574404195
2010-08-08,-0.517095890410959,8.38539743984295,-0.338301549431991
2010-08-09,-0.48627397260273986,8.317084127584431,0.7591898450183088
2010-08-10,-0.46690410958904116,8.196149810759705,2.210754298829336
2010-08-11,-0.4411780821917809,8.677133302154154,1.5640447800376283
2010-08-12,-0.4095342465753426,7.893801373808529,-0.36426712723318655
2010-08-13,-0.3698904109589043,7.751190906650114,-1.6713004956912103
2010-08-14,-0.3388493150684934,7.766952761233887,-1.248103446165394
2010-08-15,-0.3197534246575345,7.973079912621312,-4.533326487963778
2010-08-16,-0.30158904109589063,8.140393576126758,-5.298804535030868
2010-08-17,-0.28353424657534265,7.9143275417045595,-1.8507932951292165
2010-08-18,-0.27194520547945233,8.228461718030514,-0.45651651255106174
2010-08-19,-0.2719726027397263,7.889133302154154,1.9128393005855715
2010-08-20,-0.2799452054794523,7.4533911173982705,3.9765540880811816
2010-08-21,-0.2825479452054796,7.278654903840141,4.423893041365338
2010-08-22,-0.26753424657534264,7.753854060847515,5.6436801857278285
2010-08-23,-0.260164383561644,7.775518971279549,4.314645412282095
2010-08-24,-0.27013698630137,7.320444155684187,3.109692830617184
2010-08-25,-0.292191780821918,6.861314545568274,3.430877235253644
2010-08-26,-0.29991780821917824,6.879403762287627,7.050514045931552
2010-08-27,-0.2973424657534248,6.47600298954439,4.021339476209035
2010-08-28,-0.29128767123287685,6.201467689228267,-2.1501800179953907
2010-08-29,-0.29057534246575356,6.061980509741088,-3.881405167275334
2010-08-30,-0.2983835616438357,6.24275887293041,-6.884375311286574
2010-08-31,-0.2970958904109591,5.6700816688559454,-6.2129857784449865
2010-09-01,-0.2980547945205481,5.8623928736329045,-2.8443380791123563
2010-09-02,-0.30268493150684944,5.695381282484327,0.2673036490225229
2010-09-03,-0.29117808219178093,5.494617671665921,0.7465604105258601
2010-09-04,-0.26208219178082204,5.281013878199114,0.8110683135817078
2010-09-05,-0.2330958904109589,5.586893049256367,0.7462028411545916
2010-09-06,-0.20547945205479445,6.073948195023842,2.451531257030952
2010-09-07,-0.17742465753424655,6.217741661831007,1.2696829957032394
2010-09-08,-0.14449315068493146,5.98430997935823,-1.709816828673298
2010-09-09,-0.12958904109589026,5.390670358704909,-2.891081317609019
2010-09-10,-0.10424657534246562,4.631134004648008,-1.576887429305542
2010-09-11,-0.08599999999999978,4.917950302505401,1.3680496974945981
2010-09-12,-0.06942465753424637,5.093451531869645,2.185973125664601
2010-09-13,-0.05238356164383546,5.059232353787453,-3.6868487921436177
2010-09-14,-0.028739726027397203,5.30114735203122,0.5775923739961772
2010-09-15,-0.009890410958904056,5.471748686769539,2.4681417241893646
2010-09-16,-0.008383561643835559,5.39086494950224,0.3475186121415961
2010-09-17,-0.015095890410958875,5.345998072087418,-1.4009021816764586
2010-09-18,-0.026904109589041127,4.331037762990123,-2.154133653401082
2010-09-19,-0.043534246575342536,4.213026523088471,-1.4694922765131286
2010-09-20,-0.05947945205479464,4.014211630218784,2.375267821836011
2010-09-21,-0.06427397260273984,3.938477172895285,3.785796799707455
2010-09-22,-0.058219178082191916,3.9207848652029775,4.4874343128792145
2010-09-23,-0.05249315068493157,3.8721484057719975,3.640344744912934
2010-09-24,-0.05024657534246585,3.723670007457983,-1.0834234321155174
2010-09-25,-0.04764383561643844,3.1143795262496936,-5.116735690633255
2010-09-26,-0.03698630136986311,3.4609703235802174,-6.883984022210354
2010-09-27,-0.03287671232876724,3.9452815283571745,-6.772404816028407
2010-09-28,-0.03350684931506855,3.9082692347147447,-5.964762385399676
2010-09-29,-0.0304931506849316,3.8416201303944075,-3.2011269797094757
2010-09-30,-0.01213698630136996,3.7382074152556646,-2.2360704289542945
2010-10-01,0.018246575342465737,3.4934508293757913,-2.211697404718257
2010-10-02,0.05216438356164391,2.7181947703663076,1.8396408460720486
2010-10-03,0.07887671232876728,1.961820341142563,2.1293029465286692
2010-10-04,0.08772602739726049,2.31159203064028,2.4706819419624595
2010-10-05,0.10698630136986319,2.551293470752679,1.5317202278774582
2010-10-06,0.11860273972602756,3.110797510092335,3.7005997501816377
2010-10-07,0.13460273972602757,3.1437395543494477,5.011657705924524
2010-10-08,0.14586301369863028,2.9772091714902973,6.396927814811072
2010-10-09,0.1627397260273974,2.783380579990473,4.733879693982129
2010-10-10,0.17682191780821932,2.857145947043512,1.126032135148269
2010-10-11,0.20372602739726053,2.7451340046480075,0.14113996795473183
2010-10-12,0.21745205479452073,2.5351747492914916,1.1273731959139877
2010-10-13,0.21252054794520572,2.297583600714042,1.2298958513407525
2010-10-14,0.2113150684931509,1.5673257854699252,2.331359146036924
2010-10-15,0.21106849315068518,0.6918990204541192,0.14703248639519562
2010-10-16,0.21273972602739752,0.5998140186978846,-4.592553744725282
2010-10-17,0.21172602739726049,0.07143748199258068,-5.013163509389841
2010-10-18,0.21756164383561666,0.434118198536311,-5.761679842371928
2010-10-19,0.22167123287671253,0.9325242399834485,-5.094195472860161
2010-10-20,0.2287123287671235,0.9541547282166764,-7.3228670569837995
2010-10-21,0.23336986301369883,1.0387174257930725,-6.112087288806771
2010-10-22,0.2339726027397262,1.0161645631306206,-2.6101371658703467
2010-10-23,0.23224657534246587,0.7095365336258791,-2.8717831089683448
2010-10-24,0.22953424657534258,0.8556067830111969,-4.395141029586539
2010-10-25,0.22764383561643842,1.5459798072472348,-8.923623642863674
2010-10-26,0.2273972602739726,1.6977065371383482,-8.20510379741232
2010-10-27,0.22372602739726025,1.6723781212619873,-2.0561041486592475
2010-10-28,0.21471232876712326,1.2832211138858016,0.192066557347075
2010-10-29,0.2042739726027397,0.10286705698379968,2.0628589704134606
2010-10-30,0.1968767123287672,-0.5999956054679039,0.5031188931391367
2010-10-31,0.1942465753424658,-0.9022604456505525,-0.15198612969191316
2010-11-01,0.2007671232876713,-0.5789769893807946,2.188209866093123
2010-11-02,0.205095890410959,-0.33294748463896096,1.4578515942280021
2010-11-03,0.20189041095890425,-0.3139752331461618,1.8320848221872577
2010-11-04,0.20580821917808234,-0.6598066346213988,4.463998415443316
2010-11-05,0.21835616438356184,-1.6624030519027482,6.034046887519186
2010-11-06,0.24216438356164405,-1.9510739335325336,4.6689095499708895
2010-11-07,0.26202739726027413,-2.8881269718184486,0.39609957455817435
2010-11-08,0.28109589041095906,-4.0193633610000425,-2.3017325294109163
2010-11-09,0.2978630136986302,-3.271392163248023,-1.5164708504506073
2010-11-10,0.3136164383561645,-2.9015333645125123,-1.292083073843652
2010-11-11,0.32435616438356174,-3.2643222651096324,-2.2600338992739295
2010-11-12,0.345150684931507,-3.2585365257348515,3.6233858408033446
2010-11-13,0.36213698630137003,-2.783034593876755,5.160897607575386
2010-11-14,0.35917808219178093,-3.6141571790541347,4.764979096862354
2010-11-15,0.36679452054794537,-4.008117839398357,3.821323318850412
2010-11-16,0.38079452054794544,-4.270810498337591,-1.5099840222103547
2010-11-17,0.40052054794520575,-3.8082077586115646,0.9376872106663585
2010-11-18,0.42635616438356194,-4.5146468172698,-0.9717093471137614
2010-11-19,0.44131506849315105,-4.422303297775596,-2.5090117707175557
2010-11-20,0.4536164383561647,-3.870726901569063,-1.632889536787102
2010-11-21,0.46386301369863037,-4.790910252464743,0.5170472387661125
2010-11-22,0.4749041095890414,-4.439180712598216,-1.5957233969908247
2010-11-23,0.48052054794520566,-4.460228833427158,-5.020291714518048
2010-11-24,0.4838082191780823,-4.114927814811072,-7.148880404367009
2010-11-25,0.48879452054794537,-4.292378464617886,-7.296416055930059
2010-11-26,0.4847123287671234,-4.150512640943843,-9.974199687823281
2010-11-27,0.4774794520547946,-3.947609233848656,-10.219870218206138
2010-11-28,0.48479452054794525,-4.23279925843594,-5.031995262112004
2010-11-29,0.5017260273972604,-4.137071826050973,-8.444654201346289
2010-11-30,0.5179178082191782,-4.800926409823366,-6.566991398395811
2010-12-01,0.521095890410959,-5.359052156223084,-3.3420437341878735
2010-12-02,0.5401917808219179,-5.913653490961405,-6.016538289860513
2010-12-03,0.5548219178082192,-5.665217242278582,-8.769604675529639
2010-12-04,0.5537534246575343,-5.219905686254697,-8.673847738402838
2010-12-05,0.5456438356164384,-5.219241127069589,-4.12640270854685
2010-12-06,0.5348219178082191,-5.187364765987748,0.8125428481795298
2010-12-07,0.5278356164383561,-5.240638387343562,4.002802770905206
2010-12-08,0.5161369863013697,-5.291845974277177,5.345708987975807
2010-12-09,0.4978082191780821,-5.151193357487574,-5.4866148616905095
2010-12-10,0.4861369863013698,-5.3989172774032745,-5.5672197088980955
2010-12-11,0.4663013698630136,-5.646160691523401,1.3098593216603875
2010-12-12,0.4603561643835616,-6.152559005538153,-3.087797158845408
2010-12-13,0.4555890410958904,-6.533144885411704,-7.492444155684187
2010-12-14,0.4586301369863013,-6.692673512036221,-9.885956624950081
2010-12-15,0.4641369863013698,-6.35418246883285,-11.459954517468521
2010-12-16,0.4682465753424656,-5.93785791667268,-10.420388658669786
2010-12-17,0.47745205479452046,-6.405264309366745,-8.302187745427776
2010-12-18,0.47986301369863016,-6.692153666584869,-10.197709347113761
2010-12-19,0.4828493150684932,-6.653272739292981,-5.519576575775512
2010-12-20,0.5068493150684933,-5.980386192050272,0.5335368769817785
2010-12-21,0.5376164383561645,-5.777692830617183,0.3600763922610186
2010-12-22,0.5605753424657535,-5.485762377508649,2.735187035042895
2010-12-23,0.5645479452054795,-4.766436771607699,3.2718888264022197
2010-12-24,0.5540273972602741,-4.468885665179881,-1.8951417320803925
2010-12-25,0.5498630136986301,-5.35002370522203,-7.9498393084766
2010-12-26,0.5592876712328767,-5.8695937789838855,-8.789693892248991
2010-12-27,0.5713424657534245,-6.218338422468254,-5.20300404328517
2010-12-28,0.5792876712328766,-6.886126269324594,0.7368385980917171
2010-12-29,0.5803835616438355,-7.221306458997936,2.9409228973541
2010-12-30,0.5633972602739725,-6.639114678176017,2.895717417902044
2010-12-31,0.5407945205479451,-7.187616961281041,2.7668224407330957
2011-01-01,0.5132328767123286,-7.054204246142298,0.8509713694299688
2011-01-02,0.4966575342465752,-6.874877937747495,-3.60177959649908
2011-01-03,0.4926301369863012,-6.34970969046966,-5.442920446516642
2011-01-04,0.4901643835616437,-5.796353877333025,-4.733810506228617
2011-01-05,0.49583561643835605,-6.567875479019009,-2.5979601374193466
2011-01-06,0.4975342465753423,-6.952945377157402,0.48541113058205987
2011-01-07,0.4840547945205478,-6.344883557698322,4.290828763177774
2011-01-08,0.47032876712328753,-5.8177110954573665,3.447382328334079
2011-01-09,0.4556712328767122,-5.446057424926983,2.9103861920502707
2011-01-10,0.44720547945205463,-4.891534067006366,1.034328587554311
2011-01-11,0.44583561643835606,-4.98428643792312,-0.301549178515236
2011-01-12,0.43597260273972593,-5.72706199113703,1.961089388397304
2011-01-13,0.40868493150684915,-5.9490205439996915,5.8903356124928425
2011-01-14,0.3860821917808218,-6.536574460402923,6.950492268622101
2011-01-15,0.37213698630136977,-6.733023353975104,5.010886367673734
2011-01-16,0.3611780821917808,-7.031281169219221,9.17010308702744
2011-01-17,0.35076712328767123,-6.974241478316517,6.123474355028846
2011-01-18,0.3326575342465753,-6.85518563005519,2.762528095808615
2011-01-19,0.3045753424657534,-6.246212676068536,-3.518362666397218
2011-01-20,0.27868493150684925,-6.688383382074859,-7.200301549431989
2011-01-21,0.2603561643835617,-7.324531608277878,-7.775824556105684
2011-01-22,0.25098630136986305,-7.4403398274559605,-7.800646473913903
2011-01-23,0.246109589041096,-7.088863887870433,-3.4472457011706616
2011-01-24,0.24380821917808226,-7.545687913160211,-2.7981203060178705
2011-01-25,0.2458356164383562,-7.297627498688838,-3.6282081177495176
2011-01-26,0.2506301369863014,-7.335795394719748,-2.4448347422665524
2011-01-27,0.24591780821917808,-7.293775724891859,-2.812142083327318
2011-01-28,0.2516164383561645,-6.831487702412056,-2.400128735944109
2011-01-29,0.2581917808219179,-6.521976638133868,-2.7462151426880492
2011-01-30,0.2544931506849316,-6.593745517656172,1.379252366971241
2011-01-31,0.24917808219178092,-6.734910954958596,1.5357328727668147
2011-02-01,0.2574520547945206,-6.943091495878863,1.4756394410843425
2011-02-02,0.2694794520547945,-6.357349311122979,0.19786985906818444
2011-02-03,0.2796164383561644,-6.145156827807209,1.8455403894510445
2011-02-04,0.2978904109589041,-7.438229535921012,4.080339124962109
2011-02-05,0.3206575342465754,-7.513642251059754,7.442984716813179
2011-02-06,0.32827397260273977,-7.509302244034816,8.571028271432077
2011-02-07,0.3239726027397261,-7.6464121843228385,10.052439581583112
2011-02-08,0.3058904109589041,-7.4344395815831135,5.898549170624209
2011-02-09,0.2901917808219178,-7.514391109507243,7.044199328685325
2011-02-10,0.2884931506849316,-7.884687561913284,5.866194411228353
2011-02-11,0.29254794520547955,-7.442676322011634,5.640128376806154
2011-02-12,0.30194520547945214,-7.944499293560633,4.982554088081181
2011-02-13,0.3141643835616439,-7.9744669788433855,3.1003025952817422
2011-02-14,0.32934246575342474,-8.227892338871486,2.588549873118062
2011-02-15,0.3496164383561645,-7.812736033989153,2.513119595632988
2011-02-16,0.3683561643835618,-7.438166311474226,1.8498101470906638
2011-02-17,0.385178082191781,-6.508159989029547,0.8229819068377662
2011-02-18,0.3933150684931509,-6.458881450216762,-0.15443361827638835
2011-02-19,0.39945205479452073,-6.808605370132464,0.3291533153379431
2011-02-20,0.41172602739726044,-7.457442040311599,0.9457160129143389
2011-02-21,0.4196712328767125,-7.011469437571872,-1.478201795304841
2011-02-22,0.4248493150684933,-6.687996307961758,-4.146853007106736
2011-02-23,0.43090410958904124,-6.739202489907665,-5.621701619681376
2011-02-24,0.4375890410958906,-6.268228833427159,-1.2793602076687316
2011-02-25,0.43257534246575347,-6.656306810244861,2.513731467779108
2011-02-26,0.40961643835616446,-7.091073933532533,3.1314574951763685
2011-02-27,0.41600000000000015,-7.197087280915743,-0.10891271908425715
2011-02-28,0.42947945205479476,-6.783026866444371,-1.3464525856104244
2011-03-01,0.4514520547945208,-6.371295921590138,0.9598438667956177
2011-03-02,0.47956164383561667,-5.973124513089962,-0.9164371307456545
2011-03-03,0.4974794520547947,-6.301552331846548,-1.075927120208247
2011-03-04,0.5115342465753427,-6.100935542243457,1.5494012956681145
2011-03-05,0.5279178082191783,-6.587050048741524,1.6091322405223458
2011-03-06,0.5380000000000003,-6.549626796194984,2.9316267961949833
2011-03-07,0.536027397260274,-5.825435015373067,1.5594076181127932
2011-03-08,0.5332328767123288,-5.2572614993913325,0.3040286226790041
2011-03-09,0.5344109589041096,-5.983395675717289,1.5589847168131792
2011-03-10,0.5439452054794521,-5.6011146781760175,1.7871694726965655
2011-03-11,0.5645205479452056,-5.379382328334079,2.8448617803888734
2011-03-12,0.5873150684931507,-5.48494045970043,0.6976253912072785
2011-03-13,0.5977260273972604,-5.247581134094529,0.2198551066972687
2011-03-14,0.6012876712328769,-4.2096563009368175,1.1483686297039406
2011-03-15,0.6238356164383563,-4.157675268270854,2.223839651832497
2011-03-16,0.6293150684931508,-4.757220052253995,2.847904983760844
2011-03-17,0.6324383561643836,-4.175884611439101,1.1234462552747173
2011-03-18,0.64613698630137,-4.427621176244159,0.03148418994278934
2011-03-19,0.6585479452054795,-4.121782749830391,-1.9867651953750887
2011-03-20,0.6555890410958906,-4.871725847828283,-3.053863193267607
2011-03-21,0.6413698630136988,-4.816027217691297,-1.5153426453224021
2011-03-22,0.6298356164383561,-5.09124323455115,2.8014076181127936
2011-03-23,0.6307123287671232,-5.183326128825824,6.112613800058701
2011-03-24,0.6266575342465753,-5.528761323767869,6.752103789521294
2011-03-25,0.6263835616438357,-4.983116785657577,4.666733224013742
2011-03-26,0.6379178082191781,-4.696721281618237,2.188803473399059
2011-03-27,0.6611780821917809,-4.554541443191823,2.563363361000042
2011-03-28,0.692027397260274,-4.402521773363936,1.680494376103662
2011-03-29,0.7225205479452055,-4.0947479763846575,1.912227428439452
2011-03-30,0.7524657534246575,-3.26172514533443,0.6292593919097724
2011-03-31,0.7754520547945207,-3.033782749830391,2.1783306950358705
2011-04-01,0.7987397260273974,-3.121732872766815,4.592993146739418
2011-04-02,0.8229863013698633,-3.5048828552044693,7.0718965538346055
2011-04-03,0.8381917808219179,-3.3825512781057685,6.914359497283851
2011-04-04,0.8511780821917809,-3.7824444990400856,1.3112664168483046
2011-04-05,0.8595616438356166,-4.325312781442614,3.3357511376069975
2011-04-06,0.8688767123287673,-4.430534418253292,7.991657705924524
2011-04-07,0.8678630136986304,-4.3496829957032395,10.42181998200461
2011-04-08,0.8345205479452056,-3.8241065994967074,6.969586051551502
2011-04-09,0.794191780821918,-3.699958373293686,8.475766592471768
2011-04-10,0.7645205479452057,-3.529810849584518,5.965290301639312
2011-04-11,0.7667397260273975,-3.295453982707103,5.998714256679706
2011-04-12,0.7769315068493152,-3.9501670139680796,0.8532355071187645
2011-04-13,0.7841643835616439,-3.63545749517637,-4.948706888385274
2011-04-14,0.7767671232876714,-3.0300827147056983,-3.9266844085819725
2011-04-15,0.7684109589041097,-2.676071474804047,-2.4023394841000627
2011-04-16,0.7785753424657536,-2.658051804976158,-0.8705235374895954
2011-04-17,0.8012328767123289,-2.376564625488979,0.16533174877665013
2011-04-18,0.8225205479452056,-2.1774286929283893,1.8449081449831837
2011-04-19,0.8460821917808219,-1.7045006985483397,2.198418506767518
2011-04-20,0.8545205479452056,-1.60474165393998,2.7402211059947743
2011-04-21,0.8534246575342468,-1.3483911095072436,2.464966451972997
2011-04-22,0.8558356164383564,-0.970426936693756,1.9245913202553997
2011-04-23,0.8583013698630139,-0.5687809935957578,1.440479623732744
2011-04-24,0.8594520547945206,-0.44575535257011695,1.7563032977755964
2011-04-25,0.8592328767123288,-0.36008903715037677,2.7608561604380477
2011-04-26,0.8773424657534247,-0.10397944810928078,0.3266369823558562
2011-04-27,0.8940821917808219,-0.08841780427366439,-1.0856643875071577
2011-04-28,0.8968767123287672,-0.2501269718184484,0.033250259489681244
2011-04-29,0.9036164383561645,-0.2514750575226986,0.24785861916653418
2011-04-30,0.9113698630136987,0.11849895020473389,0.20013118678156738
2011-05-01,0.9213150684931508,-0.08670371927190826,0.2553886507787575
2011-05-02,0.9330410958904111,-0.2317651874840614,1.3587240915936505
2011-05-03,0.9364383561643836,0.1394501268819379,-1.5658884830463216
2011-05-04,0.9386575342465755,-0.018806985868325486,-2.14985054837825
2011-05-05,0.9359452054794521,0.16499912582819712,0.4490556686923508
2011-05-06,0.9307123287671233,0.8065144050695039,1.3427732661633727
2011-05-07,0.9223561643835616,0.8789808609880143,4.608662974628424
2011-05-08,0.9245479452054794,1.1716327752837643,4.483819279510756
2011-05-09,0.934054794520548,1.6106717636926158,4.605273441786837
2011-05-10,0.9505753424657535,1.9133068181358892,4.476117839398357
2011-05-11,0.9661917808219178,2.3271382196111263,3.886669999566956
2011-05-12,0.9810410958904108,2.3469380088629705,1.1420208952466187
2011-05-13,0.996,2.079670709951836,2.984329290048164
2011-05-14,0.996821917808219,1.521290660777266,1.171887421414515
2011-05-15,0.9972328767123286,0.8342860945672206,-6.031518971279549
2011-05-16,1.0020821917808218,0.4417557117080709,-3.563837903488893
2011-05-17,1.0091232876712328,0.5229106116026966,0.4879661007260706
2011-05-18,1.02586301369863,1.26421303520649,1.8099239510948797
2011-05-19,1.0271780821917809,2.199844225933571,2.042977691874648
2011-05-20,1.0398082191780822,2.769824556105682,1.0103672247162363
2011-05-21,1.0560547945205478,2.902159645673648,1.7517855598058043
2011-05-22,1.070876712328767,2.3225720095654645,3.466551278105769
2011-05-23,1.0807123287671234,2.6180395192247548,4.131248152008121
2011-05-24,1.095890410958904,3.3267370956209614,3.9973724934201345
2011-05-25,1.1193424657534248,3.5091782617607574,4.291479272485818
2011-05-26,1.1508219178082193,3.7641561332043825,2.8650219489873985
2011-05-27,1.1838082191780823,3.4835597159230334,-3.307367935101116
2011-05-28,1.2203835616438359,4.096879701873156,-4.187263263516993
2011-05-29,1.2668219178082194,3.719338430359282,1.7538396518324992
2011-05-30,1.2964383561643837,3.140810154981692,4.572751488853925
2011-05-31,1.3337260273972604,2.753534426144319,0.6627395464584205
2011-06-01,1.3630410958904111,2.720678086137294,-2.9137191820277053
2011-06-02,1.3837260273972602,3.404964001135538,2.0413099714672014
2011-06-03,1.4109863013698631,4.208854412094443,2.410159286535693
2011-06-04,1.4418904109589046,4.4431073098815865,1.2850022791595084
2011-06-05,1.4753972602739727,4.101932037665219,0.6126707020608082
2011-06-06,1.4829863013698632,4.352151918241264,-1.0251382196111272
2011-06-07,1.4701095890410962,4.515270990949378,-0.5953805799904743
2011-06-08,1.4568219178082193,4.64739533236139,-2.3642172501696095
2011-06-09,1.442301369863014,4.398231300046674,-5.0405326699096875
2011-06-10,1.4606575342465753,4.771327892951485,-3.20198542719806
2011-06-11,1.48213698630137,4.822098528708422,-4.304235515009792
2011-06-12,1.4830410958904112,5.01027696214713,-1.5633180580375416
2011-06-13,1.4919452054794522,5.386000179568977,-2.5279453850484295
2011-06-14,1.515945205479452,5.604099231202276,-0.6800444366817269
2011-06-15,1.549068493150685,5.769240783713691,1.0416907231356234
2011-06-16,1.57786301369863,6.115490871525423,0.9166461147759462
2011-06-17,1.6037808219178082,6.618806642512426,-0.20258746443023412
2011-06-18,1.6130136986301373,6.442742013077933,-4.005755711708071
2011-06-19,1.6229315068493153,6.005523186242669,-6.078454693091984
2011-06-20,1.6164931506849316,6.105474011672947,-1.451967162357879
2011-06-21,1.6023835616438358,6.463422027127811,2.3041944112283534
2011-06-22,1.590958904109589,6.6153679351011165,0.8636731607892942
2011-06-23,1.5818630136986305,6.7376236428636735,-2.7994866565623044
2011-06-24,1.5775342465753428,6.846494735241616,-5.824028981816959
2011-06-25,1.5697260273972604,7.677430615115167,-3.687156642512428
2011-06-26,1.5775616438356166,7.638049793197358,3.234388562967024
2011-06-27,1.6115616438356166,7.216994998676809,5.701443357487574
2011-06-28,1.6405205479452056,7.726461437032974,4.423018015021819
2011-06-29,1.6546301369863015,7.816629930183659,1.30873993283004
2011-06-30,1.6420273972602741,7.758190889087769,-5.320218286348043
2011-07-01,1.6254520547945206,7.849064176759002,-6.404516231553523
2011-07-02,1.6258904109589043,7.624521711005577,-6.760412121964481
2011-07-03,1.6359726027397263,7.535721711005578,-3.471694313745304
2011-07-04,1.6553424657534248,7.660425820594618,-0.43576828634804166
2011-07-05,1.668876712328767,7.659828560320647,-0.35870527264941376
2011-07-06,1.6779178082191781,7.68018212547695,0.25190006630387174
2011-07-07,1.685068493150685,7.488536884872805,1.1963946219765083
2011-07-08,1.6742739726027398,7.555372852558088,-0.8696468251608289
2011-07-09,1.6577808219178083,7.205849143390544,1.4663700346916473
2011-07-10,1.643041095890411,7.305116442301679,1.1418424618079106
2011-07-11,1.6254246575342468,7.330495437735468,1.1040799047302858
2011-07-12,1.6136986301369864,7.646339484100062,3.109961885762952
2011-07-13,1.6146027397260276,7.703801373808528,-0.5484041135345556
2011-07-14,1.6063835616438358,8.03939533236139,-6.015778894005226
2011-07-15,1.5861095890410961,8.195239378725985,-5.521348967767081
2011-07-16,1.5572602739726031,8.524629614061425,-1.661889888034028
2011-07-17,1.5417534246575344,8.249456449326617,-3.751209873984152
2011-07-18,1.5167945205479454,8.07071672329922,-6.517511243847166
2011-07-19,1.5026849315068496,8.549601865554225,-6.812286797061074
2011-07-20,1.499369863013699,8.76107921012746,-8.320449073141159
2011-07-21,1.519095890410959,8.624287499554926,-6.963383389965885
2011-07-22,1.538164383561644,8.375106607387734,-5.363270990949378
2011-07-23,1.5684657534246578,8.768581141985555,-7.347046895410212
2011-07-24,1.6006301369863016,8.909926417714393,-10.590556554700695
2011-07-25,1.6118630136986303,8.911056027830305,-8.212919041528936
2011-07-26,1.6118356164383563,8.542165265624476,-5.644000882062833
2011-07-27,1.621068493150685,8.147170534328373,-3.6482390274790575
2011-07-28,1.6347123287671235,8.681203551539472,-5.035915880306595
2011-07-29,1.6467671232876713,8.519180369242317,-4.215947492529988
2011-07-30,1.648876712328767,7.949296983221945,-4.268173695550712
2011-07-31,1.6524657534246576,8.453571658318538,-3.8960374117431957
2011-08-01,1.6414520547945206,9.16424113496062,-1.4556931897551397
2011-08-02,1.6197808219178085,8.66974657928798,1.3504725987942123
2011-08-03,1.5972054794520552,8.564114686067047,-0.23132016551910262
2011-08-04,1.574191780821918,8.37739533236139,-0.31158711318330745
2011-08-05,1.5303287671232877,8.975322975494512,-0.7556517426178004
2011-08-06,1.4762465753424658,8.932508785118678,-0.38875536046114334
2011-08-07,1.4281643835616438,8.89066614374179,-1.3488305273034324
2011-08-08,1.372849315068493,8.38539743984295,-3.7982467549114443
2011-08-09,1.3253698630136985,8.317084127584431,-7.65245399059813
2011-08-10,1.3104931506849316,8.196149810759705,-5.296642961444636
2011-08-11,1.2795342465753425,8.677133302154154,-0.7766675487294963
2011-08-12,1.2267123287671233,7.893801373808529,-0.5205137025756521
2011-08-13,1.1792602739726028,7.751190906650114,0.2095488193772832
2011-08-14,1.1428219178082193,7.766952761233887,1.730225320957893
2011-08-15,1.1148767123287673,7.973079912621312,-0.42795662495007925
2011-08-16,1.0937808219178082,8.140393576126758,0.7058256019554321
2011-08-17,1.0803287671232877,7.9143275417045595,3.6253436911721524
2011-08-18,1.0678630136986302,8.228461718030514,4.3436752682708555
2011-08-19,1.066027397260274,7.889133302154154,3.544839300585571
2011-08-20,1.0691780821917807,7.4533911173982705,4.867430800409949
2011-08-21,1.062904109589041,7.278654903840141,7.558440986570818
2011-08-22,1.0462739726027397,7.753854060847515,7.229871966549747
2011-08-23,1.0516712328767124,7.775518971279549,4.892809795843739
2011-08-24,1.0727671232876712,7.320444155684187,3.976788721028142
2011-08-25,1.1027397260273974,6.861314545568274,4.475945728404327
2011-08-26,1.1267397260273972,6.879403762287627,3.793856511684977
2011-08-27,1.1352054794520547,6.47600298954439,-5.7912084689964445
2011-08-28,1.124876712328767,6.201467689228267,-1.2363444015570346
2011-08-29,1.122958904109589,6.061980509741088,-0.37493941385067675
2011-08-30,1.133013698630137,6.24275887293041,-0.2957725715605468
2011-08-31,1.1568219178082193,5.6700816688559454,2.593096413335835
2011-09-01,1.1855068493150684,5.8623928736329045,2.212100277052027
2011-09-02,1.2154246575342467,5.695381282484327,3.879194059981426
2011-09-03,1.227917808219178,5.494617671665921,5.2074645201149
2011-09-04,1.2346301369863013,5.281013878199114,2.994355984814585
2011-09-05,1.2183561643835614,5.586893049256367,-1.4252492136399288
2011-09-06,1.2032602739726026,6.073948195023842,0.022791531003555576
2011-09-07,1.202054794520548,6.217741661831007,0.3202035436484456
2011-09-08,1.189945205479452,5.98430997935823,0.43574481516231867
2011-09-09,1.1725205479452054,5.390670358704909,3.3168090933498853
2011-09-10,1.1661917808219178,4.631134004648008,5.472674214530073
2011-09-11,1.1639178082191781,4.917950302505401,3.91813188927542
2011-09-12,1.1728219178082193,5.093451531869645,2.243726550322135
2011-09-13,1.1840000000000002,5.059232353787453,3.3067676462125464
2011-09-14,1.1920000000000002,5.30114735203122,1.35685264796878
2011-09-15,1.2021917808219178,5.471748686769539,2.396059532408543
2011-09-16,1.2139178082191782,5.39086494950224,4.125217242278581
2011-09-17,1.2217534246575341,5.345998072087418,1.8922485032550496
2011-09-18,1.2281643835616438,4.331037762990123,-4.489202146551767
2011-09-19,1.2310136986301372,4.213026523088471,-7.934040221718609
2011-09-20,1.2327945205479454,4.014211630218784,-3.1270061507667295
2011-09-21,1.2344931506849317,3.938477172895285,2.8070296764197837
2011-09-22,1.2298082191780821,3.9207848652029775,1.7194069156189404
2011-09-23,1.2228767123287674,3.8721484057719975,2.264974881899236
2011-09-24,1.2204657534246577,3.723670007457983,1.8558642391173592
2011-09-25,1.2205753424657537,3.1143795262496936,2.105045131284553
2011-09-26,1.2222465753424658,3.4609703235802174,3.116783101077316
2011-09-27,1.224082191780822,3.9452815283571745,3.1006362798620035
2011-09-28,1.2283287671232879,3.9082692347147447,3.7034019981619672
2011-09-29,1.2347397260273973,3.8416201303944075,3.923640143578195
2011-09-30,1.231205479452055,3.7382074152556646,5.02058710529228
2011-10-01,1.224027397260274,3.4934508293757913,5.432521773363935
2011-10-02,1.204191780821918,2.7181947703663076,6.237613448811773
2011-10-03,1.189013698630137,1.961820341142563,5.7591659602273
2011-10-04,1.1894794520547944,2.31159203064028,4.428928517304925
2011-10-05,1.1889863013698632,2.551293470752679,3.849720227877458
2011-10-06,1.1744931506849317,3.110797510092335,2.2747093392227327
2011-10-07,1.1526575342465755,3.1437395543494477,-8.176397088596023
2011-10-08,1.132958904109589,2.9772091714902973,-9.310168075599886
2011-10-09,1.091260273972603,2.783380579990473,-7.024640853963076
2011-10-10,1.0688767123287672,2.857145947043512,1.0439773406277206
2011-10-11,1.0509315068493152,2.7451340046480075,3.0139344885026764
2011-10-12,1.0426575342465756,2.5351747492914916,2.942167716461932
2011-10-13,1.0517808219178084,2.297583600714042,-2.3093644226318504
2011-10-14,1.0577534246575344,1.5673257854699252,-1.5650792101274595
2011-10-15,1.059890410958904,0.6918990204541192,3.0082105685869767
2011-10-16,1.058328767123288,0.5998140186978846,2.831857214178828
2011-10-17,1.047068493150685,0.07143748199258068,1.9214940248567343
2011-10-18,1.0303013698630137,0.434118198536311,2.0255804316006754
2011-10-19,1.0128493150684934,0.9325242399834485,-2.805373555051942
2011-10-20,0.9947397260273975,0.9541547282166764,-8.488894454244074
2011-10-21,0.9743561643835619,1.0387174257930725,-5.973073590176634
2011-10-22,0.9596438356164385,1.0161645631306206,-2.435808398747059
2011-10-23,0.9404109589041096,0.7095365336258791,-3.1599474925299886
2011-10-24,0.9237808219178083,0.8556067830111969,-5.169387604929005
2011-10-25,0.9026027397260274,1.5459798072472348,-2.9885825469732623
2011-10-26,0.890986301369863,1.6977065371383482,-2.7586928385082112
2011-10-27,0.8903013698630136,1.6723781212619873,-1.702679491125001
2011-10-28,0.9001643835616437,1.2832211138858016,1.9666145025525548
2011-10-29,0.9148493150684931,0.10286705698379968,4.182283627947707
2011-10-30,0.9181643835616439,-0.5999956054679039,3.41183122190626
2011-10-31,0.9199178082191781,-0.9022604456505525,3.4023426374313743
2011-11-01,0.917123287671233,-0.5789769893807946,2.7118537017095616
2011-11-02,0.9199178082191781,-0.33294748463896096,1.5530296764197828
2011-11-03,0.9263013698630138,-0.3139752331461618,0.117673863283148
2011-11-04,0.9273698630136986,-0.6598066346213988,1.8324367716077004
2011-11-05,0.9183287671232876,-1.6624030519027482,2.284074284779461
2011-11-06,0.8993698630136987,-1.9510739335325336,4.811704070518834
2011-11-07,0.8816712328767123,-2.8881269718184486,3.2464557389417363
2011-11-08,0.8667123287671232,-4.0193633610000425,3.1426510322329193
2011-11-09,0.859945205479452,-3.271392163248023,3.6214469577685713
2011-11-10,0.8584657534246576,-2.9015333645125123,3.5830676110878548
2011-11-11,0.8724383561643835,-3.2643222651096324,2.651883908945249
2011-11-12,0.8666849315068492,-3.2585365257348515,3.4018515942280025
2011-11-13,0.8509863013698629,-2.783034593876755,4.822048292506892
2011-11-14,0.8605753424657533,-3.6141571790541347,6.033581836588381
2011-11-15,0.862849315068493,-4.008117839398357,5.895268524329865
2011-11-16,0.8363287671232876,-4.270810498337591,4.144481731214303
2011-11-17,0.8206027397260274,-3.8082077586115646,0.9976050188855372
2011-11-18,0.8126027397260274,-4.5146468172698,3.252044077543773
2011-11-19,0.8082191780821918,-4.422303297775596,3.0540841196934037
2011-11-20,0.7989041095890411,-3.870726901569063,3.4318227919800215
2011-11-21,0.7833698630136986,-4.790910252464743,3.7875403894510438
2011-11-22,0.768958904109589,-4.439180712598216,3.6502218084886273
2011-11-23,0.761013698630137,-4.460228833427158,3.2592151347970213
2011-11-24,0.7570684931506849,-4.114927814811072,4.067859321660387
2011-11-25,0.7543835616438356,-4.292378464617886,4.47799490297405
2011-11-26,0.7658630136986302,-4.150512640943843,3.0946496272452126
2011-11-27,0.7753698630136987,-3.947609233848656,6.432239370834957
2011-11-28,0.7677534246575344,-4.23279925843594,5.495045833778406
2011-11-29,0.7578356164383562,-4.137071826050973,4.909236209612617
2011-11-30,0.7615068493150685,-4.800926409823366,3.8894195605082973
2011-12-01,0.7748219178082192,-5.359052156223084,3.954230238414865
2011-12-02,0.7715616438356165,-5.913653490961405,3.7020918471257884
2011-12-03,0.7732328767123289,-5.665217242278582,2.291984365566253
2011-12-04,0.7734794520547945,-5.219905686254697,3.3364262341999025
2011-12-05,0.7603287671232877,-5.219241127069589,-1.5710876400536993
2011-12-06,0.756,-5.187364765987748,-4.108635234012251
2011-12-07,0.7561643835616438,-5.240638387343562,-1.0755259962180812
2011-12-08,0.7662739726027397,-5.291845974277177,-0.20442799832556346
2011-12-09,0.7800547945205478,-5.151193357487574,0.9311385629670257
2011-12-10,0.7806849315068491,-5.3989172774032745,1.9782323458964255
2011-12-11,0.7818082191780821,-5.646160691523401,1.3243524723453195
2011-12-12,0.7772054794520546,-6.152559005538153,-0.15464647391390152
2011-12-13,0.766931506849315,-6.533144885411704,0.9562133785623894
2011-12-14,0.7514246575342465,-6.692673512036221,1.9112488545019737
2011-12-15,0.7404657534246575,-6.35418246883285,-1.2262832845918075
2011-12-16,0.7413150684931505,-5.93785791667268,-1.2334571518204704
2011-12-17,0.7481369863013698,-6.405264309366745,-5.202872676934624
2011-12-18,0.768,-6.692153666584869,-6.8658463334151305
2011-12-19,0.7961095890410959,-6.653272739292981,-8.182836849748114
2011-12-20,0.8111780821917808,-5.980386192050272,-4.920791890141508
2011-12-21,0.8113424657534247,-5.777692830617183,-4.083649635136243
2011-12-22,0.8136164383561644,-5.485762377508649,-0.8378540608475156
2011-12-23,0.8176712328767124,-4.766436771607699,1.438765538730987
2011-12-24,0.8300273972602741,-4.468885665179881,-5.021141732080393
2011-12-25,0.841095890410959,-5.35002370522203,-5.381072185188929
2011-12-26,0.8238630136986301,-5.8695937789838855,3.3557307652852555
2011-12-27,0.8004383561643835,-6.218338422468254,5.137900066303871
2011-12-28,0.7898082191780822,-6.886126269324594,5.676318050146511
2011-12-29,0.7958356164383562,-7.221306458997936,-1.8745291574404215
2011-12-30,0.8201643835616439,-6.639114678176017,-3.4110497053856266
2011-12-31,0.8503013698630137,-7.187616961281041,2.617315591418027
2012-01-01,0.8727671232876713,-7.054204246142298,4.171437122854627
2012-01-02,0.881041095890411,-6.874877937747495,3.0838368418570843
2012-01-03,0.8796164383561645,-6.34970969046966,-0.8899067478865046
2012-01-04,0.8794246575342467,-5.796353877333025,-1.8230707802012223
2012-01-05,0.8774246575342466,-6.567875479019009,-0.3695491785152365
2012-01-06,0.8687671232876713,-6.952945377157402,-3.82582174613027
2012-01-07,0.8703287671232878,-6.344883557698322,-2.1154452094249665
2012-01-08,0.8688767123287671,-5.8177110954573665,-2.3311656168714014
2012-01-09,0.8653150684931508,-5.446057424926983,-3.929257643566168
2012-01-10,0.8630410958904111,-4.891534067006366,-3.661507028884045
2012-01-11,0.8490958904109589,-4.98428643792312,-0.37480945248783915
2012-01-12,0.8395068493150685,-5.72706199113703,-1.442444858178038
2012-01-13,0.8513972602739726,-5.9490205439996915,-1.9523767162742809
2012-01-14,0.858958904109589,-6.536574460402923,-4.052384443706666
2012-01-15,0.8440547945205479,-6.733023353975104,-1.121031440545444
2012-01-16,0.8363835616438356,-7.031281169219221,-0.41510239242461555
2012-01-17,0.8479452054794521,-6.974241478316517,0.47629627283706455
2012-01-18,0.8689589041095891,-6.85518563005519,1.016226725945601
2012-01-19,0.8903287671232878,-6.246212676068536,3.0958839089452486
2012-01-20,0.9017260273972603,-6.688383382074859,-0.863342645322402
2012-01-21,0.8979452054794521,-7.324531608277878,2.6465864027984267
2012-01-22,0.895972602739726,-7.4403398274559605,3.2943672247162343
2012-01-23,0.9140273972602739,-7.088863887870433,-0.015163509389841678
2012-01-24,0.9378356164383561,-7.545687913160211,-3.502147703278145
2012-01-25,0.9558356164383561,-7.297627498688838,-0.9682081177495174
2012-01-26,0.9729863013698631,-7.335795394719748,1.8128090933498848
2012-01-27,0.9961643835616438,-7.293775724891859,0.8376113413302146
2012-01-28,1.008,-6.831487702412056,-2.3865122975879443
2012-01-29,1.0137260273972604,-6.521976638133868,-2.191749389263393
2012-01-30,1.0166027397260273,-6.593745517656172,-3.402857222069855
2012-01-31,1.0176164383561646,-6.734910954958596,-7.142705483397568
2012-02-01,1.018027397260274,-6.943091495878863,-7.5249359013814106
2012-02-02,1.0218630136986302,-6.357349311122979,-8.95451370257565
2012-02-03,1.0198904109589042,-6.145156827807209,-14.904733583151696
2012-02-04,1.0223013698630137,-7.438229535921012,-16.384071833942002
2012-02-05,1.021150684931507,-7.513642251059754,-10.807508433871753
2012-02-06,1.0179726027397262,-7.509302244034816,-12.308670358704909
2012-02-07,1.0189041095890412,-7.6464121843228385,-7.972491925266202
2012-02-08,1.0377808219178082,-7.4344395815831135,-0.26334124033469486
2012-02-09,1.050904109589041,-7.514391109507243,-5.016513000081798
2012-02-10,1.0483835616438357,-7.884687561913284,-14.173695999730551
2012-02-11,1.049013698630137,-7.442676322011634,-12.436337376618502
2012-02-12,1.0493424657534247,-7.944499293560633,-9.064843172192795
2012-02-13,1.0439726027397263,-7.9744669788433855,-7.829505623896341
2012-02-14,1.0476712328767124,-8.227892338871486,-5.829778894005226
2012-02-15,1.0538904109589042,-7.812736033989153,-3.10115437696975
2012-02-16,1.0439178082191782,-7.438166311474226,-3.375751496744951
2012-02-17,1.0403561643835617,-6.508159989029547,-0.5021961753540145
2012-02-18,1.0470958904109589,-6.458881450216762,0.3417855598058033
2012-02-19,1.0567123287671234,-6.808605370132464,-2.618106958634658
2012-02-20,1.0523013698630137,-7.457442040311599,-5.764859329551414
2012-02-21,1.0501643835616439,-7.011469437571872,-0.13869494598977106
2012-02-22,1.050328767123288,-6.687996307961758,2.9276675408384705
2012-02-23,1.051068493150685,-6.739202489907665,4.69813399675698
2012-02-24,1.0509315068493152,-6.268228833427159,6.867297326577844
2012-02-25,1.0473972602739727,-6.656306810244861,4.988909549970888
2012-02-26,1.0548493150684932,-7.091073933532533,-1.2837753815359605
2012-02-27,1.0594246575342465,-7.197087280915743,-1.4523373766185044
2012-02-28,1.0666301369863016,-6.783026866444371,1.6863967294580693
2012-02-29,1.0758082191780822,-6.371295921590138,9.025487702412056
2012-03-01,1.0704657534246578,-5.973124513089962,8.962658759665304
2012-03-02,1.0474520547945207,-6.301552331846548,9.294100277052028
2012-03-03,1.0184931506849315,-6.100935542243457,5.602442391558526
2012-03-04,1.0016164383561643,-6.587050048741524,3.58543361038536
2012-03-05,0.9953698630136987,-6.549626796194984,-3.465743066818714
2012-03-06,1.0021643835616438,-5.825435015373067,-4.416729368188577
2012-03-07,1.0034246575342465,-5.2572614993913325,-0.6061631581429143
2012-03-08,1.0035342465753425,-5.983395675717289,-3.330138570858055
2012-03-09,1.0092328767123289,-5.6011146781760175,-5.038118198536312
2012-03-10,1.0125479452054793,-5.379382328334079,0.08683438312859959
2012-03-11,1.009315068493151,-5.48494045970043,-0.5543746087927213
2012-03-12,1.0086849315068493,-5.247581134094529,3.0588962025876794
2012-03-13,1.0096986301369864,-4.2096563009368175,4.819957670799831
2012-03-14,0.9868767123287673,-4.157675268270854,4.780798555942087
2012-03-15,0.9587945205479453,-4.757220052253995,6.238425531706049
2012-03-16,0.9406301369863015,-4.175884611439101,5.095254474452799
2012-03-17,0.9226849315068494,-4.427621176244159,2.6149362447373097
2012-03-18,0.9212328767123288,-4.121782749830391,0.09054987311806251
2012-03-19,0.9414246575342466,-4.871725847828283,-2.2996988097059647
2012-03-20,0.9702739726027398,-4.816027217691297,-1.1942467549114424
2012-03-21,0.9672876712328767,-5.09124323455115,3.083955563318273
2012-03-22,0.9498082191780823,-5.183326128825824,4.083517909647742
2012-03-23,0.94613698630137,-5.528761323767869,3.9026243374664986
2012-03-24,0.9440000000000002,-4.983116785657577,3.469116785657577
2012-03-25,0.9442465753424658,-4.696721281618237,1.9224747062757714
2012-03-26,0.9433698630136987,-4.554541443191823,2.8911715801781246
2012-03-27,0.9356712328767124,-4.402521773363936,2.106850540487223
2012-03-28,0.925068493150685,-4.0947479763846575,3.2596794832339726
2012-03-29,0.9067671232876713,-3.26172514533443,2.814958022046759
2012-03-30,0.8937808219178083,-3.033782749830391,0.7700019279125829
2012-03-31,0.8824657534246576,-3.121732872766815,1.8892671193421573
2012-04-01,0.8713424657534248,-3.5048828552044693,-0.2164596105489558
2012-04-02,0.8564657534246577,-3.3825512781057685,1.3560855246811108
2012-04-03,0.8429041095890412,-3.7824444990400856,1.4895403894510446
2012-04-04,0.8339452054794522,-4.325312781442614,3.181367575963162
2012-04-05,0.824109589041096,-4.430534418253292,2.746424829212196
2012-04-06,0.8232876712328767,-4.3496829957032395,2.4963953244703627
2012-04-07,0.8529863013698631,-3.8241065994967074,-0.23887970187315544
2012-04-08,0.8806027397260274,-3.699958373293686,-6.830644366432342
2012-04-09,0.9006301369863015,-3.529810849584518,-2.3408192874017835
2012-04-10,0.8988219178082191,-3.295453982707103,-0.6833679351011162
2012-04-11,0.8889315068493151,-3.9501670139680796,-2.278764492881235
2012-04-12,0.882027397260274,-3.63545749517637,-1.7165699020839043
2012-04-13,0.8858904109589041,-3.0300827147056983,-1.8558076962532057
2012-04-14,0.8863013698630137,-2.676071474804047,-1.7402298950589667
2012-04-15,0.8749041095890411,-2.658051804976158,-1.536852304612883
2012-04-16,0.8487397260273972,-2.376564625488979,-3.992175100538418
2012-04-17,0.8353150684931507,-2.1774286929283893,-4.287886375564762
2012-04-18,0.8291232876712329,-1.7045006985483397,-4.154622589122893
2012-04-19,0.8422191780821918,-1.60474165393998,-3.8574775241422117
2012-04-20,0.8809315068493151,-1.3483911095072436,-5.002540397342071
2012-04-21,0.9158356164383562,-0.970426936693756,-3.5054086797446002
2012-04-22,0.9437260273972603,-0.5687809935957578,-5.664945033801502
2012-04-23,0.9734794520547947,-0.44575535257011695,-4.427724099484678
2012-04-24,1.0078904109589042,-0.36008903715037677,-5.117801373808527
2012-04-25,1.0312328767123289,-0.10397944810928078,-4.067253428603048
2012-04-26,1.0488493150684932,-0.08841780427366439,-1.490431510794829
2012-04-27,1.0543013698630137,-0.2501269718184484,3.4758256019554348
2012-04-28,1.0312328767123287,-0.2514750575226986,5.48024218081037
2012-04-29,0.9843013698630136,0.11849895020473389,1.3371996799322523
2012-04-30,0.9479178082191779,-0.08670371927190826,0.8687859110527303
2012-05-01,0.9265205479452053,-0.2317651874840614,0.3452446395388561
2012-05-02,0.9081095890410957,0.1394501268819379,-0.5175597159230336
2012-05-03,0.8986027397260272,-0.018806985868325486,0.22020424614229836
2012-05-04,0.8898082191780821,0.16499912582819712,0.8851926549937208
2012-05-05,0.8838904109589039,0.8065144050695039,-1.9104048160284077
2012-05-06,0.8824383561643834,0.8789808609880143,-2.2714192171523977
2012-05-07,0.8609589041095889,1.1716327752837643,-1.912591679393353
2012-05-08,0.8384657534246573,1.6106717636926158,-0.7591375171172732
2012-05-09,0.8263561643835615,1.9133068181358892,2.1303370174805494
2012-05-10,0.8250136986301368,2.3271382196111263,3.4878480817587363
2012-05-11,0.8249041095890409,2.3469380088629705,6.39815788154799
2012-05-12,0.8230410958904109,2.079670709951836,1.0572881941577528
2012-05-13,0.8160821917808219,1.521290660777266,-4.377372852558088
2012-05-14,0.8023561643835615,0.8342860945672206,-2.336642258950782
2012-05-15,0.7917808219178082,0.4417557117080709,-2.523536533625879
2012-05-16,0.7887671232876712,0.5229106116026966,-8.971677734890369
2012-05-17,0.7932602739726027,1.26421303520649,-3.6974733091790926
2012-05-18,0.8058356164383561,2.199844225933571,-0.655679842371927
2012-05-19,0.8063561643835615,2.769824556105682,-0.3561807204892431
2012-05-20,0.8006027397260274,2.902159645673648,-1.3927623853996753
2012-05-21,0.7951506849315066,2.3225720095654645,-1.9277226944969712
2012-05-22,0.7972602739726026,2.6180395192247548,-0.8452997931973574
2012-05-23,0.7993972602739724,3.3267370956209614,1.393865644105066
2012-05-24,0.7960273972602738,3.5091782617607574,3.174794340978969
2012-05-25,0.7925479452054792,3.7641561332043825,2.2432959215901382
2012-05-26,0.7923835616438354,3.4835597159230334,1.274056722433131
2012-05-27,0.7924383561643833,4.096879701873156,-0.28931805803753985
2012-05-28,0.7841369863013695,3.719338430359282,-0.5434754166606517
2012-05-29,0.7741095890410956,3.140810154981692,1.4750802559772125
2012-05-30,0.7596438356164382,2.753534426144319,2.576821738239243
2012-05-31,0.7355890410958903,2.720678086137294,2.573732872766816
2012-06-01,0.7062465753424656,3.404964001135538,1.5287894235219963
2012-06-02,0.6884109589041094,4.208854412094443,3.7427346290014487
2012-06-03,0.6602739726027396,4.4431073098815865,2.1566187175156735
2012-06-04,0.63786301369863,4.101932037665219,-3.349795051363849
2012-06-05,0.6348493150684931,4.352151918241264,-1.7570012333097567
2012-06-06,0.6271232876712327,4.515270990949378,0.3076057213793897
2012-06-07,0.6055890410958903,4.64739533236139,2.177015626542719
2012-06-08,0.5833424657534245,4.398231300046674,0.848426234199902
2012-06-09,0.5570958904109589,4.771327892951485,-2.0684237833624435
2012-06-10,0.5353150684931507,4.822098528708422,-2.9474135972015727
2012-06-11,0.5164109589041097,5.01027696214713,-2.2766879210512396
2012-06-12,0.491095890410959,5.386000179568977,-5.277096069979936
2012-06-13,0.465123287671233,5.604099231202276,-5.289222518873508
2012-06-14,0.44506849315068503,5.769240783713691,-1.854309276864376
2012-06-15,0.44613698630137,6.115490871525423,2.3583721421732067
2012-06-16,0.4514520547945207,6.618806642512426,3.4397413026930534
2012-06-17,0.4673698630136988,6.442742013077933,4.389888123908368
2012-06-18,0.4866301369863015,6.005523186242669,5.317846676771031
2012-06-19,0.504027397260274,6.105474011672947,5.160498591066779
2012-06-20,0.5067671232876713,6.463422027127811,3.4598108495845175
2012-06-21,0.516986301369863,6.6153679351011165,2.7676457635290204
2012-06-22,0.5163013698630137,6.7376236428636735,-0.253925012726687
2012-06-23,0.5077808219178082,6.846494735241616,-0.2442755571594235
2012-06-24,0.538958904109589,7.677430615115167,1.3836104807752427
2012-06-25,0.5752876712328767,7.638049793197358,-2.0533374644302347
2012-06-26,0.5776712328767123,7.216994998676809,-1.8146662315535211
2012-06-27,0.5652876712328767,7.726461437032974,1.6182508917341494
2012-06-28,0.5532602739726028,7.816629930183659,4.610109795843739
2012-06-29,0.5604931506849316,7.758190889087769,4.6413159602273
2012-06-30,0.5790136986301371,7.849064176759002,5.641922124610861
2012-07-01,0.5712328767123288,7.624521711005577,2.494245412282093
2012-07-02,0.5657534246575343,7.535721711005578,0.6185248643368881
2012-07-03,0.5583835616438357,7.660425820594618,0.14119061776154584
2012-07-04,0.55213698630137,7.659828560320647,0.6880344533779832
2012-07-05,0.5619726027397262,7.68018212547695,0.6378452717833252
2012-07-06,0.5752054794520549,7.488536884872805,-0.8537423643248596
2012-07-07,0.5958904109589043,7.555372852558088,0.7787367364830065
2012-07-08,0.6144657534246576,7.205849143390544,1.9796851031848002
2012-07-09,0.6345479452054796,7.305116442301679,0.8503356124928407
2012-07-10,0.6584657534246576,7.330495437735468,1.2410388088398747
2012-07-11,0.6788219178082193,7.646339484100062,-1.0451614019082802
2012-07-12,0.6783013698630138,7.703801373808528,-3.1121027436715423
2012-07-13,0.6735616438356167,8.03939533236139,-0.7429569761970072
2012-07-14,0.6670684931506851,8.195239378725985,-1.8423078718766703
2012-07-15,0.6665753424657535,8.524629614061425,-6.211204956527178
2012-07-16,0.6553424657534248,8.249456449326617,-5.664798915080041
2012-07-17,0.6386575342465755,8.07071672329922,-1.4193742575457957
2012-07-18,0.6126849315068494,8.549601865554225,1.7477132029389253
2012-07-19,0.5804657534246577,8.76107921012746,0.3984550364478814
2012-07-20,0.5535342465753426,8.624287499554926,-1.8378217461302686
2012-07-21,0.5495342465753426,8.375106607387734,-5.7546408539630765
2012-07-22,0.5467123287671234,8.768581141985555,-7.045293470752679
2012-07-23,0.5367397260273974,8.909926417714393,-2.9366661437417907
2012-07-24,0.5256438356164383,8.911056027830305,1.5633001365532557
2012-07-25,0.5271780821917809,8.542165265624476,2.0106566521837426
2012-07-26,0.5192054794520549,8.147170534328373,3.7136239862195737
2012-07-27,0.4952328767123289,8.681203551539472,4.563563571748199
2012-07-28,0.4870684931506851,8.519180369242317,1.263751137606997
2012-07-29,0.4966849315068495,7.949296983221945,-1.0259819147287947
2012-07-30,0.4975342465753427,8.453571658318538,-1.6911059048938801
2012-07-31,0.5169589041095892,9.16424113496062,0.038799960929791766
2012-08-01,0.5523013698630139,8.66974657928798,2.567952050849007
2012-08-02,0.579315068493151,8.564114686067047,2.1865702454398033
2012-08-03,0.6084931506849318,8.37739533236139,-0.06588848304632222
2012-08-04,0.6405753424657536,8.975322975494512,1.014101682039735
2012-08-05,0.6687397260273975,8.932508785118678,-0.0012485111460751597
2012-08-06,0.7028219178082195,8.89066614374179,-1.7834880615500097
2012-08-07,0.7378630136986304,8.38539743984295,-2.8232604535415815
2012-08-08,0.7464657534246578,8.317084127584431,-0.18354988100908898
2012-08-09,0.7277260273972606,8.196149810759705,0.07612416184303505
2012-08-10,0.7191506849315071,8.677133302154154,-1.136283987085661
2012-08-11,0.7313424657534249,7.893801373808529,0.20485616043804633
2012-08-12,0.7353972602739727,7.751190906650114,0.7734118330759134
2012-08-13,0.7469589041095892,7.766952761233887,0.16608833465652317
2012-08-14,0.7576712328767123,7.973079912621312,1.2792488545019758
2012-08-15,0.7562191780821919,8.140393576126758,3.3133872457910503
2012-08-16,0.7582191780821919,7.9143275417045595,0.3074532802132497
2012-08-17,0.7612876712328767,8.228461718030514,3.350250610736609
2012-08-18,0.7494246575342465,7.889133302154154,6.3214420403116
2012-08-19,0.731972602739726,7.4533911173982705,8.714636279862
2012-08-20,0.7244109589041094,7.278654903840141,6.2869341372557495
2012-08-21,0.7326027397260273,7.753854060847515,6.763543199426457
2012-08-22,0.7239178082191781,7.775518971279549,5.280563220501271
2012-08-23,0.6951232876712329,7.320444155684187,4.624432556644581
2012-08-24,0.656109589041096,6.861314545568274,4.872575865390631
2012-08-25,0.6082739726027397,6.879403762287627,3.022322265109633
2012-08-26,0.566876712328767,6.47600298954439,-2.502879701873157
2012-08-27,0.5556164383561644,6.201467689228267,1.002915872415568
2012-08-28,0.5521369863013699,6.061980509741088,2.8258825039575415
2012-08-29,0.5498630136986301,6.24275887293041,3.6373781133709597
2012-08-30,0.5285205479452054,5.6700816688559454,1.2713977831988492
2012-08-31,0.5053150684931507,5.8623928736329045,-5.507707942126055
2012-09-01,0.4874520547945205,5.695381282484327,-5.962833337278847
2012-09-02,0.47731506849315075,5.494617671665921,-0.20193274015907203
2012-09-03,0.4734794520547946,5.281013878199114,1.4755066697460917
2012-09-04,0.48249315068493154,5.586893049256367,1.7906138000587015
2012-09-05,0.49723287671232896,6.073948195023842,1.1888189282638288
2012-09-06,0.5067123287671234,6.217741661831007,1.05554600940187
2012-09-07,0.5254520547945206,5.98430997935823,3.1802379658472493
2012-09-08,0.5427397260273974,5.390670358704909,5.156589915267693
2012-09-09,0.5423835616438357,4.631134004648008,4.916482433708156
2012-09-10,0.543972602739726,4.917950302505401,4.308077094754871
2012-09-11,0.533945205479452,5.093451531869645,3.2526032626509043
2012-09-12,0.504986301369863,5.059232353787453,-4.3442186551573165
2012-09-13,0.45805479452054787,5.30114735203122,-8.159202146551767
2012-09-14,0.40654794520547943,5.471748686769539,-3.4382966319750183
2012-09-15,0.3724383561643835,5.39086494950224,-1.583303305666624
2012-09-16,0.34835616438356154,5.345998072087418,2.2356457635290203
2012-09-17,0.3354520547945205,4.331037762990123,3.7735101822153556
2012-09-18,0.330904109589041,4.213026523088471,3.4960693673224865
2012-09-19,0.3261369863013697,4.014211630218784,-3.310348616520154
2012-09-20,0.30695890410958887,3.938477172895285,-2.6454360770048737
2012-09-21,0.2997808219178082,3.9207848652029775,1.309434312879215
2012-09-22,0.29200000000000004,3.8721484057719975,2.4158515942280028
2012-09-23,0.28471232876712327,3.723670007457983,2.881617663774893
2012-09-24,0.2764931506849315,3.1143795262496936,2.729127323065375
2012-09-25,0.2583013698630136,3.4609703235802174,1.2707283065567694
2012-09-26,0.24194520547945197,3.9452815283571745,0.21277326616337433
2012-09-27,0.22345205479452046,3.9082692347147447,-1.971721289509265
2012-09-28,0.20923287671232865,3.8416201303944075,0.20914699289326366
2012-09-29,0.20063013698630128,3.7382074152556646,1.921162447758035
2012-09-30,0.1762191780821916,3.4934508293757913,2.420329992542017
2012-10-01,0.16304109589041077,2.7181947703663076,1.8487641337432819
2012-10-02,0.15002739726027375,1.961820341142563,1.8481522615971633
2012-10-03,0.14065753424657512,2.31159203064028,2.207750435113145
2012-10-04,0.13199999999999978,2.551293470752679,1.3167065292473215
2012-10-05,0.12323287671232858,3.110797510092335,3.0259696131953366
2012-10-06,0.11202739726027383,3.1437395543494477,3.7042330483902783
2012-10-07,0.10331506849315049,2.9772091714902973,1.7994757600165525
2012-10-08,0.11709589041095875,2.783380579990473,1.2595235295985678
2012-10-09,0.11569863013698622,2.857145947043512,1.3371554228195013
2012-10-10,0.1146027397260273,2.7451340046480075,0.3402632556259655
2012-10-11,0.12501369863013695,2.5351747492914916,1.3398115520783715
2012-10-12,0.13175342465753423,2.297583600714042,0.020662974628423925
2012-10-13,0.13493150684931496,1.5673257854699252,-0.4922572923192401
2012-10-14,0.15202739726027384,0.6918990204541192,-0.24392641771439305
2012-10-15,0.17490410958904096,0.5998140186978846,-5.834718128286925
2012-10-16,0.19961643835616422,0.07143748199258068,-2.131053920348745
2012-10-17,0.22567123287671206,0.434118198536311,0.5702105685869769
2012-10-18,0.25380821917808205,0.9325242399834485,2.733667540838469
2012-10-19,0.26079452054794505,0.9541547282166764,6.375050751235379
2012-10-20,0.26641095890410943,1.0387174257930725,7.474871615302819
2012-10-21,0.2763561643835615,1.0161645631306206,8.427479272485819
2012-10-22,0.28468493150684915,0.7095365336258791,8.355778534867271
2012-10-23,0.29432876712328737,0.8556067830111969,8.020064449865515
2012-10-24,0.3105479452054791,1.5459798072472348,6.123472247547287
2012-10-25,0.32594520547945177,1.6977065371383482,4.2363482573821996
2012-10-26,0.3362739726027394,1.6723781212619873,0.8413479061352733
2012-10-27,0.32512328767123244,1.2832211138858016,-5.878344401557033
2012-10-28,0.3099178082191777,0.10286705698379968,-12.342784865202976
2012-10-29,0.3109315068493146,-0.5999956054679039,-9.260935901381412
2012-10-30,0.3174794520547941,-0.9022604456505525,-3.8052190064042413
2012-10-31,0.3223835616438352,-0.5789769893807946,-3.4134065722630407
2012-11-01,0.33136986301369814,-0.33294748463896096,-1.328422378374737
2012-11-02,0.3319178082191776,-0.3139752331461618,-2.497942575073016
2012-11-03,0.32701369863013646,-0.6598066346213988,0.2727929359912623
2012-11-04,0.3339178082191776,-1.6624030519027482,2.3384852436835706
2012-11-05,0.3429589041095885,-1.9510739335325336,-2.471884970577055
2012-11-06,0.34827397260273923,-2.8881269718184486,-4.430147000784291
2012-11-07,0.35315068493150636,-4.0193633610000425,-0.7637873239314636
2012-11-08,0.3527945205479448,-3.271392163248023,3.6385976427000783
2012-11-09,0.33734246575342436,-2.9015333645125123,4.0641908987590885
2012-11-10,0.30841095890410936,-3.2643222651096324,2.535911306205523
2012-11-11,0.2890410958904107,-3.2585365257348515,1.439495429844441
2012-11-12,0.29506849315068473,-2.783034593876755,0.36796610072607017
2012-11-13,0.3036712328767121,-3.6141571790541347,2.7304859461774225
2012-11-14,0.3094794520547943,-4.008117839398357,5.348638387343563
2012-11-15,0.33306849315068476,-4.270810498337591,6.287742005186907
2012-11-16,0.3384383561643834,-3.8082077586115646,6.069769402447181
2012-11-17,0.33024657534246554,-4.5146468172698,3.9244002419273345
2012-11-18,0.3198904109589039,-4.422303297775596,1.4424128868166917
2012-11-19,0.3105205479452053,-3.870726901569063,1.9302063536238576
2012-11-20,0.30369863013698606,-4.790910252464743,5.0372116223277565
2012-11-21,0.29208219178082173,-4.439180712598216,4.907098520817395
2012-11-22,0.2674246575342464,-4.460228833427158,2.522804175892912
2012-11-23,0.22712328767123263,-4.114927814811072,3.327804527139839
2012-11-24,0.1916986301369861,-4.292378464617886,4.9806798344809
2012-11-25,0.16389041095890394,-4.150512640943843,3.7166222299849387
2012-11-26,0.15336986301369854,-3.947609233848656,4.024239370834957
2012-11-27,0.14564383561643823,-4.23279925843594,2.4571554228195023
2012-11-28,0.12093150684931502,-4.137071826050973,0.26614031920165804
2012-11-29,0.09473972602739723,-4.800926409823366,-4.223813316204031
2012-11-30,0.07295890410958907,-5.359052156223084,-6.053906747886504
2012-12-01,0.057698630136986395,-5.913653490961405,-2.0940451391755808
2012-12-02,0.03405479452054796,-5.665217242278582,-7.238837552241965
2012-12-03,0.013506849315068584,-5.219905686254697,-4.083601163060371
2012-12-04,0.01720547945205491,-5.219241127069589,-1.9279643523824657
2012-12-05,0.021178082191780967,-5.187364765987748,-6.193813316204032
2012-12-06,0.02038356164383573,-5.240638387343562,-8.199745174300274
2012-12-07,0.016273972602739904,-5.291845974277177,-7.574427998325563
2012-12-08,0.017397260273972807,-5.151193357487574,-7.886203902786398
2012-12-09,0.017260273972602918,-5.3989172774032745,-5.208342996569328
2012-12-10,0.01556164383561658,-5.646160691523401,-4.809400952312214
2012-12-11,0.01353424657534261,-6.152559005538153,-8.63097524103719
2012-12-12,0.025315068493150752,-6.533144885411704,-7.782170183081447
2012-12-13,0.04753424657534252,-6.692673512036221,-4.704860734539121
2012-12-14,0.05619178082191795,-6.35418246883285,-0.15200931198906886
2012-12-15,0.05693150684931516,-5.93785791667268,1.390926409823365
2012-12-16,0.05523287671232883,-6.405264309366745,1.300031432654417
2012-12-17,0.05723287671232884,-6.692153666584869,0.8749207898725411
2012-12-18,0.06153424657534253,-6.653272739292981,-1.0982615072823618
2012-12-19,0.06161643835616444,-5.980386192050272,-3.1712302463058926
2012-12-20,0.060438356164383714,-5.777692830617183,0.39725447445279904
2012-12-21,0.05202739726027413,-5.485762377508649,-0.3262650197516255
2012-12-22,0.05008219178082203,-4.766436771607699,-0.903645420173123
2012-12-23,0.0428219178082193,-4.468885665179881,7.146063747371662
2012-12-24,0.015561643835616562,-5.35002370522203,8.704462061386414
2012-12-25,-0.003095890410958764,-5.8695937789838855,5.052689669394844
2012-12-26,-0.019643835616438184,-6.218338422468254,1.437982258084693
2012-12-27,-0.048273972602739613,-6.886126269324594,2.124400241927334
2012-12-28,-0.08312328767123278,-7.221306458997936,1.6444297466691689
2012-12-29,-0.11408219178082188,-6.639114678176017,4.283196869956838
2012-12-30,-0.14257534246575337,-7.187616961281041,0.7701923037467946
2012-12-31,-0.15161643835616428,-7.054204246142298,3.1958206844984627
2013-01-01,-0.1524931506849314,-6.874877937747495,1.4273710884324267
2013-01-02,-0.15673972602739714,-6.34970969046966,-2.1335505835029442
2013-01-03,-0.16276712328767107,-5.796353877333025,2.8091210006206957
2013-01-04,-0.16545205479452024,-6.567875479019009,5.503327533813529
2013-01-05,-0.15936986301369835,-6.952945377157402,4.7523152401711
2013-01-06,-0.15750684931506825,-6.344883557698322,5.69239040701339
2013-01-07,-0.1570410958904107,-5.8177110954573665,6.024752191347777
2013-01-08,-0.15542465753424628,-5.446057424926983,5.8214820824612294
2013-01-09,-0.15613698630136968,-4.891534067006366,4.787671053307736
2013-01-10,-0.1526575342465751,-4.98428643792312,0.43694397216969527
2013-01-11,-0.14290410958904082,-5.72706199113703,-2.1900338992739297
2013-01-12,-0.140767123287671,-5.9490205439996915,-3.3302123327126383
2013-01-13,-0.1358356164383559,-6.536574460402923,-3.237589923158721
2013-01-14,-0.11920547945205454,-6.733023353975104,-4.257771166572842
2013-01-15,-0.09813698630136958,-7.031281169219221,-5.570581844479409
2013-01-16,-0.09112328767123262,-6.974241478316517,-8.06463523401225
2013-01-17,-0.0938630136986299,-6.85518563005519,-9.780951356246181
2013-01-18,-0.09482191780821897,-6.246212676068536,-5.748965406123245
2013-01-19,-0.08772602739726007,-6.688383382074859,-1.333890590527881
2013-01-20,-0.06528767123287654,-7.324531608277878,2.5798192795107555
2013-01-21,-0.036821917808218974,-7.4403398274559605,0.5871617452641802
2013-01-22,-0.025342465753424387,-7.088863887870433,-3.1257936463761435
2013-01-23,-0.026767123287670967,-7.545687913160211,-1.977544963552119
2013-01-24,-0.023753424657534036,-7.297627498688838,-2.8986190766536293
2013-01-25,-0.020054794520547717,-7.335795394719748,-5.944149810759706
2013-01-26,-0.017972602739725813,-7.293775724891859,-1.1282516723684157
2013-01-27,-0.006684931506849127,-6.831487702412056,2.138172633918905
2013-01-28,-0.009123287671232726,-6.521976638133868,-0.8589000741948993
2013-01-29,-0.009589041095890257,-6.593745517656172,4.713334558752063
2013-01-30,-0.009041095890410824,-6.734910954958596,6.783952050849007
2013-01-31,-0.005369863013698534,-6.943091495878863,3.358461358892562
2013-02-01,0.003041095890411065,-6.357349311122979,2.7143082152325677
2013-02-02,0.018301369863013797,-6.145156827807209,-2.193144542055806
2013-02-03,0.0247945205479453,-7.438229535921012,-5.106564984626933
2013-02-04,0.03819178082191787,-7.513642251059754,2.6154504702378363
2013-02-05,0.049698630136986395,-7.509302244034816,1.44960361389783
2013-02-06,0.06501369863013712,-7.6464121843228385,-3.8786015143072996
2013-02-07,0.06315068493150695,-7.4344395815831135,-6.128711103348394
2013-02-08,0.054712328767123466,-7.514391109507243,-7.15032121925988
2013-02-09,0.047616438356164546,-7.884687561913284,-8.722928876442879
2013-02-10,0.04312328767123309,-7.442676322011634,-9.9504469656596
2013-02-11,0.045013698630137225,-7.944499293560633,-3.840514405069505
2013-02-12,0.04246575342465779,-7.9744669788433855,-2.917998774581272
2013-02-13,0.03013698630137008,-8.227892338871486,-5.342244647429883
2013-02-14,0.018027397260274164,-7.812736033989153,-1.3352913632711223
2013-02-15,0.02117808219178103,-7.438166311474226,-1.2330117707175559
2013-02-16,0.015616438356164507,-6.508159989029547,-3.8074564493266188
2013-02-17,0.0016986301369864322,-6.458881450216762,-4.982817179920224
2013-02-18,-0.023726027397260208,-6.808605370132464,-4.297668602470277
2013-02-19,-0.049972602739725994,-7.457442040311599,-1.6725853569486757
2013-02-20,-0.06895890410958908,-7.011469437571872,-2.1895716583185383
2013-02-21,-0.08095890410958906,-6.687996307961758,-6.4510447879286525
2013-02-22,-0.08964383561643835,-6.739202489907665,-8.401153674475896
2013-02-23,-0.102082191780822,-6.268228833427159,-9.43968897479202
2013-02-24,-0.1223287671232877,-6.656306810244861,-8.951364422631851
2013-02-25,-0.12353424657534255,-7.091073933532533,-4.215391819892124
2013-02-26,-0.13326027397260287,-7.197087280915743,-1.5296524451116538
2013-02-27,-0.1493424657534248,-6.783026866444371,2.0723693321977956
2013-02-28,-0.16260273972602757,-6.371295921590138,2.4738986613161664
2013-03-01,-0.16473972602739737,-5.973124513089962,1.727864239117359
2013-03-02,-0.1489589041095892,-6.301552331846548,3.970511235956137
2013-03-03,-0.1344383561643837,-6.100935542243457,3.0553738984078405
2013-03-04,-0.13364383561643847,-6.587050048741524,3.3206938843579628
2013-03-05,-0.12704109589041104,-6.549626796194984,0.9466678920853946
2013-03-06,-0.11835616438356161,-5.825435015373067,2.083791179756629
2013-03-07,-0.11035616438356155,-5.2572614993913325,3.9676176637748943
2013-03-08,-0.10375342465753411,-5.983395675717289,4.617149100374823
2013-03-09,-0.10317808219178076,-5.6011146781760175,2.3842927603677984
2013-03-10,-0.11435616438356168,-5.379382328334079,1.0837384927176403
2013-03-11,-0.13246575342465772,-5.48494045970043,1.167406213125087
2013-03-12,-0.15109589041095908,-5.247581134094529,0.5586770245054877
2013-03-13,-0.17567123287671255,-4.2096563009368175,-4.564672466186469
2013-03-14,-0.17865753424657554,-4.157675268270854,-11.18366719748257
2013-03-15,-0.1683835616438359,-4.757220052253995,-11.434396386102168
2013-03-16,-0.15871232876712352,-4.175884611439101,-6.2554030597937755
2013-03-17,-0.15701369863013728,-4.427621176244159,-5.095365125125703
2013-03-18,-0.17010958904109635,-4.121782749830391,-3.528107661128513
2013-03-19,-0.19890410958904153,-4.871725847828283,-2.8193700425826753
2013-03-20,-0.20819178082191825,-4.816027217691297,-1.7557810014867847
2013-03-21,-0.20495890410958945,-5.09124323455115,-2.74379786133926
2013-03-22,-0.1959726027397264,-5.183326128825824,2.6092987315655503
2013-03-23,-0.19561643835616477,-5.528761323767869,2.2043777621240337
2013-03-24,-0.19547945205479494,-4.983116785657577,1.9485962377123722
2013-03-25,-0.18742465753424697,-4.696721281618237,0.05414593915248389
2013-03-26,-0.1757260273972606,-4.554541443191823,-2.6297325294109166
2013-03-27,-0.16791780821917845,-4.402521773363936,-2.7595604184168856
2013-03-28,-0.15969863013698665,-4.0947479763846575,-2.405553393478356
2013-03-29,-0.14169863013698664,-3.26172514533443,-1.3265762245285835
2013-03-30,-0.1270410958904113,-3.033782749830391,-1.3491761542791973
2013-03-31,-0.1258082191780825,-3.121732872766815,-6.012458908055102
2013-04-01,-0.12953424657534268,-3.5048828552044693,-4.025582898220188
2013-04-02,-0.12906849315068508,-3.3825512781057685,-2.4083802287435465
2013-04-03,-0.12460273972602752,-3.7824444990400856,-0.9629527612338871
2013-04-04,-0.12024657534246586,-4.325312781442614,0.9755593567850798
2013-04-05,-0.10972602739726042,-4.430534418253292,0.4802604456505528
2013-04-06,-0.11265753424657551,-4.3496829957032395,-0.6576594700501852
2013-04-07,-0.12123287671232894,-3.8241065994967074,-2.4446605237909638
2013-04-08,-0.11956164383561661,-3.699958373293686,-0.8004799828706974
2013-04-09,-0.11764383561643861,-3.529810849584518,-1.8325453147990438
2013-04-10,-0.12134246575342489,-3.295453982707103,-0.06320355153947199
2013-04-11,-0.13465753424657562,-3.9501670139680796,2.544824548214655
2013-04-12,-0.1594794520547948,-3.63545749517637,1.784936947231165
2013-04-13,-0.1794246575342468,-3.0300827147056983,0.3695073722399451
2013-04-14,-0.18695890410958932,-2.676071474804047,5.573030378913636
2013-04-15,-0.1871506849315071,-2.658051804976158,7.875202489907665
2013-04-16,-0.17139726027397284,-2.376564625488979,6.047961885762952
2013-04-17,-0.16427397260273993,-2.1774286929283893,6.221702665531129
2013-04-18,-0.16232876712328795,-1.7045006985483397,7.106829465671628
2013-04-19,-0.16227397260273999,-1.60474165393998,-0.3029843734572799
2013-04-20,-0.16879452054794541,-1.3483911095072436,-1.902814369944811
2013-04-21,-0.18364383561643857,-0.970426936693756,1.2240707723101947
2013-04-22,-0.1983835616438358,-0.5687809935957578,-1.4828354447604064
2013-04-23,-0.2074520547945208,-0.44575535257011695,0.2732074073646378
2013-04-24,-0.2197808219178085,-0.36008903715037677,2.029869859068185
2013-04-25,-0.22961643835616463,-0.10397944810928078,2.8135958864654453
2013-04-26,-0.23293150684931532,-0.08841780427366439,3.5613493111229797
2013-04-27,-0.21783561643835636,-0.2501269718184484,0.6779625882568048
2013-04-28,-0.18980821917808238,-0.2514750575226986,1.1512832767007808
2013-04-29,-0.14306849315068518,0.11849895020473389,2.8345695429459514
2013-04-30,-0.11547945205479473,-0.08670371927190826,4.322183171326704
2013-05-01,-0.10580821917808236,-0.2317651874840614,3.167573406662144
2013-05-02,-0.08767123287671247,0.1394501268819379,3.7582211059947745
2013-05-03,-0.07934246575342484,-0.018806985868325486,1.3981494516217503
2013-05-04,-0.06701369863013709,0.16499912582819712,0.05201457280193997
2013-05-05,-0.07268493150684943,0.8065144050695039,1.5661705264373456
2013-05-06,-0.07978082191780836,0.8789808609880143,1.9907999609297942
2013-05-07,-0.07753424657534258,1.1716327752837643,0.9659014712915786
2013-05-08,-0.05498630136986313,1.6106717636926158,1.9143145376772477
2013-05-09,-0.03539726027397275,1.9133068181358892,2.8620904421380837
2013-05-10,-0.031561643835616604,2.3271382196111263,-1.2955765757755098
2013-05-11,-0.043013698630137195,2.3469380088629705,-3.2939243102328333
2013-05-12,-0.056383561643835844,2.079670709951836,-5.133287148308
2013-05-13,-0.07167123287671257,1.521290660777266,-1.2896194279005535
2013-05-14,-0.06304109589041122,0.8342860945672206,1.6687550013231907
2013-05-15,-0.06238356164383588,0.4417557117080709,0.45062784993576493
2013-05-16,-0.07701369863013723,0.5229106116026966,0.5041030870274407
2013-05-17,-0.09473972602739753,1.26421303520649,-0.8494733091790925
2013-05-18,-0.09567123287671261,2.199844225933571,-2.7441729930568584
2013-05-19,-0.09293150684931528,2.769824556105682,-3.2368930492563663
2013-05-20,-0.08816438356164412,2.902159645673648,-3.923995262112004
2013-05-21,-0.08860273972602767,2.3225720095654645,-3.533969269839437
2013-05-22,-0.10791780821917835,2.6180395192247548,-4.180121711005576
2013-05-23,-0.13282191780821945,3.3267370956209614,-6.6739151778127415
2013-05-24,-0.15545205479452082,3.5091782617607574,-10.583726206966237
2013-05-25,-0.175232876712329,3.7641561332043825,-9.718923256492054
2013-05-26,-0.19520547945205502,3.4835597159230334,-7.888354236470978
2013-05-27,-0.22515068493150708,4.096879701873156,-3.1117290169416494
2013-05-28,-0.26386301369863036,3.719338430359282,-2.315475416660652
2013-05-29,-0.28904109589041116,3.140810154981692,-6.481769059091281
2013-05-30,-0.29249315068493165,2.753534426144319,-5.931041275459387
2013-05-31,-0.27745205479452073,2.720678086137294,-4.363226031342773
2013-06-01,-0.27063013698630156,3.404964001135538,-3.0643338641492366
2013-06-02,-0.26400000000000023,4.208854412094443,-3.9348544120944426
2013-06-03,-0.23268493150684955,4.4431073098815865,-4.450422378374737
2013-06-04,-0.20539726027397293,4.101932037665219,-1.1565347773912458
2013-06-05,-0.18789041095890446,4.352151918241264,0.5157384927176407
2013-06-06,-0.16928767123287713,4.515270990949378,0.8140166802834994
2013-06-07,-0.1515890410958909,4.64739533236139,1.4341937087345
2013-06-08,-0.13709589041095932,4.398231300046674,1.978864590364286
2013-06-09,-0.1112328767123292,4.771327892951485,-1.4500950162391555
2013-06-10,-0.08635616438356204,4.822098528708422,-2.94574236432486
2013-06-11,-0.05509589041095933,5.01027696214713,-2.445181071736171
2013-06-12,-0.013890410958904545,5.386000179568977,-0.47210976861007214
2013-06-13,0.02315068493150639,5.604099231202276,3.2627500838662185
2013-06-14,0.043041095890410594,5.769240783713691,1.7077181203958975
2013-06-15,0.045616438356164066,6.115490871525423,3.028892690118412
2013-06-16,0.053369863013698296,6.618806642512426,3.217823494473877
2013-06-17,0.06810958904109551,6.442742013077933,5.519148397880971
2013-06-18,0.08553424657534195,6.005523186242669,7.28894256718199
2013-06-19,0.10178082191780766,6.105474011672947,5.592745166409245
2013-06-20,0.11509589041095837,6.463422027127811,3.4214820824612318
2013-06-21,0.11882191780821874,6.6153679351011165,0.09581014709066515
2013-06-22,0.1273424657534243,6.7376236428636735,-0.5749661086170974
2013-06-23,0.13715068493150656,6.846494735241616,-2.523645420173122
2013-06-24,0.12197260273972572,7.677430615115167,-8.149403217854893
2013-06-25,0.10386301369862991,7.638049793197358,-8.391912806895988
2013-06-26,0.09720547945205457,7.216994998676809,-7.374200478128864
2013-06-27,0.096767123287671,7.726461437032974,-8.363228560320644
2013-06-28,0.10027397260273951,7.816629930183659,-7.656903902786398
2013-06-29,0.10786301369862991,7.758190889087769,-6.206053902786398
2013-06-30,0.09665753424657521,7.849064176759002,-4.275721711005578
2013-07-01,0.0915616438356164,7.624521711005577,-0.32608335484119344
2013-07-02,0.09049315068493145,7.535721711005578,0.7737851383094911
2013-07-03,0.09312328767123271,7.660425820594618,-0.9435491082658514
2013-07-04,0.10539726027397248,7.659828560320647,-1.0652258205946188
2013-07-05,0.10643835616438344,7.68018212547695,0.11337951835866722
2013-07-06,0.10172602739726017,7.488536884872805,1.839737087729934
2013-07-07,0.09276712328767114,7.555372852558088,1.9618600241542392
2013-07-08,0.0936712328767122,7.205849143390544,2.670479623732745
2013-07-09,0.09591780821917793,7.305116442301679,1.9789657494791433
2013-07-10,0.09989041095890398,7.330495437735468,1.5396141513056278
2013-07-11,0.1079726027397259,7.646339484100062,0.7956879131602124
2013-07-12,0.11693150684931491,7.703801373808528,1.009267119342157
2013-07-13,0.13805479452054784,8.03939533236139,0.5725498731180618
2013-07-14,0.1578082191780821,8.195239378725985,0.4669524020959326
2013-07-15,0.17547945205479437,8.524629614061425,0.34989093388378123
2013-07-16,0.18852054794520534,8.249456449326617,2.4920230027281765
2013-07-17,0.20389041095890406,8.07071672329922,1.5753928657418754
2013-07-18,0.2316438356164383,8.549601865554225,1.128754298829337
2013-07-19,0.26504109589041097,8.76107921012746,0.3638796939821294
2013-07-20,0.28860273972602746,8.624287499554926,1.0171097607190465
2013-07-21,0.3043013698630137,8.375106607387734,2.680592022749252
2013-07-22,0.30808219178082186,8.768581141985555,3.583336666233624
2013-07-23,0.3073972602739725,8.909926417714393,1.482676322011633
2013-07-24,0.31865753424657534,8.911056027830305,1.250286437923119
2013-07-25,0.32506849315068487,8.542165265624476,3.312766241224839
2013-07-26,0.32276712328767115,8.147170534328373,5.260062342383957
2013-07-27,0.33452054794520547,8.681203551539472,5.484275900515323
2013-07-28,0.3361369863013699,8.519180369242317,5.534682644456314
2013-07-29,0.3238082191780822,7.949296983221945,-1.7431052024000273
2013-07-30,0.3093424657534246,8.453571658318538,-1.672914124071962
2013-07-31,0.28536986301369865,9.16424113496062,0.4703890020256818
2013-08-01,0.2654246575342466,8.66974657928798,4.1948287631777745
2013-08-02,0.2613424657534246,8.564114686067047,5.574542848179529
2013-08-03,0.2621917808219178,8.37739533236139,5.850412886816693
2013-08-04,0.2658904109589042,8.975322975494512,3.758786613546583
2013-08-05,0.29172602739726033,8.932508785118678,5.265765187484062
2013-08-06,0.29208219178082195,8.89066614374179,2.827251664477389
2013-08-07,0.2913424657534247,8.38539743984295,3.2132600944036245
2013-08-08,0.3048767123287673,8.317084127584431,-0.42196083991319977
2013-08-09,0.32624657534246587,8.196149810759705,-2.6023963861021704
2013-08-10,0.34882191780821936,8.677133302154154,-3.3559552199623734
2013-08-11,0.3713150684931509,7.893801373808529,-1.0751164423016792
2013-08-12,0.39975342465753444,7.751190906650114,1.7990556686923505
2013-08-13,0.4105205479452056,7.766952761233887,-0.427473309179093
2013-08-14,0.4212328767123289,7.973079912621312,-2.8843127893336415
2013-08-15,0.44123287671232886,8.140393576126758,-0.7916264528390871
2013-08-16,0.45043835616438366,7.9143275417045595,1.7652341021310578
2013-08-17,0.4626849315068494,8.228461718030514,1.6188533504626363
2013-08-18,0.47495890410958913,7.889133302154154,1.5159077937362566
2013-08-19,0.48928767123287675,7.4533911173982705,-0.32267878863114685
2013-08-20,0.5132328767123286,7.278654903840141,-3.08188778055247
2013-08-21,0.5267397260273972,7.753854060847515,0.03940621312508785
2013-08-22,0.5370136986301369,7.775518971279549,1.0874673300903144
2013-08-23,0.5590958904109589,7.320444155684187,1.5904599539048556
2013-08-24,0.5782191780821917,6.861314545568274,0.4104662763495339
2013-08-25,0.6043287671232875,6.879403762287627,-4.363732529410914
2013-08-26,0.6340273972602739,6.47600298954439,-3.0100303868046643
2013-08-27,0.6484383561643836,6.201467689228267,-2.6399060453926513
2013-08-28,0.6573150684931506,6.061980509741088,-3.1492955782342387
2013-08-29,0.6520821917808219,6.24275887293041,-1.3048410647112325
2013-08-30,0.6436438356164382,5.6700816688559454,0.3762744955276167
2013-08-31,0.6330410958904109,5.8623928736329045,0.12456603047668491
2013-09-01,0.6215068493150684,5.695381282484327,-0.7968881317993954
2013-09-02,0.6143287671232875,5.494617671665921,-0.04894643878920846
2013-09-03,0.602849315068493,5.281013878199114,3.7561368067323935
2013-09-04,0.6004657534246575,5.586893049256367,4.842641197318975
2013-09-05,0.5953424657534245,6.073948195023842,4.010709339222734
2013-09-06,0.5922191780821918,6.217741661831007,3.3800391600868
2013-09-07,0.5960821917808219,5.98430997935823,3.319607828860949
2013-09-08,0.6088767123287671,5.390670358704909,1.0104529289663233
2013-09-09,0.6197260273972602,4.631134004648008,-1.7708600320452677
2013-09-10,0.6347671232876713,4.917950302505401,-2.5827174257930725
2013-09-11,0.6520547945205479,5.093451531869645,-5.835506326390193
2013-09-12,0.6791506849315068,5.059232353787453,-5.60838303871896
2013-09-13,0.7244657534246575,5.30114735203122,-4.675613105455877
2013-09-14,0.7668219178082191,5.471748686769539,-0.26857060457775805
2013-09-15,0.7951780821917807,5.39086494950224,-1.3860430316940207
2013-09-16,0.8274246575342467,5.345998072087418,-3.0234227296216645
2013-09-17,0.8572328767123287,4.331037762990123,-7.2582706397024515
2013-09-18,0.875041095890411,4.213026523088471,-0.43806761897888213
2013-09-19,0.896958904109589,4.014211630218784,-2.7011705343283734
2013-09-20,0.9193698630136988,3.938477172895285,0.02215296409101608
2013-09-21,0.9215616438356165,3.9207848652029775,0.8176534909614062
2013-09-22,0.9090136986301371,3.8721484057719975,1.8488378955978648
2013-09-23,0.8910136986301371,3.723670007457983,5.215316293911879
2013-09-24,0.8773424657534248,3.1143795262496936,6.398278007996881
2013-09-25,0.8786575342465754,3.4609703235802174,3.500372142173207
2013-09-26,0.8839178082191782,3.9452815283571745,2.5708006634236478
2013-09-27,0.8933150684931508,3.9082692347147447,3.9284156967921047
2013-09-28,0.9033150684931506,3.8416201303944075,4.865064801112442
2013-09-29,0.9182465753424657,3.7382074152556646,1.653546009401869
2013-09-30,0.9470136986301371,3.4934508293757913,0.28953547199407215
2013-10-01,0.9701095890410959,2.7181947703663076,1.211695640592597
2013-10-02,0.9875342465753425,1.961820341142563,2.6406454122820944
2013-10-03,1.0022465753424659,2.31159203064028,2.936161394017254
2013-10-04,1.0149041095890412,2.551293470752679,4.27380241965828
2013-10-05,1.0264657534246577,3.110797510092335,1.0527367364830078
2013-10-06,1.0431506849315069,3.1437395543494477,-0.35689023928095454
2013-10-07,1.070246575342466,2.9772091714902973,1.4425442531672368
2013-10-08,1.084931506849315,2.783380579990473,0.9916879131602121
2013-10-09,1.0920821917808219,2.857145947043512,-0.989228138824334
2013-10-10,1.101917808219178,2.7451340046480075,-5.507051812867186
2013-10-11,1.1119178082191783,2.5351747492914916,-8.70709255751067
2013-10-12,1.1206301369863012,2.297583600714042,-8.248213737700343
2013-10-13,1.12986301369863,1.5673257854699252,-4.237188799168555
2013-10-14,1.1216712328767122,0.6918990204541192,-1.2835702533308315
2013-10-15,1.0924657534246576,0.5998140186978846,-1.0022797721225423
2013-10-16,1.0677534246575342,0.07143748199258068,-0.3991909066501149
2013-10-17,1.0555342465753426,0.434118198536311,0.4503475548883464
2013-10-18,1.0316164383561643,0.9325242399834485,1.975859321660387
2013-10-19,1.0274794520547945,0.9541547282166764,3.2283658197285297
2013-10-20,1.038027397260274,1.0387174257930725,1.2832551769466534
2013-10-21,1.037917808219178,1.0161645631306206,2.285917628650201
2013-10-22,1.0468493150684932,0.7095365336258791,4.283614151305628
2013-10-23,1.053068493150685,0.8556067830111969,2.7613247238381176
2013-10-24,1.058054794520548,1.5459798072472348,1.7859653982322166
2013-10-25,1.0604931506849316,1.6977065371383482,2.2918003121767203
2013-10-26,1.0603835616438357,1.6723781212619873,5.627238317094177
2013-10-27,1.0524109589041097,1.2832211138858016,3.6243679272100886
2013-10-28,1.0416438356164384,0.10286705698379968,3.9854891073997623
2013-10-29,1.0304657534246577,-0.5999956054679039,0.08952985204324615
2013-10-30,1.0152328767123289,-0.9022604456505525,-0.9729724310617764
2013-10-31,1.009095890410959,-0.5789769893807946,2.5198810989698357
2013-11-01,0.9955616438356166,-0.33294748463896096,1.0473858408033443
2013-11-02,0.985123287671233,-0.3139752331461618,1.3488519454749288
2013-11-03,0.9759452054794522,-0.6598066346213988,-2.4461385708580536
2013-11-04,0.9755342465753425,-1.6624030519027482,-0.8931311946725944
2013-11-05,0.9759452054794521,-1.9510739335325336,-2.2848712719469186
2013-11-06,0.974109589041096,-2.8881269718184486,3.1740173827773526
2013-11-07,0.9713424657534246,-4.0193633610000425,5.768020895246618
2013-11-08,0.970082191780822,-3.271392163248023,4.421309971467201
2013-11-09,0.9813150684931508,-2.9015333645125123,-0.7597817039806385
2013-11-10,0.9843835616438356,-3.2643222651096324,-3.020061296534203
2013-11-11,0.9836438356164383,-3.2585365257348515,-4.835107309881587
2013-11-12,0.971123287671233,-2.783034593876755,2.841911306205522
2013-11-13,0.951013698630137,-3.6141571790541347,2.3231434804239974
2013-11-14,0.9356712328767124,-4.008117839398357,-0.6175533934783548
2013-11-15,0.9249041095890411,-4.270810498337591,-0.77409361125145
2013-11-16,0.9207123287671233,-3.8082077586115646,5.147495429844441
2013-11-17,0.9288219178082192,-4.5146468172698,4.325824899461581
2013-11-18,0.9354246575342466,-4.422303297775596,2.566878640241349
2013-11-19,0.9479178082191783,-3.870726901569063,1.1328090933498847
2013-11-20,0.9647671232876713,-4.790910252464743,-2.673856870822929
2013-11-21,0.9826301369863014,-4.439180712598216,-4.8734494243880855
2013-11-22,1.0017808219178082,-4.460228833427158,-6.47155198849065
2013-11-23,1.0307397260273974,-4.114927814811072,-4.695811911216326
2013-11-24,1.0595068493150686,-4.292378464617886,-3.177128384697183
2013-11-25,1.0808219178082192,-4.150512640943843,-8.130309276864375
2013-11-26,1.08227397260274,-3.947609233848656,-11.034664738754085
2013-11-27,1.083013698630137,-4.23279925843594,-7.670214440194196
2013-11-28,1.0976438356164384,-4.137071826050973,-1.9705720095654646
2013-11-29,1.1098356164383563,-4.800926409823366,0.2510907933850097
2013-11-30,1.1200547945205481,-5.359052156223084,-4.611002638297464
2013-12-01,1.1255616438356166,-5.913653490961405,-0.7419081528742115
2013-12-02,1.1317260273972605,-5.665217242278582,3.093491214881322
2013-12-03,1.140164383561644,-5.219905686254697,4.749741302693053
2013-12-04,1.1416438356164385,-5.219241127069589,3.33759729145315
2013-12-05,1.1398630136986303,-5.187364765987748,-0.5224982477108817
2013-12-06,1.1443835616438358,-5.240638387343562,-2.8637451743002735
2013-12-07,1.158219178082192,-5.291845974277177,-3.4263732038050154
2013-12-08,1.1753972602739726,-5.151193357487574,0.3957960972136014
2013-12-09,1.2023287671232876,-5.3989172774032745,2.6865885102799867
2013-12-10,1.232054794520548,-5.646160691523401,5.384105897002853
2013-12-11,1.2562191780821919,-6.152559005538153,5.166339827455961
2013-12-12,1.273315068493151,-6.533144885411704,4.489829816918553
2013-12-13,1.2738082191780822,-6.692673512036221,1.3288652928581381
2013-12-14,1.269178082191781,-6.35418246883285,-0.42499561335893077
2013-12-15,1.2557534246575344,-5.93785791667268,3.0221044920151456
2013-12-16,1.2423561643835614,-6.405264309366745,5.4929081449831845
2013-12-17,1.2200547945205478,-6.692153666584869,6.072098872064322
2013-12-18,1.1940273972602742,-6.653272739292981,3.6992453420327065
2013-12-19,1.1748219178082193,-5.980386192050272,0.5755642742420521
2013-12-20,1.1601095890410957,-5.777692830617183,0.6575832415760869
2013-12-21,1.1619726027397261,-5.485762377508649,1.6737897747689225
2013-12-22,1.1688493150684933,-4.766436771607699,1.5575874565392058
2013-12-23,1.1811506849315068,-4.468885665179881,0.467734980248375
2013-12-24,1.200931506849315,-5.35002370522203,0.9090921983727149
2013-12-25,1.217068493150685,-5.8695937789838855,1.4025252858332005
2013-12-26,1.2315616438356165,-6.218338422468254,0.026776778632638276
2013-12-27,1.2521095890410958,-6.886126269324594,2.1040166802834985
2013-12-28,1.2737260273972604,-7.221306458997936,3.057580431600676
2013-12-29,1.2808767123287672,-6.639114678176017,-1.2017620341527495
2013-12-30,1.2749589041095888,-7.187616961281041,-2.507341942828548
2013-12-31,1.268876712328767,-7.054204246142298,1.3853275338135305
2014-01-01,1.2597260273972601,-6.874877937747495,0.9751519103502355
2014-01-02,1.265780821917808,-6.34970969046966,0.9239288685518519
2014-01-03,1.2715616438356165,-5.796353877333025,1.7547922334974082
2014-01-04,1.2716164383561641,-6.567875479019009,2.3462590406628445
2014-01-05,1.271917808219178,-6.952945377157402,0.05102756893822402
2014-01-06,1.2663013698630134,-6.344883557698322,4.598582187835309
2014-01-07,1.2464109589041097,-5.8177110954573665,5.441300136553257
2014-01-08,1.2234794520547945,-5.446057424926983,5.892577972872188
2014-01-09,1.204712328767123,-4.891534067006366,6.376821738239243
2014-01-10,1.1944931506849317,-4.98428643792312,2.3597932872381886
2014-01-11,1.1868493150684931,-5.72706199113703,4.190212676068537
2014-01-12,1.179780821917808,-5.9490205439996915,2.5592397220818834
2014-01-13,1.174767123287671,-6.536574460402923,1.901807337115252
2014-01-14,1.1732054794520546,-6.733023353975104,-0.7901821254769503
2014-01-15,1.1710958904109587,-7.031281169219221,-1.2298147211917376
2014-01-16,1.176739726027397,-6.974241478316517,0.7975017522891203
2014-01-17,1.182739726027397,-6.85518563005519,1.1324459040277928
2014-01-18,1.1943561643835614,-6.246212676068536,1.561856511684974
2014-01-19,1.1964657534246574,-6.688383382074859,3.1119176286502013
2014-01-20,1.1805205479452054,-7.324531608277878,2.7140110603326724
2014-01-21,1.1676986301369863,-7.4403398274559605,-0.8673588026810259
2014-01-22,1.1652602739726028,-7.088863887870433,-0.2063963861021696
2014-01-23,1.1587671232876713,-7.545687913160211,-0.8230792101274611
2014-01-24,1.1479726027397261,-7.297627498688838,-4.910345104050888
2014-01-25,1.127835616438356,-7.335795394719748,-2.802040221718608
2014-01-26,1.1068493150684933,-7.293775724891859,-1.6630735901766336
2014-01-27,1.0907671232876712,-6.831487702412056,-3.459279420875615
2014-01-28,1.089178082191781,-6.521976638133868,-7.237201444057913
2014-01-29,1.0890684931506849,-6.593745517656172,-5.135322975494512
2014-01-30,1.0862191780821917,-6.734910954958596,-1.5913082231235967
2014-01-31,1.0776986301369862,-6.943091495878863,0.7853928657418772
2014-02-01,1.0614794520547943,-6.357349311122979,1.9658698590681851
2014-02-02,1.0417534246575342,-6.145156827807209,-1.866596596850326
2014-02-03,1.026794520547945,-7.438229535921012,3.3214350153730674
2014-02-04,1.0026849315068493,-7.513642251059754,1.780957319552905
2014-02-05,0.988986301369863,-7.509302244034816,0.24031594266495304
2014-02-06,0.9784931506849314,-7.6464121843228385,0.14791903363790748
2014-02-07,0.9835342465753424,-7.4344395815831135,0.7509053350077712
2014-02-08,0.9950684931506848,-7.514391109507243,0.1493226163565584
2014-02-09,1.01,-7.884687561913284,-1.475312438086715
2014-02-10,1.0144931506849315,-7.442676322011634,-0.5418168286732978
2014-02-11,1.006986301369863,-7.944499293560633,-0.8724870078092293
2014-02-12,1.0026301369863013,-7.9744669788433855,0.0318368418570838
2014-02-13,0.9954520547945206,-8.227892338871486,0.9924402840769657
2014-02-14,0.9804657534246575,-7.812736033989153,1.062270280564496
2014-02-15,0.9562739726027397,-7.438166311474226,2.301892338871486
2014-02-16,0.9412328767123288,-6.508159989029547,-0.2530728876827819
2014-02-17,0.9337260273972603,-6.458881450216762,-0.6848445771804981
2014-02-18,0.9305753424657535,-6.808605370132464,3.488030027666711
2014-02-19,0.9282739726027397,-7.457442040311599,2.2791680677088593
2014-02-20,0.9145205479452054,-7.011469437571872,0.5769488896266672
2014-02-21,0.9034520547945205,-6.687996307961758,0.6245442531672376
2014-02-22,0.8866575342465753,-6.739202489907665,-2.39745504433891
2014-02-23,0.868849315068493,-6.268228833427159,-0.8806204816413343
2014-02-24,0.8741643835616438,-6.656306810244861,0.8921424266832174
2014-02-25,0.8813698630136986,-7.091073933532533,0.039704070518833845
2014-02-26,0.8844383561643836,-7.197087280915743,0.6926489247513592
2014-02-27,0.896986301369863,-6.783026866444371,-0.883959434925492
2014-02-28,0.9053150684931507,-6.371295921590138,-1.6740191469030128
2014-03-01,0.9081643835616438,-5.973124513089962,-3.2150398704716814
2014-03-02,0.9043561643835616,-6.301552331846548,-1.2928038325370146
2014-03-03,0.8899452054794521,-6.100935542243457,-0.5890096632359949
2014-03-04,0.8786027397260273,-6.587050048741524,-1.8815526909845026
2014-03-05,0.8684109589041095,-6.549626796194984,-0.9187841627091258
2014-03-06,0.8624109589041096,-5.825435015373067,-0.766975943531043
2014-03-07,0.8526849315068492,-5.2572614993913325,1.864576567884483
2014-03-08,0.8446027397260273,-5.983395675717289,5.078792935991261
2014-03-09,0.8400547945205478,-5.6011146781760175,6.11105988365547
2014-03-10,0.8467671232876711,-5.379382328334079,4.082615205046407
2014-03-11,0.8595890410958902,-5.48494045970043,5.66535141860454
2014-03-12,0.8692054794520546,-5.247581134094529,5.848375654642474
2014-03-13,0.8803561643835615,-4.2096563009368175,4.269300136553256
2014-03-14,0.8823287671232876,-4.157675268270854,4.295346501147566
2014-03-15,0.8902191780821918,-4.757220052253995,2.9670008741718035
2014-03-16,0.8908219178082191,-4.175884611439101,3.0450626936308822
2014-03-17,0.8961917808219176,-4.427621176244159,5.621429395422242
2014-03-18,0.9068767123287669,-4.121782749830391,6.274906037501625
2014-03-19,0.9326849315068493,-4.871725847828283,2.5490409163214336
2014-03-20,0.9381643835616438,-4.816027217691297,5.0978628341296535
2014-03-21,0.9526027397260273,-5.09124323455115,4.278640494825122
2014-03-22,0.9596164383561643,-5.183326128825824,2.25370969046966
2014-03-23,0.9597260273972602,-5.528761323767869,-3.5309647036293903
2014-03-24,0.9454246575342464,-4.983116785657577,-5.76230787187667
2014-03-25,0.9299452054794519,-4.696721281618237,-6.053223923861215
2014-03-26,0.9102465753424656,-4.554541443191823,-3.235705132150642
2014-03-27,0.8912876712328766,-4.402521773363936,-1.898765897868941
2014-03-28,0.8892054794520546,-4.0947479763846575,-0.024457503067397468
2014-03-29,0.8903561643835615,-3.26172514533443,1.2913689809508684
2014-03-30,0.886904109589041,-3.033782749830391,3.08687864024135
2014-03-31,0.8892328767123285,-3.121732872766815,3.4724999960544864
2014-04-01,0.8933424657534245,-3.5048828552044693,3.381540389451045
2014-04-02,0.894767123287671,-3.3825512781057685,2.9277841548180974
2014-04-03,0.8925205479452053,-3.7824444990400856,3.38992395109488
2014-04-04,0.8896438356164382,-4.325312781442614,4.585668945826176
2014-04-05,0.8820273972602738,-4.430534418253292,3.7085070209930184
2014-04-06,0.880849315068493,-4.3496829957032395,4.438833680634747
2014-04-07,0.8780821917808217,-3.8241065994967074,6.4460244077158855
2014-04-08,0.8735616438356163,-3.699958373293686,3.5663967294580696
2014-04-09,0.8775342465753423,-3.529810849584518,-0.2177233969908241
2014-04-10,0.8871780821917807,-3.295453982707103,2.5182759005153224
2014-04-11,0.9107397260273971,-3.9501670139680796,5.149427287940682
2014-04-12,0.9418082191780821,-3.63545749517637,3.863649275998288
2014-04-13,0.9727397260273971,-3.0300827147056983,2.5873429886783015
2014-04-14,0.9893698630136984,-2.676071474804047,1.4067016117903486
2014-04-15,0.9963835616438355,-2.658051804976158,-3.968331756667677
2014-04-16,1.0057534246575341,-2.376564625488979,-4.149188799168555
2014-04-17,1.0183287671232875,-2.1774286929283893,0.5790999258051017
2014-04-18,1.0281095890410956,-1.7045006985483397,-2.8136088904927563
2014-04-19,1.0411232876712329,-1.60474165393998,-3.0163816337312532
2014-04-20,1.052876712328767,-1.3483911095072436,0.7255143971784765
2014-04-21,1.067835616438356,-0.970426936693756,-0.06740867974459996
2014-04-22,1.0665479452054794,-0.5687809935957578,0.5122330483902785
2014-04-23,1.0307671232876712,-0.44575535257011695,1.3049882292824457
2014-04-24,1.0053698630136987,-0.36008903715037677,2.624719174136678
2014-04-25,0.9987397260273971,-0.10397944810928078,2.475239722081884
2014-04-26,0.9919999999999998,-0.08841780427366439,2.2964178042736645
2014-04-27,0.9731232876712327,-0.2501269718184484,-3.4229963158527847
2014-04-28,0.965835616438356,-0.2514750575226986,-3.9343605589156576
2014-04-29,0.9573150684931506,0.11849895020473389,-2.3458140186978844
2014-04-30,0.9563561643835615,-0.08670371927190826,-2.309652445111653
2014-05-01,0.9653424657534246,-0.2317651874840614,-0.14357727826936326
2014-05-02,0.9711506849315068,0.1394501268819379,-2.2406008118134446
2014-05-03,0.9792054794520548,-0.018806985868325486,-3.4703984935837293
2014-05-04,0.9826849315068493,0.16499912582819712,-4.347684057335047
2014-05-05,0.991123287671233,0.8065144050695039,0.352362307259263
2014-05-06,0.9962191780821918,0.8789808609880143,1.0647999609297938
2014-05-07,0.9974246575342467,1.1716327752837643,-0.7790574328180111
2014-05-08,0.9849315068493151,1.6106717636926158,-0.13560327054193078
2014-05-09,0.979013698630137,1.9133068181358892,1.387679483233974
2014-05-10,0.9725479452054795,2.3271382196111263,1.8003138351833936
2014-05-11,0.9818630136986302,2.3469380088629705,-3.1988010225616006
2014-05-12,0.9968493150684932,2.079670709951836,-6.456520025020329
2014-05-13,1.0187671232876712,1.521290660777266,-6.950057784064938
2014-05-14,1.014958904109589,0.8342860945672206,-6.74924499867681
2014-05-15,1.0156438356164383,0.4417557117080709,-6.2273995473245085
2014-05-16,1.028986301369863,0.5229106116026966,-4.5318969129725595
2014-05-17,1.0386575342465754,1.26421303520649,-3.5128705694530655
2014-05-18,1.0238630136986302,2.199844225933571,-0.9037072396322015
2014-05-19,1.0125753424657535,2.769824556105682,-1.9323998985714352
2014-05-20,1.0015068493150685,2.902159645673648,-0.45366649498871636
2014-05-21,0.9929863013698631,2.3225720095654645,1.5344416890646722
2014-05-22,1.0114794520547945,2.6180395192247548,1.2204810287204504
2014-05-23,1.0405479452054796,3.3267370956209614,-0.857285040826441
2014-05-24,1.0745479452054794,3.5091782617607574,-1.2437262069662367
2014-05-25,1.1085479452054794,3.7641561332043825,-0.5027040784098618
2014-05-26,1.1387671232876713,3.4835597159230334,-1.4423268392107045
2014-05-27,1.177041095890411,4.096879701873156,-3.9839207977635676
2014-05-28,1.2192054794520546,3.719338430359282,-3.5285439098113365
2014-05-29,1.2492328767123286,3.140810154981692,-2.6800430316940207
2014-05-30,1.263972602739726,2.753534426144319,-3.037507028884045
2014-05-31,1.278986301369863,2.720678086137294,-2.189664387507157
2014-06-01,1.3094246575342465,3.404964001135538,-2.6343886586697844
2014-06-02,1.327068493150685,4.208854412094443,-3.275922905245128
2014-06-03,1.3271232876712329,4.4431073098815865,-2.9302305975528196
2014-06-04,1.320986301369863,4.101932037665219,-2.1429183390350826
2014-06-05,1.3199178082191783,4.352151918241264,-1.6420697264604414
2014-06-06,1.3276712328767126,4.515270990949378,0.9670577761739088
2014-06-07,1.3357260273972602,4.64739533236139,4.996878640241349
2014-06-08,1.341068493150685,4.398231300046674,6.770700206802641
2014-06-09,1.331013698630137,4.771327892951485,6.937658408418377
2014-06-10,1.3078356164383562,4.822098528708422,6.510065854853221
2014-06-11,1.289260273972603,5.01027696214713,5.030462763880267
2014-06-12,1.272301369863014,5.386000179568977,4.48169845056801
2014-06-13,1.262054794520548,5.604099231202276,2.2038459742771765
2014-06-14,1.2649589041095892,5.769240783713691,-1.2041996878232801
2014-06-15,1.2742465753424659,6.115490871525423,-3.0997374468678887
2014-06-16,1.2755068493150685,6.618806642512426,-2.894313491827494
2014-06-17,1.2654794520547945,6.442742013077933,-3.8182214651327278
2014-06-18,1.2512876712328769,6.005523186242669,-3.3768108574755455
2014-06-19,1.256109589041096,6.105474011672947,-2.5715836007140433
2014-06-20,1.2674794520547945,6.463422027127811,-3.100901479182605
2014-06-21,1.2683561643835617,6.6153679351011165,-0.37372409948467844
2014-06-22,1.2644931506849315,6.7376236428636735,0.7978832064513961
2014-06-23,1.2756986301369864,6.846494735241616,0.827806634621397
2014-06-24,1.2893424657534247,7.677430615115167,-2.0967730808685916
2014-06-25,1.2942465753424657,7.638049793197358,-3.6922963685398233
2014-06-26,1.2904931506849313,7.216994998676809,-3.2774881493617403
2014-06-27,1.2724657534246575,7.726461437032974,-2.038927190457631
2014-06-28,1.2529863013698632,7.816629930183659,-0.9196162315535217
2014-06-29,1.226,7.758190889087769,-4.714190889087769
2014-06-30,1.2042739726027398,7.849064176759002,-7.543338149361742
2014-07-01,1.194109589041096,7.624521711005577,-3.648631300046673
2014-07-02,1.1858904109589044,7.535721711005578,-3.6616121219644824
2014-07-03,1.1951232876712332,7.660425820594618,0.16445089173414829
2014-07-04,1.2069589041095892,7.659828560320647,-0.056787464430235524
2014-07-05,1.2133972602739727,7.68018212547695,-0.9735793857509227
2014-07-06,1.2038082191780823,7.488536884872805,0.8476548959491117
2014-07-07,1.2027945205479456,7.555372852558088,-1.1981673731060347
2014-07-08,1.1973972602739726,7.205849143390544,-5.693246403664516
2014-07-09,1.1795890410958907,7.305116442301679,-7.474705483397569
2014-07-10,1.1659726027397264,7.330495437735468,-6.376468040475195
2014-07-11,1.1565205479452056,7.646339484100062,-3.982860032045267
2014-07-12,1.1692602739726028,7.703801373808528,-2.833061647781131
2014-07-13,1.1527123287671235,8.03939533236139,-3.022107661128514
2014-07-14,1.1530958904109592,8.195239378725985,-2.358335269136944
2014-07-15,1.156191780821918,8.524629614061425,-1.2008213948833424
2014-07-16,1.1589315068493153,8.249456449326617,0.7516120438240677
2014-07-17,1.1680547945205482,8.07071672329922,2.671228482180231
2014-07-18,1.1758082191780823,8.549601865554225,2.374589915267693
2014-07-19,1.1686575342465755,8.76107921012746,3.7002632556259645
2014-07-20,1.1520273972602741,8.624287499554926,0.9236851031847984
2014-07-21,1.133972602739726,8.375106607387734,-3.9690792101274592
2014-07-22,1.1217260273972605,8.768581141985555,-1.9103071693828149
2014-07-23,1.1236986301369867,8.909926417714393,-0.22362504785137993
2014-07-24,1.1244383561643838,8.911056027830305,-1.9254943839946899
2014-07-25,1.1209589041095893,8.542165265624476,-1.4231241697340646
2014-07-26,1.1227397260273975,8.147170534328373,-2.8899102603557703
2014-07-27,1.1128219178082193,8.681203551539472,-2.954025469347691
2014-07-28,1.1049041095890413,8.519180369242317,-1.1040844788313589
2014-07-29,1.103945205479452,7.949296983221945,-3.1032421887013975
2014-07-30,1.1116712328767124,8.453571658318538,-2.51524289119525
2014-07-31,1.118054794520548,9.16424113496062,-1.4022959294811663
2014-08-01,1.1053150684931508,8.66974657928798,0.24493835221886862
2014-08-02,1.0851506849315071,8.564114686067047,-1.1692653709985539
2014-08-03,1.059095890410959,8.37739533236139,-2.146491222772349
2014-08-04,1.0425205479452055,8.975322975494512,-2.4778435234397174
2014-08-05,1.015972602739726,8.932508785118678,-4.258481387858404
2014-08-06,1.0004109589041097,8.89066614374179,-2.8810771026458992
2014-08-07,0.9934794520547945,8.38539743984295,-1.3188768918977445
2014-08-08,0.9927945205479451,8.317084127584431,0.7301213518676217
2014-08-09,0.9928767123287672,8.196149810759705,0.9409734769115286
2014-08-10,0.9802191780821918,8.677133302154154,1.462647519763653
2014-08-11,0.9771506849315068,7.893801373808529,-0.040952058740035824
2014-08-12,0.9915616438356164,7.751190906650114,-1.5327525504857311
2014-08-13,1.0104383561643835,7.766952761233887,-2.617391117398271
2014-08-14,1.0230958904109588,7.973079912621312,-6.10617580303227
2014-08-15,1.0271780821917806,8.140393576126758,-6.8475716583185395
2014-08-16,1.0264931506849315,7.9143275417045595,-7.640820692389491
2014-08-17,1.0208493150684932,8.228461718030514,-4.429311033099007
2014-08-18,1.0231232876712328,7.889133302154154,-1.7722565898253873
2014-08-19,1.0261369863013696,7.4533911173982705,-2.0095281036996404
2014-08-20,1.019013698630137,7.278654903840141,-4.427668602470278
2014-08-21,1.0165205479452055,7.753854060847515,-5.470374608792721
2014-08-22,1.014904109589041,7.775518971279549,-3.4304230808685894
2014-08-23,1.0090136986301368,7.320444155684187,-4.989457854314324
2014-08-24,1.0050958904109586,6.861314545568274,-6.516410435979233
2014-08-25,1.0084657534246573,6.879403762287627,-2.827869515712284
2014-08-26,0.9965753424657532,6.47600298954439,-0.7425783320101429
2014-08-27,0.9853972602739725,6.201467689228267,-1.8568649495022393
2014-08-28,0.974821917808219,6.061980509741088,1.1131975724506935
2014-08-29,0.9737260273972601,6.24275887293041,1.4135150996723302
2014-08-30,0.9723835616438354,5.6700816688559454,1.0875347695002198
2014-08-31,0.9871506849315068,5.8623928736329045,-1.619543558564411
2014-09-01,0.9947671232876711,5.695381282484327,-6.430148405771998
2014-09-02,0.9913698630136984,5.494617671665921,-4.5659875346796195
2014-09-03,0.9887945205479451,5.281013878199114,-0.3498083987470588
2014-09-04,0.9756986301369861,5.586893049256367,2.2774083206066473
2014-09-05,0.9772602739726026,6.073948195023842,0.07879153100355474
2014-09-06,0.9833424657534245,6.217741661831007,0.03891587241556849
2014-09-07,0.9852602739726026,5.98430997935823,1.2704297466691674
2014-09-08,0.9838082191780821,5.390670358704909,3.0855214221170097
2014-09-09,0.981917808219178,4.631134004648008,2.5469481871328146
2014-09-10,0.968958904109589,4.917950302505401,0.5930907933850103
2014-09-11,0.9470684931506848,5.093451531869645,-2.06052002502033
2014-09-12,0.92786301369863,5.059232353787453,-5.137095367486083
2014-09-13,0.9081369863013697,5.30114735203122,-1.9792843383325889
2014-09-14,0.8944383561643834,5.471748686769539,-0.17618704293392184
2014-09-15,0.883780821917808,5.39086494950224,0.4853542285799515
2014-09-16,0.8726301369863012,5.345998072087418,0.8313717909262808
2014-09-17,0.8629315068493149,4.331037762990123,2.1560307301605617
2014-09-18,0.8613972602739723,4.213026523088471,1.5755762166375566
2014-09-19,0.8542739726027395,4.014211630218784,2.6115143971784764
2014-09-20,0.8463287671232875,3.938477172895285,2.655194059981428
2014-09-21,0.8393698630136984,3.9207848652029775,0.9398452717833243
2014-09-22,0.8526301369863012,3.8721484057719975,-3.3147785427582988
2014-09-23,0.8721369863013697,3.723670007457983,-0.4158069937593529
2014-09-24,0.8929863013698629,3.1143795262496936,-0.8073658276195563
2014-09-25,0.9003561643835616,3.4609703235802174,-3.441326487963779
2014-09-26,0.8983835616438355,3.9452815283571745,1.7963349099989898
2014-09-27,0.8975616438356162,3.9082692347147447,4.3441691214496405
2014-09-28,0.8959726027397259,3.8416201303944075,3.612407266865866
2014-09-29,0.8871780821917806,3.7382074152556646,2.5346145025525546
2014-09-30,0.8837808219178079,3.4934508293757913,1.8527683487064008
2014-10-01,0.8589315068493147,2.7181947703663076,1.8428737227843777
2014-10-02,0.8431506849315066,1.961820341142563,1.96502897392593
2014-10-03,0.8285753424657532,2.31159203064028,2.0598326268939666
2014-10-04,0.8132876712328765,2.551293470752679,1.6954188580144445
2014-10-05,0.7875342465753422,3.110797510092335,0.8616682433323226
2014-10-06,0.7544383561643833,3.1437395543494477,-1.0781779105138312
2014-10-07,0.7229041095890408,2.9772091714902973,0.13988671892066185
2014-10-08,0.7176712328767122,2.783380579990473,2.8089481871328146
2014-10-09,0.7337260273972601,2.857145947043512,2.889128025559228
2014-10-10,0.7378630136986299,2.7451340046480075,3.457002981653363
2014-10-11,0.7293972602739724,2.5351747492914916,3.015427990434536
2014-10-12,0.7276438356164382,2.297583600714042,3.43477256366952
2014-10-13,0.7305479452054793,1.5673257854699252,2.2321262693245956
2014-10-14,0.7342191780821916,0.6918990204541192,1.6638818014636891
2014-10-15,0.7592054794520546,0.5998140186978846,2.7509805018500613
2014-10-16,0.7833424657534245,0.07143748199258068,4.475220052253995
2014-10-17,0.7869589041095888,0.434118198536311,4.2889228973541
2014-10-18,0.788876712328767,0.9325242399834485,6.968599047687785
2014-10-19,0.7942739726027395,0.9541547282166764,7.751571299180584
2014-10-20,0.7918630136986299,1.0387174257930725,6.989419560508299
2014-10-21,0.793698630136986,1.0161645631306206,2.0601368067323933
2014-10-22,0.7975342465753423,0.7095365336258791,-8.527070780201221
2014-10-23,0.7969041095890409,0.8556067830111969,-6.252510892600237
2014-10-24,0.7933424657534245,1.5459798072472348,-0.36932227300065934
2014-10-25,0.7884657534246573,1.6977065371383482,0.10382770943699438
2014-10-26,0.7842739726027396,1.6723781212619873,-0.9866520938647269
2014-10-27,0.7960273972602738,1.2832211138858016,1.2207514888539241
2014-10-28,0.7959178082191779,0.10286705698379968,1.1212151347970223
2014-10-29,0.7975342465753423,-0.5999956054679039,-0.027538641107438422
2014-10-30,0.8004657534246573,-0.9022604456505525,2.521794692225895
2014-10-31,0.7990410958904108,-0.5789769893807946,4.849935893490384
2014-11-01,0.8081917808219176,-0.33294748463896096,4.174755703817044
2014-11-02,0.8263561643835613,-0.3139752331461618,2.7776190687626006
2014-11-03,0.848739726027397,-0.6598066346213988,0.7610669085940017
2014-11-04,0.8583013698630134,-1.6624030519027482,1.084101682039735
2014-11-05,0.8559452054794519,-1.9510739335325336,-1.7248712719469181
2014-11-06,0.8601369863013697,-2.8881269718184486,-1.2720100144829205
2014-11-07,0.8644109589041093,-4.0193633610000425,3.7149524020959332
2014-11-08,0.8603287671232875,-3.271392163248023,2.171063396124736
2014-11-09,0.8556986301369862,-2.9015333645125123,2.765834734375526
2014-11-10,0.8751232876712327,-3.2643222651096324,2.5591989774384
2014-11-11,0.9074246575342464,-3.2585365257348515,3.2411118682006053
2014-11-12,0.9444657534246572,-2.783034593876755,1.4785688404520978
2014-11-13,0.9765479452054793,-3.6141571790541347,2.5476092338486556
2014-11-14,0.9865753424657533,-4.008117839398357,4.201542496932604
2014-11-15,0.9987123287671231,-4.270810498337591,2.6820981695704678
2014-11-16,1.0093972602739725,-3.8082077586115646,-0.341189501662408
2014-11-17,1.018821917808219,-4.5146468172698,0.11582489946158159
2014-11-18,1.020794520547945,-4.422303297775596,-1.558491222772349
2014-11-19,1.0019999999999998,-3.870726901569063,-2.0312730984309373
2014-11-20,0.9772054794520547,-4.790910252464743,4.063704773012688
2014-11-21,0.9572602739726026,-4.439180712598216,5.761920438625614
2014-11-22,0.9443835616438355,-4.460228833427158,5.995845271783322
2014-11-23,0.9389589041095889,-4.114927814811072,7.805968910701482
2014-11-24,0.930630136986301,-4.292378464617886,7.981748327631585
2014-11-25,0.9211232876712325,-4.150512640943843,5.99938935327261
2014-11-26,0.9150410958904106,-3.947609233848656,4.522568137958245
2014-11-27,0.9208767123287669,-4.23279925843594,3.4519225461071734
2014-11-28,0.9289041095890407,-4.137071826050973,3.5781677164619325
2014-11-29,0.937643835616438,-4.800926409823366,5.903282574206928
2014-11-30,0.9461369863013696,-5.359052156223084,6.672915169921715
2014-12-01,0.9587123287671229,-5.913653490961405,5.864941162194282
2014-12-02,0.973616438356164,-5.665217242278582,3.2716008039224183
2014-12-03,0.9915890410958901,-5.219905686254697,2.6583166451588074
2014-12-04,1.0113698630136985,-5.219241127069589,3.0778712640558905
2014-12-05,1.0324931506849313,-5.187364765987748,2.4148716153028174
2014-12-06,1.0432054794520544,-5.240638387343562,0.17743290789150823
2014-12-07,1.0430958904109586,-5.291845974277177,-1.361249916133782
2014-12-08,1.0303013698630135,-5.151193357487574,-3.129108012375439
2014-12-09,1.0122739726027394,-5.3989172774032745,-5.583356695199466
2014-12-10,0.9987945205479449,-5.646160691523401,-1.1626338290245437
2014-12-11,0.9908219178082189,-6.152559005538153,-0.7582629122700659
2014-12-12,0.9820821917808217,-6.533144885411704,1.0410626936308827
2014-12-13,0.9786301369863011,-6.692673512036221,2.68404337504992
2014-12-14,0.9809041095890408,-6.35418246883285,3.253278359243809
2014-12-15,0.9849315068493147,-5.93785791667268,3.7529264098233655
2014-12-16,0.9862465753424655,-6.405264309366745,2.0890177340242797
2014-12-17,0.9882739726027396,-6.692153666584869,1.12387969398213
2014-12-18,0.9932602739726026,-6.653272739292981,5.660012465320378
2014-12-19,0.9904383561643835,-5.980386192050272,4.909947835885888
2014-12-20,0.9817808219178081,-5.777692830617183,1.1559120086993753
2014-12-21,0.9703013698630136,-5.485762377508649,0.4554610076456358
2014-12-22,0.9636164383561643,-4.766436771607699,5.852820333251534
2014-12-23,0.9447123287671232,-4.468885665179881,5.6841733364127585
2014-12-24,0.9378630136986301,-5.35002370522203,2.9621606915234002
2014-12-25,0.9406575342465753,-5.8695937789838855,0.3089362447373105
2014-12-26,0.9484383561643837,-6.218338422468254,-6.270099933696129
2014-12-27,0.9533698630136986,-6.886126269324594,-4.707243593689105
2014-12-28,0.9549863013698631,-7.221306458997936,-6.473679842371927
2014-12-29,0.969945205479452,-6.639114678176017,-8.820830527303436
2014-12-30,0.999041095890411,-7.187616961281041,-5.94142413460937
2014-12-31,1.0216164383561643,-7.054204246142298,-1.367412192213866
2015-01-01,1.049232876712329,-6.874877937747495,4.555645061035166
2015-01-02,1.0684931506849313,-6.34970969046966,5.441216539784729
2015-01-03,1.0890958904109589,-5.796353877333025,4.287257986922066
2015-01-04,1.1113698630136986,-6.567875479019009,-0.9934943839946895
2015-01-05,1.1265753424657534,-6.952945377157402,-0.1736299653083515
2015-01-06,1.148876712328767,-6.344883557698322,2.7460068453695543
2015-01-07,1.1674246575342466,-5.8177110954573665,-0.9797135620768804
2015-01-08,1.1791780821917808,-5.446057424926983,0.9668793427352025
2015-01-09,1.2007123287671233,-4.891534067006366,2.9308217382392425
2015-01-10,1.2213972602739727,-4.98428643792312,6.982889177649147
2015-01-11,1.2344931506849317,-5.72706199113703,-1.8974311595479012
2015-01-12,1.2425753424657535,-5.9490205439996915,2.636445201533938
2015-01-13,1.2539452054794522,-6.536574460402923,2.9526292549234707
2015-01-14,1.2666027397260273,-6.733023353975104,0.11642061424907713
2015-01-15,1.2775616438356165,-7.031281169219221,1.9937195253836046
2015-01-16,1.2779178082191782,-6.974241478316517,3.526323670097339
2015-01-17,1.281150684931507,-6.85518563005519,-1.5759650548763178
2015-01-18,1.27841095890411,-6.246212676068536,-4.592198282835573
2015-01-19,1.2835890410958908,-6.688383382074859,-3.565205659021032
2015-01-20,1.3075890410958904,-7.324531608277878,-1.8830574328180116
2015-01-21,1.322246575342466,-7.4403398274559605,-0.3019067478865054
2015-01-22,1.324027397260274,-7.088863887870433,-0.09516350938984175
2015-01-23,1.3353972602739728,-7.545687913160211,-2.2697093471137633
2015-01-24,1.3331780821917811,-7.297627498688838,-4.445550583502943
2015-01-25,1.337205479452055,-7.335795394719748,-6.631410084732307
2015-01-26,1.3395616438356166,-7.293775724891859,-4.785785918943759
2015-01-27,1.3370958904109593,-6.831487702412056,-4.055608187998904
2015-01-28,1.3417260273972604,-6.521976638133868,-4.669749389263393
2015-01-29,1.3356986301369864,-6.593745517656172,-3.051953112480815
2015-01-30,1.3338082191780822,-6.734910954958596,-6.488897264219486
2015-01-31,1.3272054794520551,-6.943091495878863,-6.824113983573192
2015-02-01,1.3297260273972604,-6.357349311122979,-7.812376716274281
2015-02-02,1.3421369863013703,-6.145156827807209,-8.21698015849416
2015-02-03,1.3529041095890413,-7.438229535921012,-6.694674573668028
2015-02-04,1.372219178082192,-7.513642251059754,-4.268576927022438
2015-02-05,1.3930410958904114,-7.509302244034816,-2.6937388518555965
2015-02-06,1.4108219178082195,-7.6464121843228385,-0.5344097334853801
2015-02-07,1.4228219178082193,-7.4344395815831135,0.341617663774894
2015-02-08,1.4285753424657537,-7.514391109507243,-4.904184232958511
2015-02-09,1.4296712328767125,-7.884687561913284,-3.014983670963429
2015-02-10,1.4374246575342469,-7.442676322011634,4.295251664477387
2015-02-11,1.45227397260274,-7.944499293560633,5.572225320957893
2015-02-12,1.4717534246575346,-7.9744669788433855,4.182713554185851
2015-02-13,1.4897808219178086,-8.227892338871486,1.988111516953678
2015-02-14,1.4996712328767128,-7.812736033989153,0.2930648011124406
2015-02-15,1.5101095890410963,-7.438166311474226,-0.3119432775668711
2015-02-16,1.509232876712329,-6.508159989029547,0.008927112317217656
2015-02-17,1.5017808219178086,-6.458881450216762,-0.1528993717010465
2015-02-18,1.4928219178082194,-6.808605370132464,0.3257834523242442
2015-02-19,1.496109589041096,-7.457442040311599,0.8013324512705031
2015-02-20,1.5044383561643837,-7.011469437571872,-0.602968918592512
2015-02-21,1.5116712328767126,-6.687996307961758,-2.1336749249149536
2015-02-22,1.5224383561643837,-6.739202489907665,-4.463235866256719
2015-02-23,1.540164383561644,-6.268228833427159,-0.3219355501344854
2015-02-24,1.5424383561643837,-6.656306810244861,-4.116131545919523
2015-02-25,1.551178082191781,-7.091073933532533,-4.710104148659248
2015-02-26,1.5664931506849316,-7.197087280915743,-3.849405869769188
2015-02-27,1.579260273972603,-6.783026866444371,-1.9662334075282315
2015-02-28,1.594164383561644,-6.371295921590138,-2.8528684619715046
2015-03-01,1.6087945205479453,-5.973124513089962,1.4743299925420166
2015-03-02,1.62627397260274,-6.301552331846548,0.7652783592438075
2015-03-03,1.6494246575342466,-6.100935542243457,-2.5884891152907894
2015-03-04,1.6604109589041096,-6.587050048741524,-3.6033609101625856
2015-03-05,1.6563287671232878,-6.549626796194984,-6.486701970928305
2015-03-06,1.643095890410959,-5.825435015373067,-0.9776608750378921
2015-03-07,1.6246849315068495,-5.2572614993913325,3.312576567884483
2015-03-08,1.6055890410958906,-5.983395675717289,5.017806634621398
2015-03-09,1.5858630136986303,-5.6011146781760175,4.835251664477387
2015-03-10,1.5695068493150686,-5.379382328334079,2.6698754790190105
2015-03-11,1.5575890410958906,-5.48494045970043,0.2373514186045389
2015-03-12,1.5465753424657536,-5.247581134094529,-2.818994208371225
2015-03-13,1.5446575342465754,-4.2096563009368175,-3.4050012333097577
2015-03-14,1.5571780821917809,-4.157675268270854,-3.579502813920927
2015-03-15,1.5627397260273974,-4.757220052253995,-2.705519673773402
2015-03-16,1.5611232876712329,-4.175884611439101,-1.5152386762321317
2015-03-17,1.558027397260274,-4.427621176244159,0.889593778983885
2015-03-18,1.5598356164383562,-4.121782749830391,2.0819471333920347
2015-03-19,1.557287671232877,-4.871725847828283,1.3644381765954057
2015-03-20,1.544109589041096,-4.816027217691297,1.891917628650201
2015-03-21,1.527068493150685,-5.09124323455115,0.8041747414004652
2015-03-22,1.5122739726027399,-5.183326128825824,-0.838947843776916
2015-03-23,1.5112602739726029,-5.528761323767869,0.7575010497952661
2015-03-24,1.519041095890411,-4.983116785657577,0.7840756897671657
2015-03-25,1.503150684931507,-4.696721281618237,0.9835705966867305
2015-03-26,1.4932602739726029,-4.554541443191823,-1.1287188307807803
2015-03-27,1.4977260273972601,-4.402521773363936,-3.225204254033325
2015-03-28,1.49013698630137,-4.0947479763846575,-0.9253890099167128
2015-03-29,1.4725479452054797,-3.26172514533443,0.12917720012895018
2015-03-30,1.4515616438356165,-3.033782749830391,-0.6877788940052252
2015-03-31,1.4376986301369863,-3.121732872766815,1.6840342426298287
2015-04-01,1.4234794520547946,-3.5048828552044693,-6.218596596850325
2015-04-02,1.4096438356164385,-3.3825512781057685,-3.34709255751067
2015-04-03,1.4075890410958904,-3.7824444990400856,-2.4451445420558056
2015-04-04,1.4016986301369863,-4.325312781442614,-1.5063858486943715
2015-04-05,1.3931232876712332,-4.430534418253292,-6.202588869417942
2015-04-06,1.3989041095890413,-4.3496829957032395,-8.159221113885803
2015-04-07,1.406109589041096,-3.8241065994967074,-5.592002989544389
2015-04-08,1.405041095890411,-3.699958373293686,1.124917277403275
2015-04-09,1.3923013698630138,-3.529810849584518,5.127509479721505
2015-04-10,1.3818630136986303,-3.295453982707103,3.533590969008473
2015-04-11,1.369013698630137,-3.9501670139680796,1.6011533153379425
2015-04-12,1.357945205479452,-3.63545749517637,2.807512289696918
2015-04-13,1.35,-3.0300827147056983,3.2700827147056986
2015-04-14,1.3412328767123287,-2.676071474804047,2.3948385980917184
2015-04-15,1.323178082191781,-2.658051804976158,4.824873722784377
2015-04-16,1.3005479452054796,-2.376564625488979,4.366016680283499
2015-04-17,1.273315068493151,-2.1774286929283893,1.6441136244352383
2015-04-18,1.2512602739726026,-1.7045006985483397,-2.3367595754242627
2015-04-19,1.2226027397260275,-1.60474165393998,-1.2278610857860477
2015-04-20,1.1879178082191781,-1.3483911095072436,-0.2895266987119345
2015-04-21,1.1565753424657534,-0.970426936693756,0.5138515942280025
2015-04-22,1.14013698630137,-0.5687809935957578,1.8386440072943881
2015-04-23,1.15972602739726,-0.44575535257011695,0.9460293251728569
2015-04-24,1.1852876712328766,-0.36008903715037677,1.1448013659175
2015-04-25,1.1967945205479453,-0.10397944810928078,0.49718492756133553
2015-04-26,1.2017260273972603,-0.08841780427366439,0.556691776876404
2015-04-27,1.2103561643835616,-0.2501269718184484,0.6297708074348869
2015-04-28,1.21172602739726,-0.2514750575226986,-4.220250969874561
2015-04-29,1.211123287671233,0.11849895020473389,-2.0096222378759667
2015-04-30,1.211041095890411,-0.08670371927190826,-1.4943373766185029
2015-05-01,1.217013698630137,-0.2317651874840614,-0.9152485111460755
2015-05-02,1.2194794520547945,0.1394501268819379,0.8510704210632676
2015-05-03,1.2206575342465755,-0.018806985868325486,2.91814945162175
2015-05-04,1.2265753424657535,0.16499912582819712,3.578425531706049
2015-05-05,1.2348219178082194,0.8065144050695039,3.5986636771222758
2015-05-06,1.242054794520548,0.8789808609880143,-0.04103565550856225
2015-05-07,1.2583013698630139,1.1716327752837643,0.49006585485322174
2015-05-08,1.2804931506849315,1.6106717636926158,1.1288350856224523
2015-05-09,1.2977260273972604,1.9133068181358892,-0.42103284553314957
2015-05-10,1.3206301369863014,2.3271382196111263,-0.23776835659742757
2015-05-11,1.3344657534246576,2.3469380088629705,3.5385962377123716
2015-05-12,1.3548493150684933,2.079670709951836,4.97547997497967
2015-05-13,1.3705753424657534,1.521290660777266,6.21813399675698
2015-05-14,1.3936712328767125,0.8342860945672206,4.582042672556067
2015-05-15,1.407068493150685,0.4417557117080709,-2.9588242048587556
2015-05-16,1.4056712328767123,0.5229106116026966,-0.4785818444794089
2015-05-17,1.417123287671233,1.26421303520649,0.008663677122277003
2015-05-18,1.4368493150684933,2.199844225933571,2.123306458997935
2015-05-19,1.456219178082192,2.769824556105682,-1.656043734187874
2015-05-20,1.478246575342466,2.902159645673648,-7.790406221016114
2015-05-21,1.4973972602739727,2.3225720095654645,-8.019969269839438
2015-05-22,1.4993972602739727,2.6180395192247548,-6.547436779498728
2015-05-23,1.4723013698630139,3.3267370956209614,-5.989038465483976
2015-05-24,1.4356712328767123,3.5091782617607574,-3.58484949463747
2015-05-25,1.3862465753424658,3.7641561332043825,-3.8204027085468484
2015-05-26,1.348164383561644,3.4835597159230334,-5.121724099484677
2015-05-27,1.3230684931506849,4.096879701873156,-6.349948195023842
2015-05-28,1.2937534246575342,3.719338430359282,-1.4730918550168162
2015-05-29,1.2696438356164383,3.140810154981692,0.2295460094018691
2015-05-30,1.2496712328767123,2.753534426144319,0.1667943409789685
2015-05-31,1.230931506849315,2.720678086137294,0.9583904070133911
2015-06-01,1.2212054794520548,3.404964001135538,2.0438305194124076
2015-06-02,1.2179178082191782,4.208854412094443,2.27322777968638
2015-06-03,1.228958904109589,4.4431073098815865,3.7279337860088244
2015-06-04,1.2387397260273971,4.101932037665219,5.159328236307384
2015-06-05,1.2421917808219178,4.352151918241264,6.145656300936819
2015-06-06,1.2486575342465753,4.515270990949378,4.956071474804047
2015-06-07,1.2585205479452053,4.64739533236139,5.0340841196934045
2015-06-08,1.2707671232876712,4.398231300046674,2.171001576665655
2015-06-09,1.2846027397260273,4.771327892951485,0.40406936732248777
2015-06-10,1.2996164383561644,4.822098528708422,1.5982850329354132
2015-06-11,1.3106849315068492,5.01027696214713,2.099038106346021
2015-06-12,1.324931506849315,5.386000179568977,1.2390683135817087
2015-06-13,1.336904109589041,5.604099231202276,0.8689966592086824
2015-06-14,1.3427123287671232,5.769240783713691,-0.4519531124808145
2015-06-15,1.34386301369863,6.115490871525423,-1.6993538852240535
2015-06-16,1.3424931506849314,6.618806642512426,-2.4812997931973566
2015-06-17,1.3504109589041096,6.442742013077933,-3.163152971982043
2015-06-18,1.3642465753424657,6.005523186242669,-1.6697697615851341
2015-06-19,1.3676438356164384,6.105474011672947,-3.7131178472893858
2015-06-20,1.3723835616438356,6.463422027127811,-6.3658055887716465
2015-06-21,1.3905205479452054,6.6153679351011165,-4.685888483046322
2015-06-22,1.399068493150685,6.7376236428636735,-1.7766921360143586
2015-06-23,1.4016438356164385,6.846494735241616,-6.198138570858054
2015-06-24,1.394958904109589,7.677430615115167,-4.702389519224756
2015-06-25,1.3965479452054792,7.638049793197358,-2.7745977384028375
2015-06-26,1.411068493150685,7.216994998676809,-0.558063491827494
2015-06-27,1.4452876712328766,7.726461437032974,-0.41174910826585087
2015-06-28,1.4771232876712328,7.816629930183659,-0.5537532178548918
2015-06-29,1.5140821917808218,7.758190889087769,0.4577269191314093
2015-06-30,1.5510410958904108,7.849064176759002,2.7298947273505885
2015-07-01,1.580986301369863,7.624521711005577,4.20449198762456
2015-07-02,1.5960273972602739,7.535721711005578,6.008250891734149
2015-07-03,1.591178082191781,7.660425820594618,6.798396097213601
2015-07-04,1.582054794520548,7.659828560320647,7.088116645158803
2015-07-05,1.567068493150685,7.68018212547695,6.802749381372365
2015-07-06,1.5663835616438357,7.488536884872805,6.035079553483359
2015-07-07,1.5619726027397263,7.555372852558088,6.582654544702185
2015-07-08,1.5442191780821921,7.205849143390544,0.7299316785272643
2015-07-09,1.541342465753425,7.305116442301679,-3.546458908055104
2015-07-10,1.5406301369863016,7.330495437735468,1.1088744252782305
2015-07-11,1.536383561643836,7.646339484100062,3.1872769542561015
2015-07-12,1.5191232876712333,7.703801373808528,1.5970753385202396
2015-07-13,1.525424657534247,8.03939533236139,-0.4448199898956382
2015-07-14,1.5095616438356168,8.195239378725985,1.4351989774383984
2015-07-15,1.4856986301369868,8.524629614061425,3.0896717558015876
2015-07-16,1.4734246575342467,8.249456449326617,4.437118893139136
2015-07-17,1.4505753424657537,8.07071672329922,2.5187079342350245
2015-07-18,1.4205479452054797,8.549601865554225,3.3098501892402954
2015-07-19,1.3990136986301374,8.76107921012746,2.469907091242403
2015-07-20,1.3904383561643838,8.624287499554926,2.575274144280689
2015-07-21,1.3889863013698633,8.375106607387734,4.535907091242404
2015-07-22,1.3881095890410964,8.768581141985555,3.173309268973348
2015-07-23,1.383452054794521,8.909926417714393,0.1666215274910865
2015-07-24,1.3861369863013704,8.911056027830305,1.9628069858683244
2015-07-25,1.3965753424657537,8.542165265624476,-2.50874060809023
2015-07-26,1.4221643835616442,8.147170534328373,-1.7193349178900172
2015-07-27,1.4624657534246577,8.681203551539472,-2.4436693049641294
2015-07-28,1.4956164383561645,8.519180369242317,-2.394796807598482
2015-07-29,1.5232054794520549,7.949296983221945,-1.8325024626740003
2015-07-30,1.5485479452054793,8.453571658318538,-5.152119603524017
2015-07-31,1.5644383561643838,9.16424113496062,-2.538679491125004
2015-08-01,1.5900821917808219,8.66974657928798,-2.649828771068801
2015-08-02,1.6188219178082193,8.564114686067047,-0.7829366038752656
2015-08-03,1.6624109589041094,8.37739533236139,1.780193708734501
2015-08-04,1.705890410958904,8.975322975494512,0.7887866135465842
2015-08-05,1.722712328767123,8.932508785118678,2.084778886114199
2015-08-06,1.727890410958904,8.89066614374179,3.9914434452993053
2015-08-07,1.742904109589041,8.38539743984295,4.421698450568009
2015-08-08,1.752849315068493,8.317084127584431,4.350066557347075
2015-08-09,1.7557260273972601,8.196149810759705,2.278124161843035
2015-08-10,1.7754246575342463,8.677133302154154,1.0674420403115992
2015-08-11,1.7911780821917809,7.893801373808529,1.9750205439996904
2015-08-12,1.7653424657534247,7.751190906650114,3.113466627596461
2015-08-13,1.7366575342465753,7.766952761233887,3.766389704519537
2015-08-14,1.714931506849315,7.973079912621312,-0.21801141947062597
2015-08-15,1.7102465753424656,8.140393576126758,-3.9206401514692244
2015-08-16,1.7118082191780821,7.9143275417045595,-4.516135760882642
2015-08-17,1.707041095890411,8.228461718030514,-5.435502813920925
2015-08-18,1.6991232876712328,7.889133302154154,-5.168256589825387
2015-08-19,1.6964931506849315,7.4533911173982705,-5.949884268083202
2015-08-20,1.6924383561643834,7.278654903840141,-3.901093260004524
2015-08-21,1.679808219178082,7.753854060847515,-3.0936622800255975
2015-08-22,1.6794246575342466,7.775518971279549,-1.4549436288137958
2015-08-23,1.7091232876712328,7.320444155684187,-1.7595674433554196
2015-08-24,1.7406027397260273,6.861314545568274,-0.781917285294301
2015-08-25,1.742876712328767,6.879403762287627,-2.7322804746163936
2015-08-26,1.7470958904109586,6.47600298954439,1.696901120044651
2015-08-27,1.7569863013698628,6.201467689228267,2.9615460094018706
2015-08-28,1.7616438356164381,6.061980509741088,4.986375654642475
2015-08-29,1.7655890410958903,6.24275887293041,6.061652085973701
2015-08-30,1.7786027397260273,5.6700816688559454,5.6213155914180275
2015-08-31,1.769780821917808,5.8623928736329045,3.9778263044492874
2015-09-01,1.7590958904109588,5.695381282484327,1.2555228271047154
2015-09-02,1.7642191780821919,5.494617671665921,-1.3288368497481127
2015-09-03,1.7590684931506848,5.281013878199114,-2.610082371349799
2015-09-04,1.7684109589041093,5.586893049256367,-3.3453040081604764
2015-09-05,1.7621643835616436,6.073948195023842,-7.426112578585486
2015-09-06,1.7340821917808218,6.217741661831007,-7.681823853611829
2015-09-07,1.7010958904109588,5.98430997935823,-6.6454058697691885
2015-09-08,1.6645753424657532,5.390670358704909,-3.5652457011706624
2015-09-09,1.6401643835616435,4.631134004648008,-2.4612983882096513
2015-09-10,1.6280821917808217,4.917950302505401,-4.086032494286223
2015-09-11,1.6311780821917807,5.093451531869645,-3.444629614061426
2015-09-12,1.6304383561643832,5.059232353787453,-1.2696707099518365
2015-09-13,1.6298630136986298,5.30114735203122,-0.6710103657298498
2015-09-14,1.6319999999999997,5.471748686769539,-1.5037486867695389
2015-09-15,1.6259726027397259,5.39086494950224,-1.3868375522419658
2015-09-16,1.6103561643835613,5.345998072087418,0.753645763529021
2015-09-17,1.5963561643835613,4.331037762990123,0.49260607262631595
2015-09-18,1.5892602739726025,4.213026523088471,-3.962286797061074
2015-09-19,1.5840273972602739,4.014211630218784,-4.338239027479058
2015-09-20,1.582876712328767,3.938477172895285,-3.4813538852240518
2015-09-21,1.5836712328767124,3.9207848652029775,-0.17445609807968987
2015-09-22,1.5783561643835615,3.8721484057719975,-1.2005045701555588
2015-09-23,1.564876712328767,3.723670007457983,-6.9085467197867505
2015-09-24,1.5541369863013696,3.1143795262496936,-5.078516512551063
2015-09-25,1.5531232876712329,3.4609703235802174,-2.4640936112514504
2015-09-26,1.5641917808219175,3.9452815283571745,-1.6394733091790918
2015-09-27,1.5683835616438353,3.9082692347147447,-2.74665279635858
2015-09-28,1.5663013698630135,3.8416201303944075,-4.717921500257421
2015-09-29,1.5681917808219175,3.7382074152556646,-3.206399196077582
2015-09-30,1.5689863013698626,3.4934508293757913,-4.022437130745654
2015-10-01,1.5933150684931503,2.7181947703663076,-3.941509838859458
2015-10-02,1.612712328767123,1.961820341142563,0.4454673300903136
2015-10-03,1.632767123287671,2.31159203064028,-0.8943591539279514
2015-10-04,1.6491232876712325,2.551293470752679,-2.270416758423911
2015-10-05,1.6763287671232872,3.110797510092335,2.082873722784378
2015-10-06,1.7117534246575337,3.1437395543494477,0.5945070209930186
2015-10-07,1.7327671232876707,2.9772091714902973,-1.2599762947779678
2015-10-08,1.7306027397260269,2.783380579990473,-2.8539833197165
2015-10-09,1.7088493150684925,2.857145947043512,-1.8959952621120046
2015-10-10,1.6924657534246568,2.7451340046480075,-2.1875997580726643
2015-10-11,1.6937808219178074,2.5351747492914916,-1.9889555712092988
2015-10-12,1.693424657534246,2.297583600714042,-0.4310082582482879
2015-10-13,1.6904931506849312,1.5673257854699252,-1.9278189361548563
2015-10-14,1.6861095890410955,0.6918990204541192,-5.878008609495215
2015-10-15,1.6700821917808215,0.5998140186978846,-6.419896210478706
2015-10-16,1.6624109589041094,0.07143748199258068,-6.34384844089669
2015-10-17,1.6623835616438352,0.434118198536311,-4.6365017601801455
2015-10-18,1.6692602739726023,0.9325242399834485,-4.371784513956051
2015-10-19,1.661945205479452,0.9541547282166764,-5.776099933696128
2015-10-20,1.6568493150684929,1.0387174257930725,-5.3155667408615646
2015-10-21,1.6624109589041094,1.0161645631306206,-4.8085755220347295
2015-10-22,1.6676438356164383,0.7095365336258791,-2.2471803692423173
2015-10-23,1.668657534246575,0.8556067830111969,2.2057356827422288
2015-10-24,1.6605753424657532,1.5459798072472348,2.963444850287012
2015-10-25,1.6332054794520545,1.6977065371383482,1.0590879834095972
2015-10-26,1.6021369863013697,1.6723781212619873,1.3454848924366432
2015-10-27,1.5842739726027393,1.2832211138858016,0.9325049135114589
2015-10-28,1.56772602739726,0.10286705698379968,0.1294069156189404
2015-10-29,1.5498356164383558,-0.5999956054679039,-0.8098400109704518
2015-10-30,1.545424657534246,-0.9022604456505525,3.956835788116306
2015-10-31,1.5392876712328762,-0.5789769893807946,5.0096893181479185
2015-11-01,1.521643835616438,-0.33294748463896096,3.891303649022523
2015-11-02,1.5039999999999996,-0.3139752331461618,4.259975233146163
2015-11-03,1.481753424657534,-0.6598066346213988,3.1380532099638647
2015-11-04,1.4568493150684927,-1.6624030519027482,3.1255537368342554
2015-11-05,1.4489041095890407,-1.9510739335325336,3.6121698239434927
2015-11-06,1.4451232876712325,-2.8881269718184486,6.243003684147216
2015-11-07,1.4374794520547942,-4.0193633610000425,9.431883908945249
2015-11-08,1.4340273972602735,-3.271392163248023,9.95736476598775
2015-11-09,1.4304383561643832,-2.9015333645125123,7.241095008348129
2015-11-10,1.4191506849315065,-3.2643222651096324,9.455171580178126
2015-11-11,1.4031780821917805,-3.2585365257348515,8.48535844354307
2015-11-12,1.3776986301369858,-2.783034593876755,9.47533596373977
2015-11-13,1.3612328767123285,-3.6141571790541347,7.052924302341806
2015-11-14,1.3631506849315067,-4.008117839398357,3.3149671544668506
2015-11-15,1.3488767123287668,-4.270810498337591,6.511933786008823
2015-11-16,1.3309863013698626,-3.8082077586115646,6.537221457241701
2015-11-17,1.309698630136986,-4.5146468172698,6.894948187132814
2015-11-18,1.304383561643835,-4.422303297775596,6.197919736131761
2015-11-19,1.308465753424657,-3.870726901569063,4.652261148144405
2015-11-20,1.3232054794520542,-4.790910252464743,4.447704773012688
2015-11-21,1.34758904109589,-4.439180712598216,-4.5184083284976735
2015-11-22,1.36558904109589,-4.460228833427158,-7.795360207668732
2015-11-23,1.3552328767123285,-4.114927814811072,-10.650305061901257
2015-11-24,1.349753424657534,-4.292378464617886,-6.337374960039647
2015-11-25,1.3623013698630133,-4.150512640943843,-3.6017887289191703
2015-11-26,1.3823287671232873,-3.947609233848656,-6.644719533274632
2015-11-27,1.3931232876712327,-4.23279925843594,-5.820324029235294
2015-11-28,1.3999452054794517,-4.137071826050973,-4.182873379428478
2015-11-29,1.3994246575342464,-4.800926409823366,-1.3984982477108803
2015-11-30,1.3951780821917805,-5.359052156223084,2.673874074031304
2015-12-01,1.3870136986301367,-5.913653490961405,4.236639792331268
2015-12-02,1.3754520547945202,-5.665217242278582,6.899765187484062
2015-12-03,1.3591506849315067,-5.219905686254697,5.860755001323191
2015-12-04,1.3415068493150684,-5.219241127069589,4.007734277754521
2015-12-05,1.3209041095890408,-5.187364765987748,4.486460656398708
2015-12-06,1.3040547945205476,-5.240638387343562,3.5165835928230145
2015-12-07,1.292739726027397,-5.291845974277177,2.8591062482497795
2015-12-08,1.2909315068493148,-5.151193357487574,1.6602618506382587
2015-12-09,1.2880273972602736,-5.3989172774032745,-0.3791101198569997
2015-12-10,1.2754246575342465,-5.646160691523401,2.600736033989155
2015-12-11,1.2682191780821914,-6.152559005538153,4.1643398274559615
2015-12-12,1.258876712328767,-6.533144885411704,5.134268173082937
2015-12-13,1.2484383561643835,-6.692673512036221,4.534235155871837
2015-12-14,1.2421917808219176,-6.35418246883285,3.411990688010932
2015-12-15,1.2363013698630136,-5.93785791667268,3.0015565468096668
2015-12-16,1.2321095890410958,-6.405264309366745,4.73315472032565
2015-12-17,1.2285479452054793,-6.692153666584869,5.93360572137939
2015-12-18,1.2181369863013698,-6.653272739292981,6.675135752991611
2015-12-19,1.2153698630136986,-5.980386192050272,6.415016329036574
2015-12-20,1.2153424657534244,-5.777692830617183,7.542350364863759
2015-12-21,1.2196438356164383,-5.485762377508649,3.3261185418922103
2015-12-22,1.2239726027397257,-4.766436771607699,6.532464168867974
2015-12-23,1.2522465753424656,-4.468885665179881,2.9366390898374153
2015-12-24,1.279835616438356,-5.35002370522203,3.2001880887836744
2015-12-25,1.2993698630136985,-5.8695937789838855,5.250223915970187
2015-12-26,1.3017260273972602,-6.218338422468254,5.8666123950709945
2015-12-27,1.2914794520547943,-6.886126269324594,6.5746468172698
2015-12-28,1.2800547945205478,-7.221306458997936,6.691251664477388
2015-12-29,1.2756164383561646,-6.639114678176017,4.363498239819853
2015-12-30,1.2705753424657535,-7.187616961281041,4.717041618815287
2015-12-31,1.2593424657534247,-7.054204246142298,3.8848617803888734
2016-01-01,1.245369863013699,-6.874877937747495,2.5895080747337964
2016-01-02,1.2248219178082191,-6.34970969046966,1.9548877726614409
2016-01-03,1.1964657534246577,-5.796353877333025,-1.2901118760916326
2016-01-04,1.1788219178082189,-6.567875479019009,-1.3109464387892098
2016-01-05,1.1622191780821918,-6.952945377157402,-1.8192738009247904
2016-01-06,1.140849315068493,-6.344883557698322,-3.7259657573701714
2016-01-07,1.1429315068493149,-5.8177110954573665,-2.0052204113919485
2016-01-08,1.1597260273972603,-5.446057424926983,0.726331397529723
2016-01-09,1.1625479452054792,-4.891534067006366,1.4189861218008866
2016-01-10,1.166027397260274,-4.98428643792312,0.7382590406628458
2016-01-11,1.171260273972603,-5.72706199113703,0.4658017171644273
2016-01-12,1.1697534246575345,-5.9490205439996915,-3.080732880657844
2016-01-13,1.146191780821918,-6.536574460402923,-5.649617320418994
2016-01-14,1.1095616438356166,-6.733023353975104,-4.2065382898605135
2016-01-15,1.0716986301369864,-7.031281169219221,-6.140417460917765
2016-01-16,1.0495616438356166,-6.974241478316517,-7.2053201655191
2016-01-17,1.0397534246575342,-6.85518563005519,-9.194567794602346
2016-01-18,1.0356986301369864,-6.246212676068536,-7.4794859540684495
2016-01-19,1.0341643835616439,-6.688383382074859,-3.8457810014867846
2016-01-20,1.0324109589041097,-7.324531608277878,-1.9278793506262328
2016-01-21,1.028219178082192,-7.4403398274559605,-1.7078793506262313
2016-01-22,1.0274520547945207,-7.088863887870433,1.181411833075913
2016-01-23,1.0189863013698632,-7.545687913160211,1.8567016117903474
2016-01-24,1.02627397260274,-7.297627498688838,5.201353526086098
2016-01-25,1.0318356164383562,-7.335795394719748,8.383959778281392
2016-01-26,1.0384109589041097,-7.293775724891859,7.615364765987749
2016-01-27,1.0422191780821919,-6.831487702412056,6.309268524329864
2016-01-28,1.0435068493150688,-6.521976638133868,4.8784697888188
2016-01-29,1.058219178082192,-6.593745517656172,3.0255263395739806
2016-01-30,1.0676438356164386,-6.734910954958596,3.1372671193421575
2016-01-31,1.0725479452054796,-6.943091495878863,3.9205435506733837
2016-02-01,1.063890410958904,-6.357349311122979,8.363458900164074
2016-02-02,1.0535342465753426,-6.145156827807209,7.941622581231866
2016-02-03,1.0513972602739727,-7.438229535921012,-0.2531677243529602
2016-02-04,1.047260273972603,-7.513642251059754,-2.053618022912848
2016-02-05,1.017917808219178,-7.509302244034816,3.1613844358156387
2016-02-06,0.9913150684931509,-7.6464121843228385,3.515097115829687
2016-02-07,0.9732602739726027,-7.4344395815831135,1.8411793076105107
2016-02-08,0.9689315068493152,-7.514391109507243,2.7454596026579283
2016-02-09,0.9556712328767123,-7.884687561913284,3.2090163290365714
2016-02-10,0.9272602739726028,-7.442676322011634,-4.62458395196097
2016-02-11,0.8976712328767122,-7.944499293560633,-4.34317193931608
2016-02-12,0.8770410958904109,-7.9744669788433855,-3.152574117047025
2016-02-13,0.8789589041095891,-8.227892338871486,0.8889334347618973
2016-02-14,0.8940547945205478,-7.812736033989153,1.468681239468605
2016-02-15,0.9082191780821918,-7.438166311474226,-1.4500528666079662
2016-02-16,0.9233150684931506,-6.508159989029547,-2.295155079463603
2016-02-17,0.9353150684931507,-6.458881450216762,-0.5464336182763887
2016-02-18,0.9485479452054795,-6.808605370132464,-0.6099425750730152
2016-02-19,0.9612602739726027,-7.457442040311599,-3.273818233661003
2016-02-20,0.9695616438356165,-7.011469437571872,-0.20809220626374447
2016-02-21,0.9607671232876713,-6.687996307961758,9.257229184674086
2016-02-22,0.9572054794520548,-6.739202489907665,7.591997010455611
2016-02-23,0.9706027397260275,-6.268228833427159,1.0776260937011317
2016-02-24,0.9942739726027399,-6.656306810244861,-2.0279671623578794
2016-02-25,1.0075068493150687,-7.091073933532533,-0.5564329157825352
2016-02-26,1.0162739726027397,-7.197087280915743,-1.599186691686998
2016-02-27,1.0194246575342465,-6.783026866444371,0.033602208910124
2016-02-28,1.0162739726027397,-6.371295921590138,2.475021948987399
2016-02-29,1.0061369863013698,-5.973124513089962,-1.1430124732114084
2016-03-01,1.0003561643835617,-6.301552331846548,-2.508803832537014
2016-03-02,1.0046301369863013,-6.100935542243457,-0.07369459474284401
2016-03-03,1.014986301369863,-6.587050048741524,-4.837936252628339
2016-03-04,1.0295342465753423,-6.549626796194984,-2.4499074503803584
2016-03-05,1.0460821917808218,-5.825435015373067,-2.660647176407755
2016-03-06,1.0708219178082192,-5.2572614993913325,-6.383560418416887
2016-03-07,1.0853698630136988,-5.983395675717289,-6.501974187296409
2016-03-08,1.0986027397260274,-5.6011146781760175,-8.00748806155001
2016-03-09,1.1193698630136986,-5.379382328334079,-5.789987534679621
2016-03-10,1.1352602739726025,-5.48494045970043,-3.7503198142721734
2016-03-11,1.154876712328767,-5.247581134094529,-1.2972955782342384
2016-03-12,1.1716164383561645,-4.2096563009368175,-3.3019601374193464
2016-03-13,1.1835890410958902,-4.157675268270854,-3.4159137728250357
2016-03-14,1.1944657534246574,-4.757220052253995,-1.5572457011706629
2016-03-15,1.2075890410958903,-4.175884611439101,-3.361704429656789
2016-03-16,1.2191506849315068,-4.427621176244159,-4.471529508687347
2016-03-17,1.2168219178082191,-4.121782749830391,-2.685039167977828
2016-03-18,1.2116164383561643,-4.871725847828283,-0.8798905905278813
2016-03-19,1.2146027397260273,-4.816027217691297,0.31142447796526973
2016-03-20,1.220904109589041,-5.09124323455115,0.6903391249621089
2016-03-21,1.2218630136986302,-5.183326128825824,-0.2585368848728056
2016-03-22,1.2148219178082191,-5.528761323767869,-0.8860605940403508
2016-03-23,1.2128493150684931,-4.983116785657577,-3.829732529410915
2016-03-24,1.2311780821917808,-4.696721281618237,-2.664456800573544
2016-03-25,1.2446301369863013,-4.554541443191823,-1.2500886937944777
2016-03-26,1.2548767123287672,-4.402521773363936,1.0576450610351689
2016-03-27,1.2607671232876712,-4.0947479763846575,0.8339808530969863
2016-03-28,1.2676712328767124,-3.26172514533443,-0.42594608754228247
2016-03-29,1.2780821917808218,-3.033782749830391,0.1757005580495692
2016-03-30,1.2918356164383562,-3.121732872766815,2.119897256328459
2016-03-31,1.3118082191780822,-3.5048828552044693,2.773074636026387
2016-04-01,1.329041095890411,-3.3825512781057685,3.8135101822153574
2016-04-02,1.3324657534246576,-3.7824444990400856,4.949978745615428
2016-04-03,1.3307123287671232,-4.325312781442614,4.534600452675491
2016-04-04,1.3238356164383562,-4.430534418253292,3.796698801814936
2016-04-05,1.305972602739726,-4.3496829957032395,4.8637103929635135
2016-04-06,1.2929041095890412,-3.8241065994967074,2.191202489907666
2016-04-07,1.2838082191780824,-3.699958373293686,0.45615015411560345
2016-04-08,1.279917808219178,-3.529810849584518,-2.70010695863466
2016-04-09,1.2684383561643835,-3.295453982707103,-2.3329843734572813
2016-04-10,1.2516986301369863,-3.9501670139680796,2.198468383831093
2016-04-11,1.2334794520547947,-3.63545749517637,2.8019780431215753
2016-04-12,1.2096164383561643,-3.0300827147056983,2.340466276349534
2016-04-13,1.1955068493150685,-2.676071474804047,0.9405646254889786
2016-04-14,1.1994246575342464,-2.658051804976158,-0.9013728525580884
2016-04-15,1.2167945205479451,-2.376564625488979,1.6497701049410338
2016-04-16,1.2371780821917808,-2.1774286929283893,1.6702506107366084
2016-04-17,1.258986301369863,-1.7045006985483397,0.1655143971784767
2016-04-18,1.2723287671232875,-1.60474165393998,-3.9475871131833076
2016-04-19,1.2835616438356166,-1.3483911095072436,-2.245170534328373
2016-04-20,1.2874246575342467,-0.970426936693756,2.4130022791595094
2016-04-21,1.2824931506849313,-0.5687809935957578,3.606287842910827
2016-04-22,1.2702191780821916,-0.44575535257011695,1.2055361744879252
2016-04-23,1.2504931506849315,-0.36008903715037677,-1.8704041135345544
2016-04-24,1.2321917808219176,-0.10397944810928078,-9.528212332712638
2016-04-25,1.2325753424657533,-0.08841780427366439,-10.814157538192088
2016-04-26,1.2326849315068493,-0.2501269718184484,-5.9125579596884
2016-04-27,1.2282191780821918,-0.2514750575226986,-10.276744120559494
2016-04-28,1.2305753424657535,0.11849895020473389,-8.559074292670486
2016-04-29,1.2503835616438357,-0.08670371927190826,-3.1436798423719274
2016-04-30,1.252849315068493,-0.2317651874840614,-3.1910841275844315
2016-05-01,1.251095890410959,0.1394501268819379,-5.620546017292897
2016-05-02,1.2536438356164383,-0.018806985868325486,-3.5548368497481126
2016-05-03,1.2532054794520548,0.16499912582819712,-4.568204605280252
2016-05-04,1.2427123287671233,0.8065144050695039,-5.499226733836628
2016-05-05,1.2275068493150685,0.8789808609880143,-2.926487710303083
2016-05-06,1.2192328767123288,1.1716327752837643,-0.8508656519960931
2016-05-07,1.205095890410959,1.6106717636926158,-1.5857676541035748
2016-05-08,1.171123287671233,1.9133068181358892,-1.5544301058071222
2016-05-09,1.1232876712328768,2.3271382196111263,-1.350425890844003
2016-05-10,1.0796986301369864,2.3469380088629705,-0.32663663899995665
2016-05-11,1.0381917808219179,2.079670709951836,-0.5378624907737539
2016-05-12,1.0032876712328767,1.521290660777266,-2.7145783320101424
2016-05-13,0.9622465753424657,0.8342860945672206,-0.9965326699096863
2016-05-14,0.9283835616438356,0.4417557117080709,-1.7801392733519064
2016-05-15,0.9148219178082191,0.5229106116026966,-5.197732529410915
2016-05-16,0.893123287671233,1.26421303520649,-5.997336322877723
2016-05-17,0.8801095890410959,2.199844225933571,-5.089953814974667
2016-05-18,0.8747397260273974,2.769824556105682,-3.014564282133079
2016-05-19,0.8680547945205481,2.902159645673648,-5.690214440194196
2016-05-20,0.859232876712329,2.3225720095654645,-2.0018048862777933
2016-05-21,0.8475342465753426,2.6180395192247548,3.004426234199902
2016-05-22,0.8628767123287673,3.3267370956209614,1.190386192050271
2016-05-23,0.8926849315068494,3.5091782617607574,-6.821863193267607
2016-05-24,0.9314520547945206,3.7641561332043825,-5.3656081879989035
2016-05-25,0.959013698630137,3.4835597159230334,-0.1525734145531703
2016-05-26,0.9785205479452055,4.096879701873156,1.3045997501816382
2016-05-27,1.0062465753424659,3.719338430359282,2.7544149942982523
2016-05-28,1.0278630136986302,3.140810154981692,2.961326831319677
2016-05-29,1.0424109589041097,2.753534426144319,0.18405461495157116
2016-05-30,1.043315068493151,2.720678086137294,-0.40399315463044516
2016-05-31,1.0346849315068494,3.404964001135538,-0.7496489326423874
2016-06-01,1.0253698630136987,4.208854412094443,-1.7542242751081414
2016-06-02,1.0116986301369866,4.4431073098815865,-2.004805940018573
2016-06-03,1.0038904109589042,4.101932037665219,-1.0458224486241239
2016-06-04,0.9954794520547947,4.352151918241264,-1.1276313702960588
2016-06-05,0.9808493150684934,4.515270990949378,-0.9261203060178707
2016-06-06,0.9704657534246577,4.64739533236139,1.1921389142139516
2016-06-07,0.9626301369863014,4.398231300046674,1.8191385629670247
2016-06-08,0.9694794520547946,4.771327892951485,-0.3408073450062785
2016-06-09,0.9857534246575343,4.822098528708422,-2.6878519533659566
2016-06-10,0.9988767123287673,5.01027696214713,-0.21915367447589773
2016-06-11,1.0126575342465756,5.386000179568977,-1.8586577138155524
2016-06-12,1.0089041095890412,5.604099231202276,-2.613003340791317
2016-06-13,1.0009315068493152,5.769240783713691,-2.3901722905630063
2016-06-14,0.9985479452054795,6.115490871525423,-3.5040388167309025
2016-06-15,0.9983013698630138,6.618806642512426,-3.667108012375439
2016-06-16,0.9964383561643837,6.442742013077933,-4.109180369242317
2016-06-17,0.9892876712328769,6.005523186242669,-5.0948108574755455
2016-06-18,0.9772328767123288,6.105474011672947,-4.332706888385276
2016-06-19,0.9597534246575343,6.463422027127811,-5.963175451785345
2016-06-20,0.9304383561643836,6.6153679351011165,-2.6558062912655007
2016-06-21,0.926027397260274,6.7376236428636735,0.2763489598760529
2016-06-22,0.9166301369863015,6.846494735241616,4.606875127772082
2016-06-23,0.9133150684931508,7.677430615115167,5.849254316391681
2016-06-24,0.9135616438356166,7.638049793197358,4.838388562967025
2016-06-25,0.9085753424657536,7.216994998676809,0.804429658857436
2016-06-26,0.9055616438356164,7.726461437032974,-3.6120230808685907
2016-06-27,0.904109589041096,7.816629930183659,-4.1507395192247545
2016-06-28,0.8895068493150686,7.758190889087769,-0.5376977384028381
2016-06-29,0.8833698630136987,7.849064176759002,1.5575659602272989
2016-06-30,0.8834246575342467,7.624521711005577,0.8020536314601765
2016-07-01,0.8831232876712329,7.535721711005578,1.6211550013231895
2016-07-02,0.8853150684931508,7.660425820594618,0.004259110912231634
2016-07-03,0.8863013698630139,7.659828560320647,-2.56612993018366
2016-07-04,0.8856438356164386,7.68018212547695,1.0441740389066112
2016-07-05,0.8768767123287673,7.488536884872805,0.6645864027984265
2016-07-06,0.8758630136986303,7.555372852558088,-0.5312358662567185
2016-07-07,0.8615890410958906,7.205849143390544,2.172561815513565
2016-07-08,0.8391232876712329,7.305116442301679,3.2857602700270876
2016-07-09,0.823150684931507,7.330495437735468,2.8563538773330244
2016-07-10,0.8101917808219179,7.646339484100062,5.183468735078022
2016-07-11,0.801095890410959,7.703801373808528,4.2251027357805135
2016-07-12,0.7875068493150685,8.03939533236139,-0.25690218167645895
2016-07-13,0.7884931506849316,8.195239378725985,-6.443732529410916
2016-07-14,0.807068493150685,8.524629614061425,-9.60169810721211
2016-07-15,0.8028219178082192,8.249456449326617,-8.712278367134836
2016-07-16,0.801013698630137,8.07071672329922,-4.911730421929358
2016-07-17,0.7957808219178083,8.549601865554225,0.35461731252796547
2016-07-18,0.792027397260274,8.76107921012746,1.596893392612266
2016-07-19,0.7793972602739727,8.624287499554926,2.6263152401711007
2016-07-20,0.7739726027397261,8.375106607387734,4.510920789872541
2016-07-21,0.774,8.768581141985555,2.2574188580144448
2016-07-22,0.7746301369863015,8.909926417714393,0.49544344529930484
2016-07-23,0.7716986301369865,8.911056027830305,-0.5127546579672924
2016-07-24,0.7707945205479453,8.542165265624476,0.7770402138275792
2016-07-25,0.7614794520547946,8.147170534328373,0.9713500136168332
2016-07-26,0.7339726027397262,8.681203551539472,0.6848238457208016
2016-07-27,0.7118904109589042,8.519180369242317,-0.22107078020122195
2016-07-28,0.6939178082191781,7.949296983221945,-0.5332147914411234
2016-07-29,0.6804931506849315,8.453571658318538,1.0859351909965316
2016-07-30,0.6735068493150685,9.16424113496062,1.7922520157243138
2016-07-31,0.6643013698630137,8.66974657928798,0.0659520508490079
2016-08-01,0.6588493150684931,8.564114686067047,-2.9829640011355396
2016-08-02,0.6447945205479453,8.37739533236139,-0.982189852909336
2016-08-03,0.6338630136986302,8.975322975494512,1.0808140108068578
2016-08-04,0.6465753424657534,8.932508785118678,1.6509158724155686
2016-08-05,0.6604657534246575,8.89066614374179,-5.651131897166447
2016-08-06,0.6532328767123288,8.38539743984295,-4.198630316555279
2016-08-07,0.6446849315068492,8.317084127584431,-1.1317690590912806
2016-08-08,0.6376438356164384,8.196149810759705,1.8162063536238566
2016-08-09,0.6315342465753424,8.677133302154154,-2.6286675487294966
2016-08-10,0.6246575342465754,7.893801373808529,-7.228458908055105
2016-08-11,0.6375068493150686,7.751190906650114,-6.5586977559651825
2016-08-12,0.6501917808219179,7.766952761233887,-2.677144542055805
2016-08-13,0.6606301369863015,7.973079912621312,1.536289950392387
2016-08-14,0.6676438356164385,8.140393576126758,2.631962588256803
2016-08-15,0.6738630136986302,7.9143275417045595,1.6918094445968093
2016-08-16,0.6891232876712331,8.228461718030514,1.0924149942982524
2016-08-17,0.705205479452055,7.889133302154154,0.20566121839379203
2016-08-18,0.713041095890411,7.4533911173982705,-0.13643221328868194
2016-08-19,0.7165205479452055,7.278654903840141,1.7148245482146551
2016-08-20,0.7249315068493152,7.753854060847515,0.8912144323031699
2016-08-21,0.727068493150685,7.775518971279549,-3.712587464430234
2016-08-22,0.7032328767123288,7.320444155684187,-2.0536770323965152
2016-08-23,0.6955342465753425,6.861314545568274,5.153151207856385
2016-08-24,0.7065479452054795,6.879403762287627,6.944048292506894
2016-08-25,0.727068493150685,6.47600298954439,7.5469285173049245
2016-08-26,0.7274794520547946,6.201467689228267,7.191052858716938
2016-08-27,0.7346301369863013,6.061980509741088,7.1633893532726125
2016-08-28,0.7515342465753424,6.24275887293041,5.925706880494247
2016-08-29,0.750931506849315,5.6700816688559454,2.9489868242947397
2016-08-30,0.7543835616438355,5.8623928736329045,2.8832235647232594
2016-08-31,0.7564383561643835,5.695381282484327,3.8181803613512884
2016-09-01,0.7593424657534246,5.494617671665921,3.4560398625806545
2016-09-02,0.7800547945205478,5.281013878199114,3.6789313272803392
2016-09-03,0.791917808219178,5.586893049256367,3.6711891425244554
2016-09-04,0.7952054794520547,6.073948195023842,2.570846325524103
2016-09-05,0.8059999999999998,6.217741661831007,-1.443741661831007
2016-09-06,0.8140821917808216,5.98430997935823,-0.928392171139051
2016-09-07,0.835780821917808,5.390670358704909,4.843548819377283
2016-09-08,0.8599726027397259,4.631134004648008,4.118893392612266
2016-09-09,0.8737260273972601,4.917950302505401,3.828323670097337
2016-09-10,0.8872054794520546,5.093451531869645,3.4093429886783007
2016-09-11,0.9024931506849313,5.059232353787453,3.828274495527615
2016-09-12,0.9133150684931505,5.30114735203122,4.015537579475631
2016-09-13,0.9227123287671231,5.471748686769539,3.995538984463339
2016-09-14,0.9431232876712327,5.39086494950224,3.516011762826527
2016-09-15,0.9672328767123285,5.345998072087418,0.5467690512002541
2016-09-16,0.9847671232876709,4.331037762990123,-0.7958048862777942
2016-09-17,0.9961369863013696,4.213026523088471,-2.279163509389841
2016-09-18,1.0067671232876712,4.014211630218784,-1.4609787535064553
2016-09-19,1.0201917808219174,3.938477172895285,-2.5686689537172023
2016-09-20,1.0324657534246573,3.9207848652029775,-2.1932506186276353
2016-09-21,1.0418356164383558,3.8721484057719975,-1.3839840222103534
2016-09-22,1.0579452054794518,3.723670007457983,0.2883847870625651
2016-09-23,1.0755342465753424,3.1143795262496936,0.3100862271749638
2016-09-24,1.0923013698630135,3.4609703235802174,1.7367283065567696
2016-09-25,1.0927397260273972,3.9452815283571745,0.9819787456154279
2016-09-26,1.0982191780821917,3.9082692347147447,0.24351158720306332
2016-09-27,1.104821917808219,3.8416201303944075,-0.45644204820262635
2016-09-28,1.110109589041096,3.7382074152556646,2.27168299570324
2016-09-29,1.1176164383561642,3.4934508293757913,3.718932732268045
2016-09-30,1.1223013698630138,2.7181947703663076,2.819503859770679
2016-10-01,1.1185753424657534,1.961820341142563,2.189604316391683
2016-10-02,1.1101095890410957,2.31159203064028,-1.0117016196813757
2016-10-03,1.106876712328767,2.551293470752679,-4.238170183081445
2016-10-04,1.0995616438356164,3.110797510092335,-3.860359153927951
2016-10-05,1.0846027397260274,3.1437395543494477,-3.548342294075475
2016-10-06,1.076876712328767,2.9772091714902973,-3.9240858838190644
2016-10-07,1.0824657534246573,2.783380579990473,-3.6258463334151303
2016-10-08,1.1023287671232875,2.857145947043512,-5.4794747141668
2016-10-09,1.125123287671233,2.7451340046480075,-7.73025729231924
2016-10-10,1.1352876712328765,2.5351747492914916,-8.080462420524368
2016-10-11,1.1323287671232873,2.297583600714042,-8.579912367837329
2016-10-12,1.136054794520548,1.5673257854699252,-6.523380579990473
2016-10-13,1.139835616438356,0.6918990204541192,-3.901734636892475
2016-10-14,1.1486027397260272,0.5998140186978846,0.4415832415760881
2016-10-15,1.143780821917808,0.07143748199258068,1.6147816960896113
2016-10-16,1.1319452054794519,0.434118198536311,3.8539365959842367
2016-10-17,1.1204109589041094,0.9325242399834485,1.0470648011124424
2016-10-18,1.10572602739726,0.9541547282166764,-1.1198807556139365
2016-10-19,1.0824109589041093,1.0387174257930725,-3.3311283846971818
2016-10-20,1.045780821917808,1.0161645631306206,-5.991945385048428
2016-10-21,1.0223561643835615,0.7095365336258791,-6.08189269800944
2016-10-22,1.0126575342465751,0.8556067830111969,-4.338264317257773
2016-10-23,1.0093424657534245,1.5459798072472348,-3.0653222730006595
2016-10-24,1.0341369863013696,1.6977065371383482,1.7981564765602824
2016-10-25,1.0614246575342465,1.6723781212619873,1.9261972212037666
2016-10-26,1.0693698630136985,1.2832211138858016,-0.1825909768995002
2016-10-27,1.077890410958904,0.10286705698379968,1.4792425320572964
2016-10-28,1.0754246575342465,-0.5999956054679039,6.894570947933658
2016-10-29,1.066904109589041,-0.9022604456505525,5.335356336061512
2016-10-30,1.065808219178082,-0.5789769893807946,4.843168770202713
2016-10-31,1.0651506849315067,-0.33294748463896096,5.277796799707454
2016-11-01,1.0595068493150683,-0.3139752331461618,4.544468383831094
2016-11-02,1.059890410958904,-0.6598066346213988,-0.27008377633750524
2016-11-03,1.0629315068493148,-1.6624030519027482,-2.0305284549465665
2016-11-04,1.0655342465753423,-1.9510739335325336,0.9755396869571912
2016-11-05,1.0627123287671232,-2.8881269718184486,1.4654146430513255
2016-11-06,1.0575616438356161,-4.0193633610000425,-2.588198282835574
2016-11-07,1.0493972602739725,-3.271392163248023,-7.118005097025948
2016-11-08,1.0374794520547943,-2.9015333645125123,-8.275946087542284
2016-11-09,1.033835616438356,-3.2643222651096324,-5.309513351328723
2016-11-10,1.0293424657534245,-3.2585365257348515,-3.880805940018573
2016-11-11,1.0369589041095888,-2.783034593876755,-5.163924310232835
2016-11-12,1.0443287671232875,-3.6141571790541347,-4.990171588069152
2016-11-13,1.0516986301369862,-4.008117839398357,-1.323580790738629
2016-11-14,1.06986301369863,-4.270810498337591,-1.129052515361039
2016-11-15,1.0954794520547944,-3.8082077586115646,2.02272830655677
2016-11-16,1.1231780821917807,-4.5146468172698,5.12146873507802
2016-11-17,1.136657534246575,-4.422303297775596,3.9256457635290207
2016-11-18,1.144712328767123,-3.870726901569063,1.59601457280194
2016-11-19,1.1362465753424655,-4.790910252464743,0.36466367712227665
2016-11-20,1.125808219178082,-4.439180712598216,1.3033724934201345
2016-11-21,1.1273424657534243,-4.460228833427158,3.3228863676737337
2016-11-22,1.1511780821917805,-4.114927814811072,3.703749732619291
2016-11-23,1.1688219178082189,-4.292378464617886,3.903556546809667
2016-11-24,1.1733972602739724,-4.150512640943843,3.7071153806698707
2016-11-25,1.178739726027397,-3.947609233848656,3.678869507821259
2016-11-26,1.1850958904109585,-4.23279925843594,2.277703368024982
2016-11-27,1.1955890410958903,-4.137071826050973,1.3314827849550825
2016-11-28,1.212630136986301,-4.800926409823366,-0.8817037271629351
2016-11-29,1.22772602739726,-5.359052156223084,-0.3086738711741761
2016-11-30,1.2429863013698628,-5.913653490961405,0.980667189591542
2016-12-01,1.2552328767123284,-5.665217242278582,2.029984365566254
2016-12-02,1.2669589041095888,-5.219905686254697,3.1029467821451084
2016-12-03,1.2787397260273972,-5.219241127069589,1.0005014010421913
2016-12-04,1.2825479452054793,-5.187364765987748,-0.8151831792177306
2016-12-05,1.2835616438356163,-5.240638387343562,-0.25292325649205427
2016-12-06,1.2745479452054793,-5.291845974277177,0.017298029071697307
2016-12-07,1.2564657534246575,-5.151193357487574,4.1947276040629164
2016-12-08,1.2613972602739725,-5.3989172774032745,5.587520017129302
2016-12-09,1.2740821917808218,-5.646160691523401,7.3920784997425795
2016-12-10,1.2807671232876712,-6.152559005538153,9.181791882250481
2016-12-11,1.3044657534246575,-6.533144885411704,3.7186791319870465
2016-12-12,1.3265479452054794,-6.692673512036221,1.5461255668307414
2016-12-13,1.3478904109589038,-6.35418246883285,2.436292057873946
2016-12-14,1.3693698630136986,-5.93785791667268,2.7784880536589815
2016-12-15,1.3902191780821915,-6.405264309366745,3.8950451312845535
2016-12-16,1.4054794520547946,-6.692153666584869,3.1466742145300746
2016-12-17,1.419972602739726,-6.653272739292981,2.0733001365532546
2016-12-18,1.4412876712328768,-5.980386192050272,-0.19090147918260492
2016-12-19,1.4693972602739724,-5.777692830617183,-3.4117044296567896
2016-12-20,1.4921369863013698,-5.485762377508649,1.443625391207279
2016-12-21,1.5053698630136987,-4.766436771607699,2.8210669085940006
2016-12-22,1.5088767123287672,-4.468885665179881,1.470008952851114
2016-12-23,1.5080273972602738,-5.35002370522203,3.0619963079617563
2016-12-24,1.5076164383561645,-5.8695937789838855,3.221977340627721
2016-12-25,1.5074520547945207,-6.218338422468254,4.560886367673733
2016-12-26,1.5226575342465751,-6.886126269324594,5.813468735078018
2016-12-27,1.5352328767123287,-7.221306458997936,1.1060735822856076
2016-12-28,1.5312328767123287,-6.639114678176017,1.867881801463688
2016-12-29,1.5150958904109588,-7.187616961281041,4.492521070870082
2016-12-30,1.499835616438356,-7.054204246142298,3.534368629703942
2016-12-31,1.480602739726027,-6.874877937747495,3.154275198021468
2017-01-01,1.468684931506849,-6.34970969046966,2.0710247589628112
2017-01-02,1.4702739726027394,-5.796353877333025,-1.8039200952697145
2017-01-03,1.4698356164383561,-6.567875479019009,-4.801960137419347
2017-01-04,1.4752054794520548,-6.952945377157402,-2.5022601022946525
2017-01-05,1.4883013698630136,-6.344883557698322,-9.283417812164693
2017-01-06,1.4969041095890412,-5.8177110954573665,-10.559193014131676
2017-01-07,1.5027945205479454,-5.446057424926983,-5.446737095620963
2017-01-08,1.5035616438356163,-4.891534067006366,-3.6520275768292505
2017-01-09,1.4930684931506848,-4.98428643792312,-2.908782055227565
2017-01-10,1.4815890410958903,-5.72706199113703,-4.804527049958861
2017-01-11,1.485917808219178,-5.9490205439996915,-3.036897264219486
2017-01-12,1.5018356164383562,-6.536574460402923,0.7747388439645668
2017-01-13,1.5215616438356163,-6.733023353975104,-6.168538289860513
2017-01-14,1.5342191780821919,-7.031281169219221,-7.26293800886297
2017-01-15,1.5447671232876712,-6.974241478316517,-9.610525644971151
2017-01-16,1.546958904109589,-6.85518563005519,-11.0717732740544
2017-01-17,1.5476164383561644,-6.246212676068536,-12.60140376228763
2017-01-18,1.5466301369863011,-6.688383382074859,-6.338246754911443
2017-01-19,1.5357808219178082,-7.324531608277878,-2.42124921363993
2017-01-20,1.5315068493150683,-7.4403398274559605,-1.9811670218591084
2017-01-21,1.5320821917808218,-7.088863887870433,-0.39321830391038937
2017-01-22,1.5317808219178084,-7.545687913160211,1.0139070912424026
2017-01-23,1.5187671232876712,-7.297627498688838,1.3088603754011672
2017-01-24,1.4980000000000002,-7.335795394719748,-2.1222046052802526
2017-01-25,1.4783013698630136,-7.293775724891859,-0.8845256449711556
2017-01-26,1.4741917808219178,-6.831487702412056,-0.6827040784098619
2017-01-27,1.4773972602739727,-6.521976638133868,-0.4554206221401049
2017-01-28,1.479698630136986,-6.593745517656172,0.054046887519186626
2017-01-29,1.4795616438356165,-6.734910954958596,-0.63465068887702
2017-01-30,1.4886301369863015,-6.943091495878863,1.5144613588925617
2017-01-31,1.509095890410959,-6.357349311122979,2.78825342071202
2017-02-01,1.5254520547945205,-6.145156827807209,3.4797047730126884
2017-02-02,1.5381917808219177,-7.438229535921012,3.9000377550990946
2017-02-03,1.5470958904109589,-7.513642251059754,2.516546360648795
2017-02-04,1.5735616438356161,-7.509302244034816,-0.03425939980080006
2017-02-05,1.580821917808219,-7.6464121843228385,-0.19440973348538026
2017-02-06,1.5884931506849314,-7.4344395815831135,-1.3440535691018187
2017-02-07,1.5844109589041095,-7.514391109507243,-0.10001984939686626
2017-02-08,1.5883013698630135,-7.884687561913284,0.06638619205027041
2017-02-09,1.5959999999999999,-7.442676322011634,-0.6033236779883655
2017-02-10,1.5947671232876712,-7.944499293560633,-0.41026782972703746
2017-02-11,1.5885753424657532,-7.9744669788433855,-0.05410836362236804
2017-02-12,1.5814246575342463,-8.227892338871486,2.74646768133724
2017-02-13,1.5762191780821917,-7.812736033989153,3.0565168559069607
2017-02-14,1.5771232876712329,-7.438166311474226,3.4510430238029928
2017-02-15,1.5771232876712329,-6.508159989029547,2.9210367013583145
2017-02-16,1.5842739726027397,-6.458881450216762,1.6646074776140223
2017-02-17,1.594164383561644,-6.808605370132464,0.014440986570820158
2017-02-18,1.5847397260273972,-7.457442040311599,-0.8272976857157976
2017-02-19,1.5696986301369864,-7.011469437571872,-0.028229192565113692
2017-02-20,1.5723561643835617,-6.687996307961758,-0.05435985642180352
2017-02-21,1.5806027397260274,-6.739202489907665,4.158599750181638
2017-02-22,1.5786027397260274,-6.268228833427159,4.489626093701132
2017-02-23,1.5695890410958904,-6.656306810244861,4.886717769148971
2017-02-24,1.5626849315068494,-7.091073933532533,-0.9616109979743168
2017-02-25,1.5592602739726027,-7.197087280915743,0.46782700694314006
2017-02-26,1.5566849315068492,-6.783026866444371,5.666341934937522
2017-02-27,1.555068493150685,-6.371295921590138,1.7162274284394536
2017-02-28,1.5635890410958904,-5.973124513089962,-0.4404645280059283
2017-03-01,1.5724383561643835,-6.301552331846548,-2.330886024317836
2017-03-02,1.5678082191780822,-6.100935542243457,0.4231273230653745
2017-03-03,1.550931506849315,-6.587050048741524,2.186118541892209
2017-03-04,1.5236438356164386,-6.549626796194984,1.385982960578545
2017-03-05,1.4990410958904108,-5.825435015373067,-1.9136060805173436
2017-03-06,1.4830958904109588,-5.2572614993913325,-2.855834391019626
2017-03-07,1.4884383561643837,-5.983395675717289,-3.955042680447094
2017-03-08,1.491945205479452,-5.6011146781760175,-0.4808305273034339
2017-03-09,1.4713424657534246,-5.379382328334079,2.688039862580654
2017-03-10,1.4628767123287671,-5.48494045970043,0.9420637473716624
2017-03-11,1.447123287671233,-5.247581134094529,3.330457846423296
2017-03-12,1.4234246575342466,-4.2096563009368175,2.026231643402571
2017-03-13,1.4044383561643836,-4.157675268270854,0.3132369121064702
2017-03-14,1.376849315068493,-4.757220052253995,1.6903707371855021
2017-03-15,1.3602739726027397,-4.175884611439101,3.935610638836361
2017-03-16,1.3402465753424657,-4.427621176244159,4.2073746009016935
2017-03-17,1.3204383561643835,-4.121782749830391,3.6113443936660077
2017-03-18,1.3073424657534245,-4.871725847828283,3.174383382074858
2017-03-19,1.29786301369863,-4.816027217691297,4.108164203992667
2017-03-20,1.2857808219178082,-5.09124323455115,5.525462412633342
2017-03-21,1.2716712328767121,-5.183326128825824,4.1716548959491115
2017-03-22,1.258958904109589,-5.528761323767869,2.4898024196582798
2017-03-23,1.2604383561643835,-4.983116785657577,2.0026784294931934
2017-03-24,1.262958904109589,-4.696721281618237,3.723762377508648
2017-03-25,1.2641643835616438,-4.554541443191823,4.85037705963018
2017-03-26,1.255917808219178,-4.402521773363936,1.216603965144758
2017-03-27,1.2475342465753425,-4.0947479763846575,2.847213729809315
2017-03-28,1.2419726027397262,-3.26172514533443,2.009752542594704
2017-03-29,1.2416712328767125,-3.033782749830391,2.1421115169536784
2017-03-30,1.2366575342465755,-3.121732872766815,4.915075338520239
2017-03-31,1.2308493150684932,-3.5048828552044693,4.564033540135976
2017-04-01,1.2309041095890412,-3.3825512781057685,2.5516471685167272
2017-04-02,1.2261917808219178,-3.7824444990400856,1.966252718218168
2017-04-03,1.2368493150684932,-4.325312781442614,3.448463466374121
2017-04-04,1.2504109589041097,-4.430534418253292,1.2001234593491823
2017-04-05,1.266876712328767,-4.3496829957032395,-0.5571937166255276
2017-04-06,1.2847397260273974,-3.8241065994967074,-0.6206331265306901
2017-04-07,1.2777808219178084,-3.699958373293686,2.5021775513758775
2017-04-08,1.2759178082191782,-3.529810849584518,4.55389304136534
2017-04-09,1.2797808219178082,-3.295453982707103,5.975673160789295
2017-04-10,1.2914794520547945,-3.9501670139680796,5.868687561913285
2017-04-11,1.307232876712329,-3.63545749517637,1.6482246184640408
2017-04-12,1.3338082191780822,-3.0300827147056983,3.576274495527616
2017-04-13,1.357972602739726,-2.676071474804047,2.158098872064321
2017-04-14,1.3836164383561642,-2.658051804976158,2.1144353666199938
2017-04-15,1.4026301369863012,-2.376564625488979,-0.2960655114973223
2017-04-16,1.4203013698630138,-2.1774286929283893,-2.832872676934624
2017-04-17,1.4310958904109592,-1.7045006985483397,-4.21659519186262
2017-04-18,1.4449041095890411,-1.60474165393998,-9.480162455649062
2017-04-19,1.4573150684931506,-1.3483911095072436,-10.928923958985907
2017-04-20,1.476164383561644,-0.970426936693756,-11.145737446867889
2017-04-21,1.5027123287671234,-0.5687809935957578,-5.163931335171366
2017-04-22,1.529945205479452,-0.44575535257011695,-2.5941898529093352
2017-04-23,1.528876712328767,-0.36008903715037677,-3.35878767517839
2017-04-24,1.5187671232876712,-0.10397944810928078,-0.7647876751783904
2017-04-25,1.5084931506849315,-0.08841780427366439,-1.1300753464112672
2017-04-26,1.5140821917808218,-0.2501269718184484,-3.2939552199623736
2017-04-27,1.5292328767123289,-0.2514750575226986,-7.4677578191896306
2017-04-28,1.5252054794520546,0.11849895020473389,-9.753704429656787
2017-04-29,1.5000273972602738,-0.08670371927190826,-6.503323677988365
2017-04-30,1.4865205479452053,-0.2317651874840614,-3.8247553604611433
2017-05-01,1.4621369863013696,0.1394501268819379,-6.071587113183307
2017-05-02,1.4451232876712328,-0.018806985868325486,-5.806316301802907
2017-05-03,1.4378630136986301,0.16499912582819712,-4.612862139526827
2017-05-04,1.442767123287671,0.8065144050695039,-4.589281528357175
2017-05-05,1.4544383561643834,0.8789808609880143,-2.2034192171523976
2017-05-06,1.457041095890411,1.1716327752837643,-2.1186738711741753
2017-05-07,1.4510958904109588,1.6106717636926158,-3.7117676541035745
2017-05-08,1.4475342465753425,1.9133068181358892,-4.810841064711232
2017-05-09,1.4624931506849315,2.3271382196111263,-6.039631370296058
2017-05-10,1.478027397260274,2.3469380088629705,-2.0549654061232445
2017-05-11,1.488054794520548,2.079670709951836,-2.627725504472384
2017-05-12,1.495123287671233,1.521290660777266,-0.4264139484484992
2017-05-13,1.5054520547945205,0.8342860945672206,1.1502618506382591
2017-05-14,1.5189863013698632,0.4417557117080709,0.3192579869220657
2017-05-15,1.505013698630137,0.5229106116026966,0.8420756897671665
2017-05-16,1.4999178082191782,1.26421303520649,2.745869156574331
2017-05-17,1.4998630136986302,2.199844225933571,4.400292760367798
2017-05-18,1.4944931506849313,2.769824556105682,1.2856822932093865
2017-05-19,1.4814794520547943,2.902159645673648,-3.3636390977284423
2017-05-20,1.471945205479452,2.3225720095654645,-5.704517215044916
2017-05-21,1.4628219178082191,2.6180395192247548,-1.4208614370329737
2017-05-22,1.4594794520547945,3.3267370956209614,1.1537834523242445
2017-05-23,1.4593698630136984,3.5091782617607574,1.3114518752255444
2017-05-24,1.4607945205479451,3.7641561332043825,0.545049346247672
2017-05-25,1.457041095890411,3.4835597159230334,1.0193991881865552
2017-05-26,1.4544931506849315,4.096879701873156,2.778627147441912
2017-05-27,1.4422191780821918,3.719338430359282,4.6384423915585264
2017-05-28,1.412849315068493,3.140810154981692,6.406340529949816
2017-05-29,1.392821917808219,2.753534426144319,6.053643656047462
2017-05-30,1.3892876712328768,2.720678086137294,4.760034242629828
2017-05-31,1.377917808219178,3.404964001135538,4.4771181906452835
2017-06-01,1.3536986301369862,4.208854412094443,2.387446957768571
2017-06-02,1.3253150684931505,4.4431073098815865,1.9615776216252634
2017-06-03,1.2971232876712326,4.101932037665219,2.9609446746635477
2017-06-04,1.27386301369863,4.352151918241264,-0.01601493193989345
2017-06-05,1.2646027397260273,4.515270990949378,-0.8398737306754045
2017-06-06,1.2593150684931507,4.64739533236139,-2.386710400854541
2017-06-07,1.2642465753424657,4.398231300046674,-5.08247787538914
2017-06-08,1.251917808219178,4.771327892951485,1.1767542988293371
2017-06-09,1.226958904109589,4.822098528708422,1.7009425671819889
2017-06-10,1.178109589041096,5.01027696214713,2.0416134488117743
2017-06-11,1.1385205479452054,5.386000179568977,6.665479272485817
2017-06-12,1.1324383561643834,5.604099231202276,5.323462412633341
2017-06-13,1.123068493150685,5.769240783713691,5.277690723135624
2017-06-14,1.1022465753424657,6.115490871525423,4.23226255313211
2017-06-15,1.0918082191780822,6.618806642512426,3.8493851383094926
2017-06-16,1.067945205479452,6.442742013077933,1.389312781442615
2017-06-17,1.0436986301369862,6.005523186242669,0.14077818362034566
2017-06-18,1.0180821917808218,6.105474011672947,3.40644379654623
2017-06-19,1.0056438356164383,6.463422027127811,4.2509341372557525
2017-06-20,1.005972602739726,6.6153679351011165,5.5686594621591565
2017-06-21,0.9952602739726026,6.7376236428636735,5.037116083163723
2017-06-22,0.9881095890410958,6.846494735241616,5.815395675717288
2017-06-23,0.9851506849315067,7.677430615115167,5.467418699953328
2017-06-24,0.9810410958904109,7.638049793197358,4.620909110912231
2017-06-25,0.9867397260273972,7.216994998676809,0.6662652752957925
2017-06-26,0.9875890410958903,7.726461437032974,1.8559495218711355
2017-06-27,0.9743561643835615,7.816629930183659,0.3690139054327801
2017-06-28,0.9696164383561643,7.758190889087769,-2.0778073274439324
2017-06-29,0.9453424657534245,7.849064176759002,-4.394406642512426
2017-06-30,0.9161095890410957,7.624521711005577,-4.800631300046672
2017-07-01,0.9128767123287669,7.535721711005578,-5.4285984233343445
2017-07-02,0.9179726027397259,7.660425820594618,-4.378398423334344
2017-07-03,0.9102191780821915,7.659828560320647,-2.0100477384028386
2017-07-04,0.904876712328767,7.68018212547695,0.8649411621942829
2017-07-05,0.9220273972602738,7.488536884872805,2.5794357178669207
2017-07-06,0.9387397260273972,7.555372852558088,4.185887421414515
2017-07-07,0.9755342465753425,7.205849143390544,5.198616610034114
2017-07-08,1.0106301369863013,7.305116442301679,5.264253420712019
2017-07-09,1.0305753424657533,7.330495437735468,2.9289292197987784
2017-07-10,1.0448493150684932,7.646339484100062,1.1188112008314457
2017-07-11,1.0531506849315067,7.703801373808528,-0.2169520587400351
2017-07-12,1.0619726027397258,8.03939533236139,1.048632064898884
2017-07-13,1.063945205479452,8.195239378725985,-0.9091845842054376
2017-07-14,1.0567123287671232,8.524629614061425,-2.651341942828548
2017-07-15,1.0693972602739725,8.249456449326617,-4.35885370960059
2017-07-16,1.0822465753424655,8.07071672329922,-1.3429632986416866
2017-07-17,1.0989589041095886,8.549601865554225,0.8514392303361866
2017-07-18,1.1297260273972598,8.76107921012746,1.4991947624752804
2017-07-19,1.1503287671232871,8.624287499554926,1.8953837333217862
2017-07-20,1.165643835616438,8.375106607387734,0.1592495569958281
2017-07-21,1.1689589041095885,8.768581141985555,0.30245995390485625
2017-07-22,1.1669041095890407,8.909926417714393,0.3131694726965666
2017-07-23,1.1674246575342462,8.911056027830305,-1.0184806853645512
2017-07-24,1.175616438356164,8.542165265624476,-4.37778170398064
2017-07-25,1.1793424657534244,8.147170534328373,-7.026513000081797
2017-07-26,1.1977534246575339,8.681203551539472,-6.968956976197005
2017-07-27,1.208821917808219,8.519180369242317,-2.2180022870505365
2017-07-28,1.2179452054794515,7.949296983221945,0.11275781129860363
2017-07-29,1.2246301369863009,8.453571658318538,1.381798204695162
2017-07-30,1.2318082191780817,9.16424113496062,1.1839506458612998
2017-07-31,1.2458082191780817,8.66974657928798,2.7944452015339394
2017-08-01,1.2495068493150678,8.564114686067047,3.896378464617886
2017-08-02,1.2456986301369857,8.37739533236139,4.386906037501625
2017-08-03,1.2266575342465749,8.975322975494512,5.1380194902589125
2017-08-04,1.1962191780821914,8.932508785118678,4.351272036799131
2017-08-05,1.1692054794520543,8.89066614374179,3.500128376806156
2017-08-06,1.1521917808219175,8.38539743984295,-2.047589220664868
2017-08-07,1.145561643835616,8.317084127584431,1.1673542285799527
2017-08-08,1.1447945205479446,8.196149810759705,-0.18094433130764997
2017-08-09,1.1378082191780816,8.677133302154154,-1.7149415213322357
2017-08-10,1.127095890410958,7.893801373808529,-4.920897264219487
2017-08-11,1.1198630136986294,7.751190906650114,-7.491053920348744
2017-08-12,1.1077808219178076,7.766952761233887,-5.3947335831516945
2017-08-13,1.1072876712328759,7.973079912621312,-1.5203675838541884
2017-08-14,1.0833424657534239,8.140393576126758,0.31626395811981745
2017-08-15,1.0500547945205472,7.9143275417045595,1.6456176637748934
2017-08-16,1.0238904109589035,8.228461718030514,0.7576478710105814
2017-08-17,1.0211232876712324,7.889133302154154,2.499743410174614
2017-08-18,1.0249863013698626,7.4533911173982705,3.1616225812318675
2017-08-19,1.02958904109589,7.278654903840141,-2.0382439449360312
2017-08-20,1.0228493150684925,7.753854060847515,-4.896703375916008
2017-08-21,1.0124383561643828,7.775518971279549,-3.027957327443932
2017-08-22,0.9955342465753418,7.320444155684187,0.6640215977404722
2017-08-23,0.9624383561643829,6.861314545568274,4.156247098267344
2017-08-24,0.9337260273972596,6.879403762287627,3.426870210315114
2017-08-25,0.9139178082191773,6.47600298954439,4.840079202236434
2017-08-26,0.9261643835616431,6.201467689228267,5.742367927210089
2017-08-27,0.9065205479452048,6.061980509741088,6.0514989423137076
2017-08-28,0.8469315068493144,6.24275887293041,5.240309620220276
2017-08-29,0.7920273972602734,5.6700816688559454,6.017890933883781
2017-08-30,0.758438356164383,5.8623928736329045,6.109168770202713
2017-08-31,0.7515616438356159,5.695381282484327,2.1330570736800576
2017-09-01,0.7495342465753418,5.494617671665921,-2.694151918241263
2017-09-02,0.7417260273972597,5.281013878199114,-6.242739905596373
2017-09-03,0.7372602739726022,5.586893049256367,-5.254153323228969
2017-09-04,0.7418904109589035,6.073948195023842,-3.1958386059827455
2017-09-05,0.7448219178082186,6.217741661831007,0.5674364203607745
2017-09-06,0.7479178082191774,5.98430997935823,0.41777221242259355
2017-09-07,0.7408219178082185,5.390670358704909,-2.581492276513128
2017-09-08,0.7352054794520542,4.631134004648008,1.1536605158999382
2017-09-09,0.7368219178082185,4.917950302505401,-1.78477222031362
2017-09-10,0.7338630136986295,5.093451531869645,-5.087314545568274
2017-09-11,0.7265205479452049,5.059232353787453,-2.9257529017326585
2017-09-12,0.7178904109589036,5.30114735203122,-5.859037762990123
2017-09-13,0.7100547945205475,5.471748686769539,-1.8418034812900865
2017-09-14,0.6962739726027392,5.39086494950224,-3.5471389221049794
2017-09-15,0.6806575342465748,5.345998072087418,-6.396655606333992
2017-09-16,0.6642191780821913,4.331037762990123,-5.2552569410723144
2017-09-17,0.6445753424657529,4.213026523088471,-5.387601865554224
2017-09-18,0.617397260273972,4.014211630218784,-5.4816088904927565
2017-09-19,0.5798356164383556,3.938477172895285,-7.27831278933364
2017-09-20,0.5425205479452049,3.9207848652029775,-6.343305413148182
2017-09-21,0.5221643835616432,3.8721484057719975,-0.32431278933364016
2017-09-22,0.5036438356164377,3.723670007457983,1.7626861569255796
2017-09-23,0.4834794520547939,3.1143795262496936,1.3421410216955132
2017-09-24,0.46389041095890354,3.4609703235802174,-0.6448607345391211
2017-09-25,0.45320547945205425,3.9452815283571745,-1.4384870078092287
2017-09-26,0.4375342465753419,3.9082692347147447,-1.1258034812900863
2017-09-27,0.43186301369862956,3.8416201303944075,0.10651685590696269
2017-09-28,0.4201917808219172,3.7382074152556646,1.1316008039224181
2017-09-29,0.4026849315068488,3.4934508293757913,2.3138642391173603
2017-09-30,0.37958904109588987,2.7181947703663076,3.5822161885378025
2017-10-01,0.35865753424657487,1.961820341142563,1.2295221246108619
2017-10-02,0.35205479452054744,2.31159203064028,3.6363531748391726
2017-10-03,0.3437808219178077,2.551293470752679,1.474925707329514
2017-10-04,0.34358904109588995,3.110797510092335,2.9056134488117755
2017-10-05,0.3451232876712324,3.1437395543494477,3.7111371579793198
2017-10-06,0.3534520547945201,2.9772091714902973,-5.740661226284818
2017-10-07,0.3572054794520543,2.783380579990473,-3.5805860594425276
2017-10-08,0.35183561643835565,2.857145947043512,-3.318981563481868
2017-10-09,0.33923287671232827,2.7451340046480075,-2.674366881360336
2017-10-10,0.32572602739725964,2.5351747492914916,-1.5209007766887512
2017-10-11,0.3201095890410953,2.297583600714042,1.9323068102448624
2017-10-12,0.3081643835616433,1.5673257854699252,3.1245098309684316
2017-10-13,0.2984657534246569,0.6918990204541192,6.299635226121223
2017-10-14,0.29676712328767063,0.5998140186978846,8.233418858014446
2017-10-15,0.30413698630136926,0.07143748199258068,8.90442553170605
2017-10-16,0.31328767123287615,0.434118198536311,8.612594130230812
2017-10-17,0.32967123287671174,0.9325242399834485,6.8778045271398405
2017-10-18,0.3663287671232871,0.9541547282166764,4.149516504660037
2017-10-19,0.40906849315068433,1.0387174257930725,4.222214081056244
2017-10-20,0.4529863013698624,1.0161645631306206,4.290849135499517
2017-10-21,0.47956164383561584,0.7095365336258791,4.400901822538504
2017-10-22,0.4978630136986296,0.8556067830111969,-4.213469796709826
2017-10-23,0.5155616438356158,1.5459798072472348,-6.26154145108285
2017-10-24,0.5238630136986295,1.6977065371383482,-1.4415695508369777
2017-10-25,0.5355342465753419,1.6723781212619873,4.492087632162671
2017-10-26,0.5419726027397254,1.2832211138858016,5.874806283374474
2017-10-27,0.5694794520547939,0.10286705698379968,0.5176534909614063
2017-10-28,0.6005479452054787,-0.5999956054679039,-1.820552339737575
2017-10-29,0.6206027397260268,-0.9022604456505525,0.8516577059245257
2017-10-30,0.6258356164383555,-0.5789769893807946,-3.6168586270575607
2017-10-31,0.6347945205479446,-0.33294748463896096,-0.5018470359089836
2017-11-01,0.6482191780821912,-0.3139752331461618,2.305756055063971
2017-11-02,0.6606027397260268,-0.6598066346213988,1.919203894895372
2017-11-03,0.6788767123287666,-1.6624030519027482,2.6135263395739816
2017-11-04,0.6940821917808213,-1.9510739335325336,2.2969917417517123
2017-11-05,0.7113698630136982,-2.8881269718184486,-0.35324289119524943
2017-11-06,0.7272328767123282,-4.0193633610000425,-3.5578695157122855
2017-11-07,0.7462465753424654,-3.271392163248023,-1.3548544120944421
2017-11-08,0.7624657534246571,-2.9015333645125123,-2.330932388912145
2017-11-09,0.7627397260273967,-3.2643222651096324,-1.3784174609177646
2017-11-10,0.7720821917808214,-3.2585365257348515,-1.0435456660459694
2017-11-11,0.7776438356164379,-2.783034593876755,-1.1346092417396831
2017-11-12,0.7764931506849309,-3.6141571790541347,0.21766402836920395
2017-11-13,0.77131506849315,-4.008117839398357,-6.143197229094794
2017-11-14,0.764493150684931,-4.270810498337591,-2.6836826523473407
2017-11-15,0.7501095890410953,-3.8082077586115646,2.3480981695704695
2017-11-16,0.7297260273972597,-4.5146468172698,3.554920789872541
2017-11-17,0.722356164383561,-4.422303297775596,-0.41005286660796614
2017-11-18,0.7261369863013691,-3.870726901569063,-1.4654100847323064
2017-11-19,0.7375068493150677,-4.790910252464743,-2.5665965968503253
2017-11-20,0.7406027397260266,-4.439180712598216,0.4685779728721897
2017-11-21,0.7371506849315062,-4.460228833427158,3.673078148495652
2017-11-22,0.7331232876712321,-4.114927814811072,4.64180452713984
2017-11-23,0.7318082191780815,-4.292378464617886,2.9705702454398044
2017-11-24,0.7335616438356156,-4.150512640943843,3.2169509971082273
2017-11-25,0.7340273972602733,-3.947609233848656,-0.35641816341161725
2017-11-26,0.7308493150684925,-4.23279925843594,-7.988050056632553
2017-11-27,0.71931506849315,-4.137071826050973,-5.502243242442177
2017-11-28,0.7089315068493145,-4.800926409823366,-1.6680050970259481
2017-11-29,0.7032054794520544,-5.359052156223084,-3.934153323228969
2017-11-30,0.6957260273972597,-5.913653490961405,-7.3120725364358545
2017-12-01,0.6913698630136982,-5.665217242278582,-7.766152620735116
2017-12-02,0.6910684931506844,-5.219905686254697,-6.611162806895988
2017-12-03,0.6927123287671226,-5.219241127069589,-6.903471201697533
2017-12-04,0.698520547945205,-5.187364765987748,-3.611155781957457
2017-12-05,0.7089589041095886,-5.240638387343562,-1.6083205167660264
2017-12-06,0.7203835616438352,-5.291845974277177,2.371462412633341
2017-12-07,0.7410136986301366,-5.151193357487574,0.21017965885743717
2017-12-08,0.7418904109589036,-5.3989172774032745,-3.0029731335556296
2017-12-09,0.745424657534246,-5.646160691523401,-9.909263966010844
2017-12-10,0.7500547945205476,-6.152559005538153,-4.737495788982395
2017-12-11,0.736465753424657,-6.533144885411704,2.066679131987047
2017-12-12,0.7220273972602735,-6.692673512036221,-1.269353885224053
2017-12-13,0.6988767123287667,-6.35418246883285,-4.514694243495917
2017-12-14,0.6788767123287669,-5.93785791667268,-0.34101879565608684
2017-12-15,0.6632602739726023,-6.405264309366745,-4.087995964605857
2017-12-16,0.658657534246575,-6.692153666584869,-4.956503867661707
2017-12-17,0.6572876712328763,-6.653272739292981,-6.514014931939895
2017-12-18,0.6472602739726023,-5.980386192050272,-3.93687408192233
2017-12-19,0.6409315068493147,-5.777692830617183,-2.463238676232131
2017-12-20,0.6360821917808215,-5.485762377508649,-1.6103198142721729
2017-12-21,0.6308219178082187,-4.766436771607699,1.0856148537994805
2017-12-22,0.6036986301369859,-4.468885665179881,1.2951870350428956
2017-12-23,0.5771506849315065,-5.35002370522203,2.4928730202905243
2017-12-24,0.5545479452054791,-5.8695937789838855,6.255045833778406
2017-12-25,0.5432876712328765,-6.218338422468254,5.835050751235378
2017-12-26,0.5332328767123287,-6.886126269324594,1.9728933926122654
2017-12-27,0.5261917808219176,-7.221306458997936,0.3851146781760191
2017-12-28,0.5221095890410957,-6.639114678176017,-5.982994910865078
2017-12-29,0.5343287671232875,-7.187616961281041,-5.196711805842247
2017-12-30,0.55586301369863,-7.054204246142298,3.2983412324436676
2017-12-31,0.5821095890410957,-6.874877937747495,5.9127683487064
2018-01-01,0.6054794520547944,-6.34970969046966,0.1042302384148659
2018-01-02,0.6162739726027395,-5.796353877333025,-2.8999200952697146
2018-01-03,0.6180821917808219,-6.567875479019009,2.309793287238187
2018-01-04,0.6088767123287673,-6.952945377157402,4.464068664828635
2018-01-05,0.5914520547945206,-6.344883557698322,5.043431502903801
2018-01-06,0.574054794520548,-5.8177110954573665,3.173656300936819
2018-01-07,0.5610684931506851,-5.446057424926983,2.7749889317762984
2018-01-08,0.5562191780821919,-4.891534067006366,2.5053148889241736
2018-01-09,0.5506849315068495,-4.98428643792312,1.0636015064162705
2018-01-10,0.5446575342465756,-5.72706199113703,-0.6475955431095457
2018-01-11,0.5386849315068496,-5.9490205439996915,-1.3696643875071581
2018-01-12,0.5416438356164386,-6.536574460402923,-0.9050693752135164
2018-01-13,0.5499178082191782,-6.733023353975104,-0.5668944542440748
2018-01-14,0.5617808219178084,-7.031281169219221,-1.6004996526985886
2018-01-15,0.5661095890410961,-6.974241478316517,-2.531868110724578
2018-01-16,0.5584931506849317,-6.85518563005519,1.146692479370258
2018-01-17,0.5547397260273972,-6.246212676068536,-4.088527049958861
2018-01-18,0.5515342465753426,-6.688383382074859,0.2468491354995166
2018-01-19,0.5522191780821919,-7.324531608277878,-0.22768756980431348
2018-01-20,0.5432054794520549,-7.4403398274559605,-1.7428656519960954
2018-01-21,0.532931506849315,-7.088863887870433,0.7959323810211183
2018-01-22,0.5287945205479452,-7.545687913160211,5.006893392612266
2018-01-23,0.5438630136986302,-7.297627498688838,3.643764484990208
2018-01-24,0.5695342465753426,-7.335795394719748,5.526261148144405
2018-01-25,0.5943287671232877,-7.293775724891859,4.039446957768571
2018-01-26,0.6061095890410959,-6.831487702412056,3.51537811337096
2018-01-27,0.609232876712329,-6.521976638133868,2.852743761421539
2018-01-28,0.6111780821917809,-6.593745517656172,3.5425674354643917
2018-01-29,0.6173698630136988,-6.734910954958596,5.337541091944897
2018-01-30,0.6207671232876714,-6.943091495878863,3.732324372591192
2018-01-31,0.6184931506849316,-6.357349311122979,2.2888561604380477
2018-02-01,0.6157260273972605,-6.145156827807209,-2.5605691995900512
2018-02-02,0.6106301369863014,-7.438229535921012,-6.282400601065289
2018-02-03,0.6100821917808219,-7.513642251059754,-6.406439940721069
2018-02-04,0.6111506849315069,-7.509302244034816,-5.281848440896691
2018-02-05,0.6270684931506849,-7.6464121843228385,-1.6606563088278454
2018-02-06,0.6306575342465752,-7.4344395815831135,-0.6662179526634624
2018-02-07,0.6370136986301369,-7.514391109507243,-1.7026225891228934
2018-02-08,0.6430958904109587,-7.884687561913284,-2.8984083284976743
2018-02-09,0.6515342465753424,-7.442676322011634,-2.298857924563709
2018-02-10,0.6690136986301369,-7.944499293560633,-3.8945144050695033
2018-02-11,0.6892054794520548,-7.9744669788433855,0.6652614993913302
2018-02-12,0.6933150684931507,-8.227892338871486,-5.105422729621665
2018-02-13,0.6866301369863015,-7.812736033989153,-8.203894102997147
2018-02-14,0.6807671232876714,-7.438166311474226,-5.202600811813446
2018-02-15,0.6808219178082194,-6.508159989029547,2.8073380712213276
2018-02-16,0.6748493150684933,-6.458881450216762,3.984032135148269
2018-02-17,0.6694794520547948,-6.808605370132464,2.6191259180776694
2018-02-18,0.6809589041095894,-7.457442040311599,-2.3835168637979907
2018-02-19,0.6997534246575345,-7.011469437571872,-2.9582839870856628
2018-02-20,0.7136986301369865,-6.687996307961758,-5.3657023221752285
2018-02-21,0.7204657534246578,-6.739202489907665,-7.061263263516993
2018-02-22,0.7161917808219181,-6.268228833427159,-5.127962947394758
2018-02-23,0.7067671232876716,-6.656306810244861,-1.4804603130428093
2018-02-24,0.681232876712329,-7.091073933532533,4.389841056820204
2018-02-25,0.6507397260273976,-7.197087280915743,-5.793652445111655
2018-02-26,0.6374520547945208,-6.783026866444371,-15.164425188350151
2018-02-27,0.6324383561643838,-6.371295921590138,-17.401142434574247
2018-02-28,0.6269315068493152,-5.973124513089962,-11.763806993759351
2018-03-01,0.610219178082192,-6.301552331846548,-3.878666846235644
2018-03-02,0.599150684931507,-6.100935542243457,0.6517848573119505
2018-03-03,0.5959452054794521,-6.587050048741524,0.2911048432620724
2018-03-04,0.6080273972602741,-6.549626796194984,0.6715993989347098
2018-03-05,0.6177260273972603,-5.825435015373067,0.6577089879758065
2018-03-06,0.6249315068493151,-5.2572614993913325,-0.9276700074579827
2018-03-07,0.6247671232876714,-5.983395675717289,-1.9613714475703823
2018-03-08,0.6248493150684931,-5.6011146781760175,-2.2037346368924755
2018-03-09,0.6323561643835618,-5.379382328334079,1.4770261639505167
2018-03-10,0.6356438356164384,-5.48494045970043,2.359296624083991
2018-03-11,0.648082191780822,-5.247581134094529,3.0494989423137064
2018-03-12,0.6693424657534248,-4.2096563009368175,0.10031383518339254
2018-03-13,0.6903287671232878,-4.157675268270854,-2.1226534988524337
2018-03-14,0.7228767123287672,-4.757220052253995,-0.5156566600747716
2018-03-15,0.7367397260273973,-4.175884611439101,-0.47085511458829643
2018-03-16,0.7509315068493152,-4.427621176244159,-0.903310330605156
2018-03-17,0.7744657534246575,-4.121782749830391,-1.8426830035942672
2018-03-18,0.7993150684931507,-4.871725847828283,-3.4875892206648667
2018-03-19,0.8250136986301371,-4.816027217691297,-5.33898648093884
2018-03-20,0.8522739726027397,-5.09124323455115,-7.751030738051591
2018-03-21,0.8859726027397261,-5.183326128825824,-9.062646473913901
2018-03-22,0.9200273972602742,-5.528761323767869,-4.601266073492406
2018-03-23,0.935232876712329,-4.983116785657577,-4.432116091054752
2018-03-24,0.9364109589041099,-4.696721281618237,-3.3096896772858733
2018-03-25,0.9525205479452057,-4.554541443191823,-1.9879791047533821
2018-03-26,0.943315068493151,-4.402521773363936,-2.370793295129215
2018-03-27,0.9422191780821921,-4.0947479763846575,-2.5674712016975345
2018-03-28,0.9538630136986304,-3.26172514533443,0.2278621316357996
2018-03-29,0.9705479452054797,-3.033782749830391,-1.846765195375089
2018-03-30,0.9749315068493152,-3.121732872766815,-1.2131986340825005
2018-03-31,0.9781369863013701,-3.5048828552044693,-3.613254131096901
2018-04-01,0.9747123287671235,-3.3825512781057685,-4.832161050661355
2018-04-02,0.9596712328767125,-3.7824444990400856,-0.17722673383662713
2018-04-03,0.9404657534246578,-4.325312781442614,0.724847028017956
2018-04-04,0.935205479452055,-4.430534418253292,1.4453289388012376
2018-04-05,0.9370684931506852,-4.3496829957032395,0.33261450255255465
2018-04-06,0.9360547945205482,-3.8241065994967074,2.7680518049761593
2018-04-07,0.9564383561643837,-3.699958373293686,4.193520017129302
2018-04-08,0.9709589041095892,-3.529810849584518,2.898851945474929
2018-04-09,0.989041095890411,-3.295453982707103,1.6664128868166919
2018-04-10,1.0064931506849317,-3.9501670139680796,1.2236738632831479
2018-04-11,1.0159452054794522,-3.63545749517637,-0.11048771030308213
2018-04-12,1.0146575342465753,-3.0300827147056983,-0.46457481954087676
2018-04-13,1.0194520547945205,-2.676071474804047,-1.0433805799904734
2018-04-14,1.0185753424657533,-2.658051804976158,1.8594764625104048
2018-04-15,1.0048493150684932,-2.376564625488979,2.7917153104204857
2018-04-16,0.9878356164383563,-2.1774286929283893,0.9395930764900329
2018-04-17,0.9733424657534248,-1.7045006985483397,2.221158232794915
2018-04-18,0.9654246575342467,-1.60474165393998,4.379316996405733
2018-04-19,0.9655890410958905,-1.3483911095072436,5.162802068411353
2018-04-20,0.9678630136986304,-0.970426936693756,5.392563922995126
2018-04-21,0.9662739726027398,-0.5687809935957578,5.072507020993018
2018-04-22,0.9624657534246576,-0.44575535257011695,4.6532895991454595
2018-04-23,0.975205479452055,-0.36008903715037677,3.6548835576983216
2018-04-24,0.9964109589041097,-0.10397944810928078,2.7875684892051713
2018-04-25,1.0045753424657535,-0.08841780427366439,3.6338424618079106
2018-04-26,1.0025753424657535,-0.2501269718184484,-0.43244837064730507
2018-04-27,0.9940821917808219,-0.2514750575226986,3.107392865741877
2018-04-28,0.9853424657534247,0.11849895020473389,2.1261585840418413
2018-04-29,0.9902465753424657,-0.08670371927190826,1.3264571439294426
2018-04-30,0.9887945205479451,-0.2317651874840614,-1.417029333063884
2018-05-01,0.9907123287671232,0.1394501268819379,-2.330162455649061
2018-05-02,0.9871780821917808,-0.018806985868325486,-0.44837109632345534
2018-05-03,0.9775068493150684,0.16499912582819712,0.36749402485673455
2018-05-04,0.9711232876712328,0.8065144050695039,2.552362307259263
2018-05-05,0.9747945205479451,0.8789808609880143,3.82622461846404
2018-05-06,0.982931506849315,1.1716327752837643,4.665435717866921
2018-05-07,0.9952054794520546,1.6106717636926158,2.5341227568553295
2018-05-08,1.0197260273972604,1.9133068181358892,2.556967154466851
2018-05-09,1.0331232876712328,2.3271382196111263,0.30973849271764076
2018-05-10,1.0477260273972604,2.3469380088629705,-1.5246640362602308
2018-05-11,1.0605479452054793,2.079670709951836,1.2097813448426842
2018-05-12,1.0732054794520547,1.521290660777266,2.025503859770679
2018-05-13,1.085917808219178,0.8342860945672206,1.1497960972136012
2018-05-14,1.0996986301369862,0.4417557117080709,-1.1514543418450571
2018-05-15,1.130958904109589,0.5229106116026966,-1.2738695157122857
2018-05-16,1.1545753424657534,1.26421303520649,-2.158788377672243
2018-05-17,1.164082191780822,2.199844225933571,-2.703926417714393
2018-05-18,1.1705205479452054,2.769824556105682,-1.0803451040508874
2018-05-19,1.1694246575342464,2.902159645673648,-1.6715843032078945
2018-05-20,1.1677260273972603,2.3225720095654645,-1.2502980369627246
2018-05-21,1.1615616438356164,2.6180395192247548,0.01039883693962862
2018-05-22,1.1526849315068493,3.3267370956209614,0.20057797287218904
2018-05-23,1.1456986301369865,3.5091782617607574,0.1551231081022557
2018-05-24,1.1343835616438358,3.7641561332043825,0.39146030515178154
2018-05-25,1.1251780821917812,3.4835597159230334,1.9912622018851849
2018-05-26,1.119013698630137,4.096879701873156,3.284106599496706
2018-05-27,1.1173698630136988,3.719338430359282,3.8032917066270198
2018-05-28,1.1304657534246578,3.140810154981692,2.47872409159365
2018-05-29,1.1340821917808221,2.753534426144319,2.5223833820748593
2018-05-30,1.1380273972602741,2.720678086137294,2.9212945166024316
2018-05-31,1.1632876712328768,3.404964001135538,1.9617483276315855
2018-06-01,1.189205479452055,4.208854412094443,0.9619401084535024
2018-06-02,1.2123835616438359,4.4431073098815865,1.9645091284745781
2018-06-03,1.2393698630136987,4.101932037665219,3.618698099321083
2018-06-04,1.270219178082192,4.352151918241264,2.107628903676545
2018-06-05,1.2835890410958903,4.515270990949378,2.951139967954732
2018-06-06,1.3029315068493152,4.64739533236139,1.7396731607892946
2018-06-07,1.3065479452054796,4.398231300046674,2.4052207547478464
2018-06-08,1.3189315068493153,4.771327892951485,1.4297406001991995
2018-06-09,1.3220273972602739,4.822098528708422,2.895874074031303
2018-06-10,1.3493698630136985,5.01027696214713,3.560353174839171
2018-06-11,1.3557808219178085,5.386000179568977,1.488218998513215
2018-06-12,1.337205479452055,5.604099231202276,-0.1513047106543306
2018-06-13,1.3281369863013701,5.769240783713691,-3.377377770015061
2018-06-14,1.3272054794520551,6.115490871525423,-3.2926963509774776
2018-06-15,1.313205479452055,6.618806642512426,-2.0720121219644803
2018-06-16,1.3138904109589042,6.442742013077933,-0.5366324240368376
2018-06-17,1.3308767123287673,6.005523186242669,-0.6463998985714356
2018-06-18,1.3473972602739726,6.105474011672947,-0.58287127194692
2018-06-19,1.3624383561643838,6.463422027127811,1.5841396167078052
2018-06-20,1.3736438356164387,6.6153679351011165,3.430988229282444
2018-06-21,1.3704109589041096,6.7376236428636735,2.7419653982322165
2018-06-22,1.3720547945205483,6.846494735241616,-4.468549529762164
2018-06-23,1.376328767123288,7.677430615115167,-4.613759382238454
2018-06-24,1.3797808219178083,7.638049793197358,-4.027830615115166
2018-06-25,1.3651780821917812,7.216994998676809,-3.8221730808685908
2018-06-26,1.3503835616438358,7.726461437032974,-2.1768449986768097
2018-06-27,1.358219178082192,7.816629930183659,-2.5848491082658507
2018-06-28,1.3754794520547946,7.758190889087769,-3.9736703411425633
2018-06-29,1.4067671232876713,7.849064176759002,-0.395831300046674
2018-06-30,1.434191780821918,7.624521711005577,2.5412865081725053
2018-07-01,1.4309041095890411,7.535721711005578,3.63337417940538
2018-07-02,1.4248767123287671,7.660425820594618,3.6446974670766146
2018-07-03,1.4384383561643834,7.659828560320647,1.4017330835149702
2018-07-04,1.4313698630136988,7.68018212547695,0.9984480115093497
2018-07-05,1.4065753424657534,7.488536884872805,-1.2651122273385589
2018-07-06,1.384904109589041,7.555372852558088,-2.6202769621471287
2018-07-07,1.3685479452054794,7.205849143390544,-1.544397088596023
2018-07-08,1.3559726027397259,7.305116442301679,0.178910954958595
2018-07-09,1.3441917808219177,7.330495437735468,0.8453127814426136
2018-07-10,1.331945205479452,7.646339484100062,-1.1882846895795138
2018-07-11,1.3106849315068492,7.703801373808528,-2.6744863053153765
2018-07-12,1.2920821917808218,8.03939533236139,-1.361477524142213
2018-07-13,1.278958904109589,8.195239378725985,-0.044198282835573366
2018-07-14,1.2783561643835617,8.524629614061425,0.14701422155501298
2018-07-15,1.2834520547945205,8.249456449326617,-0.24290850412113763
2018-07-16,1.2891506849315069,8.07071672329922,0.03013259176927363
2018-07-17,1.294986301369863,8.549601865554225,-2.124588166924088
2018-07-18,1.3003835616438355,8.76107921012746,-0.04146277177129676
2018-07-19,1.3115890410958904,8.624287499554926,0.5641234593491831
2018-07-20,1.2983835616438355,8.375106607387734,0.27650983096843085
2018-07-21,1.2920547945205478,8.768581141985555,-3.110635936506103
2018-07-22,1.2859178082191778,8.909926417714393,-3.555844225933571
2018-07-23,1.2716986301369861,8.911056027830305,-2.6327546579672916
2018-07-24,1.2452602739726026,8.542165265624476,1.052574460402921
2018-07-25,1.218821917808219,8.147170534328373,2.3040075478634083
2018-07-26,1.1807123287671233,8.681203551539472,2.0980841196934055
2018-07-27,1.150986301369863,8.519180369242317,2.1398333293878196
2018-07-28,1.1442739726027398,7.949296983221945,1.326429044175315
2018-07-29,1.1384383561643836,8.453571658318538,2.177989985517078
2018-07-30,1.1153698630136986,9.16424113496062,3.5603890020256816
2018-07-31,1.0863287671232875,8.66974657928798,4.1939246535887325
2018-08-01,1.0611780821917807,8.564114686067047,3.2547072317411736
2018-08-02,1.0412328767123284,8.37739533236139,3.5813717909262817
2018-08-03,1.0484657534246575,8.975322975494512,3.4562112710808304
2018-08-04,1.071890410958904,8.932508785118678,4.275600803922417
2018-08-05,1.0832054794520545,8.89066614374179,3.9761283768061553
2018-08-06,1.0944383561643831,8.38539743984295,3.8201642039926664
2018-08-07,1.1059452054794519,8.317084127584431,2.516970666936116
2018-08-08,1.1203013698630133,8.196149810759705,2.163548819377283
2018-08-09,1.1351780821917807,8.677133302154154,0.5076886156540663
2018-08-10,1.1492054794520545,7.893801373808529,-1.8630068532605835
2018-08-11,1.1669041095890407,7.751190906650114,-1.1580950162391552
2018-08-12,1.1863561643835614,7.766952761233887,1.8966910743825514
2018-08-13,1.1785753424657532,7.973079912621312,-0.09165525508706462
2018-08-14,1.1911780821917808,8.140393576126758,-2.23157165831854
2018-08-15,1.2283835616438354,7.9143275417045595,-0.6727111033483943
2018-08-16,1.2614794520547945,8.228461718030514,0.54005882991469
2018-08-17,1.274986301369863,7.889133302154154,0.06588039647598354
2018-08-18,1.2832328767123287,7.4533911173982705,0.9433760058893998
2018-08-19,1.2931232876712326,7.278654903840141,1.8882218084886278
2018-08-20,1.3176164383561644,7.753854060847515,1.6685295007963203
2018-08-21,1.3330136986301369,7.775518971279549,1.7414673300903143
2018-08-22,1.3545479452054794,7.320444155684187,2.775007899110334
2018-08-23,1.3835068493150686,6.861314545568274,2.175178605116657
2018-08-24,1.4077260273972603,6.879403762287627,-0.4871297896848876
2018-08-25,1.4292328767123288,6.47600298954439,-4.995235866256719
2018-08-26,1.4417808219178083,6.201467689228267,-5.903248511146076
2018-08-27,1.4837260273972603,6.061980509741088,0.6242934628616519
2018-08-28,1.5521095890410959,6.24275887293041,2.7051315380284935
2018-08-29,1.6255616438356166,5.6700816688559454,3.174356687308438
2018-08-30,1.6756712328767125,5.8623928736329045,-0.9080641065096167
2018-08-31,1.688821917808219,5.695381282484327,-2.844203200292546
2018-09-01,1.6883013698630136,5.494617671665921,-4.802919041528934
2018-09-02,1.7003287671232878,5.281013878199114,-2.7913426453224015
2018-09-03,1.7061917808219178,5.586893049256367,-2.6830848300782844
2018-09-04,1.7018356164383563,6.073948195023842,-1.5257838114621984
2018-09-05,1.7105479452054797,6.217741661831007,-0.4582896070364866
2018-09-06,1.7233698630136987,5.98430997935823,-0.5276798423719287
2018-09-07,1.7305205479452055,5.390670358704909,-0.8311909066501144
2018-09-08,1.7335616438356165,4.631134004648008,1.3553043515163754
2018-09-09,1.7383013698630139,4.917950302505401,1.7537483276315848
2018-09-10,1.718,5.093451531869645,1.6885484681303549
2018-09-11,1.7103835616438356,5.059232353787453,3.7503840845687106
2018-09-12,1.7053150684931508,5.30114735203122,5.033537579475628
2018-09-13,1.7004931506849317,5.471748686769539,2.2277581625455296
2018-09-14,1.7058630136986304,5.39086494950224,0.6232720367991291
2018-09-15,1.719452054794521,5.345998072087418,1.1545498731180617
2018-09-16,1.7306027397260277,4.331037762990123,2.7483594972838503
2018-09-17,1.7280000000000004,4.213026523088471,2.9089734769115276
2018-09-18,1.7269863013698634,4.014211630218784,3.358802068411352
2018-09-19,1.7428767123287674,3.938477172895285,3.8586461147759468
2018-09-20,1.7809589041095892,3.9207848652029775,4.848256230687435
2018-09-21,1.8107397260273976,3.8721484057719975,3.9371118682006037
2018-09-22,1.8378082191780825,3.723670007457983,0.8585217733639343
2018-09-23,1.8597260273972607,3.1143795262496936,5.845894446353045
2018-09-24,1.8607123287671237,3.4609703235802174,-5.401682652347342
2018-09-25,1.8546027397260274,3.9452815283571745,-3.239884268083202
2018-09-26,1.8535068493150688,3.9082692347147447,1.7082239159701866
2018-09-27,1.8481369863013704,3.8416201303944075,4.780242883304224
2018-09-28,1.8551506849315074,3.7382074152556646,1.296641899812828
2018-09-29,1.863698630136987,3.4934508293757913,2.022850540487222
2018-09-30,1.8780547945205484,2.7181947703663076,0.8337504351131435
2018-10-01,1.8988493150684935,1.961820341142563,-5.800669656211056
2018-10-02,1.9048219178082195,2.31159203064028,-4.9264139484485
2018-10-03,1.905397260273973,2.551293470752679,-2.0066907310266515
2018-10-04,1.8960000000000004,3.110797510092335,2.0332024899076653
2018-10-05,1.8987397260273977,3.1437395543494477,1.787520719623155
2018-10-06,1.8972328767123292,2.9772091714902973,0.15555795179737375
2018-10-07,1.885369863013699,2.783380579990473,0.19124955699582813
2018-10-08,1.875315068493151,2.857145947043512,1.757538984463337
2018-10-09,1.8716712328767127,2.7451340046480075,2.16319476247528
2018-10-10,1.8693698630136988,2.5351747492914916,0.3854553876948099
2018-10-11,1.8695890410958906,2.297583600714042,-0.08717264180993256
2018-10-12,1.8641369863013701,1.5673257854699252,3.3185372282287053
2018-10-13,1.854986301369863,0.6918990204541192,4.423114678176017
2018-10-14,1.83227397260274,0.5998140186978846,1.6879120086993755
2018-10-15,1.8216164383561646,0.07143748199258068,1.1769460796512545
2018-10-16,1.8175068493150688,0.434118198536311,1.8183749521486205
2018-10-17,1.8128767123287672,0.9325242399834485,2.504599047687784
2018-10-18,1.8044657534246578,0.9541547282166764,2.7713795183586662
2018-10-19,1.7919452054794522,1.0387174257930725,3.6693373687274753
2018-10-20,1.7800000000000002,1.0161645631306206,2.383835436869379
2018-10-21,1.7710136986301372,0.7095365336258791,1.719449767743984
2018-10-22,1.7606027397260275,0.8556067830111969,-0.8262095227372244
2018-10-23,1.7503287671232877,1.5459798072472348,0.24369142562947754
2018-10-24,1.7415342465753425,1.6977065371383482,0.3207592162863091
2018-10-25,1.7293698630136989,1.6723781212619873,2.5682520157243136
2018-10-26,1.7198630136986304,1.2832211138858016,1.5969158724155676
2018-10-27,1.7003835616438359,0.10286705698379968,-3.8032506186276356
2018-10-28,1.6724931506849319,-0.5999956054679039,-1.102497545217028
2018-10-29,1.6512328767123292,-0.9022604456505525,-0.7089724310617767
2018-10-30,1.6455616438356169,-0.5789769893807946,-3.936584654454822
2018-10-31,1.6492328767123292,-0.33294748463896096,-2.8062853920733684
2018-11-01,1.6475068493150689,-0.3139752331461618,-2.2235316161689074
2018-11-02,1.6381643835616442,-0.6598066346213988,-1.3883577489402454
2018-11-03,1.6155616438356168,-1.6624030519027482,3.0168414080671315
2018-11-04,1.575315068493151,-1.9510739335325336,4.385758865039382
2018-11-05,1.5356164383561646,-2.8881269718184486,3.302510533462284
2018-11-06,1.5180000000000002,-4.0193633610000425,4.601363361000042
2018-11-07,1.499260273972603,-3.271392163248023,2.78213188927542
2018-11-08,1.486301369863014,-2.9015333645125123,2.275231994649498
2018-11-09,1.4835616438356167,-3.2643222651096324,2.580760621274016
2018-11-10,1.4716712328767123,-3.2585365257348515,2.876865292858139
2018-11-11,1.4454520547945207,-2.783034593876755,2.8375825390822342
2018-11-12,1.4267123287671235,-3.6141571790541347,4.597444850287012
2018-11-13,1.4153150684931508,-4.008117839398357,4.622802770905206
2018-11-14,1.4015616438356164,-4.270810498337591,5.2992488545019745
2018-11-15,1.4016438356164382,-3.8082077586115646,5.166563922995126
2018-11-16,1.4003561643835618,-4.5146468172698,5.234290652886239
2018-11-17,1.3953424657534246,-4.422303297775596,-1.4830391679778288
2018-11-18,1.3918082191780823,-3.870726901569063,-2.7510813176090196
2018-11-19,1.3876164383561644,-4.790910252464743,-5.466706185891422
2018-11-20,1.3796438356164384,-4.439180712598216,-3.4104631230182223
2018-11-21,1.369890410958904,-4.460228833427158,0.4903384224682541
2018-11-22,1.3643561643835618,-4.114927814811072,-0.11942834957249016
2018-11-23,1.3615068493150688,-4.292378464617886,-1.0191283846971837
2018-11-24,1.3513150684931508,-4.150512640943843,0.34919757245069194
2018-11-25,1.3354520547945208,-3.947609233848656,-1.557842820945865
2018-11-26,1.3197808219178084,-4.23279925843594,-3.796981563481869
2018-11-27,1.3011780821917809,-4.137071826050973,-4.764106256140807
2018-11-28,1.279013698630137,-4.800926409823366,-0.7980872888067712
2018-11-29,1.2618082191780824,-5.359052156223084,4.727243937045002
2018-11-30,1.2548767123287672,-5.913653490961405,1.5887767786326377
2018-12-01,1.256164383561644,-5.665217242278582,0.12905285871693817
2018-12-02,1.2564109589041097,-5.219905686254697,2.6734947273505876
2018-12-03,1.2549041095890412,-5.219241127069589,3.7943370174805477
2018-12-04,1.2592876712328769,-5.187364765987748,0.7080770947548718
2018-12-05,1.2582465753424659,-5.240638387343562,4.902391812001096
2018-12-06,1.2494794520547945,-5.291845974277177,3.1623665222223822
2018-12-07,1.2427123287671233,-5.151193357487574,4.22848102872045
2018-12-08,1.2349315068493152,-5.3989172774032745,-2.3660142294460407
2018-12-09,1.2292054794520548,-5.646160691523401,-0.41304478792865407
2018-12-10,1.218164383561644,-6.152559005538153,-2.8656053780234902
2018-12-11,1.2124657534246575,-6.533144885411704,-5.1893208680129534
2018-12-12,1.2094794520547945,-6.692673512036221,-5.066805940018574
2018-12-13,1.2167397260273973,-6.35418246883285,-5.372557257194547
2018-12-14,1.2308493150684932,-5.93785791667268,-6.002991398395814
2018-12-15,1.2357808219178081,-6.405264309366745,-4.410516512551063
2018-12-16,1.227917808219178,-6.692153666584869,0.6742358583656918
2018-12-17,1.2340547945205478,-6.653272739292981,-1.060782055227567
2018-12-18,1.2402191780821918,-5.980386192050272,0.9601670139680802
2018-12-19,1.2404931506849315,-5.777692830617183,1.0271996799322514
2018-12-20,1.2290958904109588,-5.485762377508649,-3.3833335129023103
2018-12-21,1.2192328767123286,-4.766436771607699,1.0972038948953706
2018-12-22,1.2271506849315068,-4.468885665179881,2.2317349802483744
2018-12-23,1.2398904109589042,-5.35002370522203,3.090133294263126
2018-12-24,1.2632602739726027,-5.8695937789838855,0.21633350501128312
2018-12-25,1.2943835616438357,-6.218338422468254,-0.3160451391755812
2018-12-26,1.3233150684931507,-6.886126269324594,4.0428112008314425
2018-12-27,1.351945205479452,-7.221306458997936,5.859361253518484
2018-12-28,1.3786027397260274,-6.639114678176017,4.580511938449989
2018-12-29,1.3955890410958904,-7.187616961281041,3.9520279201851505
2018-12-30,1.407013698630137,-7.054204246142298,1.2471905475121607
2018-12-31,1.4094246575342466,-6.874877937747495,2.8854532802132487
2019-01-01,1.4068219178082193,-6.34970969046966,4.252887772661441
2019-01-02,1.4067123287671233,-5.796353877333025,-6.270358451434098
2019-01-03,1.407945205479452,-6.567875479019009,-7.530069726460442
2019-01-04,1.418904109589041,-6.952945377157402,-4.255958732431639
2019-01-05,1.433917808219178,-6.344883557698322,-1.769034250520856
2019-01-06,1.4384931506849314,-5.8177110954573665,-2.280782055227564
2019-01-07,1.435945205479452,-5.446057424926983,-2.3998877805524694
2019-01-08,1.4324109589041096,-4.891534067006366,-2.840876891897744
2019-01-09,1.4304109589041096,-4.98428643792312,-7.576124520980991
2019-01-10,1.4344931506849314,-5.72706199113703,-8.3274311595479
2019-01-11,1.4342739726027398,-5.9490205439996915,-7.055253428603048
2019-01-12,1.4236164383561642,-6.536574460402923,-2.007041977953241
2019-01-13,1.411808219178082,-6.733023353975104,0.43121513479702234
2019-01-14,1.4007945205479453,-7.031281169219221,-0.359513351328725
2019-01-15,1.3966027397260272,-6.974241478316517,-1.2323612614095092
2019-01-16,1.3993972602739726,-6.85518563005519,2.2757883697812167
2019-01-17,1.3962465753424655,-6.246212676068536,-0.84003389927393
2019-01-18,1.3954246575342464,-6.688383382074859,-5.417041275459388
2019-01-19,1.4003561643835614,-7.324531608277878,-3.3858245561056837
2019-01-20,1.41172602739726,-7.4403398274559605,-4.8513861999413
2019-01-21,1.4281095890410958,-7.088863887870433,-5.289245701170662
2019-01-22,1.4473150684931504,-7.545687913160211,-5.56162715533294
2019-01-23,1.4607671232876709,-7.297627498688838,-6.923139624598832
2019-01-24,1.4690410958904108,-7.335795394719748,-9.283245701170662
2019-01-25,1.473753424657534,-7.293775724891859,-7.6899776997656755
2019-01-26,1.4677534246575341,-6.831487702412056,0.20373427775452146
2019-01-27,1.4591232876712326,-6.521976638133868,-0.127146649537365
2019-01-28,1.4534246575342462,-6.593745517656172,-5.719679139878073
2019-01-29,1.445671232876712,-6.734910954958596,-6.090760277918117
2019-01-30,1.42786301369863,-6.943091495878863,-6.2547715178197665
2019-01-31,1.4212054794520546,-6.357349311122979,-5.793856168329077
2019-02-01,1.404931506849315,-6.145156827807209,-0.7097746790421064
2019-02-02,1.3879726027397257,-7.438229535921012,1.4902569331812874
2019-02-03,1.3750410958904107,-7.513642251059754,-3.0413988448306553
2019-02-04,1.3684931506849314,-7.509302244034816,-1.9391909066501158
2019-02-05,1.3619999999999999,-7.6464121843228385,1.804412184322838
2019-02-06,1.3546027397260274,-7.4344395815831135,3.849836841857086
2019-02-07,1.3506575342465752,-7.514391109507243,3.0137335752606678
2019-02-08,1.3585753424657536,-7.884687561913284,1.5061122194475312
2019-02-09,1.3705479452054794,-7.442676322011634,3.4421283768061546
2019-02-10,1.3835342465753424,-7.944499293560633,2.4909650469852904
2019-02-11,1.3743287671232878,-7.9744669788433855,-2.859861788279903
2019-02-12,1.359945205479452,-8.227892338871486,-1.1720528666079648
2019-02-13,1.3536438356164384,-7.812736033989153,4.709092198372715
2019-02-14,1.3492328767123287,-7.438166311474226,6.208933434761898
2019-02-15,1.3418630136986303,-6.508159989029547,7.076296975330917
2019-02-16,1.3472328767123287,-6.458881450216762,6.321648573504434
2019-02-17,1.3546027397260272,-6.808605370132464,5.544002630406437
2019-02-18,1.3530684931506847,-7.457442040311599,5.884373547160914
2019-02-19,1.3415616438356164,-7.011469437571872,2.0199077937362553
2019-02-20,1.3326849315068492,-6.687996307961758,1.875311376454909
2019-02-21,1.3303835616438353,-6.739202489907665,2.89881892826383
2019-02-22,1.3307397260273972,-6.268228833427159,3.0974891073997615
2019-02-23,1.3384383561643836,-6.656306810244861,5.737868454080478
2019-02-24,1.3606027397260272,-7.091073933532533,8.290471193806505
2019-02-25,1.3871506849315067,-7.197087280915743,8.779936595984235
2019-02-26,1.3986849315068492,-6.783026866444371,9.034341934937522
2019-02-27,1.3987945205479453,-6.371295921590138,8.642501401042193
2019-02-28,1.3984931506849316,-5.973124513089962,5.75463136240503
2019-03-01,1.4107945205479453,-6.301552331846548,0.12075781129860275
2019-03-02,1.428,-6.100935542243457,-0.36706445775654295
2019-03-03,1.4470410958904107,-6.587050048741524,3.8300089528511134
2019-03-04,1.4515890410958905,-6.549626796194984,1.9680377550990933
2019-03-05,1.459095890410959,-5.825435015373067,-1.7736608750378915
2019-03-06,1.4692602739726028,-5.2572614993913325,1.4080012254187295
2019-03-07,1.4576986301369863,-5.983395675717289,1.8856970455803026
2019-03-08,1.439808219178082,-5.6011146781760175,-0.4086935410020649
2019-03-09,1.426082191780822,-5.379382328334079,1.7933001365532566
2019-03-10,1.403917808219178,-5.48494045970043,3.3210226514812513
2019-03-11,1.3840273972602741,-5.247581134094529,-5.096446263165746
2019-03-12,1.3703561643835616,-4.2096563009368175,-3.3806998634467433
2019-03-13,1.3576986301369862,-4.157675268270854,-4.640023361866133
2019-03-14,1.3472054794520547,-4.757220052253995,-2.899985427198059
2019-03-15,1.35,-4.175884611439101,0.8758846114391012
2019-03-16,1.3593424657534245,-4.427621176244159,3.4482787104907344
2019-03-17,1.3687671232876713,-4.121782749830391,1.6330156265427198
2019-03-18,1.375068493150685,-4.871725847828283,-5.013342645322402
2019-03-19,1.3753150684931508,-4.816027217691297,-6.2592878508018535
2019-03-20,1.3693972602739728,-5.09124323455115,-2.468154025722824
2019-03-21,1.3582739726027397,-5.183326128825824,4.365052156223085
2019-03-22,1.3512602739726027,-5.528761323767869,5.837501049795266
2019-03-23,1.3451232876712327,-4.983116785657577,5.037993497986344
2019-03-24,1.346849315068493,-4.696721281618237,4.279871966549744
2019-03-25,1.3249863013698628,-4.554541443191823,-2.0004448581780405
2019-03-26,1.3386027397260274,-4.402521773363936,-4.996080966362093
2019-03-27,1.3412328767123287,-4.0947479763846575,-3.366484900327671
2019-03-28,1.3348493150684932,-3.26172514533443,-2.1131241697340633
2019-03-29,1.3253972602739728,-3.033782749830391,0.35838548955641825
2019-03-30,1.3195342465753426,-3.121732872766815,1.5621986261914724
2019-03-31,1.31986301369863,-3.5048828552044693,1.2850198415058394
2019-04-01,1.3207671232876712,-3.3825512781057685,2.4117841548180974
2019-04-02,1.3450410958904109,-3.7824444990400856,1.617403403149675
2019-04-03,1.3513424657534245,-4.325312781442614,0.5239703156891893
2019-04-04,1.3397534246575342,-4.430534418253292,-2.3892190064042422
2019-04-05,1.3250958904109589,-4.3496829957032395,0.9445871052922805
2019-04-06,1.3095616438356164,-3.8241065994967074,1.8445449556610911
2019-04-07,1.3008493150684932,-3.699958373293686,-0.4808909417748075
2019-04-08,1.2846575342465754,-3.529810849584518,-1.084846684662057
2019-04-09,1.287041095890411,-3.295453982707103,0.03841288681669175
2019-04-10,1.276931506849315,-3.9501670139680796,0.11323550711876429
2019-04-11,1.2642465753424659,-3.63545749517637,-0.2787890801660957
2019-04-12,1.2673150684931507,-3.0300827147056983,-2.707232353787452
2019-04-13,1.2722191780821919,-2.676071474804047,-4.636147703278144
2019-04-14,1.2763013698630137,-2.658051804976158,-6.688249564886855
2019-04-15,1.2837808219178082,-2.376564625488979,-1.3772161964288294
2019-04-16,1.2825753424657536,-2.1774286929283893,-0.8551466495373643
2019-04-17,1.2754246575342467,-1.7045006985483397,0.22907604101409307
2019-04-18,1.2702465753424659,-1.60474165393998,1.0044950785975142
2019-04-19,1.2623287671232877,-1.3483911095072436,0.2960623423839559
2019-04-20,1.2558904109589042,-0.970426936693756,0.7445365257348519
2019-04-21,1.2559999999999998,-0.5687809935957578,1.5027809935957581
2019-04-22,1.2607397260273971,-0.44575535257011695,0.55501562654272
2019-04-23,1.2747945205479452,-0.36008903715037677,-0.3947054833975684
2019-04-24,1.2832328767123289,-0.10397944810928078,-0.7092534286030481
2019-04-25,1.2834246575342465,-0.08841780427366439,-1.085006853260582
2019-04-26,1.2810958904109588,-0.2501269718184484,-4.18096891859251
2019-04-27,1.2897534246575342,-0.2514750575226986,-4.298278367134835
2019-04-28,1.3125205479452053,0.11849895020473389,-8.38101949814994
2019-04-29,1.3237260273972602,-0.08670371927190826,-6.767022308125352
2019-04-30,1.3329315068493148,-0.2317651874840614,-3.831166319365254
2019-05-01,1.3478904109589038,0.1394501268819379,-1.3473405378408416
2019-05-02,1.357808219178082,-0.018806985868325486,-1.4490012333097566
2019-05-03,1.362931506849315,0.16499912582819712,-3.427930632677512
2019-05-04,1.3673972602739726,0.8065144050695039,-6.093911665343477
2019-05-05,1.3584109589041096,0.8789808609880143,-11.247391819892123
2019-05-06,1.3442465753424657,1.1716327752837643,-10.18587935062623
2019-05-07,1.3325479452054794,1.6106717636926158,-4.233219708898095
2019-05-08,1.3156164383561642,1.9133068181358892,-4.578923256492054
2019-05-09,1.3034246575342463,2.3271382196111263,-4.690562877145373
2019-05-10,1.286054794520548,2.3469380088629705,-2.7629928033835185
2019-05-11,1.261780821917808,2.079670709951836,-3.331451531869644
2019-05-12,1.2394794520547943,1.521290660777266,-7.71077011283206
2019-05-13,1.2264383561643835,0.8342860945672206,-5.830724450731604
2019-05-14,1.2034246575342464,0.4417557117080709,-5.415180369242317
2019-05-15,1.174794520547945,0.5229106116026966,-6.337705132150642
2019-05-16,1.1514246575342466,1.26421303520649,-2.1256376927407366
2019-05-17,1.132904109589041,2.199844225933571,-3.1427483355226125
2019-05-18,1.1124383561643836,2.769824556105682,-2.8522629122700653
2019-05-19,1.110082191780822,2.902159645673648,-2.90224183745447
2019-05-20,1.1067945205479452,2.3225720095654645,-2.71936653011341
2019-05-21,1.1253972602739726,2.6180395192247548,-2.8634367794987274
2019-05-22,1.139945205479452,3.3267370956209614,-3.3466823011004134
2019-05-23,1.1387123287671232,3.5091782617607574,-1.8578905905278806
2019-05-24,1.1373972602739726,3.7641561332043825,-0.6515533934783551
2019-05-25,1.141945205479452,3.4835597159230334,-1.7455049214024856
2019-05-26,1.1477534246575343,4.096879701873156,-2.5346331265306907
2019-05-27,1.1635342465753424,3.719338430359282,-1.9628726769346245
2019-05-28,1.1835890410958902,3.140810154981692,-4.364399196077582
2019-05-29,1.2016712328767123,2.753534426144319,-5.6352056590210315
2019-05-30,1.2050410958904112,2.720678086137294,-3.4257191820277053
2019-05-31,1.1915890410958905,3.404964001135538,-0.5965530422314287
2019-06-01,1.1855068493150687,4.208854412094443,1.4356387385904892
2019-06-02,1.1856712328767123,4.4431073098815865,2.0812214572417016
2019-06-03,1.1724931506849314,4.101932037665219,3.1355748116498496
2019-06-04,1.1637808219178083,4.352151918241264,3.814067259840929
2019-06-05,1.17413698630137,4.515270990949378,2.6805920227492512
2019-06-06,1.170849315068493,4.64739533236139,-1.3282446474298832
2019-06-07,1.16613698630137,4.398231300046674,0.07563171365195576
2019-06-08,1.1567397260273973,4.771327892951485,-1.2480676189788822
2019-06-09,1.1730958904109592,4.822098528708422,0.9548055808806186
2019-06-10,1.171095890410959,5.01027696214713,-0.29137285255808987
2019-06-11,1.171232876712329,5.386000179568977,-0.40723305628130557
2019-06-12,1.1926027397260275,5.604099231202276,-1.0967019709283035
2019-06-13,1.1956986301369863,5.769240783713691,-0.5949394138506774
2019-06-14,1.1999726027397262,6.115490871525423,1.9845365257348524
2019-06-15,1.222164383561644,6.618806642512426,-0.18097102607406956
2019-06-16,1.245123287671233,6.442742013077933,-3.3378653007491668
2019-06-17,1.2554794520547947,6.005523186242669,1.6689973617025364
2019-06-18,1.2718904109589042,6.105474011672947,1.742635577368148
2019-06-19,1.2833972602739727,6.463422027127811,1.763180712598217
2019-06-20,1.2910136986301373,6.6153679351011165,-0.646381633731254
2019-06-21,1.3072602739726031,6.7376236428636735,-0.7948839168362767
2019-06-22,1.3041095890410963,6.846494735241616,-1.5106043242827125
2019-06-23,1.293369863013699,7.677430615115167,0.11919952187113392
2019-06-24,1.2790958904109593,7.638049793197358,4.602854316391682
2019-06-25,1.2804109589041097,7.216994998676809,7.622594042419082
2019-06-26,1.2812054794520549,7.726461437032974,8.452333083514972
2019-06-27,1.273178082191781,7.816629930183659,7.95019198762456
2019-06-28,1.2606849315068498,7.758190889087769,5.871124179405382
2019-06-29,1.2521095890410963,7.849064176759002,5.958826234199902
2019-06-30,1.2541369863013703,7.624521711005577,6.891341302693053
2019-07-01,1.2680547945205483,7.535721711005578,4.6762234944738745
2019-07-02,1.274109589041096,7.660425820594618,2.8454645903642852
2019-07-03,1.2786027397260276,7.659828560320647,1.5215686999533267
2019-07-04,1.3024657534246578,7.68018212547695,1.577352121098393
2019-07-05,1.334301369863014,7.488536884872805,2.807161745264181
2019-07-06,1.3499178082191783,7.555372852558088,2.894709339222734
2019-07-07,1.3559178082191785,7.205849143390544,0.13823304839027717
2019-07-08,1.3719452054794523,7.305116442301679,-0.767061647781131
2019-07-09,1.3794794520547948,7.330495437735468,-0.47997488979026315
2019-07-10,1.3961369863013702,7.646339484100062,-1.9824764704014326
2019-07-11,1.4294794520547947,7.703801373808528,-1.3032808258633217
2019-07-12,1.4530958904109592,8.03939533236139,-1.6024912227723505
2019-07-13,1.4752054794520548,8.195239378725985,-4.1304448581780395
2019-07-14,1.4943013698630139,8.524629614061425,-4.378930983924439
2019-07-15,1.501972602739726,8.249456449326617,-4.481429052066344
2019-07-16,1.5167123287671234,8.07071672329922,-1.7274290520663431
2019-07-17,1.5308219178082192,8.549601865554225,-1.3404237833624437
2019-07-18,1.5326027397260276,8.76107921012746,-1.4236819498534894
2019-07-19,1.5366849315068496,8.624287499554926,0.03902756893822357
2019-07-20,1.5419726027397263,8.375106607387734,1.8329207898725404
2019-07-21,1.534328767123288,8.768581141985555,0.7970900908911567
2019-07-22,1.5338082191780824,8.909926417714393,2.1762653631075235
2019-07-23,1.555123287671233,8.911056027830305,4.093820684498462
2019-07-24,1.5855890410958906,8.542165265624476,5.622245693279634
2019-07-25,1.6197808219178085,8.147170534328373,4.923048643753818
2019-07-26,1.6565205479452054,8.681203551539472,3.3422759005153218
2019-07-27,1.6816712328767123,8.519180369242317,-0.5808516021190302
2019-07-28,1.6813698630136988,7.949296983221945,-2.3606668462356444
2019-07-29,1.6814520547945206,8.453571658318538,-0.4450237131130592
2019-07-30,1.6935616438356165,9.16424113496062,0.1521972212037639
2019-07-31,1.705095890410959,8.66974657928798,-2.9248424696989384
2019-08-01,1.7274520547945205,8.564114686067047,0.1584332591384321
2019-08-02,1.7569863013698628,8.37739533236139,-3.074381633731253
2019-08-03,1.7703013698630135,8.975322975494512,-3.455624345357526
2019-08-04,1.7813698630136985,8.932508785118678,-1.153878648132376
2019-08-05,1.8088767123287668,8.89066614374179,0.8604571439294446
2019-08-06,1.811808219178082,8.38539743984295,0.7327943409789661
2019-08-07,1.796821917808219,8.317084127584431,-0.8739060453926504
2019-08-08,1.7912054794520547,8.196149810759705,0.05264470978823965
2019-08-09,1.7966027397260271,8.677133302154154,2.736263958119821
2019-08-10,1.8026575342465752,7.893801373808529,1.853541091944896
2019-08-11,1.7992876712328765,7.751190906650114,2.9495214221170087
2019-08-12,1.8083835616438355,7.766952761233887,-2.0853363228777226
2019-08-13,1.8186027397260272,7.973079912621312,-5.981682652347339
2019-08-14,1.814657534246575,8.140393576126758,-5.155051110373334
2019-08-15,1.8004109589041093,7.9143275417045595,-2.8547385006086685
2019-08-16,1.7862739726027395,8.228461718030514,-2.674735690633254
2019-08-17,1.7841369863013696,7.889133302154154,1.5167297115444756
2019-08-18,1.7882739726027395,7.4533911173982705,3.1283349099989888
2019-08-19,1.7870958904109586,7.278654903840141,0.8342492057489013
2019-08-20,1.7676438356164383,7.753854060847515,-2.981497896463954
2019-08-21,1.754986301369863,7.775518971279549,-1.9205052726494118
2019-08-22,1.7553150684931507,7.320444155684187,1.5342407758226626
2019-08-23,1.7515342465753423,6.861314545568274,1.9371512078563837
2019-08-24,1.7603561643835617,6.879403762287627,1.9702400733288101
2019-08-25,1.7680821917808218,6.47600298954439,2.755914818674788
2019-08-26,1.7664383561643837,6.201467689228267,3.462093954607348
2019-08-27,1.7531506849315068,6.061980509741088,4.564868805327406
2019-08-28,1.7153698630136986,6.24275887293041,2.5818712640558905
2019-08-29,1.6776164383561643,5.6700816688559454,3.0123018927878897
2019-08-30,1.651808219178082,5.8623928736329045,3.605798907189012
2019-08-31,1.6490958904109587,5.695381282484327,3.475522827104715
2019-09-01,1.650739726027397,5.494617671665921,2.184642602306682
2019-09-02,1.6392328767123288,5.281013878199114,-1.0702467549114436
2019-09-03,1.6231232876712327,5.586893049256367,0.1399836630724005
2019-09-04,1.6175068493150684,6.073948195023842,2.26854495566109
2019-09-05,1.6073698630136986,6.217741661831007,-4.575111524844706
2019-09-06,1.5949041095890408,5.98430997935823,-6.929214088947271
2019-09-07,1.5833698630136985,5.390670358704909,-5.694040221718608
2019-09-08,1.5764657534246576,4.631134004648008,-6.577599758072665
2019-09-09,1.560931506849315,4.917950302505401,-5.328881809354717
2019-09-10,1.5755068493150683,5.093451531869645,-3.1589583811847137
2019-09-11,1.5977534246575342,5.059232353787453,-0.7569857784449869
2019-09-12,1.625123287671233,5.30114735203122,1.2837293602975484
2019-09-13,1.633041095890411,5.471748686769539,3.3152102173400504
2019-09-14,1.6244657534246574,5.39086494950224,4.114669297073104
2019-09-15,1.6115342465753424,5.345998072087418,4.70246768133724
2019-09-16,1.6092876712328765,4.331037762990123,5.169674565776999
2019-09-17,1.633780821917808,4.213026523088471,3.09319265499372
2019-09-18,1.6625205479452052,4.014211630218784,1.2632678218360107
2019-09-19,1.6811506849315063,3.938477172895285,-0.13962785782679088
2019-09-20,1.6769863013698627,3.9207848652029775,2.39222883342716
2019-09-21,1.66972602739726,3.8721484057719975,1.8381255668307421
2019-09-22,1.660712328767123,3.723670007457983,1.6656176637748938
2019-09-23,1.6471232876712325,3.1143795262496936,-1.9215028139209263
2019-09-24,1.640958904109589,3.4609703235802174,-0.2119292276898066
2019-09-25,1.637808219178082,3.9452815283571745,-2.0630897475352565
2019-09-26,1.6359452054794517,3.9082692347147447,-0.4042144401941967
2019-09-27,1.645698630136986,3.8416201303944075,1.5326812394686065
2019-09-28,1.6464383561643832,3.7382074152556646,-0.6346457714200477
2019-09-29,1.6357534246575338,3.4934508293757913,2.3707957459666753
2019-09-30,1.617534246575342,2.7181947703663076,1.4242709830583498
2019-10-01,1.5927671232876708,1.961820341142563,3.365412535569766
2019-10-02,1.5838630136986298,2.31159203064028,-2.3054550443389097
2019-10-03,1.5799178082191776,2.551293470752679,-5.911211278971857
2019-10-04,1.5824931506849311,3.110797510092335,-3.003290660777266
2019-10-05,1.5822191780821915,3.1437395543494477,-3.565958732431639
2019-10-06,1.585671232876712,2.9772091714902973,-2.7128804043670094
2019-10-07,1.5941643835616435,2.783380579990473,-5.427544963552117
2019-10-08,1.6053972602739721,2.857145947043512,2.897456792682516
2019-10-09,1.6137260273972598,2.7451340046480075,-1.2688600320452674
2019-10-10,1.6254520547945202,2.5351747492914916,-4.000626804086012
2019-10-11,1.6399452054794517,2.297583600714042,1.2624711938065065
2019-10-12,1.6578630136986299,1.5673257854699252,5.3148112008314445
2019-10-13,1.6793150684931502,0.6918990204541192,6.088785911052732
2019-10-14,1.7053424657534244,0.5998140186978846,4.544843515548691
2019-10-15,1.7057808219178079,0.07143748199258068,0.8527816960896113
2019-10-16,1.7210958904109586,0.434118198536311,-0.6952140889472695
2019-10-17,1.732712328767123,0.9325242399834485,0.6947634312494285
2019-10-18,1.742739726027397,0.9541547282166764,-0.056894454244073134
2019-10-19,1.75372602739726,1.0387174257930725,1.357556546809668
2019-10-20,1.7633698630136982,1.0161645631306206,2.440465573855681
2019-10-21,1.7673972602739723,0.7095365336258791,3.4530662061001487
2019-10-22,1.7729863013698628,0.8556067830111969,4.29140691561894
2019-10-23,1.7770684931506846,1.5459798072472348,3.2969516996020807
2019-10-24,1.7840821917808216,1.6977065371383482,0.3482112710808303
2019-10-25,1.7939178082191778,1.6723781212619873,1.653704070518835
2019-10-26,1.8097808219178078,1.2832211138858016,4.666998064196391
2019-10-27,1.8262739726027393,0.10286705698379968,4.380858970413461
2019-10-28,1.8550410958904107,-0.5999956054679039,2.8049545095774926
2019-10-29,1.8744109589041091,-0.9022604456505525,2.4278494867464433
2019-10-30,1.8791506849315067,-0.5789769893807946,1.2898263044492877
2019-10-31,1.8788767123287669,-0.33294748463896096,0.584070772310194
2019-11-01,1.8775068493150682,-0.3139752331461618,-0.5835316161689064
2019-11-02,1.8793424657534246,-0.6598066346213988,0.00046416886797417956
2019-11-03,1.8890410958904107,-1.6624030519027482,-0.5366380439876623
2019-11-04,1.9232328767123286,-1.9510739335325336,-1.1321589431797947
2019-11-05,1.9531232876712328,-2.8881269718184486,-1.384996315852784
2019-11-06,1.9603287671232876,-4.0193633610000425,-2.0209654061232456
2019-11-07,1.9788767123287667,-3.271392163248023,-2.1474845490807435
2019-11-08,2.0006575342465753,-2.9015333645125123,-4.579124169734063
2019-11-09,2.0173698630136983,-3.2643222651096324,-6.813047597904067
2019-11-10,2.0283287671232872,-3.2585365257348515,-5.819792241388435
2019-11-11,2.046876712328767,-2.783034593876755,-2.5238421184520115
2019-11-12,2.062739726027397,-3.6141571790541347,-4.4385825469732625
2019-11-13,2.0825205479452054,-4.008117839398357,-6.494402708546849
2019-11-14,2.1050958904109587,-4.270810498337591,-3.9342853920733685
2019-11-15,2.1070958904109585,-3.8082077586115646,-2.298888131799394
2019-11-16,2.1161369863013695,-4.5146468172698,-2.951490169031569
2019-11-17,2.1243561643835616,-4.422303297775596,-3.072052866607966
2019-11-18,2.137397260273972,-3.870726901569063,-4.696670358704909
2019-11-19,2.1501917808219178,-4.790910252464743,0.5607184716428248
2019-11-20,2.162712328767123,-4.439180712598216,1.1164683838310934
2019-11-21,2.1773150684931504,-4.460228833427158,-0.7670862350659915
2019-11-22,2.195260273972602,-4.114927814811072,-1.43033245916153
2019-11-23,2.202,-4.292378464617886,-0.19962153538211425
2019-11-24,2.1952328767123284,-4.150512640943843,1.6252797642315144
2019-11-25,2.1953424657534244,-3.947609233848656,3.3422667680952314
2019-11-26,2.197616438356164,-4.23279925843594,2.6451828200797762
2019-11-27,2.210684931506849,-4.137071826050973,0.926386894544124
2019-11-28,2.2250410958904108,-4.800926409823366,-0.5141146860670451
2019-11-29,2.231917808219178,-5.359052156223084,-1.1528656519960938
2019-11-30,2.226712328767123,-5.913653490961405,-1.603058837805718
2019-12-01,2.217835616438356,-5.665217242278582,-0.7726183741597739
2019-12-02,2.2135342465753425,-5.219905686254697,-3.093628560320645
2019-12-03,2.2102191780821916,-5.219241127069589,-0.3409780510126028
2019-12-04,2.202931506849315,-5.187364765987748,3.5444332591384335
2019-12-05,2.1888219178082187,-5.240638387343562,2.7718164695353433
2019-12-06,2.1830410958904105,-5.291845974277177,0.5088048783867656
2019-12-07,2.183369863013698,-5.151193357487574,-0.14217650552612415
2019-12-08,2.175150684931506,-5.3989172774032745,2.6637665924717684
2019-12-09,2.1585479452054788,-5.646160691523401,-2.072387253682077
2019-12-10,2.1465205479452045,-6.152559005538153,-3.7439615424070514
2019-12-11,2.1331780821917805,-6.533144885411704,1.6899668032199235
2019-12-12,2.12731506849315,-6.692673512036221,-4.854641556456929
2019-12-13,2.1211506849315067,-6.35418246883285,-4.716968216098657
2019-12-14,2.1130136986301364,-5.93785791667268,1.2148442180425434
2019-12-15,2.1008767123287666,-6.405264309366745,3.104387597037979
2019-12-16,2.098986301369863,-6.692153666584869,3.5831673652150062
2019-12-17,2.087972602739726,-6.653272739292981,4.075300136553255
2019-12-18,2.0734246575342463,-5.980386192050272,4.326961534516025
2019-12-19,2.0564383561643833,-5.777692830617183,2.9912544744528
2019-12-20,2.0436438356164377,-5.485762377508649,1.732118541892211
2019-12-21,2.0343561643835613,-4.766436771607699,-0.8679193927758622
2019-12-22,2.030684931506849,-4.468885665179881,-2.491799266326968
2019-12-23,2.0230684931506846,-5.35002370522203,-2.903044787928655
2019-12-24,2.0121643835616436,-5.8695937789838855,-0.05257060457775786
2019-12-25,1.9979999999999998,-6.218338422468254,-0.7296615775317461
2019-12-26,1.9786301369863013,-6.886126269324594,0.4574961323382922
2019-12-27,1.9604383561643832,-7.221306458997936,0.6908681028335524
2019-12-28,1.9464109589041092,-6.639114678176017,0.882703719271908
2019-12-29,1.9323561643835614,-7.187616961281041,4.15526079689748
2019-12-30,1.9111506849315067,-7.054204246142298,5.823053561210791
2019-12-31,1.9036986301369863,-6.874877937747495,4.60117930761051
2020-01-01,1.9013698630136986,-6.34970969046966,5.3983398274559615
2020-01-02,1.8989041095890409,-5.796353877333025,1.9474497677439837
2020-01-03,1.8841369863013697,-6.567875479019009,3.6137384927176397
2020-01-04,1.87372602739726,-6.952945377157402,0.989219349760142
2020-01-05,1.872027397260274,-6.344883557698322,-0.017143839561952312
2020-01-06,1.870164383561644,-5.8177110954573665,3.1375467118957223
2020-01-07,1.8654520547945208,-5.446057424926983,-0.07939462986753743
2020-01-08,1.8684657534246578,-4.891534067006366,2.803068313581708
2020-01-09,1.881232876712329,-4.98428643792312,4.143053561210791
2020-01-10,1.8907123287671235,-5.72706199113703,-0.1636503376300933
2020-01-11,1.8861095890410962,-5.9490205439996915,0.5629109549585953
2020-01-12,1.8909315068493155,-6.536574460402923,4.495642953553608
2020-01-13,1.8975342465753426,-6.733023353975104,2.745489107399761
2020-01-14,1.9005205479452059,-7.031281169219221,4.520760621274015
2020-01-15,1.8947945205479457,-6.974241478316517,3.4194469577685718
2020-01-16,1.8860273972602744,-6.85518563005519,2.4391582327949157
2020-01-17,1.8776164383561649,-6.246212676068536,0.16859623771237153
2020-01-18,1.8670684931506853,-6.688383382074859,-3.958685111075825
2020-01-19,1.85841095890411,-7.324531608277878,-6.633879350626232
2020-01-20,1.8554794520547948,-7.4403398274559605,-5.485139624598834
2020-01-21,1.8492328767123292,-7.088863887870433,2.069631011158104
2020-01-22,1.838301369863014,-7.545687913160211,5.167386543297196
2020-01-23,1.8216164383561646,-7.297627498688838,5.1960110603326735
2020-01-24,1.7997808219178086,-7.335795394719748,3.7960145728019388
2020-01-25,1.786164383561644,-7.293775724891859,1.1776113413302145
2020-01-26,1.7858904109589044,-6.831487702412056,-0.2244027085468483
2020-01-27,1.7983835616438357,-6.521976638133868,-0.4364069235099679
2020-01-28,1.809205479452055,-6.593745517656172,-1.6554599617958825
2020-01-29,1.8132328767123287,-6.734910954958596,-2.2483219217537327
2020-01-30,1.8304931506849316,-6.943091495878863,1.502598345193932
2020-01-31,1.8436712328767122,-6.357349311122979,4.563678078246267
2020-02-01,1.8616986301369862,-6.145156827807209,3.6934581976702225
2020-02-02,1.8694794520547946,-7.438229535921012,5.048750083866217
2020-02-03,1.8555342465753428,-7.513642251059754,6.518108004484412
2020-02-04,1.8287945205479454,-7.509302244034816,-1.3294922765131298
2020-02-05,1.8175342465753426,-7.6464121843228385,-4.121122062252502
2020-02-06,1.8214520547945208,-7.4344395815831135,1.3329875267885924
2020-02-07,1.827041095890411,-7.514391109507243,4.507350013616832
2020-02-08,1.8243561643835617,-7.884687561913284,3.250331397529723
2020-02-09,1.8276986301369864,-7.442676322011634,1.7549776918746476
2020-02-10,1.8254246575342468,-7.944499293560633,5.369074636026387
2020-02-11,1.838,-7.9744669788433855,0.406466978843385
2020-02-12,1.861945205479452,-8.227892338871486,-3.1140528666079668
2020-02-13,1.8778904109589043,-7.812736033989153,-1.0151543769697513
2020-02-14,1.8853424657534248,-7.438166311474226,0.512823845720801
2020-02-15,1.893068493150685,-6.508159989029547,5.745091495878862
2020-02-16,1.8936712328767122,-6.458881450216762,7.28521021734005
2020-02-17,1.8814520547945204,-6.808605370132464,4.587153315337944
2020-02-18,1.8743013698630135,-7.457442040311599,-1.7368593295514154
2020-02-19,1.8832876712328768,-7.011469437571872,-3.141818233661004
2020-02-20,1.898,-6.687996307961758,1.4299963079617584
2020-02-21,1.9082191780821915,-6.739202489907665,0.9409833118254731
2020-02-22,1.9069315068493151,-6.268228833427159,5.741297326577843
2020-02-23,1.8970684931506847,-6.656306810244861,7.999238317094177
2020-02-24,1.8822465753424655,-7.091073933532533,7.168827358190067
2020-02-25,1.8751232876712327,-7.197087280915743,3.44196399324451
2020-02-26,1.8693424657534243,-6.783026866444371,-5.226315599309054
2020-02-27,1.8652054794520545,-6.371295921590138,-5.603909557861916
2020-02-28,1.862657534246575,-5.973124513089962,-4.129533021156613
2020-02-29,1.8446027397260272,-6.301552331846548,-1.3030504078794793
2020-03-01,1.8200821917808216,-6.100935542243457,-0.15914664953736501
2020-03-02,1.7996986301369862,-6.587050048741524,-0.722648581395462
2020-03-03,1.7923287671232875,-6.549626796194984,-4.252701970928303
2020-03-04,1.7822191780821917,-5.825435015373067,-4.146784162709125
2020-03-05,1.7695068493150683,-5.2572614993913325,-2.5922453499237355
2020-03-06,1.792684931506849,-5.983395675717289,-2.9992892557895603
2020-03-07,1.8189863013698628,-5.6011146781760175,-4.997871623193845
2020-03-08,1.8309041095890408,-5.379382328334079,-1.1315217812549614
2020-03-09,1.8450958904109587,-5.48494045970043,-2.790155430710528
2020-03-10,1.86572602739726,-5.247581134094529,-0.25814489330273194
2020-03-11,1.8834520547945202,-4.2096563009368175,4.226204246142297
2020-03-12,1.89186301369863,-4.157675268270854,4.815812254572224
2020-03-13,1.8941917808219177,-4.757220052253995,-0.5569717285679223
2020-03-14,1.8924931506849314,-4.175884611439101,-2.79660853924583
2020-03-15,1.8924931506849314,-4.427621176244159,-1.804871974440772
2020-03-16,1.8932602739726025,-4.121782749830391,0.2885224758577887
2020-03-17,1.8931780821917807,-4.871725847828283,3.408547765636502
2020-03-18,1.8980547945205481,-4.816027217691297,3.707972423170749
2020-03-19,1.904164383561644,-5.09124323455115,3.7970788509895055
2020-03-20,1.916109589041096,-5.183326128825824,2.287216539784728
2020-03-21,1.9186849315068493,-5.528761323767869,2.6200763922610193
2020-03-22,1.9216438356164383,-4.983116785657577,1.1714729500411387
2020-03-23,1.9215342465753424,-4.696721281618237,-1.2548129649571056
2020-03-24,1.93213698630137,-4.554541443191823,-4.8575955431095466
2020-03-25,1.9342191780821918,-4.402521773363936,-6.7416974047182565
2020-03-26,1.9407123287671233,-4.0947479763846575,-4.6459643523824665
2020-03-27,1.9213150684931506,-3.26172514533443,0.8604100768412795
2020-03-28,1.8885753424657534,-3.033782749830391,0.06520740736463759
2020-03-29,1.8655342465753426,-3.121732872766815,-2.8838013738085273
2020-03-30,1.8406301369863014,-3.5048828552044693,-5.885747281781832
2020-03-31,1.8320000000000003,-3.3825512781057685,-7.139448721894231
2020-04-01,1.826219178082192,-3.7824444990400856,-2.1137746790421064
2020-04-02,1.8340273972602739,-4.325312781442614,-1.39871461581766
2020-04-03,1.8495890410958906,-4.430534418253292,-1.959054622842598
2020-04-04,1.8484109589041096,-4.3496829957032395,0.3212720367991295
2020-04-05,1.8430958904109591,-3.8241065994967074,2.571010709085748
2020-04-06,1.8358904109589043,-3.699958373293686,2.0840679623347818
2020-04-07,1.8403287671232875,-3.529810849584518,2.4594820824612307
2020-04-08,1.8174520547945203,-3.295453982707103,2.5480019279125825
2020-04-09,1.8164109589041093,-3.9501670139680796,3.85375605506397
2020-04-10,1.8283287671232875,-3.63545749517637,4.447128728053082
2020-04-11,1.812794520547945,-3.0300827147056983,3.287288194157753
2020-04-12,1.7763013698630137,-2.676071474804047,2.6897701049410334
2020-04-13,1.7371506849315068,-2.658051804976158,2.350901120044651
2020-04-14,1.705835616438356,-2.376564625488979,-1.6392709909493766
2020-04-15,1.68958904109589,-2.1774286929283893,4.327839651832499
2020-04-16,1.6733150684931504,-1.7045006985483397,4.071185630055189
2020-04-17,1.6550684931506847,-1.60474165393998,4.2796731607892955
2020-04-18,1.6395342465753422,-1.3483911095072436,3.928856862931901
2020-04-19,1.6227123287671232,-0.970426936693756,3.8977146079266327
2020-04-20,1.6106849315068492,-0.5687809935957578,2.6180960620889087
2020-04-21,1.6018904109589038,-0.44575535257011695,2.253864941611213
2020-04-22,1.5885479452054794,-0.36008903715037677,0.7815410919448972
2020-04-23,1.5809589041095888,-0.10397944810928078,1.5530205439996918
2020-04-24,1.5786849315068494,-0.08841780427366439,2.209732872766815
2020-04-25,1.5673150684931507,-0.2501269718184484,1.3228119033252979
2020-04-26,1.5523287671232875,-0.2514750575226986,1.4591462903994108
2020-04-27,1.5296164383561643,0.11849895020473389,1.9018846114391015
2020-04-28,1.5084383561643833,-0.08670371927190826,0.11826536310752503
2020-04-29,1.5013150684931507,-0.2317651874840614,-2.2695498810090893
2020-04-30,1.4955616438356163,0.1394501268819379,-1.5950117707175542
2020-05-01,1.5016438356164383,-0.018806985868325486,-2.092836849748113
2020-05-02,1.5178904109589042,0.16499912582819712,-2.9128895367871013
2020-05-03,1.5307671232876712,0.8065144050695039,-2.7172815283571747
2020-05-04,1.5513150684931505,0.8789808609880143,1.0397040705188354
2020-05-05,1.56586301369863,1.1716327752837643,0.5025042110176059
2020-05-06,1.572931506849315,1.6106717636926158,-1.8436032705419307
2020-05-07,1.591780821917808,1.9133068181358892,1.9149123599463027
2020-05-08,1.608767123287671,2.3271382196111263,2.9540946571012023
2020-05-09,1.634849315068493,2.3469380088629705,2.988212676068536
2020-05-10,1.6661369863013697,2.079670709951836,0.2641923037467939
2020-05-11,1.691972602739726,1.521290660777266,-1.393263263516992
2020-05-12,1.7065479452054793,0.8342860945672206,-0.5208340397726998
2020-05-13,1.723616438356164,0.4417557117080709,1.2846278499357653
2020-05-14,1.7473424657534244,0.5229106116026966,1.3297469226438792
2020-05-15,1.765917808219178,1.26421303520649,-2.010130843425668
2020-05-16,1.7833972602739725,2.199844225933571,-0.4932414862075434
2020-05-17,1.8036164383561641,2.769824556105682,-0.5434409944618457
2020-05-18,1.8126027397260271,2.902159645673648,1.155237614600325
2020-05-19,1.8324383561643836,2.3225720095654645,1.2249896342701518
2020-05-20,1.8503013698630135,2.6180395192247548,0.9816591109122319
2020-05-21,1.852794520547945,3.3267370956209614,1.2704683838310942
2020-05-22,1.842739726027397,3.5091782617607574,3.988082012211845
2020-05-23,1.8471780821917805,3.7641561332043825,1.0986657846038366
2020-05-24,1.8644109589041093,3.4835597159230334,-4.937970674827143
2020-05-25,1.8654520547945204,4.096879701873156,-3.212331756667677
2020-05-26,1.8622465753424655,3.719338430359282,-1.8315850057017475
2020-05-27,1.861780821917808,3.140810154981692,-0.2725909768994996
2020-05-28,1.8590136986301369,2.753534426144319,-1.052548124774456
2020-05-29,1.8642465753424657,2.720678086137294,-1.57492466147976
2020-05-30,1.8745753424657532,3.404964001135538,-3.179539343601291
2020-05-31,1.8865753424657532,4.208854412094443,-2.505429754560196
2020-06-01,1.891808219178082,4.4431073098815865,-0.1949155290596689
2020-06-02,1.8906301369863012,4.101932037665219,1.2074378253484799
2020-06-03,1.8766849315068492,4.352151918241264,0.4411631502518869
2020-06-04,1.8535616438356164,4.515270990949378,-3.148832634784994
2020-06-05,1.83586301369863,4.64739533236139,-4.10325834606002
2020-06-06,1.8270136986301369,4.398231300046674,-0.4652449986768108
2020-06-07,1.8193972602739725,4.771327892951485,-4.910725153225457
2020-06-08,1.7992876712328765,4.822098528708422,-5.731386199941299
2020-06-09,1.796219178082192,5.01027696214713,-5.3064961402293225
2020-06-10,1.7945205479452055,5.386000179568977,-5.900520727514182
2020-06-11,1.7812876712328767,5.604099231202276,-3.8253869024351523
2020-06-12,1.7878082191780824,5.769240783713691,-3.4370490028917735
2020-06-13,1.796082191780822,6.115490871525423,-1.5815730633062453
2020-06-14,1.7876712328767124,6.618806642512426,-5.176477875389138
2020-06-15,1.794054794520548,6.442742013077933,-4.576796807598481
2020-06-16,1.7953424657534245,6.005523186242669,-2.890865651996093
2020-06-17,1.7918082191780822,6.105474011672947,-4.087282230851029
2020-06-18,1.7827397260273972,6.463422027127811,-4.936161753155208
2020-06-19,1.7778356164383562,6.6153679351011165,-5.803203551539473
2020-06-20,1.7760547945205478,6.7376236428636735,-4.6536784373842215
2020-06-21,1.7815616438356163,6.846494735241616,-3.3280563790772324
2020-06-22,1.7897534246575342,7.677430615115167,-3.1571840397727016
2020-06-23,1.8110684931506849,7.638049793197358,0.09088171365195574
2020-06-24,1.826246575342466,7.216994998676809,1.9067584259807235
2020-06-25,1.8304657534246576,7.726461437032974,0.8330728095423687
2020-06-26,1.815178082191781,7.816629930183659,0.7681919876245615
2020-06-27,1.7966849315068494,7.758190889087769,0.21512417940538153
2020-06-28,1.7871506849315066,7.849064176759002,0.2937851383094898
2020-06-29,1.76558904109589,7.624521711005577,-1.360110752101467
2020-06-30,1.7392054794520546,7.535721711005578,1.485072809542367
2020-07-01,1.7095342465753425,7.660425820594618,1.5600399328300387
2020-07-02,1.678109589041096,7.659828560320647,0.22206185063825767
2020-07-03,,7.68018212547695,
2020-07-04,,7.488536884872805,
2020-07-05,,7.555372852558088,
2020-07-06,,7.205849143390544,
2020-07-07,,7.305116442301679,
2020-07-08,,7.330495437735468,
2020-07-09,,7.646339484100062,
2020-07-10,,7.703801373808528,
2020-07-11,,8.03939533236139,
2020-07-12,,8.195239378725985,
2020-07-13,,8.524629614061425,
2020-07-14,,8.249456449326617,
2020-07-15,,8.07071672329922,
2020-07-16,,8.549601865554225,
2020-07-17,,8.76107921012746,
2020-07-18,,8.624287499554926,
2020-07-19,,8.375106607387734,
2020-07-20,,8.768581141985555,
2020-07-21,,8.909926417714393,
2020-07-22,,8.911056027830305,
2020-07-23,,8.542165265624476,
2020-07-24,,8.147170534328373,
2020-07-25,,8.681203551539472,
2020-07-26,,8.519180369242317,
2020-07-27,,7.949296983221945,
2020-07-28,,8.453571658318538,
2020-07-29,,9.16424113496062,
2020-07-30,,8.66974657928798,
2020-07-31,,8.564114686067047,
2020-08-01,,8.37739533236139,
2020-08-02,,8.975322975494512,
2020-08-03,,8.932508785118678,
2020-08-04,,8.89066614374179,
2020-08-05,,8.38539743984295,
2020-08-06,,8.317084127584431,
2020-08-07,,8.196149810759705,
2020-08-08,,8.677133302154154,
2020-08-09,,7.893801373808529,
2020-08-10,,7.751190906650114,
2020-08-11,,7.766952761233887,
2020-08-12,,7.973079912621312,
2020-08-13,,8.140393576126758,
2020-08-14,,7.9143275417045595,
2020-08-15,,8.228461718030514,
2020-08-16,,7.889133302154154,
2020-08-17,,7.4533911173982705,
2020-08-18,,7.278654903840141,
2020-08-19,,7.753854060847515,
2020-08-20,,7.775518971279549,
2020-08-21,,7.320444155684187,
2020-08-22,,6.861314545568274,
2020-08-23,,6.879403762287627,
2020-08-24,,6.47600298954439,
2020-08-25,,6.201467689228267,
2020-08-26,,6.061980509741088,
2020-08-27,,6.24275887293041,
2020-08-28,,5.6700816688559454,
2020-08-29,,5.8623928736329045,
2020-08-30,,5.695381282484327,
2020-08-31,,5.494617671665921,
2020-09-01,,5.281013878199114,
2020-09-02,,5.586893049256367,
2020-09-03,,6.073948195023842,
2020-09-04,,6.217741661831007,
2020-09-05,,5.98430997935823,
2020-09-06,,5.390670358704909,
2020-09-07,,4.631134004648008,
2020-09-08,,4.917950302505401,
2020-09-09,,5.093451531869645,
2020-09-10,,5.059232353787453,
2020-09-11,,5.30114735203122,
2020-09-12,,5.471748686769539,
2020-09-13,,5.39086494950224,
2020-09-14,,5.345998072087418,
2020-09-15,,4.331037762990123,
2020-09-16,,4.213026523088471,
2020-09-17,,4.014211630218784,
2020-09-18,,3.938477172895285,
2020-09-19,,3.9207848652029775,
2020-09-20,,3.8721484057719975,
2020-09-21,,3.723670007457983,
2020-09-22,,3.1143795262496936,
2020-09-23,,3.4609703235802174,
2020-09-24,,3.9452815283571745,
2020-09-25,,3.9082692347147447,
2020-09-26,,3.8416201303944075,
2020-09-27,,3.7382074152556646,
2020-09-28,,3.4934508293757913,
2020-09-29,,2.7181947703663076,
2020-09-30,,1.961820341142563,
2020-10-01,,2.31159203064028,
2020-10-02,,2.551293470752679,
2020-10-03,,3.110797510092335,
2020-10-04,,3.1437395543494477,
2020-10-05,,2.9772091714902973,
2020-10-06,,2.783380579990473,
2020-10-07,,2.857145947043512,
2020-10-08,,2.7451340046480075,
2020-10-09,,2.5351747492914916,
2020-10-10,,2.297583600714042,
2020-10-11,,1.5673257854699252,
2020-10-12,,0.6918990204541192,
2020-10-13,,0.5998140186978846,
2020-10-14,,0.07143748199258068,
2020-10-15,,0.434118198536311,
2020-10-16,,0.9325242399834485,
2020-10-17,,0.9541547282166764,
2020-10-18,,1.0387174257930725,
2020-10-19,,1.0161645631306206,
2020-10-20,,0.7095365336258791,
2020-10-21,,0.8556067830111969,
2020-10-22,,1.5459798072472348,
2020-10-23,,1.6977065371383482,
2020-10-24,,1.6723781212619873,
2020-10-25,,1.2832211138858016,
2020-10-26,,0.10286705698379968,
2020-10-27,,-0.5999956054679039,
2020-10-28,,-0.9022604456505525,
2020-10-29,,-0.5789769893807946,
2020-10-30,,-0.33294748463896096,
2020-10-31,,-0.3139752331461618,
2020-11-01,,-0.6598066346213988,
2020-11-02,,-1.6624030519027482,
2020-11-03,,-1.9510739335325336,
2020-11-04,,-2.8881269718184486,
2020-11-05,,-4.0193633610000425,
2020-11-06,,-3.271392163248023,
2020-11-07,,-2.9015333645125123,
2020-11-08,,-3.2643222651096324,
2020-11-09,,-3.2585365257348515,
2020-11-10,,-2.783034593876755,
2020-11-11,,-3.6141571790541347,
2020-11-12,,-4.008117839398357,
2020-11-13,,-4.270810498337591,
2020-11-14,,-3.8082077586115646,
2020-11-15,,-4.5146468172698,
2020-11-16,,-4.422303297775596,
2020-11-17,,-3.870726901569063,
2020-11-18,,-4.790910252464743,
2020-11-19,,-4.439180712598216,
2020-11-20,,-4.460228833427158,
2020-11-21,,-4.114927814811072,
2020-11-22,,-4.292378464617886,
2020-11-23,,-4.150512640943843,
2020-11-24,,-3.947609233848656,
2020-11-25,,-4.23279925843594,
2020-11-26,,-4.137071826050973,
2020-11-27,,-4.800926409823366,
2020-11-28,,-5.359052156223084,
2020-11-29,,-5.913653490961405,
2020-11-30,,-5.665217242278582,
2020-12-01,,-5.219905686254697,
2020-12-02,,-5.219241127069589,
2020-12-03,,-5.187364765987748,
2020-12-04,,-5.240638387343562,
2020-12-05,,-5.291845974277177,
2020-12-06,,-5.151193357487574,
2020-12-07,,-5.3989172774032745,
2020-12-08,,-5.646160691523401,
2020-12-09,,-6.152559005538153,
2020-12-10,,-6.533144885411704,
2020-12-11,,-6.692673512036221,
2020-12-12,,-6.35418246883285,
2020-12-13,,-5.93785791667268,
2020-12-14,,-6.405264309366745,
2020-12-15,,-6.692153666584869,
2020-12-16,,-6.653272739292981,
2020-12-17,,-5.980386192050272,
2020-12-18,,-5.777692830617183,
2020-12-19,,-5.485762377508649,
2020-12-20,,-4.766436771607699,
2020-12-21,,-4.468885665179881,
2020-12-22,,-5.35002370522203,
2020-12-23,,-5.8695937789838855,
2020-12-24,,-6.218338422468254,
2020-12-25,,-6.886126269324594,
2020-12-26,,-7.221306458997936,
2020-12-27,,-6.639114678176017,
2020-12-28,,-7.187616961281041,
2020-12-29,,-7.054204246142298,
2020-12-30,,-6.874877937747495,
2020-12-31,,-6.34970969046966,
