date,trend,seasonal,resid
1981-01-01,,-4.269164239973825,
1981-01-02,,-4.3168335058677485,
1981-01-03,,-4.117749979348605,
1981-01-04,,-4.2888382828259495,
1981-01-05,,-4.674010745066906,
1981-01-06,,-4.671347450370734,
1981-01-07,,-4.653324549071121,
1981-01-08,,-4.797623249457492,
1981-01-09,,-4.843358128277302,
1981-01-10,,-4.928491883106948,
1981-01-11,,-4.928287878891985,
1981-01-12,,-4.850736491466624,
1981-01-13,,-4.290862237866343,
1981-01-14,,-4.428815100528795,
1981-01-15,,-4.6178294314034,
1981-01-16,,-4.770564942467678,
1981-01-17,,-4.872420509731464,
1981-01-18,,-4.709624092450116,
1981-01-19,,-4.695508672710039,
1981-01-20,,-4.881104738744461,
1981-01-21,,-4.97155651254144,
1981-01-22,,-5.011596414192301,
1981-01-23,,-4.949678746471893,
1981-01-24,,-5.0033148546559465,
1981-01-25,,-4.691527640044074,
1981-01-26,,-4.555471791782747,
1981-01-27,,-4.608951595084467,
1981-01-28,,-4.9558035796296025,
1981-01-29,,-5.077918648122754,
1981-01-30,,-4.920008778084116,
1981-01-31,,-4.770048820233748,
1981-02-01,,-4.9742438325273906,
1981-02-02,,-5.0319649424676784,
1981-02-03,,-5.040197397683695,
1981-02-04,,-5.053829852899712,
1981-02-05,,-5.10705057646838,
1981-02-06,,-5.113554194311725,
1981-02-07,,-5.094958549773614,
1981-02-08,,-5.136538739446954,
1981-02-09,,-5.106476217494022,
1981-02-10,,-5.109231538884959,
1981-02-11,,-5.143588546261145,
1981-02-12,,-5.078912325678075,
1981-02-13,,-4.973080291958371,
1981-02-14,,-4.87918517429065,
1981-02-15,,-5.180480643205296,
1981-02-16,,-4.978482118442388,
1981-02-17,,-4.998999083668942,
1981-02-18,,-5.13942612968229,
1981-02-19,,-5.207620017985767,
1981-02-20,,-5.142672845523527,
1981-02-21,,-5.178863783352821,
1981-02-22,,-5.177917594381974,
1981-02-23,,-5.063111763682993,
1981-02-24,,-5.087591285987172,
1981-02-25,,-5.229912536426231,
1981-02-26,,-5.2726325223763535,
1981-02-27,,-5.268173372393916,
1981-02-28,,-5.256746396629954,
1981-03-01,,-5.118069052056719,
1981-03-02,,-5.222948504111514,
1981-03-03,,-5.2823230738340285,
1981-03-04,,-5.27592454907112,
1981-03-05,,-5.284829150405858,
1981-03-06,,-5.28737077316666,
1981-03-07,,-5.306462729612041,
1981-03-08,,-5.205065469338068,
1981-03-09,,-5.193543375906385,
1981-03-10,,-5.243241654796445,
1981-03-11,,-5.084042568038454,
1981-03-12,,-5.229053807940105,
1981-03-13,,-5.1583109909397535,
1981-03-14,,-5.19122507594151,
1981-03-15,,-5.205810534318749,
1981-03-16,,-5.021683101933783,
1981-03-17,,-5.183144640395321,
1981-03-18,,-4.976675234002627,
1981-03-19,,-5.064484858168416,
1981-03-20,,-5.0856064598544,
1981-03-21,,-5.098743375906385,
1981-03-22,,-5.035867225572701,
1981-03-23,,-4.912216786514042,
1981-03-24,,-4.818694131087277,
1981-03-25,,-4.665782715562163,
1981-03-26,,-4.699931012014569,
1981-03-27,,-4.6509270780489915,
1981-03-28,,-4.63719191823164,
1981-03-29,,-4.551629150405859,
1981-03-30,,-4.468462799861426,
1981-03-31,,-4.547610042573052,
1981-04-01,,-4.395444043275546,
1981-04-02,,-4.372053175695637,
1981-04-03,,-4.333039406816114,
1981-04-04,,-4.334229220655244,
1981-04-05,,-4.34338201306831,
1981-04-06,,-4.30185043596961,
1981-04-07,,-4.169860551881096,
1981-04-08,,-3.9009337517405975,
1981-04-09,,-3.61181636501773,
1981-04-10,,-3.636727499545303,
1981-04-11,,-3.6336877383932134,
1981-04-12,,-3.751478043978039,
1981-04-13,,-3.692365785460302,
1981-04-14,,-3.5797138009151666,
1981-04-15,,-3.537783347806631,
1981-04-16,,-3.6093682441887878,
1981-04-17,,-3.589510428944671,
1981-04-18,,-3.46416206224288,
1981-04-19,,-3.311106284230938,
1981-04-20,,-3.244348433862128,
1981-04-21,,-2.975595852197218,
1981-04-22,,-2.6407631159836598,
1981-04-23,,-2.581964380472596,
1981-04-24,,-2.3740142575361713,
1981-04-25,,-1.708426972674914,
1981-04-26,,-1.4544225469636387,
1981-04-27,,-1.4598808539534525,
1981-04-28,,-1.2709152761522584,
1981-04-29,,-0.9407757608730171,
1981-04-30,,-0.6231576365316049,
1981-05-01,,0.02735209300826165,
1981-05-02,,0.18785557035283496,
1981-05-03,,0.6329583452035549,
1981-05-04,,1.3081709198435265,
1981-05-05,,2.3344008460816723,
1981-05-06,,2.1017542707392063,
1981-05-07,,3.1048546571108258,
1981-05-08,,4.309413561220415,
1981-05-09,,4.10853291492607,
1981-05-10,,3.0496698309780546,
1981-05-11,,2.6788828973637235,
1981-05-12,,2.8937458408129677,
1981-05-13,,3.498809065259754,
1981-05-14,,4.160799862590277,
1981-05-15,,4.789499265470503,
1981-05-16,,5.381327013977703,
1981-05-17,,5.204383845730425,
1981-05-18,,5.530811032242544,
1981-05-19,,5.560187779696003,
1981-05-20,,6.052165299892701,
1981-05-21,,6.63473979936583,
1981-05-22,,6.534478120405521,
1981-05-23,,6.515019110921855,
1981-05-24,,5.188028664838258,
1981-05-25,,4.778967196626105,
1981-05-26,,4.64032076178241,
1981-05-27,,5.6091405018596845,
1981-05-28,,6.616472921951009,
1981-05-29,,6.825103901929934,
1981-05-30,,6.7739253279924565,
1981-05-31,,7.400311348364778,
1981-06-01,,7.336999722091508,
1981-06-02,,8.26541018924992,
1981-06-03,,8.43693396866685,
1981-06-04,,9.658998808849498,
1981-06-05,,11.973274748435026,
1981-06-06,,10.39584756192291,
1981-06-07,,9.516288587563933,
1981-06-08,,8.904502356443455,
1981-06-09,,8.934643627957332,
1981-06-10,,10.530866178010019,
1981-06-11,,10.956606185034957,
1981-06-12,,10.505431826060596,
1981-06-13,,10.47053172068652,
1981-06-14,,10.192893364522135,
1981-06-15,,10.779224239126984,
1981-06-16,,12.416004850296636,
1981-06-17,,10.470772114083077,
1981-06-18,,11.096265826763092,
1981-06-19,,11.505619813415707,
1981-06-20,,11.663248264416762,
1981-06-21,,12.145723642007207,
1981-06-22,,11.588645384191963,
1981-06-23,,11.291264140777843,
1981-06-24,,12.035223606882514,
1981-06-25,,13.100672711202852,
1981-06-26,,12.883870041726212,
1981-06-27,,11.686961506425893,
1981-06-28,,11.324662033296283,
1981-06-29,,10.540313807093263,
1981-06-30,,10.035217214188451,
1981-07-01,,9.93424004523868,
1981-07-02,8.903956164383562,9.816529247908157,-1.5304854122917178
1981-07-03,8.905471232876714,12.900007398593086,38.9645213685302
1981-07-04,8.90748493150685,10.913703699962952,10.500811368530197
1981-07-05,8.909339726027397,10.071884247908157,-0.1382239739355544
1981-07-06,8.91116712328767,10.157063220510896,-1.9262303437985668
1981-07-07,8.91302191780822,12.014701165716376,-3.1187230835245945
1981-07-08,8.914712328767123,10.63415383694925,-0.8898661657163753
1981-07-09,8.91669589041096,10.006386097223224,-0.5230819876341855
1981-07-10,8.919027397260274,10.888141782154731,-2.7721691794150054
1981-07-11,8.920887671232876,9.105684795853362,1.5524275329137627
1981-07-12,8.922682191780822,9.207311028730073,-1.241993220510894
1981-07-13,8.924895890410959,7.952552655003343,-1.6434485454143015
1981-07-14,8.927087671232876,7.925656764592385,-1.6147444358252612
1981-07-15,8.929334246575342,7.327076926165971,-1.8244111727413133
1981-07-16,8.93177808219178,6.9038262061097715,-2.0266042883015523
1981-07-17,8.933991780821916,6.26082683835424,-1.0248186191761564
1981-07-18,8.936254794520547,5.884137410886731,0.7446077945927216
1981-07-19,8.938468493150685,6.320840747732532,0.10369075911678216
1981-07-20,8.940871232876713,7.43471879479962,-2.4635900276763323
1981-07-21,8.94331506849315,6.324650933893403,1.5160339976134454
1981-07-22,8.945852054794521,4.968738534876895,0.8644094103285838
1981-07-23,8.948117808219177,4.885113877342649,13.018768314438175
1981-07-24,8.94996712328767,5.722986163960141,15.942046712752187
1981-07-25,8.952030136986302,5.177009908252378,3.6049599547613216
1981-07-26,8.954260273972602,4.636426206109771,0.39431351991762575
1981-07-27,8.956547945205479,3.992448334666147,-0.6889962798716258
1981-07-28,8.959090410958904,3.6898545868614403,-0.9689449978203446
1981-07-29,8.961534246575344,3.6678314045642852,-0.7633656511396292
1981-07-30,8.963723287671232,3.6802502313995507,-0.3879735190707829
1981-07-31,8.96553698630137,4.13114640280805,-0.3736833891094191
1981-08-01,8.967550684931508,3.334073905442403,1.8163754096260893
1981-08-02,8.96889315068493,2.991736286896565,2.9333705624185042
1981-08-03,8.97048493150685,2.9441608039320406,3.391354264561109
1981-08-04,8.97195890410959,2.334894699260457,2.1931463966299534
1981-08-05,8.973772602739725,2.31483779725835,1.8923896000019242
1981-08-06,8.97555890410959,3.7990474916735235,0.09439360421688603
1981-08-07,8.977164383561643,2.364048826411844,1.1717867900265126
1981-08-08,8.97842191780822,2.5136675829977237,0.48991049919405594
1981-08-09,8.97933698630137,2.921965159393931,3.8476978543047
1981-08-10,8.979942465753425,1.7372281730925607,1.1518293611540145
1981-08-11,8.980145205479452,1.9569758373004993,0.423878957220049
1981-08-12,8.980452054794522,1.5063648783963894,1.8261830668090888
1981-08-13,8.980736986301372,1.8695638949049949,1.0806991187936328
1981-08-14,8.980972602739726,2.6149441548277204,-0.06791675756744597
1981-08-15,8.981630136986302,1.9049685313644256,0.36140133164927146
1981-08-16,8.982093150684932,2.6122580290813207,-0.34535117976625207
1981-08-17,8.982460273972602,1.7342658267630913,2.450273899264306
1981-08-18,8.982901369863013,0.9894446816981107,1.0016539484388765
1981-08-19,8.98365205479452,0.9020908355442644,-0.4557428903387849
1981-08-20,8.984205479452056,0.886244822196881,-0.819450301648937
1981-08-21,8.985032876712328,1.259361506425894,-1.6543943831382222
1981-08-22,8.985745205479454,1.1944667400051003,-2.968211945484554
1981-08-23,8.98651780821918,0.6013667048804077,-2.8088845130995876
1981-08-24,8.987260273972604,0.7922628060395225,-3.305523080012126
1981-08-25,8.98791780821918,2.2287738703177107,-5.105691678536891
1981-08-26,8.98821095890411,3.354036954265726,-6.5162479131698365
1981-08-27,8.9887698630137,1.2482092057585252,-4.766979068772224
1981-08-28,8.989665753424658,0.9993504772723991,-4.312016230697058
1981-08-29,8.99085479452055,0.7687433820844819,-4.184598176605031
1981-08-30,8.99173698630137,0.259629297082726,-3.981366283384097
1981-08-31,8.992673972602741,0.1009574319615455,-3.5446314045642864
1981-09-01,8.993841095890412,0.6401830027378013,-4.165024098628213
1981-09-02,8.994961643835618,0.5913782257796,-4.344339869615218
1981-09-03,8.996164383561645,0.525896525744475,-3.9700609093061203
1981-09-04,8.997498630136988,0.17609575300123667,-4.190594383138225
1981-09-05,8.998912328767124,-0.153389038006842,-4.282523290760283
1981-09-06,9.000183561643837,0.35586252504198124,-4.820046086685819
1981-09-07,9.001271232876714,-0.03891422241147837,-4.3153570104652355
1981-09-08,9.001802739726028,-0.7042099020742814,-3.366592837651746
1981-09-09,9.002312328767125,-0.2398114475607586,-2.5045008812063667
1981-09-10,9.001980821917808,-0.8398243734476568,-2.2881564484701515
1981-09-11,8.998397260273974,-0.46818742227097965,-3.0492098380029944
1981-09-12,8.995997260273974,-0.9488720025309024,-2.9401252577430714
1981-09-13,8.994745205479454,-0.7858629403601964,-2.6808822651192576
1981-09-14,8.99395890410959,0.24485486785898164,-3.6658137719685713
1981-09-15,8.993558904109591,-0.014948433862128177,-4.173610470247463
1981-09-16,8.993372602739726,0.8344826866155677,-5.087855289355293
1981-09-17,8.993416438356164,0.8062904140479524,-5.1047068524041155
1981-09-18,8.994093150684932,-0.6135197018635332,-3.744573448821399
1981-09-19,8.995060273972603,-0.8763186481227537,-2.4137416258498496
1981-09-20,8.995293150684933,-0.5380771307360307,-2.6442160199489027
1981-09-21,8.995427397260276,-0.5926495929769859,-0.7887778042832898
1981-09-22,8.995652054794522,-0.42636782269247625,11.696715767897953
1981-09-23,8.99443287671233,0.8555477375463716,50.263019385741295
1981-09-24,8.989008219178082,1.2257669858779492,16.88522479494397
1981-09-25,8.97529315068493,2.25379157316281,6.536915276152258
1981-09-26,8.964405479452054,3.456872359955926,26.374722160592018
1981-09-27,8.956610958904111,4.805581457251325,76.48980758384457
1981-09-28,8.941038356164384,1.7907576427097018,23.753204001125912
1981-09-29,8.919967123287673,-0.21786813881470982,11.526901015527036
1981-09-30,8.853698630136988,-0.5600064598544008,7.553307829717413
1981-10-01,8.793400000000002,-0.13804741524604108,5.73864741524604
1981-10-02,8.755882191780824,0.7205788580240677,3.7765389501951088
1981-10-03,8.72858082191781,-0.6241622729910359,3.7165814510732265
1981-10-04,8.70491780821918,-0.1704941310872775,2.752576322868098
1981-10-05,8.684164383561646,0.565321464276263,1.9015141521620913
1981-10-06,8.667345205479453,-0.6838547914314995,4.452509585952046
1981-10-07,8.652353424657536,-0.822216365017731,6.204862940360195
1981-10-08,8.638260273972605,-1.115946537128725,2.9536862631561203
1981-10-09,8.621427397260275,-0.8068088483335015,1.325381451073227
1981-10-10,8.59909589041096,-0.9873477313682752,2.287251840957315
1981-10-11,8.571841095890413,-0.5040292909046292,8.131188195014218
1981-10-12,8.534649315068494,0.06496818011749941,3.707382504814007
1981-10-13,8.50152876712329,-0.6844379315790233,4.2189091644557335
1981-10-14,8.474356164383563,0.6683882714417001,0.8042555641747361
1981-10-15,8.448794520547946,0.5542709549682197,6.632934524483834
1981-10-16,8.422235616438357,0.40454169609923435,3.455222687462409
1981-10-17,8.398745205479454,0.8116482644167619,0.9286065301037837
1981-10-18,8.381912328767125,0.7429811060043977,0.05110656522847712
1981-10-19,8.371290410958906,1.1747488615365362,-0.5260392724954428
1981-10-20,8.363783561643835,0.6746058337880295,-0.842389395431865
1981-10-21,8.357797260273975,-0.5330746720075444,2.2172774117335696
1981-10-22,8.352441095890411,-1.0708397580630418,1.2763986621726306
1981-10-23,8.34735890410959,-1.631827956166308,1.1194690520567174
1981-10-24,8.341435616438357,-1.5952414440482892,0.6988058276099325
1981-10-25,8.333808219178083,-1.8444273941712255,0.5986191749931424
1981-10-26,8.327780821917809,-1.8281763931174846,0.2823955711996755
1981-10-27,8.324509589041098,-2.183875304252012,0.6143657152109143
1981-10-28,8.323994520547947,-2.4297708434160445,0.5257763228680976
1981-10-29,8.324213698630139,-1.7278406010556653,-0.5183730975744734
1981-10-30,8.32330684931507,-0.927450365720225,-1.288856483594845
1981-10-31,8.320090410958905,-0.8294849986671863,-0.48660541229171883
1981-11-01,8.316665753424658,-1.6844847176696447,0.3578189642449867
1981-11-02,8.317380821917808,-2.101494482334204,0.8741136604163953
1981-11-03,8.322013698630137,-2.365311623184222,1.2602979245540848
1981-11-04,8.328600000000002,-2.477579975836136,1.3389799758361347
1981-11-05,8.332594520547946,-2.345209550827355,0.8956150302794086
1981-11-06,8.333016438356166,-0.7437475908695045,-1.020268847486662
1981-11-07,8.328024657534247,-1.2823447106447066,-1.03967994688954
1981-11-08,8.320589041095891,-1.3678422167915276,-1.3547468243043637
1981-11-09,8.30886301369863,-1.9435487148596695,-0.8603142988389609
1981-11-10,8.28261095890411,-2.3033020692678186,-0.6973088896362913
1981-11-11,8.271791780821918,-2.322721458098166,-0.631070322723752
1981-11-12,8.267805479452054,-1.7834255676872073,-1.3313799117648473
1981-11-13,8.270024657534247,-2.298801542397429,-1.1962231151368177
1981-11-14,8.275832876712329,-2.338684085425177,-0.8321487912871515
1981-11-15,8.289928767123287,-2.533999505165254,-1.1249292619580329
1981-11-16,8.310884931506848,-2.2414702462962697,-1.6564146852105783
1981-11-17,8.340720547945207,-2.1839770253619526,-1.7777435225832545
1981-11-18,8.368734246575343,-2.7666846474202593,-1.3510495991550835
1981-11-19,8.388802739726028,-2.588360516756403,-1.681442222969625
1981-11-20,8.40310410958904,-1.9672856309116542,-2.4328184786773868
1981-11-21,8.41084109589041,-2.008954896805578,-2.4638861990848313
1981-11-22,8.432756164383562,-2.6619219498438635,-1.8688342145396986
1981-11-23,8.445608219178082,-2.898953562067257,-1.708654657110825
1981-11-24,8.435205479452055,-3.1399230035846433,-1.4942824758674114
1981-11-25,8.432249315068493,-3.3360941310872776,-1.3691551839812148
1981-11-26,8.449687671232876,-3.516784612295567,-1.3489030589373097
1981-11-27,8.47258904109589,-3.5870806432052964,-1.2195083978905936
1981-11-28,8.499008219178084,-3.652757144785908,-1.140251074392176
1981-11-29,8.531857534246576,-3.6451825048140076,-1.214675029432568
1981-11-30,8.557452054794522,-3.515585806535117,-1.3918662482594049
1981-12-01,8.568071232876713,-3.578732136004734,-1.3443390968719795
1981-12-02,8.570701369863015,-3.5522589361452335,-1.3684424337177807
1981-12-03,8.563695890410958,-3.5584796597139023,-1.351216230697056
1981-12-04,8.557928767123288,-3.676716259643653,-1.3022125074796342
1981-12-05,8.58564383561644,-3.859165434213376,-1.3814784014030628
1981-12-06,8.620531506849316,-3.980515135653488,-1.4850163711958286
1981-12-07,8.641506849315068,-3.959714152162093,-1.5387926971529748
1981-12-08,8.661734246575342,-3.9901487851090556,-1.4515854614662862
1981-12-09,8.66584109589041,-4.043876568740948,-1.5519645271494626
1981-12-10,8.654191780821918,-4.1491310120145695,-1.559060768807349
1981-12-11,8.661473972602739,-4.226475655498939,-1.6779983171037998
1981-12-12,8.661386301369863,-4.245750892590614,-1.6836354087792484
1981-12-13,8.636301369863014,-4.240996695189842,-1.627304674673173
1981-12-14,8.60888493150685,-4.271360938252715,-1.5325239932541352
1981-12-15,8.574375342465753,-4.170112114929919,-1.6482632275358338
1981-12-16,8.542580821917808,-4.374036877838243,-1.481543944079565
1981-12-17,8.54066301369863,-4.4451302392713306,-1.4525327744272998
1981-12-18,8.555005479452054,-4.427773442643302,-1.463232036808753
1981-12-19,8.574575342465753,-3.6821667689516966,-2.0074085735140565
1981-12-20,8.597046575342466,-4.134770773166659,-1.5422758021758067
1981-12-21,8.620205479452054,-4.235678395224966,-1.411527084227088
1981-12-22,8.65397808219178,-4.381357355534064,-1.2476207266577166
1981-12-23,8.717117808219179,-4.330535297227073,-1.3155825109921055
1981-12-24,8.74994794520548,-3.66584277878661,-1.9681051664188711
1981-12-25,8.77650684931507,-3.824306775976635,-1.7962000733384338
1981-12-26,8.810128767123288,-4.028131082263955,-1.6689976848593338
1981-12-27,8.842471232876711,-4.030494131087277,-1.7699771017894346
1981-12-28,8.82481917808219,-3.891943867652082,-1.9608753104301089
1981-12-29,8.750876712328768,-4.0024626593626556,-1.8464140529661126
1981-12-30,8.749646575342465,-3.9912474152460407,-1.998399160096425
1981-12-31,8.751819178082194,-4.187782364315237,-2.012036813766957
1982-01-01,8.753232876712328,-4.269164239973825,-1.9710686367385035
1982-01-02,8.65335890410959,-4.3168335058677485,-1.838525398241841
1982-01-03,8.638221917808218,-4.117749979348605,-2.016471938459614
1982-01-04,8.63938904109589,-4.2888382828259495,-1.8465507582699416
1982-01-05,8.64814794520548,-4.674010745066906,-1.5261372001385736
1982-01-06,8.668610958904111,-4.671347450370734,-1.525263508533377
1982-01-07,8.67962191780822,-4.653324549071121,-1.579297368737099
1982-01-08,8.678290410958905,-4.797623249457492,-1.425667161501413
1982-01-09,8.681868493150684,-4.843358128277302,-1.3765103648733827
1982-01-10,8.678106849315068,-4.928491883106948,-1.31061496620812
1982-01-11,8.675465753424657,-4.928287878891985,-1.3441778745326713
1982-01-12,8.674191780821918,-4.850736491466624,-1.457455289355294
1982-01-13,8.672665753424656,-4.290862237866343,-2.033803515558313
1982-01-14,8.672624657534246,-4.428815100528795,-1.8428095570054515
1982-01-15,8.672120547945205,-4.6178294314034,-1.704291116541806
1982-01-16,8.671430136986302,-4.770564942467678,-1.5778651945186235
1982-01-17,8.662967123287672,-4.872420509731464,-1.4715466135562076
1982-01-18,8.652049315068496,-4.709624092450116,-1.6274252226183803
1982-01-19,8.644430136986301,-4.695508672710039,-1.6389214642762617
1982-01-20,8.628435616438356,-4.881104738744461,-1.4413308776938951
1982-01-21,8.616901369863013,-4.97155651254144,-1.3953448573215734
1982-01-22,8.570613698630138,-5.011596414192301,-1.3790172844378379
1982-01-23,8.515465753424657,-4.949678746471893,-1.427787006952764
1982-01-24,8.490975342465754,-5.0033148546559465,-1.2806604878098078
1982-01-25,8.475298630136987,-4.691527640044074,-1.5937709900929127
1982-01-26,8.462060273972604,-4.555471791782747,-1.5785884821898577
1982-01-27,8.449082191780821,-4.608951595084467,-1.5701305966963544
1982-01-28,8.435309589041097,-4.9558035796296025,-1.2585060094114944
1982-01-29,8.421849315068494,-5.077918648122754,-1.1599306669457397
1982-01-30,8.470301369863012,-4.920008778084116,-1.3982925917788958
1982-01-31,8.463967123287672,-4.770048820233748,-1.5849183030539242
1982-02-01,8.448991780821917,-4.9742438325273906,-1.4147479482945258
1982-02-02,8.485961643835616,-5.0319649424676784,-1.4119967013679373
1982-02-03,8.487802739726028,-5.040197397683695,-1.2516053420423336
1982-02-04,8.482671232876712,-5.053829852899712,-1.1398413799769997
1982-02-05,8.477120547945205,-5.10705057646838,-1.2080699714768253
1982-02-06,8.470139726027398,-5.113554194311725,-1.3095855317156726
1982-02-07,8.462087671232878,-5.094958549773614,-1.4341291214592635
1982-02-08,8.442227397260273,-5.136538739446954,-1.477688657813319
1982-02-09,8.43286301369863,-5.106476217494022,-1.6083867962046074
1982-02-10,8.425383561643834,-5.109231538884959,-1.6341520227588742
1982-02-11,8.415646575342464,-5.143588546261145,-1.620058029081319
1982-02-12,8.40669315068493,-5.078912325678075,-1.6407808250068552
1982-02-13,8.398690410958904,-4.973080291958371,-1.7186101190005338
1982-02-14,8.391438356164382,-4.87918517429065,-1.8472531818737323
1982-02-15,8.38573424657534,-5.180480643205296,-1.5552536033700441
1982-02-16,8.375391780821916,-4.978482118442388,-1.7309096623795277
1982-02-17,8.367635616438356,-4.998999083668942,-1.6446365327694137
1982-02-18,8.363495890410956,-5.13942612968229,-1.5420697607286655
1982-02-19,8.358934246575341,-5.207620017985767,-1.4363142285895742
1982-02-20,8.353739726027396,-5.142672845523527,-1.515066880503869
1982-02-21,8.3502,-5.178863783352821,-1.438336216647178
1982-02-22,8.34799726027397,-5.177917594381974,-1.4530796658919964
1982-02-23,8.346482191780822,-5.063111763682993,-1.6143704280978284
1982-02-24,8.345873972602739,-5.087591285987172,-1.7232826866155664
1982-02-25,8.346663013698631,-5.229912536426231,-1.5017504772723997
1982-02-26,8.358323287671233,-5.2726325223763535,-1.368690765294879
1982-02-27,8.375471232876713,-5.268173372393916,-1.2572978604827973
1982-02-28,8.387350684931507,-5.256746396629954,-1.3246042883015523
1982-03-01,8.395835616438355,-5.118069052056719,-1.457766564381635
1982-03-02,8.405465753424656,-5.222948504111514,-1.3635172493131416
1982-03-03,8.416717808219175,-5.2823230738340285,-1.3533947343851471
1982-03-04,8.424928767123287,-5.27592454907112,-1.4160042180521666
1982-03-05,8.429624657534244,-5.284829150405858,-1.3787955071283866
1982-03-06,8.436068493150685,-5.28737077316666,-1.3666977199840256
1982-03-07,8.445273972602738,-5.306462729612041,-1.3688112429906978
1982-03-08,8.555101369863014,-5.205065469338068,-1.6400359005249454
1982-03-09,8.623287671232877,-5.193543375906385,-1.8627442953264914
1982-03-10,8.65906301369863,-5.243241654796445,-1.8408213589021845
1982-03-11,8.676586301369863,-5.084042568038454,-1.906543733331409
1982-03-12,8.688504109589042,-5.229053807940105,-1.8324503016489366
1982-03-13,8.698528767123287,-5.1583109909397535,-2.0342177761835334
1982-03-14,8.707821917808218,-5.19122507594151,-2.0245968418667077
1982-03-15,8.714550684931506,-5.205810534318749,-1.999740150612757
1982-03-16,8.720665753424658,-5.021683101933783,-2.213982651490875
1982-03-17,8.728506849315067,-5.183144640395321,-2.0573622089197467
1982-03-18,8.735591780821917,-4.976675234002627,-2.21191654681929
1982-03-19,8.742079452054794,-5.064484858168416,-2.022594593886378
1982-03-20,8.748016438356164,-5.0856064598544,-1.9294099785017629
1982-03-21,8.75045205479452,-5.098743375906385,-2.1397086788881348
1982-03-22,8.752654794520547,-5.035867225572701,-2.2047875689478458
1982-03-23,8.750660273972603,-4.912216786514042,-2.2294434874585605
1982-03-24,8.712956164383561,-4.818694131087277,-2.2992620332962845
1982-03-25,8.56550410958904,-4.665782715562163,-2.230721394026877
1982-03-26,8.507605479452055,-4.699931012014569,-2.1366744674374853
1982-03-27,8.475512328767122,-4.6509270780489915,-2.0875852507181305
1982-03-28,8.471728767123288,-4.63719191823164,-2.000536848891649
1982-03-29,8.289841095890411,-4.551629150405859,-1.9832119454845527
1982-03-30,8.226476712328767,-4.468462799861426,-2.0100139124673406
1982-03-31,8.194531506849316,-4.547610042573052,-1.9759214642762633
1982-04-01,8.171893150684932,-4.395444043275546,-2.090449107409386
1982-04-02,8.151830136986302,-4.372053175695637,-1.8457769612906647
1982-04-03,8.13315616438356,-4.333039406816114,-1.7351167575674467
1982-04-04,8.11733698630137,-4.334229220655244,-1.346107765646126
1982-04-05,8.102980821917807,-4.34338201306831,-0.9895988088494976
1982-04-06,8.090060273972602,-4.30185043596961,-0.12220983800299212
1982-04-07,8.07354794520548,-4.169860551881096,0.10431260667561659
1982-04-08,8.052183561643837,-3.9009337517405975,0.5517501900967612
1982-04-09,8.0397698630137,-3.61181636501773,-0.12795349799596956
1982-04-10,8.03075890410959,-3.636727499545303,-0.988031404564286
1982-04-11,8.019054794520548,-3.6336877383932134,-1.238367056127334
1982-04-12,7.989802739726027,-3.751478043978039,-1.2483246957479879
1982-04-13,7.971194520547946,-3.692365785460302,-1.4418287350876433
1982-04-14,7.953071232876712,-3.5797138009151666,-1.6973574319615454
1982-04-15,7.94072602739726,-3.537783347806631,-1.7369426795906295
1982-04-16,7.912432876712328,-3.6093682441887878,-1.52206463252354
1982-04-17,7.892301369863014,-3.589510428944671,-1.3747909409183428
1982-04-18,7.877627397260273,-3.46416206224288,-1.1884653350173933
1982-04-19,7.865528767123288,-3.311106284230938,-0.8894224828923498
1982-04-20,7.856090410958904,-3.244348433862128,-0.8537419770967762
1982-04-21,7.848224657534247,-2.975595852197218,-1.173628805337029
1982-04-22,7.835065753424657,-2.6407631159836598,-1.3513026374409973
1982-04-23,7.826043835616439,-2.581964380472596,-1.0780794551438424
1982-04-24,7.826991780821919,-2.3740142575361713,-1.3809775232857473
1982-04-25,7.824920547945206,-1.708426972674914,-2.5624935752702918
1982-04-26,7.8216246575342465,-1.4544225469636387,-2.647202110570608
1982-04-27,7.817734246575342,-1.4598808539534525,-2.10385339262189
1982-04-28,7.8130931506849315,-1.2709152761522584,-1.9451778745326727
1982-04-29,7.808706849315069,-0.9407757608730171,-2.258931088442052
1982-04-30,7.80507397260274,-0.6231576365316049,-2.9799163360711347
1982-05-01,7.801076712328768,0.02735209300826165,-4.08542880533703
1982-05-02,7.794235616438356,0.18785557035283496,-3.9590911867911913
1982-05-03,7.787109589041096,0.6329583452035549,-3.5550679342446507
1982-05-04,7.780690410958904,1.3081709198435265,-3.0808613308024304
1982-05-05,7.773964383561644,2.3344008460816723,-3.4513652296433164
1982-05-06,7.7664904109589035,2.1017542707392063,-4.23424468169811
1982-05-07,7.760367123287671,3.1048546571108258,-5.750221780398497
1982-05-08,7.754287671232877,4.309413561220415,-7.635701232453292
1982-05-09,7.748621917808219,4.10853291492607,-7.667154832734289
1982-05-10,7.743972602739726,3.0496698309780546,-6.692642433717781
1982-05-11,7.739490410958903,2.6788828973637235,-6.572373308322627
1982-05-12,7.735482191780822,2.8937458408129677,-6.089228032593789
1982-05-13,7.73126301369863,3.498809065259754,-5.037072078958385
1982-05-14,7.727424657534247,4.160799862590277,-3.8842245201245245
1982-05-15,7.724553424657534,4.789499265470503,-1.9950526901280368
1982-05-16,7.720701369863013,5.381327013977703,0.9609716161592843
1982-05-17,7.718060273972602,5.204383845730425,3.901555880296974
1982-05-18,7.715926027397261,5.530811032242544,5.432262940360194
1982-05-19,7.7137013698630135,5.560187779696003,5.874110850440983
1982-05-20,7.711679452054794,6.052165299892701,4.414155248052506
1982-05-21,7.7099232876712325,6.63473979936583,4.606336912962938
1982-05-22,7.708383561643836,6.534478120405521,4.217138317950645
1982-05-23,7.7068301369863015,6.515019110921855,4.146150752091842
1982-05-24,7.705186301369863,5.188028664838258,3.34078503379188
1982-05-25,7.703723287671233,4.778967196626105,0.2613095157026617
1982-05-26,7.702030136986301,4.64032076178241,3.1286491012312894
1982-05-27,7.700742465753424,5.6091405018596845,5.131117032386889
1982-05-28,7.70032602739726,6.616472921951009,3.985201050651731
1982-05-29,7.701956164383562,6.825103901929934,5.5989399336865056
1982-05-30,7.702112328767123,6.7739253279924565,9.13996234324042
1982-05-31,7.7013260273972595,7.400311348364778,8.175362624237962
1982-06-01,7.700032876712328,7.336999722091508,6.275967401196163
1982-06-02,7.698457534246575,8.26541018924992,6.627132276503506
1982-06-03,7.696550684931506,8.43693396866685,8.008515346401644
1982-06-04,7.694558904109589,9.658998808849498,9.160442287040913
1982-06-05,7.6926000000000005,11.973274748435026,7.539125251564974
1982-06-06,7.691347945205479,10.39584756192291,11.92680449287161
1982-06-07,7.690408219178082,9.516288587563933,12.275303193257985
1982-06-08,7.6895123287671225,8.904502356443455,12.654985314789421
1982-06-09,7.6884575342465755,8.934643627957332,13.01289883779609
1982-06-10,7.687821917808218,10.530866178010019,9.785311904181764
1982-06-11,7.687512328767123,10.956606185034957,9.711881486197921
1982-06-12,7.687679452054794,10.505431826060596,6.342888721884611
1982-06-13,7.687679452054794,10.47053172068652,0.2767888272586845
1982-06-14,7.687682191780821,10.192893364522135,-2.9875755563029553
1982-06-15,7.687358904109589,10.779224239126984,-5.219583143236573
1982-06-16,7.687723287671232,12.416004850296636,-7.071728137967868
1982-06-17,7.688482191780821,10.470772114083077,0.7087456941361001
1982-06-18,7.689150684931507,11.096265826763092,1.9285834883053994
1982-06-19,7.689695890410959,11.505619813415707,-0.11731570382666767
1982-06-20,7.689813698630136,11.663248264416762,-0.4950619630468971
1982-06-21,7.689895890410958,12.145723642007207,-1.176619532418167
1982-06-22,7.689734246575342,11.588645384191963,2.352620369232696
1982-06-23,7.689865753424657,11.291264140777843,12.3978701057975
1982-06-24,7.690041095890411,12.035223606882514,2.0207352972270733
1982-06-25,7.6886246575342465,13.100672711202852,0.3607026312628996
1982-06-26,7.686865753424657,12.883870041726212,2.697264204849132
1982-06-27,7.684427397260274,11.686961506425893,2.0856110963138335
1982-06-28,7.68198904109589,11.324662033296283,-2.335651074392173
1982-06-29,7.679720547945205,10.540313807093263,-0.14003435503846973
1982-06-30,7.678068493150684,10.035217214188451,-0.8302857073391365
1982-07-01,7.677265753424656,9.93424004523868,-1.4965057986633372
1982-07-02,7.677271232876711,9.816529247908157,0.21219951921513136
1982-07-03,7.676701369863013,12.900007398593086,3.7392912315438984
1982-07-04,7.675942465753423,10.913703699962952,6.2073538342836265
1982-07-05,7.674120547945204,10.071884247908157,1.5229952041466372
1982-07-06,7.672473972602739,10.157063220510896,2.509462806886365
1982-07-07,7.672635616438356,12.014701165716376,5.590663217845266
1982-07-08,7.672189041095891,10.63415383694925,4.3716571219548594
1982-07-09,7.671030136986301,10.006386097223224,0.2365837657904759
1982-07-10,7.669430136986302,10.888141782154731,-0.2165719191410318
1982-07-11,7.66733698630137,9.105684795853362,1.4329782178452675
1982-07-12,7.666216438356164,9.207311028730073,-0.9495274670862379
1982-07-13,7.666216438356164,7.952552655003343,-0.849769093359507
1982-07-14,7.665684931506849,7.925656764592385,-0.910341696099235
1982-07-15,7.6647917808219175,7.327076926165971,-0.574868706987889
1982-07-16,7.663449315068493,6.9038262061097715,-0.9422755211782645
1982-07-17,7.662202739726027,6.26082683835424,-0.005029578080267605
1982-07-18,7.661087671232876,5.884137410886731,-1.0692250821196057
1982-07-19,7.660043835616438,6.320840747732532,-2.6028845833489704
1982-07-20,7.6590712328767125,7.43471879479962,-3.9627900276763324
1982-07-21,7.658167123287671,6.324650933893403,-3.0368180571810743
1982-07-22,7.657224657534247,4.968738534876895,-2.056963192411141
1982-07-23,7.6561369863013695,4.885113877342649,-2.5842508636440176
1982-07-24,7.654909589041095,5.722986163960141,-2.8918957530012355
1982-07-25,7.653775342465753,5.177009908252378,-4.035785250718131
1982-07-26,7.652383561643835,4.636426206109771,-4.025809767753606
1982-07-27,7.650879452054794,3.992448334666147,-4.215327786720941
1982-07-28,7.649550684931507,3.6898545868614403,-4.396405271792947
1982-07-29,7.648767123287671,3.6678314045642852,-4.477598527851956
1982-07-30,7.647852054794521,3.6802502313995507,-3.985102286194072
1982-07-31,7.646671232876712,4.13114640280805,18.63018236431524
1982-08-01,7.6456328767123285,3.334073905442403,0.8262932178452678
1982-08-02,7.6447013698630135,2.991736286896565,-1.2084376567595778
1982-08-03,7.643802739726027,2.9441608039320406,18.212036456341934
1982-08-04,7.643441095890411,2.334894699260457,4.193664204849132
1982-08-05,7.642106849315068,2.31483779725835,1.351055353426582
1982-08-06,7.640186301369862,3.7990474916735235,-0.5962337930433859
1982-08-07,7.638205479452054,2.364048826411844,-0.03725430586389855
1982-08-08,7.636994520547944,2.5136675829977237,-1.1076621035456684
1982-08-09,7.635945205479452,2.921965159393931,-2.0579103648733827
1982-08-10,7.635232876712328,1.7372281730925607,-0.9214610498048881
1982-08-11,7.634843835616438,1.9569758373004993,-0.9608196729169374
1982-08-12,7.634860273972603,1.5063648783963894,-0.3822251523689917
1982-08-13,7.6348164383561645,1.8695638949049949,-0.8413803332611591
1982-08-14,7.634482191780822,2.6149441548277204,-1.6424263466085427
1982-08-15,7.634180821917808,1.9049685313644256,-0.9381493532822329
1982-08-16,7.634221917808219,2.6122580290813207,-1.0794799468895397
1982-08-17,7.634134246575342,1.7342658267630913,0.023599926661566295
1982-08-18,7.634290410958903,0.9894446816981107,-0.4807350926570134
1982-08-19,7.634150684931507,0.9020908355442644,-0.6172415204757719
1982-08-20,7.6341534246575335,0.886244822196881,-1.1343982468544145
1982-08-21,7.63385205479452,1.259361506425894,-2.1992135612204144
1982-08-22,7.633556164383561,1.1944667400051003,-2.9080229043886616
1982-08-23,7.632983561643835,0.6013667048804077,-2.259350266524243
1982-08-24,7.632509589041096,0.7922628060395225,-2.5037723950806177
1982-08-25,7.6323917808219175,2.2287738703177107,-3.972165651139628
1982-08-26,7.632542465753424,3.354036954265726,-4.87257942001915
1982-08-27,7.631986301369862,1.2482092057585252,0.8458044928716137
1982-08-28,7.6311178082191775,0.9993504772723991,3.3055317145084233
1982-08-29,7.629679452054794,0.7687433820844819,1.5125771658607237
1982-08-30,7.628698630136986,0.259629297082726,0.4786720727802888
1982-08-31,7.62758904109589,0.1009574319615455,1.335453526942565
1982-09-01,7.626578082191781,0.6401830027378013,1.3092389150704185
1982-09-02,7.625663013698629,0.5913782257796,0.021958760521771592
1982-09-03,7.6244136986301365,0.525896525744475,-0.8843102243746115
1982-09-04,7.623084931506849,0.17609575300123667,-0.4641806845080857
1982-09-05,7.6219890410958895,-0.153389038006842,0.45439999691095256
1982-09-06,7.620879452054794,0.35586252504198124,36.646258022903226
1982-09-07,7.620002739726027,-0.03891422241147837,21.953911482685452
1982-09-08,7.619769863013698,-0.7042099020742814,11.073440039060584
1982-09-09,7.619750684931506,-0.2398114475607586,5.274060762629253
1982-09-10,7.6194767123287654,-0.8398243734476568,3.4443476611188917
1982-09-11,7.619391780821917,-0.46818742227097965,1.9887956414490635
1982-09-12,7.6201616438356155,-0.9488720025309024,1.8277103586952874
1982-09-13,7.621128767123286,-0.7858629403601964,1.14873417323691
1982-09-14,7.6220547945205475,0.24485486785898164,-0.061909662379529384
1982-09-15,7.622975342465752,-0.014948433862128177,0.05897309139637596
1982-09-16,7.6234301369863005,0.8344826866155677,-1.1319128236018685
1982-09-17,7.6235835616438345,0.8062904140479524,-1.3668739756917874
1982-09-18,7.624013698630137,-0.6135197018635332,-0.2074939967666034
1982-09-19,7.624997260273972,-0.8763186481227537,-0.1546786121512177
1982-09-20,7.626843835616438,-0.5380771307360307,-0.4717667048804076
1982-09-21,7.629506849315067,-0.5926495929769859,-0.15085725633808122
1982-09-22,7.631580821917808,-0.42636782269247625,-0.7012129992253322
1982-09-23,7.63351506849315,0.8555477375463716,-2.1960628060395213
1982-09-24,7.6352821917808225,1.2257669858779492,-2.894049177658772
1982-09-25,7.636295890410958,2.25379157316281,-3.8380874635737685
1982-09-26,7.63686301369863,3.456872359955926,26.321264626345442
1982-09-27,7.637019178082191,4.805581457251325,11.420399364666483
1982-09-28,7.637306849315068,1.7907576427097018,1.9289355079752297
1982-09-29,7.637520547945204,-0.21786813881470982,1.1493475908695066
1982-09-30,7.638057534246575,-0.5600064598544008,0.5059489256078256
1982-10-01,7.638342465753424,-0.13804741524604108,-0.4292950505073832
1982-10-02,7.637942465753424,0.7205788580240677,-1.9215213237774915
1982-10-03,7.63717808219178,-0.6241622729910359,-0.9660158092007445
1982-10-04,7.635309589041095,-0.1704941310872775,-1.417815457953818
1982-10-05,7.632268493150685,0.565321464276263,-1.762589957426948
1982-10-06,7.626621917808219,-0.6838547914314995,-0.5337671263767195
1982-10-07,7.6200164383561635,-0.822216365017731,-0.5608000733384324
1982-10-08,7.612873972602738,-1.115946537128725,-0.5519274354740131
1982-10-09,7.612197260273972,-0.8068088483335015,-0.9543884119404707
1982-10-10,7.61655616438356,-0.9873477313682752,-1.0022084330152852
1982-10-11,7.625265753424657,-0.5040292909046292,-1.599236462520027
1982-10-12,7.631104109589041,0.06496818011749941,-2.1810722897065404
1982-10-13,7.633854794520547,-0.6844379315790233,-1.5284168629415231
1982-10-14,7.634731506849315,0.6683882714417001,-2.862119778291015
1982-10-15,7.635112328767122,0.5542709549682197,-2.880383283735342
1982-10-16,7.634980821917807,0.40454169609923435,-3.1055225180170414
1982-10-17,7.63584109589041,0.8116482644167619,-3.6644893603071718
1982-10-18,7.636917808219177,0.7429811060043977,-3.619898914223575
1982-10-19,7.637446575342465,1.1747488615365362,-3.2371954368790012
1982-10-20,7.6397945205479445,0.6746058337880295,-2.9894003543359737
1982-10-21,7.651410958904108,-0.5330746720075444,-1.8793362868965642
1982-10-22,7.672142465753424,-1.0708397580630418,-1.3363027076903828
1982-10-23,7.685564383561644,-1.631827956166308,2.1272635726046634
1982-10-24,7.69692602739726,-1.5952414440482892,0.5873154166510293
1982-10-25,7.705553424657534,-1.8444273941712255,0.02387396951369114
1982-10-26,7.712728767123288,-1.8281763931174846,-0.5225523740058031
1982-10-27,7.717578082191781,-2.183875304252012,-0.472702777939769
1982-10-28,7.720526027397261,-2.4297708434160445,-0.4717551839812164
1982-10-29,7.7242493150684925,-1.7278406010556653,-1.2444087140128275
1982-10-30,7.730638356164384,-0.927450365720225,-2.1551879904441593
1982-10-31,7.74771506849315,-0.8294849986671863,-2.4112300698259643
1982-11-01,7.758276712328767,-1.6844847176696447,-1.684791994659122
1982-11-02,7.763854794520547,-2.101494482334204,-0.9153603121863436
1982-11-03,7.765709589041096,-2.365311623184222,-0.6383979658568744
1982-11-04,7.765383561643835,-2.477579975836136,-0.8258035858076997
1982-11-05,7.770356164383562,-2.345209550827355,-0.7771466135562077
1982-11-06,7.782282191780822,-0.7437475908695045,-2.688534600911318
1982-11-07,7.801638356164384,-1.2823447106447066,-2.5812936455196773
1982-11-08,7.813378082191781,-1.3678422167915276,-2.5445358654002534
1982-11-09,7.823090410958904,-1.9435487148596695,-2.010541696099234
1982-11-10,7.830912328767123,-2.3033020692678186,-1.708610259499305
1982-11-11,7.835506849315068,-2.322721458098166,-1.734785391216902
1982-11-12,7.84767397260274,-1.7834255676872073,-2.312248404915533
1982-11-13,7.86674794520548,-2.298801542397429,-1.840946402808051
1982-11-14,7.9116191780821925,-2.338684085425177,-1.8739350926570157
1982-11-15,7.990219178082192,-2.533999505165254,-1.7892196729169383
1982-11-16,8.002293150684931,-2.2414702462962697,-2.126822904388661
1982-11-17,7.994254794520549,-2.1839770253619526,-2.243277769158596
1982-11-18,7.977164383561644,-2.7666846474202593,-1.6974797361413847
1982-11-19,7.958953424657535,-2.588360516756403,-1.892592907901132
1982-11-20,7.987106849315068,-1.9672856309116542,-2.578821218403414
1982-11-21,7.994465753424657,-2.008954896805578,-2.6145108566190793
1982-11-22,7.980238356164383,-2.6619219498438635,-2.01631640632052
1982-11-23,7.964498630136985,-2.898953562067257,-1.761545068069728
1982-11-24,7.954043835616439,-3.1399230035846433,-1.6311208320317956
1982-11-25,7.93392602739726,-3.3360941310872776,-1.340831896309982
1982-11-26,7.905769863013699,-3.516784612295567,-0.9569852507181316
1982-11-27,7.880482191780821,-3.5870806432052964,-0.032401548575524686
1982-11-28,7.852567123287671,-3.652757144785908,-0.4368099785017634
1982-11-29,7.817238356164383,-3.6451825048140076,-0.7870558513503756
1982-11-30,7.788476712328768,-3.515585806535117,-1.0948909057936507
1982-12-01,7.778438356164385,-3.578732136004734,-1.1297062201596502
1982-12-02,7.775761643835617,-3.5522589361452335,-1.2695027076903829
1982-12-03,7.763953424657535,-3.5584796597139023,-1.2784737649436329
1982-12-04,7.748597260273973,-3.676716259643653,-1.2078810006303202
1982-12-05,7.7446246575342474,-3.859165434213376,-0.9974592233208717
1982-12-06,7.736934246575343,-3.980515135653488,-0.9444191109218556
1982-12-07,7.737471232876713,-3.959714152162093,-0.9617570807146198
1982-12-08,7.732449315068493,-3.9901487851090556,-0.9073005299594374
1982-12-09,7.724252054794521,-4.043876568740948,-0.842375486053573
1982-12-10,7.727753424657534,-4.1491310120145695,-0.7456224126429642
1982-12-11,7.727745205479452,-4.226475655498939,-0.6832695499805119
1982-12-12,7.731071232876712,-4.245750892590614,-0.7533203402860975
1982-12-13,7.743150684931507,-4.240996695189842,-0.7331539897416652
1982-12-14,7.756816438356164,-4.271360938252715,-0.7984555001034499
1982-12-15,7.771553424657535,-4.170112114929919,-0.7124413097276161
1982-12-16,7.777783561643835,-4.374036877838243,-0.43974668380559123
1982-12-17,7.761084931506849,-4.4451302392713306,-0.42895469223551785
1982-12-18,7.737167123287671,-4.427773442643302,-0.4463936806443698
1982-12-19,7.717884931506849,-3.6821667689516966,-1.1077181625551527
1982-12-20,7.706956164383562,-4.134770773166659,-0.6221853912169024
1982-12-21,7.701928767123288,-4.235678395224966,-0.5522503718983227
1982-12-22,7.687172602739725,-4.381357355534064,-0.23281524720566082
1982-12-23,7.652528767123288,-4.330535297227073,-0.18699346989621457
1982-12-24,7.6523369863013695,-3.66584277878661,-1.3874942075147594
1982-12-25,7.660572602739726,-3.824306775976635,-1.3222658267630907
1982-12-26,7.659230136986301,-4.028131082263955,-1.4080990547223466
1982-12-27,7.67007397260274,-4.030494131087277,-1.4875798415154629
1982-12-28,7.684394520547945,-3.891943867652082,-1.6484506528958631
1982-12-29,7.689728767123288,-4.0024626593626556,-1.388266107760633
1982-12-30,7.697838356164384,-3.9912474152460407,-1.239590940918343
1982-12-31,7.708421917808219,-4.187782364315237,-0.9666395534929828
1983-01-01,7.714139726027398,-4.269164239973825,-1.1399754860535731
1983-01-02,7.7042383561643835,-4.3168335058677485,-1.1664048502966349
1983-01-03,7.700616438356165,-4.117749979348605,-1.7438664590075605
1983-01-04,7.711400000000001,-4.2888382828259495,-1.5195617171740512
1983-01-05,7.71766301369863,-4.674010745066906,-0.5366522686317241
1983-01-06,7.709046575342466,-4.671347450370734,-0.7286991249717314
1983-01-07,7.71188493150685,-4.653324549071121,-1.0345603824357292
1983-01-08,7.732232876712328,-4.797623249457492,-1.063609627254837
1983-01-09,7.761164383561644,-4.843358128277302,-1.2198062552843414
1983-01-10,7.7905999999999995,-4.928491883106948,-0.8321081168930524
1983-01-11,7.816802739726027,-4.928287878891985,-0.4855148608340416
1983-01-12,7.844186301369864,-4.850736491466624,-0.8214498099032399
1983-01-13,7.876610958904109,-4.290862237866343,-1.5637487210377659
1983-01-14,7.896430136986302,-4.428815100528795,-1.556615036457507
1983-01-15,7.912624657534247,-4.6178294314034,-1.3997952261308475
1983-01-16,7.932778082191781,-4.770564942467678,-1.2462131397241025
1983-01-17,7.967967123287671,-4.872420509731464,-1.1575466135562076
1983-01-18,8.003531506849315,-4.709624092450116,-1.3339074143991994
1983-01-19,8.03729589041096,-4.695508672710039,-1.36178721770092
1983-01-20,8.080334246575344,-4.881104738744461,-1.2372295078308833
1983-01-21,8.117232876712329,-4.97155651254144,-1.2926763641708892
1983-01-22,8.146975342465753,-5.011596414192301,-1.403378928273452
1983-01-23,8.18645205479452,-4.949678746471893,-1.5127733083226271
1983-01-24,8.22550410958904,-5.0033148546559465,-1.5231892549330945
1983-01-25,8.267419178082193,-4.691527640044074,-1.9348915380381184
1983-01-26,8.309879452054794,-4.555471791782747,-1.9114076602720473
1983-01-27,8.34996712328767,-4.608951595084467,-1.757015528203202
1983-01-28,8.391024657534246,-4.9558035796296025,-1.5482210779046426
1983-01-29,8.428060273972603,-5.077918648122754,-1.597141625849849
1983-01-30,8.39656712328767,-4.920008778084116,-1.7035583452035548
1983-01-31,8.433520547945205,-4.770048820233748,-1.8944717277114576
1983-02-01,8.470838356164384,-4.9742438325273906,-1.764594523636993
1983-02-02,8.433616438356164,-5.0319649424676784,-1.491651495888486
1983-02-03,8.426873972602738,-5.040197397683695,-1.6776765749190439
1983-02-04,8.423068493150685,-5.053829852899712,-1.7812386402509732
1983-02-05,8.419865753424657,-5.10705057646838,-1.8738151769562776
1983-02-06,8.417646575342467,-5.113554194311725,-1.6990923810307414
1983-02-07,8.419205479452055,-5.094958549773614,-1.7742469296784407
1983-02-08,8.42511506849315,-5.136538739446954,-1.7205763290461968
1983-02-09,8.428715068493151,-5.106476217494022,-1.746238850999129
1983-02-10,8.431904109589041,-5.109231538884959,-1.6346725707040823
1983-02-11,8.430542465753424,-5.143588546261145,-1.650953919492279
1983-02-12,8.428479452054793,-5.078912325678075,-1.7845671263767189
1983-02-13,8.426265753424657,-4.973080291958371,-1.8561854614662865
1983-02-14,8.424219178082192,-4.87918517429065,-1.8650340037915418
1983-02-15,8.42127397260274,-5.180480643205296,-1.6227933293974441
1983-02-16,8.42254794520548,-4.978482118442388,-1.721065826763092
1983-02-17,8.422594520547946,-4.998999083668942,-1.7505954368790038
1983-02-18,8.422972602739726,-5.13942612968229,-1.6005464730574364
1983-02-19,8.42946301369863,-5.207620017985767,-1.6168429957128625
1983-02-20,8.43607397260274,-5.142672845523527,-1.705401127079213
1983-02-21,8.444249315068493,-5.178863783352821,-1.7413855317156726
1983-02-22,8.45254794520548,-5.177917594381974,-1.730630350823505
1983-02-23,8.457630136986301,-5.063111763682993,-1.7685183733033085
1983-02-24,8.461131506849314,-5.087591285987172,-1.7835402208621423
1983-02-25,8.465416438356165,-5.229912536426231,-1.823503901929934
1983-02-26,8.459065753424657,-5.2726325223763535,-1.7864332310483029
1983-02-27,8.445509589041096,-5.268173372393916,-1.8523362166471804
1983-02-28,8.437416438356165,-5.256746396629954,-1.7326700417262098
1983-03-01,8.433701369863012,-5.118069052056719,-1.9006323178062932
1983-03-02,8.428254794520548,-5.222948504111514,-1.7553062904090337
1983-03-03,8.426643835616439,-5.2823230738340285,-1.69732076178241
1983-03-04,8.466482191780822,-5.27592454907112,-1.9135576427097014
1983-03-05,8.477060273972603,-5.284829150405858,-1.9112311235667452
1983-03-06,8.479893150684932,-5.28737077316666,-1.8105223775182724
1983-03-07,8.477230136986302,-5.306462729612041,-1.805767407374261
1983-03-08,8.37614794520548,-5.205065469338068,-1.7810824758674118
1983-03-09,8.317558904109589,-5.193543375906385,-1.6420155282032036
1983-03-10,8.286753424657535,-5.243241654796445,-1.4755117698610904
1983-03-11,8.269350684931506,-5.084042568038454,-1.5993081168930523
1983-03-12,8.268734246575342,-5.229053807940105,-1.4436804386352362
1983-03-13,8.289041095890411,-5.1583109909397535,-1.3437301049506578
1983-03-14,8.294145205479452,-5.19122507594151,-1.2579201295379425
1983-03-15,8.290616438356164,-5.205810534318749,-1.2378059040374154
1983-03-16,8.285580821917808,-5.021683101933783,-1.4428977199840256
1983-03-17,8.280386301369862,-5.183144640395321,-1.4432416609745413
1983-03-18,8.289813698630137,-4.976675234002627,-1.7101384646275104
1983-03-19,8.291326027397261,-5.064484858168416,-1.4148411692288452
1983-03-20,8.289484931506848,-5.0856064598544,-1.1118784716524477
1983-03-21,8.286693150684933,-5.098743375906385,-1.0019497747785477
1983-03-22,8.283126027397259,-5.035867225572701,-0.7632588018245583
1983-03-23,8.278734246575343,-4.912216786514042,-1.0005174600613014
1983-03-24,8.275457534246575,-4.818694131087277,-1.1557634031592983
1983-03-25,8.272276712328768,-4.665782715562163,-1.2924939967666047
1983-03-26,8.269430136986301,-4.699931012014569,-1.5284991249717317
1983-03-27,8.266865753424657,-4.6509270780489915,-1.6719386753756655
1983-03-28,8.178632876712328,-4.63719191823164,-1.6504409584806883
1983-03-29,8.12674794520548,-4.551629150405859,-1.7151187947996211
1983-03-30,8.108816438356165,-4.468462799861426,-1.8143536384947385
1983-03-31,8.097805479452054,-4.547610042573052,-1.6831954368790019
1983-04-01,8.089301369863014,-4.395444043275546,-1.9038573265874676
1983-04-02,8.082920547945204,-4.372053175695637,-1.9228673722495664
1983-04-03,8.078106849315068,-4.333039406816114,-1.959067442498954
1983-04-04,8.07394520547945,-4.334229220655244,-1.9847159848242066
1983-04-05,8.069756164383561,-4.34338201306831,-2.0663741513152507
1983-04-06,8.064430136986301,-4.30185043596961,-2.157579701016691
1983-04-07,8.058772602739724,-4.169860551881096,-2.2919120508586284
1983-04-08,8.05357808219178,-3.9009337517405975,-2.056644330451183
1983-04-09,8.049216438356163,-3.61181636501773,-0.3844000733384334
1983-04-10,8.047380821917807,-3.636727499545303,0.5863466776274957
1983-04-11,8.045539726027396,-3.6336877383932134,1.9141480123658168
1983-04-12,8.044227397260274,-3.751478043978039,0.8282506467177657
1983-04-13,8.042575342465753,-3.692365785460302,-0.5092095570054509
1983-04-14,8.04022191780822,-3.5797138009151666,-1.4645081168930525
1983-04-15,8.037219178082191,-3.537783347806631,-1.6944358302755602
1983-04-16,8.035452054794519,-3.6093682441887878,-1.6930838106057302
1983-04-17,8.034495890410959,-3.589510428944671,-1.2029854614662878
1983-04-18,8.034232876712329,-3.46416206224288,-0.9520708144694483
1983-04-19,8.032920547945206,-3.311106284230938,-0.8638142637142678
1983-04-20,8.029,-3.244348433862128,-0.1696515661378717
1983-04-21,8.026,-2.975595852197218,2.888595852197218
1983-04-22,8.02316712328767,-2.6407631159836598,6.027595992695989
1983-04-23,8.019690410958905,-2.581964380472596,3.6272739695136904
1983-04-24,8.007750684931507,-2.3740142575361713,2.585263572604664
1983-04-25,7.999854794520548,-1.708426972674914,0.4115721781543662
1983-04-26,7.994060273972602,-1.4544225469636387,-0.20063772700896298
1983-04-27,7.989605479452054,-1.4598808539534525,-0.5057246254986016
1983-04-28,7.98586301369863,-1.2709152761522584,-1.0419477375463715
1983-04-29,7.982594520547945,-0.9407757608730171,-1.073818759674928
1983-04-30,7.979306849315068,-0.6231576365316049,-0.8221492127834635
1983-05-01,7.976106849315069,0.02735209300826165,1.9725410576766707
1983-05-02,7.973112328767123,0.18785557035283496,-0.2829678991199581
1983-05-03,7.9702602739726025,0.6329583452035549,-1.7022186191761577
1983-05-04,7.966328767123287,1.3081709198435265,-2.589499686966814
1983-05-05,7.9623178082191775,2.3344008460816723,-3.7587186543008495
1983-05-06,7.959090410958904,2.1017542707392063,-2.6118446816981105
1983-05-07,7.95531506849315,3.1048546571108258,-1.5921697256039762
1983-05-08,7.952317808219178,4.309413561220415,-0.7687313694395925
1983-05-09,7.950402739726027,4.10853291492607,-3.5839356546520973
1983-05-10,7.948460273972602,3.0496698309780546,-3.3521301049506564
1983-05-11,7.94645205479452,2.6788828973637235,-3.924334952158244
1983-05-12,7.944471232876713,2.8937458408129677,-4.621217073689681
1983-05-13,7.942558904109589,3.498809065259754,-0.8073679693693427
1983-05-14,7.9406547945205475,4.160799862590277,2.8645453428891745
1983-05-15,7.938583561643835,4.789499265470503,14.16891717288566
1983-05-16,7.936493150684932,5.381327013977703,29.434179835337368
1983-05-17,7.934413698630137,5.204383845730425,8.092202455639438
1983-05-18,7.93234794520548,5.530811032242544,2.2818410225519754
1983-05-19,7.93038904109589,5.560187779696003,-0.5805768207918929
1983-05-20,7.92847397260274,6.052165299892701,-2.449639272495441
1983-05-21,7.926512328767123,6.63473979936583,14.66574787186705
1983-05-22,7.9245095890410955,6.534478120405521,6.687012290553384
1983-05-23,7.9226246575342465,6.515019110921855,-1.2626437684561012
1983-05-24,7.920723287671233,5.188028664838258,-2.6197519525094908
1983-05-25,7.9185479452054786,4.778967196626105,-3.769515141831583
1983-05-26,7.916583561643835,4.64032076178241,-4.428904323426244
1983-05-27,7.9143123287671235,5.6091405018596845,-5.359452830626808
1983-05-28,7.911446575342465,6.616472921951009,-5.455919497293475
1983-05-29,7.906164383561643,6.825103901929934,-4.794268285491578
1983-05-30,7.902098630136987,6.7739253279924565,-3.955023958129443
1983-05-31,7.898920547945205,7.400311348364778,-2.5202318963099835
1983-06-01,7.8961643835616435,7.336999722091508,2.4158358943468494
1983-06-02,7.893435616438357,8.26541018924992,5.455154194311724
1983-06-03,7.890882191780822,8.43693396866685,3.5041838395523293
1983-06-04,7.88832602739726,9.658998808849498,3.361675163753242
1983-06-05,7.885945205479452,11.973274748435026,5.895780046085521
1983-06-06,7.883515068493151,10.39584756192291,8.927637369583941
1983-06-07,7.881306849315068,9.516288587563933,12.280404563120998
1983-06-08,7.879104109589041,8.904502356443455,10.632393533967505
1983-06-09,7.8768657534246564,8.934643627957332,9.83249061861801
1983-06-10,7.875191780821917,10.530866178010019,10.875942041168063
1983-06-11,7.873695890410959,10.956606185034957,9.522697924554087
1983-06-12,7.871947945205479,10.505431826060596,7.372620228733927
1983-06-13,7.870687671232877,10.47053172068652,4.502780608080606
1983-06-14,7.86921095890411,10.192893364522135,1.8188956765737565
1983-06-15,7.867635616438356,10.779224239126984,-0.020859855565339203
1983-06-16,7.865531506849315,12.416004850296636,-4.975536357145952
1983-06-17,7.863139726027397,10.470772114083077,-5.5609118401104745
1983-06-18,7.860767123287671,11.096265826763092,-6.973032950050763
1983-06-19,7.858364383561644,11.505619813415707,-7.323984196977352
1983-06-20,7.8556849315068495,11.663248264416762,-4.649933195923611
1983-06-21,7.852849315068493,12.145723642007207,-3.174572957075698
1983-06-22,7.850052054794521,11.588645384191963,-3.193697438986483
1983-06-23,7.846854794520548,11.291264140777843,-0.4041189352983885
1983-06-24,7.844731506849314,12.035223606882514,1.7960448862681702
1983-06-25,7.847084931506849,13.100672711202852,3.208242357290297
1983-06-26,7.846673972602739,12.883870041726212,2.047455985671048
1983-06-27,7.8469780821917805,11.686961506425893,5.8810604113823235
1983-06-28,7.847920547945206,11.324662033296283,2.7254174187585107
1983-06-29,7.848871232876712,10.540313807093263,1.6378149600300276
1983-06-30,7.849013698630136,10.035217214188451,1.9587690871814125
1983-07-01,7.848638356164383,9.93424004523868,2.1951215985969394
1983-07-02,7.847860273972602,9.816529247908157,2.1286104781192403
1983-07-03,7.847471232876712,12.900007398593086,-0.04547863146979658
1983-07-04,7.847339726027397,10.913703699962952,4.713956574009654
1983-07-05,7.848139726027397,10.071884247908157,5.284976026064443
1983-07-06,7.848860273972603,10.157063220510896,4.619076505516501
1983-07-07,7.847978082191781,12.014701165716376,2.270320752091843
1983-07-08,7.847271232876712,10.63415383694925,5.232574930174037
1983-07-09,7.847150684931508,10.006386097223224,7.487463217845271
1983-07-10,7.847690410958904,10.888141782154731,10.165167806886364
1983-07-11,7.848386301369863,9.105684795853362,11.995928902776773
1983-07-12,7.848386301369863,9.207311028730073,8.432302669900062
1983-07-13,7.8473424657534245,7.952552655003343,8.964104879243232
1983-07-14,7.8471534246575345,7.925656764592385,10.743189810750078
1983-07-15,7.847232876712329,7.327076926165971,6.476690197121699
1983-07-16,7.8476,6.9038262061097715,4.78457379389023
1983-07-17,7.847945205479452,6.26082683835424,7.1652279561663095
1983-07-18,7.84808493150685,5.884137410886731,11.58777765760642
1983-07-19,7.848139726027397,6.320840747732532,10.190019526240071
1983-07-20,7.848432876712328,7.43471879479962,8.17184832848805
1983-07-21,7.848361643835617,6.324650933893403,12.481987422270983
1983-07-22,7.849216438356164,4.968738534876895,11.219045026766938
1983-07-23,7.849197260273973,4.885113877342649,8.078688862383377
1983-07-24,7.848956164383561,5.722986163960141,11.323057671656297
1983-07-25,7.848495890410959,5.177009908252378,10.023494201336662
1983-07-26,7.848342465753424,4.636426206109771,11.077231328136806
1983-07-27,7.848484931506849,3.992448334666147,11.085066733827002
1983-07-28,7.848336986301369,3.6898545868614403,10.03680842683719
1983-07-29,7.847983561643836,3.6678314045642852,10.309185033791877
1983-07-30,7.847293150684932,3.6802502313995507,9.333456617915518
1983-07-31,7.8466657534246576,4.13114640280805,6.9351878437672925
1983-08-01,7.846079452054794,3.334073905442403,14.113846642502804
1983-08-02,7.845441095890411,2.991736286896565,12.211822617213024
1983-08-03,7.844934246575343,2.9441608039320406,4.424904949492618
1983-08-04,7.843983561643835,2.334894699260457,1.5321217390957083
1983-08-05,7.84361095890411,2.31483779725835,-0.2394487561624592
1983-08-06,7.84358904109589,3.7990474916735235,-1.968636532769414
1983-08-07,7.843923287671233,2.364048826411844,-1.0529721140830777
1983-08-08,7.843723287671232,2.5136675829977237,-0.745390870668956
1983-08-09,7.843591780821916,2.921965159393931,-0.1085569402158475
1983-08-10,7.843282191780821,1.7372281730925607,0.18448963512661898
1983-08-11,7.842882191780821,1.9569758373004993,-0.00485802908132027
1983-08-12,7.842191780821917,1.5063648783963894,-1.086556659218306
1983-08-13,7.841783561643835,1.8695638949049949,-1.8013474565488297
1983-08-14,7.841591780821917,2.6149441548277204,-2.6575359356496366
1983-08-15,7.841846575342465,1.9049685313644256,-1.8928151067068901
1983-08-16,7.8426904109589035,2.6122580290813207,-2.3629484400402236
1983-08-17,7.8432356164383545,1.7342658267630913,0.2794985567985535
1983-08-18,7.843276712328766,0.9894446816981107,-0.6727213940268767
1983-08-19,7.843276712328766,0.9020908355442644,-0.6883675478730301
1983-08-20,7.843279452054794,0.886244822196881,1.0254757257483254
1983-08-21,7.8435643835616435,1.259361506425894,0.004074110012461718
1983-08-22,7.843969863013697,1.1944667400051003,-0.13443660301879778
1983-08-23,7.844578082191781,0.6013667048804077,0.5580552129278111
1983-08-24,7.84510410958904,0.7922628060395225,-0.8613669156285628
1983-08-25,7.84537808219178,2.2287738703177107,-2.9071519525094907
1983-08-26,7.845890410958903,3.354036954265726,-3.521927365224629
1983-08-27,7.846827397260274,1.2482092057585252,-1.6870366030187987
1983-08-28,7.847805479452054,0.9993504772723991,-1.8591559567244529
1983-08-29,7.8488931506849315,0.7687433820844819,-1.6606365327694137
1983-08-30,7.849457534246574,0.259629297082726,-1.0980868313293
1983-08-31,7.8500794520547945,0.1009574319615455,-0.8750368840163404
1983-09-01,7.850619178082191,0.6401830027378013,0.4971978191800075
1983-09-02,7.851290410958903,0.5913782257796,14.337331363261498
1983-09-03,7.854123287671232,0.525896525744475,2.7469801865842935
1983-09-04,7.857701369863013,0.17609575300123667,0.33520287713575037
1983-09-05,7.859720547945205,-0.153389038006842,-0.7553315099383634
1983-09-06,7.861660273972602,0.35586252504198124,-0.48952279901458307
1983-09-07,7.863410958904108,-0.03891422241147837,0.3255032635073706
1983-09-08,7.864816438356163,-0.7042099020742814,-0.4156065362818817
1983-09-09,7.866495890410958,-0.2398114475607586,-1.3246844428501996
1983-09-10,7.868027397260273,-0.8398243734476568,2.9707969761873843
1983-09-11,7.8696520547945195,-0.46818742227097965,9.15053536747646
1983-09-12,7.870767123287671,-0.9488720025309024,3.440104879243232
1983-09-13,7.871808219178082,-0.7858629403601964,-0.38994527881788543
1983-09-14,7.872493150684931,0.24485486785898164,-2.1503480185439128
1983-09-15,7.87318904109589,-0.014948433862128177,-2.0872406072337624
1983-09-16,7.874375342465752,0.8344826866155677,2.0581419709186797
1983-09-17,7.876016438356164,0.8062904140479524,-1.067306852404116
1983-09-18,7.877156164383561,-0.6135197018635332,-1.1326364625200278
1983-09-19,7.877575342465754,-0.8763186481227537,-1.426256694343
1983-09-20,7.877569863013697,-0.5380771307360307,-2.024492732277666
1983-09-21,7.876690410958903,-0.5926495929769859,-2.001040817981917
1983-09-22,7.876076712328766,-0.42636782269247625,-2.14170888963629
1983-09-23,7.875394520547944,0.8555477375463716,-3.5989422580943162
1983-09-24,7.874994520547944,1.2257669858779492,-4.172761506425894
1983-09-25,7.875416438356163,2.25379157316281,-5.013208011518974
1983-09-26,7.8761890410958895,3.456872359955926,-6.123061401051816
1983-09-27,7.877279452054793,4.805581457251325,-7.757860909306118
1983-09-28,7.878536986301368,1.7907576427097018,-4.8572946290110695
1983-09-29,7.879926027397259,-0.21786813881470982,-3.1120578885825494
1983-09-30,7.881219178082191,-0.5600064598544008,-2.84121271822779
1983-10-01,7.8826027397260265,-0.13804741524604108,-3.0025553244799856
1983-10-02,7.883843835616437,0.7205788580240677,-3.924422693640505
1983-10-03,7.885068493150684,-0.6241622729910359,-2.7329062201596486
1983-10-04,7.886273972602739,-0.1704941310872775,-3.1977798415154615
1983-10-05,7.887523287671232,0.565321464276263,-3.9618447519474946
1983-10-06,7.888857534246575,-0.6838547914314995,-2.861002742815075
1983-10-07,7.890408219178082,-0.822216365017731,-2.727191854160351
1983-10-08,7.890599999999999,-1.115946537128725,-2.4216534628712747
1983-10-09,7.885030136986301,-0.8068088483335015,-1.8972212886527995
1983-10-10,7.876580821917807,-0.9873477313682752,-1.934233090549532
1983-10-11,7.864545205479452,-0.5040292909046292,-2.3175159145748223
1983-10-12,7.855865753424657,0.06496818011749941,-3.008833933542157
1983-10-13,7.8507479452054785,-0.6844379315790233,-2.604310013626455
1983-10-14,7.847934246575342,0.6683882714417001,-4.171322518017043
1983-10-15,7.8457780821917815,0.5542709549682197,-3.7360490371600017
1983-10-16,7.844646575342466,0.40454169609923435,-3.6641882714417005
1983-10-17,7.843254794520548,0.8116482644167619,-3.9679030589373094
1983-10-18,7.84034794520548,0.7429811060043977,-4.3023290512098775
1983-10-19,7.836065753424657,1.1747488615365362,-4.866814614961194
1983-10-20,7.830128767123288,0.6746058337880295,-4.274734600911317
1983-10-21,7.816306849315068,-0.5330746720075444,-3.0782321773075236
1983-10-22,7.795027397260274,-1.0708397580630418,-2.728187639197232
1983-10-23,7.7828109589041095,-1.631827956166308,-2.3279830027378017
1983-10-24,7.771917808219178,-1.5952414440482892,-2.369676364170889
1983-10-25,7.76908493150685,-1.8444273941712255,-2.1546575373356243
1983-10-26,7.7696136986301365,-1.8281763931174846,-2.2054373055126515
1983-10-27,7.770635616438356,-2.183875304252012,-1.8917603121863444
1983-10-28,7.772778082191781,-2.4297708434160445,-1.7170072387757371
1983-10-29,7.772857534246575,-1.7278406010556653,-2.4930169331909093
1983-10-30,7.769991780821918,-0.927450365720225,-3.362541415101693
1983-10-31,7.7558273972602745,-0.8294849986671863,-3.5123423985930886
1983-11-01,7.74531506849315,-1.6844847176696447,-2.7128303508235057
1983-11-02,7.736002739726027,-2.101494482334204,-2.322508257391824
1983-11-03,7.7315068493150685,-2.365311623184222,-2.0681952261308463
1983-11-04,7.731912328767123,-2.477579975836136,-1.9703323529309875
1983-11-05,7.739326027397261,-2.345209550827355,-2.124116476569905
1983-11-06,7.744021917808219,-0.7437475908695045,-3.744274326938714
1983-11-07,7.745309589041096,-1.2823447106447066,-3.223964878396389
1983-11-08,7.749065753424658,-1.3678422167915276,-3.18922353663313
1983-11-09,7.747602739726027,-1.9435487148596695,-2.668054024866357
1983-11-10,7.748602739726026,-2.3033020692678186,-2.3493006704582076
1983-11-11,7.74951506849315,-2.322721458098166,-2.3467936103949842
1983-11-12,7.737027397260274,-1.7834255676872073,-2.8966018295730662
1983-11-13,7.7113205479452045,-2.298801542397429,-2.4415190055477756
1983-11-14,7.6530136986301365,-2.338684085425177,-2.3783296132049596
1983-11-15,7.551202739726027,-2.533999505165254,-2.1092032345607725
1983-11-16,7.509558904109589,-2.2414702462962697,-2.3880886578133196
1983-11-17,7.483887671232877,-2.1839770253619526,-2.4479106458709237
1983-11-18,7.466016438356164,-2.7666846474202593,-1.8853317909359042
1983-11-19,7.455049315068493,-2.588360516756403,-2.104688798312089
1983-11-20,7.395076712328767,-1.9672856309116542,-2.717791081417113
1983-11-21,7.358597260273973,-2.008954896805578,-2.666642363468395
1983-11-22,7.34105205479452,-2.6619219498438635,-2.0711301049506563
1983-11-23,7.329558904109589,-2.898953562067257,-1.9206053420423328
1983-11-24,7.325076712328767,-3.1399230035846433,-1.7191537087441233
1983-11-25,7.326194520547945,-3.3360941310872776,-1.5621003894606678
1983-11-26,7.3273452054794515,-3.516784612295567,-1.4245605931838843
1983-11-27,7.330079452054794,-3.5870806432052964,-1.4099988088494975
1983-11-28,7.321742465753424,-3.652757144785908,-1.389985320967516
1983-11-29,7.307668493150684,-3.6451825048140076,-1.437485988336677
1983-11-30,7.2866301369863,-3.515585806535117,-1.5990443304511825
1983-12-01,7.254427397260274,-3.578732136004734,-1.6016952612555402
1983-12-02,7.21637808219178,-3.5522589361452335,-1.6421191460465474
1983-12-03,7.1897452054794515,-3.5584796597139023,-1.6372655457655494
1983-12-04,7.182709589041096,-3.676716259643653,-1.5109933293974427
1983-12-05,7.168153424657534,-3.859165434213376,-1.307987990444159
1983-12-06,7.119235616438356,-3.980515135653488,-1.1327204807848679
1983-12-07,7.057750684931506,-3.959714152162093,-1.0860365327694121
1983-12-08,7.001446575342465,-3.9901487851090556,-0.9932977902334095
1983-12-09,6.949172602739726,-4.043876568740948,-0.6782960339987776
1983-12-10,6.8948904109589035,-4.1491310120145695,-0.45875939894433415
1983-12-11,6.851972602739726,-4.226475655498939,-0.4454969472407857
1983-12-12,6.82272602739726,-4.245750892590614,-0.3049751348066465
1983-12-13,6.803509589041095,-4.240996695189842,-0.33251289385125293
1983-12-14,6.7884602739726025,-4.271360938252715,-0.4050993357198873
1983-12-15,6.781221917808219,-4.170112114929919,-0.4901098028782993
1983-12-16,6.7909780821917805,-4.374036877838243,-0.325941204353537
1983-12-17,6.80704109589041,-4.4451302392713306,-0.3409108566190797
1983-12-18,6.825865753424657,-4.427773442643302,-0.41209231078135566
1983-12-19,6.847553424657534,-3.6821667689516966,-1.2153866557058368
1983-12-20,6.866358904109589,-4.134770773166659,-0.8165881309429297
1983-12-21,6.887213698630137,-4.235678395224966,-0.7585353034051714
1983-12-22,6.944890410958903,-4.381357355534064,-0.6575330554248398
1983-12-23,6.9783698630136985,-4.330535297227073,-0.2878345657866257
1983-12-24,6.995906849315068,-3.66584277878661,0.1279359294715423
1983-12-25,7.006720547945205,-3.824306775976635,-0.8184137719685705
1983-12-26,7.0039342465753425,-4.028131082263955,-0.641803164311388
1983-12-27,6.993923287671233,-4.030494131087277,-0.4674291565839557
1983-12-28,7.003523287671233,-3.891943867652082,-0.6205794200191503
1983-12-29,7.031320547945206,-4.0024626593626556,-0.6778578885825501
1983-12-30,7.045202739726028,-3.9912474152460407,-0.723955324479987
1983-12-31,7.047758904109589,-4.187782364315237,-0.5899765397943524
1984-01-01,7.05054794520548,-4.269164239973825,-0.618383705231655
1984-01-02,7.065999999999999,-4.3168335058677485,-0.5761664941322504
1984-01-03,7.083323287671233,-4.117749979348605,-0.8345733083226277
1984-01-04,7.085887671232877,-4.2888382828259495,-0.631049388406927
1984-01-05,7.0715589041095885,-4.674010745066906,-0.2125481590426821
1984-01-06,7.049383561643835,-4.671347450370734,-0.3270361112731006
1984-01-07,7.033972602739726,-4.653324549071121,-0.4006480536686059
1984-01-08,7.030397260273973,-4.797623249457492,-0.16477401081648058
1984-01-09,7.028928767123287,-4.843358128277302,-0.23357063884598528
1984-01-10,7.038641095890411,-4.928491883106948,-0.08014921278346332
1984-01-11,7.0725999999999996,-4.928287878891985,-0.12231212110801426
1984-01-12,7.125104109589041,-4.850736491466624,-0.1713676181224164
1984-01-13,7.142301369863015,-4.290862237866343,-0.8004391319966713
1984-01-14,7.152408219178082,-4.428815100528795,-0.6785931186492871
1984-01-15,7.15984109589041,-4.6178294314034,-0.5210116644870109
1984-01-16,7.150449315068493,-4.770564942467678,-0.4128843726008151
1984-01-17,7.11383287671233,-4.872420509731464,-0.28341236698086547
1984-01-18,7.075915068493151,-4.709624092450116,-0.2992909760430349
1984-01-19,7.045175342465754,-4.695508672710039,-0.3956666697557152
1984-01-20,7.0087534246575345,-4.881104738744461,0.14635131408692637
1984-01-21,6.979306849315068,-4.97155651254144,-0.16175033677362816
1984-01-22,6.9634328767123295,-5.011596414192301,-0.3078364625200285
1984-01-23,6.936879452054795,-4.949678746471893,-0.4312007055829019
1984-01-24,6.92695890410959,-5.0033148546559465,-0.2806440494536435
1984-01-25,6.906569863013699,-4.691527640044074,-0.5220422229696249
1984-01-26,6.886441095890412,-4.555471791782747,-0.5419693041076652
1984-01-27,6.85405205479452,-4.608951595084467,-0.3901004597100526
1984-01-28,6.816780821917808,-4.9558035796296025,-0.22597724228820582
1984-01-29,6.788057534246576,-5.077918648122754,-0.186138886123822
1984-01-30,6.772898630136987,-4.920008778084116,-0.2938898520528701
1984-01-31,6.745693150684932,-4.770048820233748,-0.439644330451185
1984-02-01,6.728306849315068,-4.9742438325273906,-0.2070630167876777
1984-02-02,6.7183315068493155,-5.0319649424676784,-0.12336656438163729
1984-02-03,6.716386301369862,-5.040197397683695,-0.10318890368616707
1984-02-04,6.723265753424657,-5.053829852899712,-0.08943590052494521
1984-02-05,6.737882191780822,-5.10705057646838,-0.06983161531244253
1984-02-06,6.7400383561643835,-5.113554194311725,-0.09448416185265884
1984-02-07,6.735460273972603,-5.094958549773614,-0.13850172419898854
1984-02-08,6.733169863013699,-5.136538739446954,-0.14163112356674468
1984-02-09,6.72833698630137,-5.106476217494022,-0.1918607688073486
1984-02-10,6.7480958904109585,-5.109231538884959,-0.20286435152599935
1984-02-11,6.765063013698629,-5.143588546261145,-0.13447446743748426
1984-02-12,6.76952602739726,-5.078912325678075,-0.19561370171918568
1984-02-13,6.77342191780822,-4.973080291958371,-0.1103416258498493
1984-02-14,6.775742465753424,-4.87918517429065,0.09144270853722514
1984-02-15,6.775279452054795,-5.180480643205296,0.22220119115050174
1984-02-16,6.768854794520548,-4.978482118442388,-0.05237267607816065
1984-02-17,6.766013698630137,-4.998999083668942,-0.09401461496119445
1984-02-18,6.763471232876713,-5.13942612968229,0.05995489680557764
1984-02-19,6.755443835616438,-5.207620017985767,0.16117618236932874
1984-02-20,6.749150684931507,-5.142672845523527,0.12952216059201938
1984-02-21,6.743024657534247,-5.178863783352821,0.18183912581857342
1984-02-22,6.7367698630136985,-5.177917594381974,0.177147731368275
1984-02-23,6.732915068493151,-5.063111763682993,0.056196695189842494
1984-02-24,6.759610958904109,-5.087591285987172,0.10498032708306315
1984-02-25,6.760953424657534,-5.229912536426231,0.22295911176869776
1984-02-26,6.759978082191781,-5.2726325223763535,0.2696544401845724
1984-02-27,6.75833698630137,-5.268173372393916,0.23183638609254587
1984-02-28,6.7560739726027395,-5.256746396629954,0.15467242402721482
1984-02-29,6.753443835616438,-5.118069052056719,0.006625216440281356
1984-03-01,6.750857534246576,-5.222948504111514,0.1190909698649385
1984-03-02,6.742515068493151,-5.2823230738340285,0.23180800534087798
1984-03-03,6.696257534246575,-5.27592454907112,0.8906670148245448
1984-03-04,6.681213698630137,-5.284829150405858,1.190615451775721
1984-03-05,6.673493150684932,-5.28737077316666,0.7328776224817277
1984-03-06,6.669520547945206,-5.306462729612041,0.7099421816668352
1984-03-07,6.68846301369863,-5.205065469338068,0.5456024556394379
1984-03-08,6.69166301369863,-5.193543375906385,0.49688036220775533
1984-03-09,6.691758904109589,-5.243241654796445,0.7324827506868559
1984-03-10,6.692142465753425,-5.084042568038454,0.5369001022850295
1984-03-11,6.68113698630137,-5.229053807940105,0.7369168216387356
1984-03-12,6.656805479452055,-5.1583109909397535,0.6955055114876982
1984-03-13,6.648052054794521,-5.19122507594151,0.768173021146989
1984-03-14,6.647994520547945,-5.205810534318749,0.6548160137708035
1984-03-15,6.647917808219178,-5.021683101933783,0.4487652937146045
1984-03-16,6.646621917808219,-5.183144640395321,0.6235227225871025
1984-03-17,6.6600602739726025,-4.976675234002627,0.5186149600300247
1984-03-18,6.674054794520548,-5.064484858168416,0.6184300636478683
1984-03-19,6.692232876712328,-5.0856064598544,0.638373583142072
1984-03-20,6.726671232876711,-5.098743375906385,0.5560721430296738
1984-03-21,6.748917808219178,-5.035867225572701,0.4499494173535217
1984-03-22,6.76385205479452,-4.912216786514042,0.2903647317195226
1984-03-23,6.777786301369863,-4.818694131087277,0.09290782971741329
1984-03-24,6.79798904109589,-4.665782715562163,0.035793674466273906
1984-03-25,6.810761643835616,-4.699931012014569,0.08416936817895238
1984-03-26,6.820032876712329,-4.6509270780489915,0.056894201336662675
1984-03-27,6.826493150684931,-4.63719191823164,0.09969876754670892
1984-03-28,6.8332,-4.551629150405859,0.03742915040585881
1984-03-29,6.841301369863014,-4.468462799861426,-0.03983857000158775
1984-03-30,6.849504109589041,-4.547610042573052,0.037105932984011325
1984-03-31,6.857564383561644,-4.395444043275546,-0.16712034028609768
1984-04-01,6.86393698630137,-4.372053175695637,-0.2508838106057336
1984-04-02,6.8736273972602735,-4.333039406816114,-0.3075879904441585
1984-04-03,6.916739726027397,-4.334229220655244,-0.3875105053721537
1984-04-04,6.938871232876712,-4.34338201306831,-0.47948921980840264
1984-04-05,6.956616438356164,-4.30185043596961,-0.5627660023865539
1984-04-06,6.983660273972602,-4.169860551881096,-0.6507997220915067
1984-04-07,7.000871232876713,-3.9009337517405975,-0.9339374811361156
1984-04-08,7.014449315068493,-3.61181636501773,-1.3826329500507635
1984-04-09,7.022457534246575,-3.636727499545303,-1.472730034701272
1984-04-10,7.032367123287671,-3.6336877383932134,-1.4656793848944583
1984-04-11,7.0424493150684935,-3.751478043978039,-1.337971271090454
1984-04-12,7.050723287671232,-3.692365785460302,-1.3853575022109306
1984-04-13,7.060019178082192,-3.5797138009151666,-1.5113053771670253
1984-04-14,7.069509589041096,-3.537783347806631,-1.513726241234465
1984-04-15,7.076457534246575,-3.6093682441887878,-1.1470892900577874
1984-04-16,7.082654794520548,-3.589510428944671,-0.7591443655758767
1984-04-17,7.087567123287672,-3.46416206224288,-1.066405061044791
1984-04-18,7.09292602739726,-3.311106284230938,-1.486819743166322
1984-04-19,7.098002739726027,-3.244348433862128,-1.4056543058638988
1984-04-20,7.103991780821918,-2.975595852197218,-1.2343959286247
1984-04-21,7.113564383561643,-2.6407631159836598,-0.8298012675779836
1984-04-22,7.118997260273972,-2.581964380472596,0.06896712019862328
1984-04-23,7.123564383561643,-2.3740142575361713,-0.5065501260254712
1984-04-24,7.1276602739726025,-1.708426972674914,0.24976669870231105
1984-04-25,7.131386301369862,-1.4544225469636387,0.8550362455937763
1984-04-26,7.134747945205479,-1.4598808539534525,0.7221329087479735
1984-04-27,7.14538904109589,-1.2709152761522584,0.5805262350563685
1984-04-28,7.151210958904109,-0.9407757608730171,-0.2134351980310919
1984-04-29,7.154830136986301,-0.6231576365316049,-1.0436725004546956
1984-04-30,7.157879452054795,0.02735209300826165,-2.3792315450630563
1984-05-01,7.160493150684932,0.18785557035283496,-3.3073487210377666
1984-05-02,7.162835616438356,0.6329583452035549,-4.293793961641911
1984-05-03,7.164939726027397,1.3081709198435265,-3.4291106458709235
1984-05-04,7.166632876712328,2.3344008460816723,-2.8150337227940008
1984-05-05,7.168257534246575,2.1017542707392063,0.8849881950142184
1984-05-06,7.169336986301369,3.1048546571108258,0.9078083565878057
1984-05-07,7.170175342465753,4.309413561220415,0.48341109631383095
1984-05-08,7.171150684931506,4.10853291492607,-1.4336835998575763
1984-05-09,7.172213698630137,3.0496698309780546,-3.1098835296081915
1984-05-10,7.17366301369863,2.6788828973637235,-2.786545911062354
1984-05-11,7.175046575342465,2.8937458408129677,-3.518792416155433
1984-05-12,7.176027397260274,3.498809065259754,-4.598836462520028
1984-05-13,7.1766712328767115,4.160799862590277,-5.754471095466989
1984-05-14,7.177605479452055,4.789499265470503,-6.352104744922557
1984-05-15,7.17826301369863,5.381327013977703,-6.968590027676333
1984-05-16,7.178865753424657,5.204383845730425,-6.3522495991550825
1984-05-17,7.17957808219178,5.530811032242544,-6.3353891144343235
1984-05-18,7.180008219178082,5.560187779696003,-6.353195998874085
1984-05-19,7.180638356164383,6.052165299892701,-5.704803656057085
1984-05-20,7.181419178082192,6.63473979936583,-6.479158977448022
1984-05-21,7.182273972602739,6.534478120405521,-5.88575209300826
1984-05-22,7.183334246575342,6.515019110921855,-6.927353357497197
1984-05-23,7.184594520547945,5.188028664838258,-6.078623185386204
1984-05-24,7.188728767123287,4.778967196626105,-4.6756959637493924
1984-05-25,7.1937479452054784,4.64032076178241,-3.2980687069878885
1984-05-26,7.197487671232876,5.6091405018596845,-4.222628173092561
1984-05-27,7.199460273972603,6.616472921951009,-3.7459331959236115
1984-05-28,7.201408219178082,6.825103901929934,-7.132512121108015
1984-05-29,7.203027397260273,6.7739253279924565,-8.39295272525273
1984-05-30,7.204709589041094,7.400311348364778,-9.505020937405874
1984-05-31,7.206731506849314,7.336999722091508,-8.648731228940822
1984-06-01,7.209095890410959,8.26541018924992,-7.748506079660879
1984-06-02,7.211654794520548,8.43693396866685,-5.537588763187397
1984-06-03,7.214323287671233,9.658998808849498,1.4676779034792702
1984-06-04,7.216994520547945,11.973274748435026,1.2517307310170285
1984-06-05,7.219643835616438,10.39584756192291,-8.263491397539347
1984-06-06,7.222082191780822,9.516288587563933,-9.502370779344755
1984-06-07,7.224032876712329,8.904502356443455,-9.263535233155784
1984-06-08,7.22587397260274,8.934643627957332,-8.596517600560071
1984-06-09,7.227117808219178,10.530866178010019,-8.288983986229198
1984-06-10,7.227994520547945,10.956606185034957,-5.496600705582901
1984-06-11,7.229208219178082,10.505431826060596,-2.659640045238678
1984-06-12,7.2300657534246575,10.47053172068652,-1.870597474111177
1984-06-13,7.231,10.192893364522135,-3.035893364522135
1984-06-14,7.23206301369863,10.779224239126984,-2.027287252825614
1984-06-15,7.233117808219177,12.416004850296636,-0.7821226585158119
1984-06-16,7.234123287671233,10.470772114083077,0.9311045982456889
1984-06-17,7.235227397260274,11.096265826763092,0.5235067759766334
1984-06-18,7.236367123287671,11.505619813415707,1.2140130632966208
1984-06-19,7.23764109589041,11.663248264416762,2.8321106396928286
1984-06-20,7.239145205479452,12.145723642007207,5.05113115251334
1984-06-21,7.240758904109589,11.588645384191963,18.467595711698443
1984-06-22,7.2422356164383554,11.291264140777843,12.4205002427838
1984-06-23,7.242002739726027,12.035223606882514,8.799773653391458
1984-06-24,7.238904109589042,13.100672711202852,7.763423179208106
1984-06-25,7.238794520547945,12.883870041726212,1.6383354377258428
1984-06-26,7.2386,11.686961506425893,2.835438493574106
1984-06-27,7.237810958904109,11.324662033296283,6.839527007799608
1984-06-28,7.237282191780821,10.540313807093263,12.395404001125915
1984-06-29,7.23676712328767,10.035217214188451,7.638015662523879
1984-06-30,7.236158904109589,9.93424004523868,3.7406010506517333
1984-07-01,7.235799999999999,9.816529247908157,3.7586707520918434
1984-07-02,7.235682191780821,12.900007398593086,6.2063104096260915
1984-07-03,7.235367123287671,10.913703699962952,11.648929176749377
1984-07-04,7.235093150684931,10.071884247908157,6.834022601406909
1984-07-05,7.234660273972603,10.157063220510896,0.0032765055165011603
1984-07-06,7.234109589041095,12.014701165716376,-5.209810754757472
1984-07-07,7.233863013698629,10.63415383694925,0.2209831493521186
1984-07-08,7.233783561643835,10.006386097223224,6.795830341132941
1984-07-09,7.233476712328766,10.888141782154731,10.243381505516501
1984-07-10,7.2335013698630135,9.105684795853362,16.15581383428362
1984-07-11,7.2333260273972595,9.207311028730073,21.442362943872666
1984-07-12,7.233186301369862,7.952552655003343,28.74226104362679
1984-07-13,7.232805479452055,7.925656764592385,17.63453775595556
1984-07-14,7.232493150684931,7.327076926165971,10.780429923149097
1984-07-15,7.232202739726027,6.9038262061097715,8.1129710541642
1984-07-16,7.231983561643835,6.26082683835424,4.353189600001925
1984-07-17,7.231920547945205,5.884137410886731,-1.161057958831936
1984-07-18,7.231887671232876,6.320840747732532,-3.033728418965408
1984-07-19,7.231561643835617,7.43471879479962,-2.4312804386352376
1984-07-20,7.231558904109589,6.324650933893403,-0.19520983800299074
1984-07-21,7.230671232876713,4.968738534876895,1.0895902322463922
1984-07-22,7.23088493150685,4.885113877342649,2.9030011911505014
1984-07-23,7.231589041095891,5.722986163960141,2.2484247949439675
1984-07-24,7.232476712328767,5.177009908252378,7.018513379418856
1984-07-25,7.233065753424658,4.636426206109771,4.250508040465572
1984-07-26,7.2335095890410965,3.992448334666147,4.353042076292757
1984-07-27,7.233802739726027,3.6898545868614403,-1.1706573265874671
1984-07-28,7.233917808219178,3.6678314045642852,-2.680749212783463
1984-07-29,7.234591780821917,3.6802502313995507,-0.5378420122214673
1984-07-30,7.23552602739726,4.13114640280805,2.013327569794691
1984-07-31,7.236323287671233,3.334073905442403,4.793602806886365
1984-08-01,7.237098630136987,2.991736286896565,6.474165082966447
1984-08-02,7.237638356164383,2.9441608039320406,1.391200839903577
1984-08-03,7.238323287671232,2.334894699260457,1.4277820130683105
1984-08-04,7.239249315068492,2.31483779725835,2.8759128876731577
1984-08-05,7.240819178082191,3.7990474916735235,3.969133330244286
1984-08-06,7.24145205479452,2.364048826411844,0.33649911879363614
1984-08-07,7.242019178082192,2.5136675829977237,-1.8146867610799156
1984-08-08,7.242638356164384,2.921965159393931,-0.34360351555831503
1984-08-09,7.243287671232876,1.7372281730925607,-0.9795158443254373
1984-08-10,7.244032876712328,1.9569758373004993,7.805991285987174
1984-08-11,7.2446904109589045,1.5063648783963894,5.703944710644706
1984-08-12,7.2451616438356155,1.8695638949049949,0.4242744612593894
1984-08-13,7.245652054794521,2.6149441548277204,-0.639596209622241
1984-08-14,7.245254794520548,1.9049685313644256,-0.44922332588497316
1984-08-15,7.24425205479452,2.6122580290813207,-1.933510083875841
1984-08-16,7.243745205479452,1.7342658267630913,-1.4660110322425435
1984-08-17,7.243608219178082,0.9894446816981107,-1.1100529008761923
1984-08-18,7.243673972602739,0.9020908355442644,-1.0167648081470038
1984-08-19,7.243731506849315,0.886244822196881,-1.3049763290461958
1984-08-20,7.243715068493151,1.259361506425894,-1.693076574919045
1984-08-21,7.243608219178082,1.1944667400051003,-1.7700749591831821
1984-08-22,7.243471232876712,0.6013667048804077,-1.1238379377571197
1984-08-23,7.243369863013699,0.7922628060395225,-1.6666326690532218
1984-08-24,7.243301369863014,2.2287738703177107,7.438924759819277
1984-08-25,7.243101369863013,3.354036954265726,-2.42913832412874
1984-08-26,7.242964383561644,1.2482092057585252,-1.43917358932017
1984-08-27,7.242956164383562,0.9993504772723991,-1.8533066416559612
1984-08-28,7.242956164383562,0.7687433820844819,-1.880699546468044
1984-08-29,7.243093150684931,0.259629297082726,-1.451722447767657
1984-08-30,7.243326027397261,0.1009574319615455,-1.2122834593588068
1984-08-31,7.24353698630137,0.6401830027378013,-1.9407199890391718
1984-09-01,7.243501369863014,0.5913782257796,-1.9388795956426144
1984-09-02,7.2417123287671235,0.525896525744475,-2.1316088545115983
1984-09-03,7.239060273972603,0.17609575300123667,-1.8641560269738395
1984-09-04,7.2376219178082195,-0.153389038006842,-1.5832328798013773
1984-09-05,7.236312328767124,0.35586252504198124,7.049825146190894
1984-09-06,7.235153424657534,-0.03891422241147837,2.1217607977539434
1984-09-07,7.2339534246575345,-0.7042099020742814,0.25025647741674706
1984-09-08,7.232200000000001,-0.2398114475607586,-0.5503885524392419
1984-09-09,7.230501369863013,-0.8398243734476568,-0.4086769964153564
1984-09-10,7.228753424657535,-0.46818742227097965,0.9104339976134448
1984-09-11,7.226917808219179,-0.9488720025309024,0.8889541943117233
1984-09-12,7.224997260273973,-0.7858629403601964,0.2358656800862231
1984-09-13,7.223452054794521,0.24485486785898164,-1.5293069226535025
1984-09-14,7.221972602739727,-0.014948433862128177,-1.9090241688775984
1984-09-15,7.220386301369864,0.8344826866155677,7.617131012014569
1984-09-16,7.218435616438357,0.8062904140479524,4.698273969513692
1984-09-17,7.216378082191781,-0.6135197018635332,6.163141619671752
1984-09-18,7.2142,-0.8763186481227537,11.807118648122753
1984-09-19,7.212112328767123,-0.5380771307360307,6.760964801968908
1984-09-20,7.210068493150684,-0.5926495929769859,4.116581099826302
1984-09-21,7.208167123287671,-0.42636782269247625,3.6122006994048053
1984-09-22,7.206545205479452,0.8555477375463716,4.443907056974176
1984-09-23,7.204676712328768,1.2257669858779492,1.159556301793283
1984-09-24,7.20273698630137,2.25379157316281,-0.9565285594641804
1984-09-25,7.200780821917808,3.456872359955926,-3.089653181873735
1984-09-26,7.1986849315068495,4.805581457251325,-4.631266388758174
1984-09-27,7.196841095890411,1.7907576427097018,-1.218598738600113
1984-09-28,7.19474794520548,-0.21786813881470982,0.5671201936092297
1984-09-29,7.192780821917808,-0.5600064598544008,0.7892256379365921
1984-09-30,7.1912,-0.13804741524604108,0.01484741524604044
1984-10-01,7.189835616438357,0.7205788580240677,0.306585525537576
1984-10-02,7.189202739726028,-0.6241622729910359,13.698959533265008
1984-10-03,7.18934794520548,-0.1704941310872775,5.577146185881798
1984-10-04,7.191082191780822,0.565321464276263,3.211596343942915
1984-10-05,7.193846575342466,-0.6838547914314995,7.705008216089033
1984-10-06,7.196482191780822,-0.822216365017731,4.248734173236908
1984-10-07,7.198243835616438,-1.115946537128725,3.226702701512286
1984-10-08,7.200438356164383,-0.8068088483335015,1.7103704921691172
1984-10-09,7.2031835616438356,-0.9873477313682752,2.3561641697244387
1984-10-10,7.205495890410959,-0.5040292909046292,2.021533400493671
1984-10-11,7.20693698630137,0.06496818011749941,0.6600948335811309
1984-10-12,7.208306849315068,-0.6844379315790233,1.431131082263955
1984-10-13,7.209208219178082,0.6683882714417001,-0.06859649061978212
1984-10-14,7.210139726027397,0.5542709549682197,-0.5644106809956166
1984-10-15,7.210145205479453,0.40454169609923435,-0.7676869015786867
1984-10-16,7.208624657534246,0.8116482644167619,-1.5402729219510074
1984-10-17,7.207972602739726,0.7429811060043977,-1.713953708744124
1984-10-18,7.208224657534247,1.1747488615365362,-2.3859735190707836
1984-10-19,7.208728767123288,0.6746058337880295,-1.4673346009113173
1984-10-20,7.210049315068494,-0.5330746720075444,1.0220253569390505
1984-10-21,7.212016438356165,-1.0708397580630418,-0.16217668029312304
1984-10-22,7.212043835616439,-1.631827956166308,-0.09021587945013043
1984-10-23,7.214052054794521,-1.5952414440482892,-0.31681061074623185
1984-10-24,7.212698630136986,-1.8444273941712255,-0.2382712359657604
1984-10-25,7.206731506849315,-1.8281763931174846,-0.4155551137318303
1984-10-26,7.201712328767124,-2.183875304252012,2.5611629754848875
1984-10-27,7.196660273972602,-2.4297708434160445,0.9841105694434424
1984-10-28,7.192827397260274,-1.7278406010556653,-0.5919867962046084
1984-10-29,7.18847397260274,-0.927450365720225,-1.6680236068825147
1984-10-30,7.184827397260275,-0.8294849986671863,-1.9873423985930883
1984-10-31,7.184093150684932,-1.6844847176696447,-1.296608433015287
1984-11-01,7.185594520547946,-2.101494482334204,-1.0041000382137422
1984-11-02,7.181849315068494,-2.365311623184222,-0.9005376918842716
1984-11-03,7.173194520547946,-2.477579975836136,-0.81861454471181
1984-11-04,7.155369863013699,-2.345209550827355,-1.146160312186344
1984-11-05,7.135816438356165,-0.7437475908695045,-2.8300688474866607
1984-11-06,7.118312328767123,-1.2823447106447066,-2.2409676181224167
1984-11-07,7.1053863013698635,-1.3678422167915276,-2.157544084578336
1984-11-08,7.097898630136987,-1.9435487148596695,-1.4893499152773173
1984-11-09,7.090720547945206,-2.3033020692678186,-1.1864184786773873
1984-11-10,7.086241095890411,-2.322721458098166,-1.3255196377922451
1984-11-11,7.0927643835616445,-1.7834255676872073,-2.0173388158744374
1984-11-12,7.113512328767124,-2.298801542397429,-1.5027107863696951
1984-11-13,7.164553424657535,-2.338684085425177,-1.6498693392323576
1984-11-14,7.199547945205481,-2.533999505165254,-1.5375484400402266
1984-11-15,7.22343287671233,-2.2414702462962697,-1.84196263041606
1984-11-16,7.244553424657535,-2.1839770253619526,-2.0515763992955827
1984-11-17,7.264375342465754,-2.7666846474202593,-1.4536906950454949
1984-11-18,7.279117808219178,-2.588360516756403,-1.6437572914627743
1984-11-19,7.29322191780822,-1.9672856309116542,-2.3039362868965654
1984-11-20,7.310539726027397,-2.008954896805578,-2.2315848292218186
1984-11-21,7.3318520547945205,-2.6619219498438635,-1.6019301049506574
1984-11-22,7.346695890410959,-2.898953562067257,-0.42874232834370174
1984-11-23,7.360345205479452,-3.1399230035846433,0.0775777981051915
1984-11-24,7.377876712328767,-3.3360941310872776,-0.24878258124148944
1984-11-25,7.4079863013698635,-3.516784612295567,-0.7852016890742965
1984-11-26,7.445567123287672,-3.5870806432052964,-0.8144864800823752
1984-11-27,7.494265753424658,-3.652757144785908,-0.9715086086387501
1984-11-28,7.527397260273973,-3.6451825048140076,-1.0432147554599656
1984-11-29,7.556989041095891,-3.515585806535117,-1.1314032345607736
1984-11-30,7.591241095890412,-3.578732136004734,-1.0755089598856786
1984-12-01,7.621331506849316,-3.5522589361452335,-1.113072570704083
1984-12-02,7.644364383561644,-3.5584796597139023,-1.1178847238477418
1984-12-03,7.645241095890412,-3.676716259643653,-0.9985248362467587
1984-12-04,7.646824657534247,-3.859165434213376,-0.8196592233208713
1984-12-05,7.688493150684932,-3.980515135653488,-0.8119780150314444
1984-12-06,7.739715068493151,-3.959714152162093,-1.0560009163310577
1984-12-07,7.819134246575342,-3.9901487851090556,-1.1389854614662864
1984-12-08,7.857668493150685,-4.043876568740948,-1.1327919244097373
1984-12-09,7.869479452054794,-4.1491310120145695,-1.113348440040224
1984-12-10,7.865430136986301,-4.226475655498939,-1.0159544814873618
1984-12-11,7.85131506849315,-4.245750892590614,-1.0205641759025363
1984-12-12,7.832468493150685,-4.240996695189842,-1.0204717979608438
1984-12-13,7.823805479452055,-4.271360938252715,-1.05244454119934
1984-12-14,7.816819178082191,-4.170112114929919,-1.1407070631522718
1984-12-15,7.822449315068494,-4.374036877838243,-0.9904124372302503
1984-12-16,7.810446575342466,-4.4451302392713306,-0.9413163360711359
1984-12-17,7.793605479452055,-4.427773442643302,-0.9638320368087534
1984-12-18,7.768139726027398,-3.6821667689516966,-1.6709729570757013
1984-12-19,7.739509589041097,-4.134770773166659,-1.1407388158744372
1984-12-20,7.707386301369864,-4.235678395224966,-0.9897079061448979
1984-12-21,7.633041095890411,-4.381357355534064,-0.8066837403563465
1984-12-22,7.5795013698630145,-4.330535297227073,-0.9739660726359416
1984-12-23,7.531356164383562,-3.66584277878661,-1.5385133855969517
1984-12-24,7.48353698630137,-3.824306775976635,-1.3352302103247355
1984-12-25,7.4530164383561655,-4.028131082263955,-1.1618853560922107
1984-12-26,7.426632876712329,-4.030494131087277,-1.1881387456250518
1984-12-27,7.408906849315069,-3.891943867652082,-1.2189629816629868
1984-12-28,7.368397260273973,-4.0024626593626556,-1.202934600911317
1984-12-29,7.341112328767124,-3.9912474152460407,-1.2418649135210833
1984-12-30,7.327594520547946,-4.187782364315237,-1.0008121562327092
1984-12-31,7.322843835616439,-4.269164239973825,-0.933679595642614
1985-01-01,7.305920547945206,-4.3168335058677485,-0.9310870420774577
1985-01-02,7.277523287671232,-4.117749979348605,-1.1287733083226277
1985-01-03,7.273997260273973,-4.2888382828259495,-0.9771589774480232
1985-01-04,7.287619178082192,-4.674010745066906,-0.629608433015286
1985-01-05,7.306172602739727,-4.671347450370734,-0.673825152368992
1985-01-06,7.317917808219178,-4.653324549071121,-0.7135932591480572
1985-01-07,7.307901369863014,-4.797623249457492,-0.5542781204055229
1985-01-08,7.280854794520548,-4.843358128277302,-0.4764966662432455
1985-01-09,7.2456794520547945,-4.928491883106948,-0.35118756894784653
1985-01-10,7.185706849315069,-4.928287878891985,-0.2864189704230835
1985-01-11,7.109794520547945,-4.850736491466624,-0.2950580290813205
1985-01-12,7.06711506849315,-4.290862237866343,-0.8392528306268066
1985-01-13,7.051706849315067,-4.428815100528795,-0.6838917487862721
1985-01-14,7.051024657534246,-4.6178294314034,-0.4921952261308462
1985-01-15,7.057468493150685,-4.770564942467678,-0.3429035506830065
1985-01-16,7.074073972602738,-4.872420509731464,-0.25565346287127433
1985-01-17,7.088408219178081,-4.709624092450116,-0.43078412672796507
1985-01-18,7.1000712328767115,-4.695508672710039,-0.4515625601666722
1985-01-19,7.104306849315067,-4.881104738744461,-0.2732021105706064
1985-01-20,7.103972602739725,-4.97155651254144,-0.20841609019828589
1985-01-21,7.094693150684931,-5.011596414192301,-0.18209673649263003
1985-01-22,7.083246575342465,-4.949678746471893,-0.2535678288705725
1985-01-23,7.060295890410957,-5.0033148546559465,-0.19898103575501036
1985-01-24,7.047665753424657,-4.691527640044074,-0.5011381133805832
1985-01-25,7.037542465753424,-4.555471791782747,-0.5860706739706769
1985-01-26,7.048523287671232,-4.608951595084467,-0.5425716925867645
1985-01-27,7.06304109589041,-4.9558035796296025,-0.22623751626080768
1985-01-28,7.080139726027396,-5.077918648122754,-0.1372210779046421
1985-01-29,7.09537808219178,-4.920008778084116,-0.32536930410766285
1985-01-30,7.087991780821916,-4.770048820233748,-0.49894296058816856
1985-01-31,7.0678301369863,-4.9742438325273906,-0.34958630445891004
1985-02-01,7.0611342465753415,-5.0319649424676784,-0.21616930410766333
1985-02-02,7.054884931506848,-5.040197397683695,-0.10368753382315354
1985-02-03,7.045117808219176,-5.053829852899712,0.16171204468053624
1985-02-04,7.02946301369863,-5.10705057646838,-0.13041243723024998
1985-02-05,7.0447999999999995,-5.113554194311725,-0.19224580568827498
1985-02-06,7.049608219178081,-5.094958549773614,-0.22664966940446707
1985-02-07,7.042854794520547,-5.136538739446954,-0.21431605507359297
1985-02-08,7.039983561643835,-5.106476217494022,-0.23150734414981322
1985-02-09,7.012416438356163,-5.109231538884959,-0.22718489947120357
1985-02-10,6.9934520547945205,-5.143588546261145,-0.19086350853337564
1985-02-11,6.98950410958904,-5.078912325678075,-0.23659178391096614
1985-02-12,6.98671506849315,-4.973080291958371,-0.46863477653477936
1985-02-13,6.984484931506849,-4.87918517429065,-0.4832997572161988
1985-02-14,6.983427397260273,-5.180480643205296,-0.1709467540549774
1985-02-15,6.983608219178082,-4.978482118442388,-0.31712610073569447
1985-02-16,6.983361643835616,-4.998999083668942,-0.28736256016667383
1985-02-17,6.981890410958904,-5.13942612968229,-0.13746428127661403
1985-02-18,6.980134246575342,-5.207620017985767,-0.06951422858957468
1985-02-19,6.980038356164384,-5.142672845523527,-0.14036551064085678
1985-02-20,6.979610958904109,-5.178863783352821,-0.10474717555128876
1985-02-21,6.980367123287671,-5.177917594381974,-0.10344952890569736
1985-02-22,6.98225205479452,-5.063111763682993,-0.218140291111526
1985-02-23,6.956375342465753,-5.087591285987172,-0.16478405647858096
1985-02-24,7.011435616438355,-5.229912536426231,-0.07752308001212427
1985-02-25,7.04011506849315,-5.2726325223763535,-0.013482546116796001
1985-02-26,7.050901369863013,-5.268173372393916,-0.06072799746909752
1985-02-27,7.056030136986301,-5.256746396629954,-0.09528374035634712
1985-02-28,7.0583041095890415,-5.118069052056719,-0.21323505753232208
1985-03-01,7.056923287671232,-5.222948504111514,-0.10997478355971779
1985-03-02,7.055641095890411,-5.2823230738340285,-0.09431802205638196
1985-03-03,7.054758904109589,-5.27592454907112,-0.12083435503846918
1985-03-04,7.054758904109589,-5.284829150405858,-0.15092975370373107
1985-03-05,7.059635616438356,-5.28737077316666,-0.17826484327169556
1985-03-06,7.070065753424657,-5.306462729612041,-0.16860302381261683
1985-03-07,7.047506849315068,-5.205065469338068,-0.2364413799770002
1985-03-08,7.0421863013698625,-5.193543375906385,-0.2916429254634778
1985-03-09,7.043728767123287,-5.243241654796445,-0.2594871123268421
1985-03-10,7.044082191780822,-5.084042568038454,-0.4350396237423677
1985-03-11,7.0453095890410955,-5.229053807940105,-0.2652557811009899
1985-03-12,7.040838356164383,-5.1583109909397535,-0.3585273652246297
1985-03-13,7.0373315068493145,-5.19122507594151,-0.32210643090780433
1985-03-14,7.0354027397260275,-5.205810534318749,-0.29659220540727915
1985-03-15,7.03504109589041,-5.021683101933783,-0.47835799395662715
1985-03-16,7.035890410958903,-5.183144640395321,-0.34474577056358147
1985-03-17,7.008175342465753,-4.976675234002627,-0.5415001084631257
1985-03-18,6.9901397260273965,-5.064484858168416,-0.44865486785898057
1985-03-19,6.969293150684932,-5.0856064598544,-0.43368669083053124
1985-03-20,6.933082191780821,-5.098743375906385,-0.41233881587443655
1985-03-21,6.91053698630137,-5.035867225572701,-0.4576697607286695
1985-03-22,6.895802739726027,-4.912216786514042,-0.5355859532119851
1985-03-23,6.881898630136986,-4.818694131087277,-0.603204499049709
1985-03-24,6.86198904109589,-4.665782715562163,-0.7102063255337265
1985-03-25,6.849824657534246,-4.699931012014569,-0.6628936455196763
1985-03-26,6.840391780821918,-4.6509270780489915,-0.6774647027729257
1985-03-27,6.833268493150685,-4.63719191823164,-0.6720765749190454
1985-03-28,6.826282191780821,-4.551629150405859,-0.6286530413749629
1985-03-29,6.817657534246575,-4.468462799861426,-0.780194734385149
1985-03-30,6.809468493150685,-4.547610042573052,-0.6408584505776327
1985-03-31,6.8013150684931505,-4.395444043275546,-0.6878710252176043
1985-04-01,6.793799999999999,-4.372053175695637,-0.678746824304362
1985-04-02,6.783547945205479,-4.333039406816114,-0.44850853838936455
1985-04-03,6.740695890410958,-4.334229220655244,-0.15846666975571377
1985-04-04,6.718827397260274,-4.34338201306831,0.3735546158080365
1985-04-05,6.701145205479452,-4.30185043596961,0.7017052304901581
1985-04-06,6.67438904109589,-4.169860551881096,0.6204715107852063
1985-04-07,6.657117808219178,-3.9009337517405975,0.052815943521419495
1985-04-08,6.6428958904109585,-3.61181636501773,-0.21007952539322838
1985-04-09,6.63172602739726,-3.636727499545303,-0.07999852785195705
1985-04-10,6.618512328767123,-3.6336877383932134,-0.20782459037390932
1985-04-11,6.604131506849315,-3.751478043978039,-0.373653462871276
1985-04-12,6.591632876712328,-3.692365785460302,-0.42626709125202655
1985-04-13,6.579065753424658,-3.5797138009151666,-0.7013519525094911
1985-04-14,6.566731506849315,-3.537783347806631,-0.6709481590426836
1985-04-15,6.555750684931507,-3.6093682441887878,-0.624382440742719
1985-04-16,6.545630136986301,-3.589510428944671,-0.7771197080416292
1985-04-17,6.536347945205479,-3.46416206224288,-0.7531858829625993
1985-04-18,6.527084931506849,-3.311106284230938,-0.8289786472759104
1985-04-19,6.518227397260274,-3.244348433862128,-0.6418789633981459
1985-04-20,6.508175342465753,-2.975595852197218,-0.15657949026853535
1985-04-21,6.49431506849315,-2.6407631159836598,0.5074480474905094
1985-04-22,6.485057534246575,-2.581964380472596,0.7129068462260202
1985-04-23,6.4769643835616435,-2.3740142575361713,0.8730498739745278
1985-04-24,6.469145205479451,-1.708426972674914,0.4142817671954624
1985-04-25,6.461767123287671,-1.4544225469636387,-0.653344576324032
1985-04-26,6.454690410958904,-1.4598808539534525,-0.42980955700545076
1985-04-27,6.440350684931507,-1.2709152761522584,-0.5584354087792485
1985-04-28,6.430887671232876,-0.9407757608730171,-0.8921119103598588
1985-04-29,6.423646575342465,-0.6231576365316049,-1.90148893881086
1985-04-30,6.417216438356164,0.02735209300826165,-2.969568531364425
1985-05-01,6.411471232876712,0.18785557035283496,-2.826326803229547
1985-05-02,6.406101369863014,0.6329583452035549,-2.9890597150665688
1985-05-03,6.401227397260273,1.3081709198435265,-4.0323983171038
1985-05-04,6.396824657534246,2.3344008460816723,-5.204225503615918
1985-05-05,6.392131506849315,2.1017542707392063,-4.844885777588521
1985-05-06,6.387953424657534,3.1048546571108258,-5.447808081768359
1985-05-07,6.384232876712328,4.309413561220415,-5.119646437932744
1985-05-08,6.380821917808218,4.10853291492607,-5.361354832734288
1985-05-09,6.376860273972602,3.0496698309780546,-5.047530104950656
1985-05-10,6.372983561643835,2.6788828973637235,-4.605866459007559
1985-05-11,6.370084931506849,2.8937458408129677,-4.3488307723198165
1985-05-12,6.370375342465753,3.498809065259754,-1.4121844077255061
1985-05-13,6.36777808219178,4.160799862590277,2.6274220552179433
1985-05-14,6.365673972602739,4.789499265470503,13.089826761926759
1985-05-15,6.390575342465753,5.381327013977703,6.592097643556546
1985-05-16,6.405753424657534,5.204383845730425,3.1388627296120406
1985-05-17,6.418487671232876,5.530811032242544,2.1347012965245797
1985-05-18,6.426336986301369,5.560187779696003,1.6354752340026284
1985-05-19,6.430482191780822,6.052165299892701,0.4263525083264774
1985-05-20,6.432084931506849,6.63473979936583,-0.5818247308726798
1985-05-21,6.432123287671233,6.534478120405521,1.1853985919232448
1985-05-22,6.429630136986301,6.515019110921855,1.6053507520918444
1985-05-23,6.426575342465753,5.188028664838258,0.0973959926959882
1985-05-24,6.420934246575342,4.778967196626105,1.0740985567985515
1985-05-25,6.414380821917808,4.64032076178241,3.880298416299783
1985-05-26,6.409158904109589,5.6091405018596845,7.5557005940307285
1985-05-27,6.4054958904109585,6.616472921951009,10.765031187638034
1985-05-28,6.402079452054794,6.825103901929934,11.44181664601527
1985-05-29,6.399356164383562,6.7739253279924565,4.503718507623981
1985-05-30,6.3964986301369855,7.400311348364778,2.104190021498236
1985-05-31,6.393375342465753,7.336999722091508,4.666624935442738
1985-06-01,6.390238356164383,8.26541018924992,4.053351454585696
1985-06-02,6.386991780821917,8.43693396866685,3.6940742505112336
1985-06-03,6.383610958904109,9.658998808849498,2.6183902322463943
1985-06-04,6.380230136986301,11.973274748435026,2.666495114578673
1985-06-05,6.376975342465753,10.39584756192291,7.788177095611335
1985-06-06,6.373887671232876,9.516288587563933,10.04182374120319
1985-06-07,6.37130410958904,8.904502356443455,20.577193533967506
1985-06-08,6.368772602739725,8.934643627957332,6.325583769302945
1985-06-09,6.366167123287671,10.530866178010019,-3.11703330129769
1985-06-10,6.36377808219178,10.956606185034957,-6.1103842672267366
1985-06-11,6.361386301369862,10.505431826060596,-6.943818127430458
1985-06-12,6.358909589041096,10.47053172068652,-7.878441309727615
1985-06-13,6.357295890410959,10.192893364522135,-5.324189254933093
1985-06-14,6.3556109589041085,10.779224239126984,-3.7008351980310934
1985-06-15,6.354293150684931,12.416004850296636,2.1517019990184334
1985-06-16,6.352706849315068,10.470772114083077,-2.568478963398144
1985-06-17,6.350810958904109,11.096265826763092,-4.739076785667201
1985-06-18,6.348430136986301,11.505619813415707,-7.193049950402009
1985-06-19,6.345923287671233,11.663248264416762,-6.726171552087995
1985-06-20,6.343268493150685,12.145723642007207,-5.777992135157891
1985-06-21,6.340649315068493,11.588645384191963,-7.768294699260457
1985-06-22,6.338161643835616,11.291264140777843,-6.217425784613458
1985-06-23,6.336232876712328,12.035223606882514,-7.867456483594843
1985-06-24,6.334199999999999,13.100672711202852,-8.785872711202853
1985-06-25,6.33206301369863,12.883870041726212,-8.59493305542484
1985-06-26,6.330068493150685,11.686961506425893,-5.886029999576579
1985-06-27,6.328268493150684,11.324662033296283,1.2790694735530312
1985-06-28,6.3262246575342465,10.540313807093263,-1.4795384646275096
1985-06-29,6.324561643835616,10.035217214188451,-1.4087788580240659
1985-06-30,6.323038356164384,9.93424004523868,-0.2802784014030628
1985-07-01,6.321854794520547,9.816529247908157,2.9386159575712973
1985-07-02,6.320695890410958,12.900007398593086,0.944296710995955
1985-07-03,6.319695890410959,10.913703699962952,2.1996004096260897
1985-07-04,6.318816438356164,10.071884247908157,6.463299313735677
1985-07-05,6.317975342465753,10.157063220510896,5.891961437023351
1985-07-06,6.317123287671233,12.014701165716376,2.4791755466123906
1985-07-07,6.316027397260273,10.63415383694925,5.425818765790476
1985-07-08,6.315389041095889,10.006386097223224,4.058224861680886
1985-07-09,6.314457534246575,10.888141782154731,1.2904006835986923
1985-07-10,6.313649315068492,9.105684795853362,4.236665889078145
1985-07-11,6.312671232876712,9.207311028730073,0.4730177383932155
1985-07-12,6.311353424657534,7.952552655003343,1.9560939203391232
1985-07-13,6.31026301369863,7.925656764592385,2.9790802217089842
1985-07-14,6.309287671232877,7.327076926165971,6.079635402601153
1985-07-15,6.308350684931506,6.9038262061097715,8.787823108958722
1985-07-16,6.307441095890411,6.26082683835424,7.629732065755349
1985-07-17,6.306463013698631,5.884137410886731,5.825399575414637
1985-07-18,6.305493150684931,6.320840747732532,3.1246661015825357
1985-07-19,6.304567123287671,7.43471879479962,2.7527140819127087
1985-07-20,6.303599999999999,6.324650933893403,2.278749066106598
1985-07-21,6.302608219178081,4.968738534876895,1.8956532459450237
1985-07-22,6.30165205479452,4.885113877342649,0.44523406786283104
1985-07-23,6.30072602739726,5.722986163960141,-0.9987121913574004
1985-07-24,6.299821917808218,5.177009908252378,-0.42583182606059644
1985-07-25,6.298945205479452,4.636426206109771,0.5746285884107767
1985-07-26,6.298076712328767,3.992448334666147,1.593474953005087
1985-07-27,6.29738904109589,3.6898545868614403,3.773756372042669
1985-07-28,6.296991780821918,3.6678314045642852,3.5551768146137968
1985-07-29,6.295972602739726,3.6802502313995507,6.641777165860722
1985-07-30,6.295109589041095,4.13114640280805,8.515744008150854
1985-07-31,6.293917808219177,3.334073905442403,3.040008286338419
1985-08-01,6.292936986301369,2.991736286896565,0.05932672680206563
1985-08-02,6.291871232876712,2.9441608039320406,-0.10703203680875317
1985-08-03,6.290073972602739,2.334894699260457,0.09503132813680448
1985-08-04,6.288394520547945,2.31483779725835,0.26176768219370583
1985-08-05,6.286454794520547,3.7990474916735235,-0.7905022861940707
1985-08-06,6.285216438356164,2.364048826411844,6.890734735231991
1985-08-07,6.284030136986301,2.5136675829977237,0.898302280015975
1985-08-08,6.283049315068492,2.921965159393931,-1.8490144744624235
1985-08-09,6.282369863013698,1.7372281730925607,-1.0665980361062584
1985-08-10,6.281863013698629,1.9569758373004993,-1.2938388509991283
1985-08-11,6.281556164383561,1.5063648783963894,-0.2549210427799502
1985-08-12,6.281599999999999,1.8695638949049949,-0.05316389490499329
1985-08-13,6.281454794520547,2.6149441548277204,-0.6933989493482682
1985-08-14,6.281534246575342,1.9049685313644256,-0.2995027779397681
1985-08-15,6.281257534246575,2.6122580290813207,-1.3565155633278958
1985-08-16,6.280906849315068,1.7342658267630913,-0.4371726760781589
1985-08-17,6.280273972602739,0.9894446816981107,-0.23671865430084937
1985-08-18,6.279597260273972,0.9020908355442644,-0.5896880958182368
1985-08-19,6.278895890410958,0.886244822196881,-0.9811407126078386
1985-08-20,6.278175342465753,1.259361506425894,-0.7625368488916464
1985-08-21,6.277435616438355,1.1944667400051003,-0.9599023564434559
1985-08-22,6.276665753424656,0.6013667048804077,0.11896754169493584
1985-08-23,6.275868493150684,0.7922628060395225,-0.011131299190205945
1985-08-24,6.275082191780821,2.2287738703177107,-1.0378560620985313
1985-08-25,6.27416712328767,3.354036954265726,18.636795922446606
1985-08-26,6.273219178082191,1.2482092057585252,9.998571616159284
1985-08-27,6.272120547945205,0.9993504772723991,3.0545289747823965
1985-08-28,6.2710767123287665,0.7687433820844819,0.9631799055867517
1985-08-29,6.2701589041095875,0.259629297082726,0.3512117988076867
1985-08-30,6.26938904109589,0.1009574319615455,-0.7423464730574351
1985-08-31,6.268627397260273,0.6401830027378013,-1.4338103999980747
1985-09-01,6.268106849315068,0.5913782257796,-1.2854850750946678
1985-09-02,6.267849315068492,0.525896525744475,-1.157745840812967
1985-09-03,6.267835616438354,0.17609575300123667,0.8870686305604093
1985-09-04,6.2689945205479445,-0.153389038006842,3.1923945174588972
1985-09-05,6.268471232876712,0.35586252504198124,-0.21633375791869247
1985-09-06,6.267786301369862,-0.03891422241147837,1.1471279210416172
1985-09-07,6.267156164383561,-0.7042099020742814,1.7800537376907204
1985-09-08,6.266630136986301,-0.2398114475607586,0.5441813105744576
1985-09-09,6.266106849315068,-0.8398243734476568,1.0037175241325889
1985-09-10,6.265597260273971,-0.46818742227097965,0.24159016199700845
1985-09-11,6.2651287671232865,-0.9488720025309024,0.5707432354076155
1985-09-12,6.2647863013698615,-0.7858629403601964,0.49207663899033505
1985-09-13,6.264493150684931,0.24485486785898164,-0.7023480185439124
1985-09-14,6.264408219178081,-0.014948433862128177,-0.6414597853159536
1985-09-15,6.264446575342465,0.8344826866155677,-1.5429292619580324
1985-09-16,6.26449315068493,0.8062904140479524,-0.9307835647328829
1985-09-17,6.264698630136985,-0.6135197018635332,-0.4941789282734521
1985-09-18,6.264890410958904,-0.8763186481227537,-0.46057176283615
1985-09-19,6.265180821917808,-0.5380771307360307,-0.5211036911817765
1985-09-20,6.2659232876712325,-0.5926495929769859,-0.3172736946942467
1985-09-21,6.266041095890411,-0.42636782269247625,-0.5206732731979344
1985-09-22,6.266095890410959,0.8555477375463716,-1.8826436279573309
1985-09-23,6.266676712328767,1.2257669858779492,-2.342443698206716
1985-09-24,6.267049315068492,2.25379157316281,-3.463840888231302
1985-09-25,6.266986301369862,3.456872359955926,-4.755858661325788
1985-09-26,6.2668547945205475,4.805581457251325,-6.249436251771872
1985-09-27,6.266695890410958,1.7907576427097018,-3.436453533120659
1985-09-28,6.2673205479452045,-0.21786813881470982,-1.494452409130495
1985-09-29,6.267726027397259,-0.5600064598544008,-1.2617195675428587
1985-09-30,6.267849315068492,-0.13804741524604108,-1.8048018998224509
1985-10-01,6.2683095890410945,0.7205788580240677,-2.5138884470651623
1985-10-02,6.268216438356163,-0.6241622729910359,-1.0210541653651266
1985-10-03,6.2688931506849315,-0.1704941310872775,-1.484399019597654
1985-10-04,6.267756164383561,0.565321464276263,-2.319077628659824
1985-10-05,6.264367123287671,-0.6838547914314995,-1.1315123318561713
1985-10-06,6.260745205479451,-0.822216365017731,-1.1195288404617203
1985-10-07,6.261490410958904,-1.115946537128725,-1.0275438738301783
1985-10-08,6.267243835616437,-0.8068088483335015,-1.4334349872829355
1985-10-09,6.274742465753423,-0.9873477313682752,-1.5383947343851478
1985-10-10,6.2773369863013695,-0.5040292909046292,-2.29930769539674
1985-10-11,6.278186301369862,0.06496818011749941,-2.9731544814873616
1985-10-12,6.278027397260273,-0.6844379315790233,-2.2255894656812503
1985-10-13,6.278131506849314,0.6683882714417001,-3.639519778291014
1985-10-14,6.277304109589039,0.5542709549682197,-3.639575064557259
1985-10-15,6.276246575342466,0.40454169609923435,-3.5277882714417
1985-10-16,6.275449315068492,0.8116482644167619,-3.995097579485254
1985-10-17,6.274276712328765,0.7429811060043977,-4.161257818333163
1985-10-18,6.272786301369862,1.1747488615365362,-4.683535162906399
1985-10-19,6.270443835616438,0.6746058337880295,-4.198049669404467
1985-10-20,6.265813698630136,-0.5330746720075444,-3.092739026622591
1985-10-21,6.258452054794519,-1.0708397580630418,-2.5876122967314776
1985-10-22,6.2518301369863005,-1.631827956166308,-2.0840021808199927
1985-10-23,6.254682191780821,-1.5952414440482892,-2.2114407477325324
1985-10-24,6.277605479452054,-1.8444273941712255,-1.996178085280829
1985-10-25,6.295599999999999,-1.8281763931174846,-2.087423606882515
1985-10-26,6.307947945205479,-2.183875304252012,-1.7790726409534665
1985-10-27,6.312953424657533,-2.4297708434160445,-1.5861825812414891
1985-10-28,6.31344109589041,-1.7278406010556653,-2.3556004948347455
1985-10-29,6.3134931506849306,-0.927450365720225,-3.140042784964705
1985-10-30,6.315427397260272,-0.8294849986671863,-3.2149423985930863
1985-10-31,6.320994520547945,-1.6844847176696447,-2.3935098028782997
1985-11-01,6.3319890410958894,-2.101494482334204,-1.9294945587616854
1985-11-02,6.350591780821917,-2.365311623184222,-1.6762801576376947
1985-11-03,6.372021917808218,-2.477579975836136,-1.7304419419720816
1985-11-04,6.401254794520547,-2.345209550827355,-1.9170452436931926
1985-11-05,6.428430136986301,-0.7437475908695045,-3.480682546116797
1985-11-06,6.4533999999999985,-1.2823447106447066,-2.821055289355292
1985-11-07,6.4805671232876705,-1.3678422167915276,-2.9787249064961427
1985-11-08,6.498849315068492,-1.9435487148596695,-2.3053006002088225
1985-11-09,6.514090410958904,-2.3033020692678186,-1.667788341691085
1985-11-10,6.532438356164382,-2.322721458098166,-0.6657168980662163
1985-11-11,6.548602739726027,-1.7834255676872073,-2.42117717203882
1985-11-12,6.563830136986301,-2.298801542397429,-1.7210285945888715
1985-11-13,6.558087671232875,-2.338684085425177,8.045596414192303
1985-11-14,6.567534246575342,-2.533999505165254,4.634465258589912
1985-11-15,6.580087671232875,-2.2414702462962697,3.4493825750633946
1985-11-16,6.604695890410958,-2.1839770253619526,1.4532811349509944
1985-11-17,6.642550684931505,-2.7666846474202593,0.6811339624887545
1985-11-18,6.696695890410958,-2.588360516756403,-0.476335373654555
1985-11-19,6.75684109589041,-1.9672856309116542,-1.7535554649787557
1985-11-20,6.816868493150684,-2.008954896805578,-2.647913596345106
1985-11-21,6.861810958904108,-2.6619219498438635,-2.2468890090602445
1985-11-22,6.912997260273972,-2.898953562067257,-2.054043698206715
1985-11-23,6.961087671232876,-3.1399230035846433,-1.9151646676482335
1985-11-24,6.989216438356163,-3.3360941310872776,-1.7661223072688848
1985-11-25,7.005813698630136,-3.516784612295567,-1.7200290863345686
1985-11-26,7.014684931506848,-3.5870806432052964,-1.6306042883015515
1985-11-27,7.0158575342465745,-3.652757144785908,-1.4871003894606671
1985-11-28,7.02450410958904,-3.6451825048140076,-1.5833216047750325
1985-11-29,7.020336986301368,-3.515585806535117,-1.7347511797662514
1985-11-30,7.000208219178081,-3.578732136004734,-1.6294760831733468
1985-12-01,6.975550684931505,-3.5522589361452335,-1.652291748786272
1985-12-02,6.950315068493149,-3.5584796597139023,-1.6578354087792464
1985-12-03,6.926520547945204,-3.676716259643653,-1.513804288301551
1985-12-04,6.899523287671231,-3.859165434213376,-1.260357853457855
1985-12-05,6.8587397260273955,-3.980515135653488,-1.1092245903739073
1985-12-06,6.810397260273971,-3.959714152162093,-1.0696831081118785
1985-12-07,6.732934246575342,-3.9901487851090556,-0.9767854614662861
1985-12-08,6.694583561643834,-4.043876568740948,-0.920706992902887
1985-12-09,6.68197808219178,-4.1491310120145695,-0.7978470701772098
1985-12-10,6.685534246575342,-4.226475655498939,-0.7090585910764027
1985-12-11,6.6990904109589025,-4.245750892590614,-0.7723395183682884
1985-12-12,6.7102794520547935,-4.240996695189842,-0.4872827568649516
1985-12-13,6.707526027397259,-4.271360938252715,-0.5511650891445443
1985-12-14,6.7090493150684924,-4.170112114929919,-0.5139372001385727
1985-12-15,6.705197260273971,-4.374036877838243,-0.45216038243572854
1985-12-16,6.723449315068493,-4.4451302392713306,-0.5463190757971619
1985-12-17,6.754613698630137,-4.427773442643302,-0.7938402559868347
1985-12-18,6.792194520547945,-3.6821667689516966,-1.610027751596248
1985-12-19,6.84071506849315,-4.134770773166659,-1.2109442953264908
1985-12-20,6.9019945205479445,-4.235678395224966,-1.140316125322979
1985-12-21,6.962810958904109,-4.381357355534064,-1.0444536033700453
1985-12-22,7.017205479452055,-4.330535297227073,-1.1156701822249815
1985-12-23,7.085104109589041,-3.66584277878661,-1.8342613308024314
1985-12-24,7.160172602739726,-3.824306775976635,-1.7918658267630905
1985-12-25,7.207147945205479,-4.028131082263955,-1.6440168629415242
1985-12-26,7.249665753424657,-4.030494131087277,-1.66817162233738
1985-12-27,7.271712328767123,-3.891943867652082,-1.827768461115041
1985-12-28,7.307454794520548,-4.0024626593626556,-1.7489921351578923
1985-12-29,7.340460273972603,-3.9912474152460407,-1.7972128587265628
1985-12-30,7.364679452054794,-4.187782364315237,-1.4698970877395574
1985-12-31,7.374517808219178,-4.269164239973825,-1.408353568245353
1986-01-01,7.377745205479452,-4.3168335058677485,-1.3679116996117031
1986-01-02,7.3813945205479445,-4.117749979348605,-1.5536445411993398
1986-01-03,7.374323287671233,-4.2888382828259495,-1.384485004845283
1986-01-04,7.367435616438357,-4.674010745066906,-1.0204248713714508
1986-01-05,7.4425561643835625,-4.671347450370734,-1.2102087140128281
1986-01-06,7.445093150684931,-4.653324549071121,-1.0737686016138106
1986-01-07,7.429317808219178,-4.797623249457492,-1.0156945587616866
1986-01-08,7.412671232876713,-4.843358128277302,-0.9033131045994107
1986-01-09,7.390882191780822,-4.928491883106948,-0.8533903086738741
1986-01-10,7.381389041095891,-4.928287878891985,-0.9631011622039054
1986-01-11,7.375317808219178,-4.850736491466624,-0.9585813167525536
1986-01-12,7.364109589041096,-4.290862237866343,-1.4922473511747532
1986-01-13,7.3445835616438355,-4.428815100528795,-1.3187684611150408
1986-01-14,7.317145205479452,-4.6178294314034,-1.0903157740760525
1986-01-15,7.2952,-4.770564942467678,-0.9376350575323222
1986-01-16,7.281515068493151,-4.872420509731464,-0.8170945587616867
1986-01-17,7.278435616438356,-4.709624092450116,-0.9588115239882402
1986-01-18,7.270676712328767,-4.695508672710039,-0.9751680396187279
1986-01-19,7.259465753424658,-4.881104738744461,-0.7903610146801974
1986-01-20,7.252594520547945,-4.97155651254144,-0.7060380080065052
1986-01-21,7.2506082191780825,-5.011596414192301,-0.676011804985782
1986-01-22,7.255575342465754,-4.949678746471893,-0.7558965959938613
1986-01-23,7.273068493150685,-5.0033148546559465,-0.7317536384947383
1986-01-24,7.2712,-4.691527640044074,-1.0416723599559257
1986-01-25,7.264282191780822,-4.555471791782747,-1.0638103999980757
1986-01-26,7.2530986301369875,-4.608951595084467,-0.8921470350525205
1986-01-27,7.243756164383562,-4.9558035796296025,-0.7789525847539593
1986-01-28,7.234304109589042,-5.077918648122754,-0.6063854614662878
1986-01-29,7.219268493150685,-4.920008778084116,-0.8842597150665688
1986-01-30,7.224427397260275,-4.770048820233748,-0.9933785770265269
1986-01-31,7.239597260273973,-4.9742438325273906,-0.9103534277465819
1986-02-01,7.251671232876713,-5.0319649424676784,-1.062706290409034
1986-02-02,7.2623205479452055,-5.040197397683695,-0.9241231502615106
1986-02-03,7.2683698630136995,-5.053829852899712,-0.7695400101139871
1986-02-04,7.272186301369864,-5.10705057646838,-0.8251357249014841
1986-02-05,7.25687397260274,-5.113554194311725,-0.8373197782910156
1986-02-06,7.256495890410959,-5.094958549773614,-0.7915373406373449
1986-02-07,7.260460273972604,-5.136538739446954,-0.6799215345256497
1986-02-08,7.2642931506849315,-5.106476217494022,-0.6408169331909104
1986-02-09,7.270923287671233,-5.109231538884959,-0.5976917487862741
1986-02-10,7.276249315068494,-5.143588546261145,-0.45766076880734907
1986-02-11,7.297728767123288,-5.078912325678075,-0.5978164414452136
1986-02-12,7.301553424657534,-4.973080291958371,-0.7544731326991636
1986-02-13,7.305361643835617,-4.87918517429065,-0.9051764695449673
1986-02-14,7.308413698630137,-5.180480643205296,-0.6239330554248408
1986-02-15,7.31373698630137,-4.978482118442388,-0.8782548678589821
1986-02-16,7.318539726027398,-4.998999083668942,-0.8695406423584551
1986-02-17,7.3258,-5.13942612968229,-0.7373738703177102
1986-02-18,7.331095890410959,-5.207620017985767,-0.6834758724251921
1986-02-19,7.334268493150685,-5.142672845523527,-0.764595647627158
1986-02-20,7.339276712328767,-5.178863783352821,-0.7454129289759468
1986-02-21,7.343671232876712,-5.177917594381974,-0.757753638494739
1986-02-22,7.348882191780822,-5.063111763682993,-0.8717704280978289
1986-02-23,7.346254794520548,-5.087591285987172,-0.8886635085333756
1986-02-24,7.284257534246576,-5.229912536426231,-0.6963449978203444
1986-02-25,7.252254794520548,-5.2726325223763535,-0.6266222721441945
1986-02-26,7.2461095890410965,-5.268173372393916,-0.6369362166471806
1986-02-27,7.246591780821918,-5.256746396629954,-0.6208453841919637
1986-02-28,7.247956164383562,-5.118069052056719,-0.6838871123268433
1986-03-01,7.250468493150685,-5.222948504111514,-0.5815199890391716
1986-03-02,7.251931506849315,-5.2823230738340285,-0.4806084330152869
1986-03-03,7.252246575342466,-5.27592454907112,-0.4123220262713456
1986-03-04,7.251528767123288,-5.284829150405858,-0.35269961671743033
1986-03-05,7.247134246575342,-5.28737077316666,0.05723652659131684
1986-03-06,7.238252054794521,-5.306462729612041,-0.5277893251824803
1986-03-07,7.236038356164384,-5.205065469338068,-0.6749728868263158
1986-03-08,7.231506849315069,-5.193543375906385,-0.7109634734086843
1986-03-09,7.227591780821918,-5.243241654796445,-0.6353501260254726
1986-03-10,7.225860273972604,-5.084042568038454,-0.8078177059341503
1986-03-11,7.224095890410959,-5.229053807940105,-0.6300420824708537
1986-03-12,7.223115068493151,-5.1583109909397535,-0.7118040775533974
1986-03-13,7.221772602739726,-5.19122507594151,-0.631547526798216
1986-03-14,7.220471232876712,-5.205810534318749,-0.5886606985579634
1986-03-15,7.2206027397260275,-5.021683101933783,-0.6949196377922453
1986-03-16,7.221512328767123,-5.183144640395321,-0.5163676883718011
1986-03-17,7.22312602739726,-4.976675234002627,-0.7394507933946333
1986-03-18,7.223775342465753,-5.064484858168416,-0.6072904842973381
1986-03-19,7.230030136986301,-5.0856064598544,-0.624423677131901
1986-03-20,7.23487397260274,-5.098743375906385,-0.6081305966963546
1986-03-21,7.238249315068494,-5.035867225572701,-0.5143820894957933
1986-03-22,7.2418219178082195,-4.912216786514042,-0.8386051312941767
1986-03-23,7.243186301369863,-4.818694131087277,-0.9444921702825866
1986-03-24,7.242613698630137,-4.665782715562163,-0.8788309830679735
1986-03-25,7.241682191780821,-4.699931012014569,-0.918751179766252
1986-03-26,7.240701369863014,-4.6509270780489915,-1.1007742918140222
1986-03-27,7.240586301369864,-4.63719191823164,-1.127394383138224
1986-03-28,7.239838356164384,-4.551629150405859,-1.1002092057585253
1986-03-29,7.238939726027397,-4.468462799861426,-0.9734769261659713
1986-03-30,7.237693150684931,-4.547610042573052,-0.9210831081118789
1986-03-31,7.236219178082192,-4.395444043275546,-1.0777751348066458
1986-04-01,7.234556164383562,-4.372053175695637,-0.9515029886879258
1986-04-02,7.23194794520548,-4.333039406816114,-0.9309085383893656
1986-04-03,7.228682191780822,-4.334229220655244,-0.3994529711255783
1986-04-04,7.225273972602739,-4.34338201306831,-0.5478919595344296
1986-04-05,7.221821917808219,-4.30185043596961,-1.0559714818386094
1986-04-06,7.218317808219179,-4.169860551881096,-1.2454572563380824
1986-04-07,7.215000000000002,-3.9009337517405975,-0.23306624825940458
1986-04-08,7.212389041095891,-3.61181636501773,1.3204273239218391
1986-04-09,7.209939726027398,-3.636727499545303,2.0787877735179054
1986-04-10,7.207610958904111,-3.6336877383932134,0.15007677948910292
1986-04-11,7.205389041095891,-3.751478043978039,-0.6649109971178526
1986-04-12,7.202701369863014,-3.692365785460302,-1.0953355844027124
1986-04-13,7.200534246575343,-3.5797138009151666,-1.2848204456601757
1986-04-14,7.199024657534247,-3.537783347806631,-1.605241309727616
1986-04-15,7.197649315068494,-3.6093682441887878,-1.6522810708797064
1986-04-16,7.195906849315069,-3.589510428944671,-1.7183964203703979
1986-04-17,7.194071232876713,-3.46416206224288,-1.8389091706338325
1986-04-18,7.192742465753425,-3.311106284230938,-2.038636181522487
1986-04-19,7.191920547945205,-3.244348433862128,-2.170572114083077
1986-04-20,7.191235616438357,-2.975595852197218,-2.5296397642411392
1986-04-21,7.190915068493151,-2.6407631159836598,-2.876151952509492
1986-04-22,7.191561643835618,-2.581964380472596,-2.410597263363022
1986-04-23,7.194476712328768,-2.3740142575361713,1.1965375452074034
1986-04-24,7.200531506849316,-1.708426972674914,8.049895465825598
1986-04-25,7.201917808219179,-1.4544225469636387,5.174504738744461
1986-04-26,7.203189041095891,-1.4598808539534525,3.3286918128575604
1986-04-27,7.204402739726028,-1.2709152761522584,0.5045125364262302
1986-04-28,7.205172602739726,-0.9407757608730171,-1.488396841866709
1986-04-29,7.20588493150685,-0.6231576365316049,-2.6647272949752443
1986-04-30,7.206635616438357,0.02735209300826165,-3.0529877094466182
1986-05-01,7.2073260273972615,0.18785557035283496,-1.5901815977500968
1986-05-02,7.2079589041095895,0.6329583452035549,0.22208275068685623
1986-05-03,7.208312328767123,1.3081709198435265,1.9505167513893509
1986-05-04,7.208857534246576,2.3344008460816723,1.805741619671752
1986-05-05,7.209386301369864,2.1017542707392063,5.007859427890931
1986-05-06,7.209523287671233,3.1048546571108258,3.6496220552179413
1986-05-07,7.209104109589042,4.309413561220415,3.1694823291905436
1986-05-08,7.208353424657535,4.10853291492607,3.7271136604163955
1986-05-09,7.208054794520549,3.0496698309780546,0.7942753745013964
1986-05-10,7.207410958904109,2.6788828973637235,0.12270614373216748
1986-05-11,7.205906849315069,2.8937458408129677,1.5123473098719638
1986-05-12,7.201512328767123,3.498809065259754,3.656678605973122
1986-05-13,7.200391780821918,4.160799862590277,7.352808356587804
1986-05-14,7.198665753424658,4.789499265470503,10.160834981104841
1986-05-15,7.170386301369863,5.381327013977703,9.260286684652435
1986-05-16,7.152019178082192,5.204383845730425,6.9745969761873825
1986-05-17,7.136197260273972,5.530811032242544,10.398991707483482
1986-05-18,7.125597260273972,5.560187779696003,14.753214960030027
1986-05-19,7.118578082191782,6.052165299892701,19.501256617915516
1986-05-20,7.114457534246576,6.63473979936583,20.688802666387595
1986-05-21,7.111915068493151,6.534478120405521,22.415606811101327
1986-05-22,7.111805479452055,6.515019110921855,17.32717540962609
1986-05-23,7.112268493150685,5.188028664838258,18.09470284201106
1986-05-24,7.112495890410959,4.778967196626105,17.935536912962938
1986-05-25,7.113041095890411,4.64032076178241,13.44863814232718
1986-05-26,7.1132191780821925,5.6091405018596845,12.909640320058124
1986-05-27,7.113920547945206,6.616472921951009,13.294606530103785
1986-05-28,7.1143616438356165,6.825103901929934,11.157534454234453
1986-05-29,7.114279452054795,6.7739253279924565,6.944795219952747
1986-05-30,7.1143178082191785,7.400311348364778,-0.1346291565839559
1986-05-31,7.114605479452055,7.336999722091508,-3.4016052015435623
1986-06-01,7.115241095890411,8.26541018924992,-5.671651285140332
1986-06-02,7.115778082191781,8.43693396866685,-6.24571205085863
1986-06-03,7.115978082191781,9.658998808849498,-6.798976891041278
1986-06-04,7.116167123287672,11.973274748435026,-7.923441871722698
1986-06-05,7.116189041095891,10.39584756192291,-7.8370366030188
1986-06-06,7.116164383561644,9.516288587563933,-8.345452971125576
1986-06-07,7.1160794520547945,8.904502356443455,-8.441581808498249
1986-06-08,7.1160356164383565,8.934643627957332,-8.419679244395688
1986-06-09,7.115953424657534,10.530866178010019,-8.467819602667554
1986-06-10,7.115923287671233,10.956606185034957,-5.564529472706191
1986-06-11,7.1157452054794526,10.505431826060596,-2.750177031540048
1986-06-12,7.115720547945205,10.47053172068652,-4.551252268631725
1986-06-13,7.114989041095891,10.192893364522135,-7.0868824056180255
1986-06-14,7.115473972602739,10.779224239126984,-3.9046982117297233
1986-06-15,7.114753424657534,12.416004850296636,-0.014758274954171924
1986-06-16,7.113931506849315,10.470772114083077,3.332296379067609
1986-06-17,7.1138301369863015,11.096265826763092,5.872904036250604
1986-06-18,7.1146520547945205,11.505619813415707,5.757728131789774
1986-06-19,7.115964383561645,11.663248264416762,10.213787352021594
1986-06-20,7.117575342465754,12.145723642007207,15.81470101552704
1986-06-21,7.119030136986302,11.588645384191963,13.651324478821735
1986-06-22,7.120232876712329,11.291264140777843,12.854502982509826
1986-06-23,7.121265753424657,12.035223606882514,16.130510639692826
1986-06-24,7.122205479452054,13.100672711202852,17.82612180934509
1986-06-25,7.1231397260273965,12.883870041726212,7.759990232246391
1986-06-26,7.124065753424657,11.686961506425893,8.83897274014945
1986-06-27,7.124520547945205,11.324662033296283,8.52981741875851
1986-06-28,7.124671232876713,10.540313807093263,10.768014960030023
1986-06-29,7.124717808219179,10.035217214188451,9.838064977592373
1986-06-30,7.12489589041096,9.93424004523868,7.757864064350359
1986-07-01,7.124350684931507,9.816529247908157,5.727120067160335
1986-07-02,7.1238246575342465,12.900007398593086,1.3191679438726673
1986-07-03,7.12341095890411,10.913703699962952,2.7278853411329393
1986-07-04,7.1230164383561645,10.071884247908157,3.078099313735679
1986-07-05,7.122797260273973,10.157063220510896,2.5731395192151325
1986-07-06,7.122323287671233,12.014701165716376,29.092975546612386
1986-07-07,7.12172602739726,10.63415383694925,5.54612013565349
1986-07-08,7.12093698630137,10.006386097223224,-2.505323083524594
1986-07-09,7.120353424657535,10.888141782154731,-5.591495206812266
1986-07-10,7.119315068493151,9.105684795853362,-4.521999864346514
1986-07-11,7.118643835616439,9.207311028730073,-3.7979548643465115
1986-07-12,7.118356164383561,7.952552655003343,-1.0669088193869047
1986-07-13,7.117887671232877,7.925656764592385,-1.9195444358252614
1986-07-14,7.1170986301369865,7.327076926165971,-1.8551755563029575
1986-07-15,7.116904109589041,6.9038262061097715,-2.035730315698813
1986-07-16,7.115849315068493,6.26082683835424,-1.1886761534227324
1986-07-17,7.114805479452055,5.884137410886731,0.022057109661214547
1986-07-18,7.113769863013699,6.320840747732532,1.1923893892537691
1986-07-19,7.112602739726028,7.43471879479962,-0.8873215345256478
1986-07-20,7.111542465753425,6.324650933893403,-2.6211933996468284
1986-07-21,7.1104,4.968738534876895,-1.4201385348768945
1986-07-22,7.10927397260274,4.885113877342649,-1.0873878499453884
1986-07-23,7.108257534246576,5.722986163960141,0.006756301793282127
1986-07-24,7.107372602739726,5.177009908252378,5.151617489007895
1986-07-25,7.1066821917808225,4.636426206109771,-0.9151083978905943
1986-07-26,7.106235616438356,3.992448334666147,-1.739683951104503
1986-07-27,7.105509589041096,3.6898545868614403,-1.1163641759025364
1986-07-28,7.104438356164384,3.6678314045642852,-0.66226976072867
1986-07-29,7.104189041095891,3.6802502313995507,2.3835607275045576
1986-07-30,7.103876712328768,4.13114640280805,2.2189768848631823
1986-07-31,7.103638356164384,3.334073905442403,4.113287738393213
1986-08-01,7.103027397260274,2.991736286896565,4.78623631584316
1986-08-02,7.102608219178083,2.9441608039320406,3.489230976889876
1986-08-03,7.102775342465754,2.334894699260457,3.1693299582737886
1986-08-04,7.1026575342465765,2.31483779725835,1.655504668495074
1986-08-05,7.1019287671232885,3.7990474916735235,-0.21297625879681137
1986-08-06,7.101580821917809,2.364048826411844,0.4853703516703476
1986-08-07,7.101405479452056,2.5136675829977237,-0.0570730624497795
1986-08-08,7.100942465753425,2.921965159393931,-1.2199076251473553
1986-08-09,7.10022191780822,1.7372281730925607,-0.4854500909007804
1986-08-10,7.099249315068494,1.9569758373004993,0.3087748476310066
1986-08-11,7.098104109589041,1.5063648783963894,0.8725310120145697
1986-08-12,7.096775342465754,1.8695638949049949,6.971660762629253
1986-08-13,7.095484931506849,2.6149441548277204,-0.1114290863345695
1986-08-14,7.094438356164384,1.9049685313644256,0.2775931124711901
1986-08-15,7.0934849315068496,2.6122580290813207,-1.0547429605881704
1986-08-16,7.092526027397261,1.7342658267630913,0.6942081458396487
1986-08-17,7.0918,0.9894446816981107,0.7047553183018888
1986-08-18,7.090750684931508,0.9020908355442644,1.2491584795242288
1986-08-19,7.089786301369863,0.886244822196881,0.1409688764332564
1986-08-20,7.088978082191781,1.259361506425894,-0.4153395886176756
1986-08-21,7.0883095890410965,1.1944667400051003,0.057223670953802985
1986-08-22,7.087794520547946,0.6013667048804077,0.9118387745716474
1986-08-23,7.087468493150686,0.7922628060395225,1.0792687008097912
1986-08-24,7.086257534246576,2.2287738703177107,-2.8080314045642867
1986-08-25,7.085416438356165,3.354036954265726,-4.803453392621891
1986-08-26,7.0846328767123286,1.2482092057585252,-2.493842082470853
1986-08-27,7.08435890410959,0.9993504772723991,-0.0007093813819887274
1986-08-28,7.083646575342467,0.7687433820844819,0.3266100425730515
1986-08-29,7.08254794520548,0.259629297082726,0.03682275771179355
1986-08-30,7.081205479452055,0.1009574319615455,-0.6371629114136003
1986-08-31,7.079723287671232,0.6401830027378013,-1.710906290409033
1986-09-01,7.078131506849315,0.5913782257796,-1.9805097326289154
1986-09-02,7.07634794520548,0.525896525744475,-2.2282444709499556
1986-09-03,7.074438356164384,0.17609575300123667,-1.5235341091656203
1986-09-04,7.0714356164383565,-0.153389038006842,-0.8520465784315147
1986-09-05,7.070156164383562,0.35586252504198124,-1.8260186894255432
1986-09-06,7.0690630136986305,-0.03891422241147837,-1.3081487912871517
1986-09-07,7.068041095890412,-0.7042099020742814,-0.449831193816131
1986-09-08,7.066950684931507,-0.2398114475607586,-0.8881392373707487
1986-09-09,7.065904109589042,-0.8398243734476568,-0.4400797361413852
1986-09-10,7.064764383561645,-0.46818742227097965,-0.9155769612906652
1986-09-11,7.063583561643836,-0.9488720025309024,-0.7177115591129332
1986-09-12,7.062304109589041,-0.7858629403601964,-0.7804411692288442
1986-09-13,7.060991780821919,0.24485486785898164,-1.4508466486809
1986-09-14,7.0594684931506855,-0.014948433862128177,-1.104520059288557
1986-09-15,7.057895890410959,0.8344826866155677,-1.7473785770265275
1986-09-16,7.0563671232876715,0.8062904140479524,-1.4856575373356242
1986-09-17,7.05473698630137,-0.6135197018635332,0.998782715562164
1986-09-18,7.053219178082192,-0.8763186481227537,0.5190994700405615
1986-09-19,7.051701369863014,-0.5380771307360307,-0.07562423912698402
1986-09-20,7.049767123287672,-0.5926495929769859,0.20288246968931434
1986-09-21,7.048372602739727,-0.42636782269247625,-0.8050047800472506
1986-09-22,7.047263013698631,0.8555477375463716,-2.872810751245002
1986-09-23,7.04548493150685,1.2257669858779492,-3.4612519173848
1986-09-24,7.044019178082193,2.25379157316281,-4.598810751245003
1986-09-25,7.042956164383563,3.456872359955926,-5.573828524339489
1986-09-26,7.0418602739726035,4.805581457251325,-7.297441731223929
1986-09-27,7.040553424657535,1.7907576427097018,-4.538311067367236
1986-09-28,7.038619178082192,-0.21786813881470982,-2.720751039267483
1986-09-29,7.036704109589042,-0.5600064598544008,-2.5686976497346414
1986-09-30,7.034750684931508,-0.13804741524604108,-3.178703269685467
1986-10-01,7.032523287671234,0.7205788580240677,-4.230102145695302
1986-10-02,7.030213698630138,-0.6241622729910359,-2.9750514256391014
1986-10-03,7.026635616438357,-0.1704941310872775,-3.4861414853510793
1986-10-04,7.024594520547946,0.565321464276263,-4.335915984824209
1986-10-05,7.023276712328768,-0.6838547914314995,-3.169421920897268
1986-10-06,7.022630136986302,-0.822216365017731,-3.0924137719685705
1986-10-07,7.018934246575343,-1.115946537128725,-2.7379877094466183
1986-10-08,7.011150684931507,-0.8068088483335015,-3.0713418365980054
1986-10-09,7.00238904109589,-0.9873477313682752,-3.116041309727615
1986-10-10,6.999449315068493,-0.5040292909046292,-3.8324200241638646
1986-10-11,6.997643835616438,0.06496818011749941,-4.673612015733938
1986-10-12,6.9968739726027405,-0.6844379315790233,-3.7354360410237173
1986-10-13,6.995550684931507,0.6683882714417001,-4.907938956373207
1986-10-14,6.994926027397261,0.5542709549682197,-4.859196982365481
1986-10-15,6.994956164383562,0.40454169609923435,-4.882497860482796
1986-10-16,6.996115068493151,0.8116482644167619,-5.385763332909914
1986-10-17,6.998832876712329,0.7429811060043977,-5.370813982716727
1986-10-18,7.003545205479453,1.1747488615365362,-5.714294067015989
1986-10-19,7.010427397260274,0.6746058337880295,-5.188033231048304
1986-10-20,7.019898630136987,-0.5330746720075444,-3.9638239581294417
1986-10-21,7.029824657534247,-1.0708397580630418,-3.122984899471205
1986-10-22,7.036356164383562,-1.631827956166308,-1.8045282082172542
1986-10-23,7.0335397260273975,-1.5952414440482892,-0.780298281979108
1986-10-24,7.0128657534246575,-1.8444273941712255,-2.2254383592534324
1986-10-25,7.002441095890411,-1.8281763931174846,-2.3302647027729275
1986-10-26,7.000641095890412,-2.183875304252012,-2.0287657916383997
1986-10-27,7.007827397260275,-2.4297708434160445,-2.000056553844231
1986-10-28,7.020909589041096,-1.7278406010556653,-2.803068987985431
1986-10-29,7.040923287671234,-0.927450365720225,-3.593472921951009
1986-10-30,7.061482191780822,-0.8294849986671863,-3.7089971931136363
1986-10-31,7.079709589041096,-1.6844847176696447,-2.921224871371451
1986-11-01,7.095364383561645,-2.101494482334204,-2.563869901227441
1986-11-02,7.104808219178083,-2.365311623184222,-2.231496595993861
1986-11-03,7.1003863013698645,-2.477579975836136,-2.2658063255337284
1986-11-04,7.081246575342466,-2.345209550827355,-2.5470370245151113
1986-11-05,7.060394520547946,-0.7437475908695045,-4.265646929678441
1986-11-06,7.035597260273974,-1.2823447106447066,-3.6772525496292667
1986-11-07,7.009375342465754,-1.3678422167915276,-3.616533125674226
1986-11-08,6.995668493150686,-1.9435487148596695,-3.0371197782910166
1986-11-09,6.989906849315069,-2.3033020692678186,-2.692604780047251
1986-11-10,6.988150684931508,-2.322721458098166,-2.7254292268333424
1986-11-11,6.978342465753426,-1.7834255676872073,-3.2599168980662188
1986-11-12,6.951336986301371,-2.298801542397429,-2.738535443903942
1986-11-13,6.910169863013699,-2.338684085425177,-2.628485777588523
1986-11-14,6.868052054794521,-2.533999505165254,-2.370052549629267
1986-11-15,6.8314657534246574,-2.2414702462962697,-2.576995507128388
1986-11-16,6.783471232876713,-2.1839770253619526,-2.5944942075147606
1986-11-17,6.7247698630137,-2.7666846474202593,-1.9630852155934404
1986-11-18,6.652553424657535,-2.588360516756403,-1.9361929079011317
1986-11-19,6.574479452054796,-1.9672856309116542,-2.499193821143141
1986-11-20,6.491084931506849,-2.008954896805578,-2.3621300347012713
1986-11-21,6.420095890410959,-2.6619219498438635,-1.6361739405670956
1986-11-22,6.350690410958904,-2.898953562067257,-1.4087368488916474
1986-11-23,6.285602739726028,-3.1399230035846433,-1.040679736141385
1986-11-24,6.237920547945206,-3.3360941310872776,-0.949826416857928
1986-11-25,6.194156164383562,-3.516784612295567,-0.6523715520879949
1986-11-26,6.1524465753424655,-3.5870806432052964,-0.6073659321371689
1986-11-27,6.118320547945205,-3.652757144785908,-0.6195634031592974
1986-11-28,6.091887671232877,-3.6451825048140076,-0.636705166418869
1986-11-29,6.080139726027397,-3.515585806535117,-0.6895539194922802
1986-11-30,6.081142465753425,-3.578732136004734,-0.4784103297486908
1986-12-01,6.088134246575343,-3.5522589361452335,-0.5688753104301094
1986-12-02,6.093882191780822,-3.5584796597139023,-0.7284025320669203
1986-12-03,6.098934246575343,-3.676716259643653,-0.6172179869316903
1986-12-04,6.107972602739727,-3.859165434213376,-0.4608071685263506
1986-12-05,6.11482191780822,-3.980515135653488,-0.3743067821547319
1986-12-06,6.126490410958904,-3.959714152162093,-0.4167762587968107
1986-12-07,6.156199999999999,-3.9901487851090556,-0.41605121489094365
1986-12-08,6.2381232876712325,-4.043876568740948,-0.4942467189302846
1986-12-09,6.256465753424658,-4.1491310120145695,-0.3833347414100885
1986-12-10,6.255950684931507,-4.226475655498939,-0.3444750294325676
1986-12-11,6.245227397260274,-4.245750892590614,-0.3274765046696606
1986-12-12,6.245060273972603,-4.240996695189842,-0.2890635787827618
1986-12-13,6.263624657534248,-4.271360938252715,0.06973628071846694
1986-12-14,6.297528767123287,-4.170112114929919,-0.3654166521933675
1986-12-15,6.431364383561644,-4.374036877838243,-0.4783275057234011
1986-12-16,6.4437863013698635,-4.4451302392713306,-0.3036560620985327
1986-12-17,6.422493150684931,-4.427773442643302,-0.1617197080416295
1986-12-18,6.394432876712329,-3.6821667689516966,-0.733266107760632
1986-12-19,6.349383561643836,-4.134770773166659,-0.1316127884771765
1986-12-20,6.284030136986301,-4.235678395224966,0.008648258238665107
1986-12-21,6.225386301369863,-4.381357355534064,0.13197105416420118
1986-12-22,6.170687671232876,-4.330535297227073,0.1078476259941974
1986-12-23,6.107301369863014,-3.66584277878661,-0.5134585910764038
1986-12-24,6.043989041095891,-3.824306775976635,-0.33468226511925625
1986-12-25,6.023884931506849,-4.028131082263955,-0.12275384924289412
1986-12-26,6.032961643835616,-4.030494131087277,-0.2854675127483386
1986-12-27,6.0276794520547945,-3.891943867652082,-0.5287355844027122
1986-12-28,6.015112328767123,-4.0024626593626556,-0.43964966940446804
1986-12-29,6.028468493150685,-3.9912474152460407,-0.42022107790464425
1986-12-30,6.061660273972603,-4.187782364315237,-0.36587790965736566
1986-12-31,6.109827397260274,-4.269164239973825,-0.335663157286449
1987-01-01,6.145706849315069,-4.3168335058677485,-0.2868733434473203
1987-01-02,6.179742465753424,-4.117749979348605,-0.49599248640481974
1987-01-03,6.215131506849315,-4.2888382828259495,-0.3052932240233659
1987-01-04,6.250701369863013,-4.674010745066906,-0.07669062479610744
1987-01-05,6.207580821917809,-4.671347450370734,-0.1932333715470742
1987-01-06,6.228616438356164,-4.653324549071121,-0.1452918892850441
1987-01-07,6.258030136986301,-4.797623249457492,-0.05740688752880896
1987-01-08,6.286528767123287,-4.843358128277302,-0.15617063884598537
1987-01-09,6.309632876712329,-4.928491883106948,-0.01714099360538146
1987-01-10,6.328816438356165,-4.928287878891985,-0.015528559464180525
1987-01-11,6.344586301369863,-4.850736491466624,-0.09884980990323822
1987-01-12,6.36227397260274,-4.290862237866343,-0.7784117347363964
1987-01-13,6.382613698630137,-4.428815100528795,-0.4277985981013419
1987-01-14,6.404095890410959,-4.6178294314034,-0.5622664590075592
1987-01-15,6.430364383561644,-4.770564942467678,-0.45379944109396586
1987-01-16,6.457079452054795,-4.872420509731464,-0.3706589423233311
1987-01-17,6.577512328767124,-4.709624092450116,-0.6838882363170082
1987-01-18,6.649838356164384,-4.695508672710039,-0.741329683454345
1987-01-19,6.671117808219178,-4.881104738744461,-0.6190130694747173
1987-01-20,6.6844904109589045,-4.97155651254144,-0.5489338984174648
1987-01-21,6.695830136986301,-5.011596414192301,-0.49223372279400035
1987-01-22,6.701271232876713,-4.949678746471893,-0.5245924864048197
1987-01-23,6.69853698630137,-5.0033148546559465,-0.4092221316454241
1987-01-24,6.70994794520548,-4.691527640044074,-0.6434203051614054
1987-01-25,6.725002739726028,-4.555471791782747,-0.7895309479432813
1987-01-26,6.73072602739726,-4.608951595084467,-0.7607744323127932
1987-01-27,6.752189041095891,-4.9558035796296025,-0.37838546146628804
1987-01-28,6.752961643835617,-5.077918648122754,-0.2390429957128628
1987-01-29,6.754780821917809,-4.920008778084116,-0.506772043833692
1987-01-30,6.750657534246575,-4.770048820233748,-0.7426087140128272
1987-01-31,6.741805479452054,-4.9742438325273906,-0.5655616469246638
1987-02-01,6.735871232876713,-5.0319649424676784,-0.48590629040903455
1987-02-02,6.73389589041096,-5.040197397683695,-0.4386984927272648
1987-02-03,6.7343232876712324,-5.053829852899712,-0.5014934347715201
1987-02-04,6.733830136986302,-5.10705057646838,-0.41377956051792175
1987-02-05,6.729928767123288,-5.113554194311725,-0.37437457281156306
1987-02-06,6.727246575342466,-5.094958549773614,-0.4312880255688514
1987-02-07,6.726887671232877,-5.136538739446954,-0.4093489317859227
1987-02-08,6.727616438356164,-5.106476217494022,-0.45914022086214246
1987-02-09,6.725906849315068,-5.109231538884959,-0.47067531043010913
1987-02-10,6.723632876712329,-5.143588546261145,-0.39004433045118336
1987-02-11,6.702712328767123,-5.078912325678075,-0.4738000030890488
1987-02-12,6.699668493150685,-4.973080291958371,-0.5345882011923138
1987-02-13,6.69994794520548,-4.87918517429065,-0.6477627709148299
1987-02-14,6.703967123287671,-5.180480643205296,-0.36948648008237495
1987-02-15,6.7055123287671226,-4.978482118442388,-0.5350302103247344
1987-02-16,6.706819178082192,-4.998999083668942,-0.6408200944132494
1987-02-17,6.710408219178083,-5.13942612968229,-0.47398208949579335
1987-02-18,6.7124356164383565,-5.207620017985767,-0.35981559845258904
1987-02-19,6.7139205479452055,-5.142672845523527,-0.38824770242167883
1987-02-20,6.713654794520548,-5.178863783352821,-0.3077910111677271
1987-02-21,6.712342465753425,-5.177917594381974,-0.2454248713714513
1987-02-22,6.720487671232878,-5.063111763682993,-0.6853759075498846
1987-02-23,6.912405479452055,-5.087591285987172,-0.7618141934648825
1987-02-24,7.176509589041096,-5.229912536426231,-0.874597052614865
1987-02-25,7.23628493150685,-5.2726325223763535,-0.7106524091304962
1987-02-26,7.282183561643836,-5.268173372393916,-0.9330101892499201
1987-02-27,7.305339726027397,-5.256746396629954,-1.080593329397443
1987-02-28,7.322520547945205,-5.118069052056719,-1.248451495888486
1987-03-01,7.337731506849314,-5.222948504111514,-1.2097830027378
1987-03-02,7.352534246575343,-5.2823230738340285,-1.1622111727413138
1987-03-03,7.37217808219178,-5.27592454907112,-1.1832535331206602
1987-03-04,7.395542465753424,-5.284829150405858,-1.1937133153475665
1987-03-05,7.4111013698630135,-5.28737077316666,-1.2027305966963535
1987-03-06,7.424898630136986,-5.306462729612041,-1.1814359005249448
1987-03-07,7.439282191780822,-5.205065469338068,-1.2772167224427537
1987-03-08,7.456964383561644,-5.193543375906385,-1.309421007655259
1987-03-09,7.468742465753424,-5.243241654796445,-1.2745008109569795
1987-03-10,7.477586301369863,-5.084042568038454,-1.4415437333314092
1987-03-11,7.485731506849316,-5.229053807940105,-1.3076776989092105
1987-03-12,7.493638356164384,-5.1583109909397535,-1.4133273652246308
1987-03-13,7.502306849315069,-5.19122507594151,-1.3790817733735583
1987-03-14,7.509942465753424,-5.205810534318749,-1.357131931434675
1987-03-15,7.517326027397259,-5.021683101933783,-1.5476429254634771
1987-03-16,7.5239369863013685,-5.183144640395321,-1.392792345906047
1987-03-17,7.5304,-4.976675234002627,-1.6047247659973731
1987-03-18,7.534753424657534,-5.064484858168416,-1.5132685664891188
1987-03-19,7.53592602739726,-5.0856064598544,-1.48431956754286
1987-03-20,7.539238356164383,-5.098743375906385,-1.4664949802579983
1987-03-21,7.542649315068493,-5.035867225572701,-1.5247820894957922
1987-03-22,7.545169863013699,-4.912216786514042,-1.6509530764996567
1987-03-23,7.549227397260275,-4.818694131087277,-1.6555332661729976
1987-03-24,7.555016438356164,-4.665782715562163,-1.840233722794001
1987-03-25,7.56248493150685,-4.699931012014569,-1.7745539194922806
1987-03-26,7.569019178082192,-4.6509270780489915,-1.8170921000332
1987-03-27,7.572769863013699,-4.63719191823164,-1.8595779447820586
1987-03-28,7.591493150684931,-4.551629150405859,-1.9288640002790727
1987-03-29,7.6015643835616435,-4.468462799861426,-2.0421015837002177
1987-03-30,7.606791780821918,-4.547610042573052,-1.989181738248865
1987-03-31,7.6110849315068485,-4.395444043275546,-2.1656408882313025
1987-04-01,7.615304109589041,-4.372053175695637,-2.1452509338934043
1987-04-02,7.619284931506849,-4.333039406816114,-2.1612455246907345
1987-04-03,7.622816438356164,-4.334229220655244,-2.09958721770092
1987-04-04,7.625794520547945,-4.34338201306831,-1.6934125074796347
1987-04-05,7.629191780821918,-4.30185043596961,-1.9443413448523081
1987-04-06,7.633605479452054,-4.169860551881096,-1.8967449275709578
1987-04-07,7.6538219178082185,-3.9009337517405975,-2.020888166067621
1987-04-08,7.663821917808218,-3.61181636501773,-1.9720055527904883
1987-04-09,7.677197260273972,-3.636727499545303,-1.586469760728669
1987-04-10,7.685479452054794,-3.6336877383932134,-1.4007917136615813
1987-04-11,7.700024657534247,-3.751478043978039,-1.8185466135562076
1987-04-12,7.780884931506848,-3.692365785460302,-1.9545191460465468
1987-04-13,7.825150684931506,-3.5797138009151666,-2.3924368840163397
1987-04-14,7.841835616438355,-3.537783347806631,-2.4760522686317237
1987-04-15,7.855783561643834,-3.6093682441887878,-2.2994153174550465
1987-04-16,7.8777616438356155,-3.589510428944671,-1.9772512148909445
1987-04-17,7.912131506849315,-3.46416206224288,-1.5649694446064348
1987-04-18,7.937002739726027,-3.311106284230938,-1.062896455495089
1987-04-19,7.952364383561644,-3.244348433862128,-0.4190159496995163
1987-04-20,7.9640356164383554,-2.975595852197218,0.15456023575886224
1987-04-21,7.97309315068493,-2.6407631159836598,-0.035330034701270385
1987-04-22,7.980279452054793,-2.581964380472596,-0.8153150715821971
1987-04-23,7.988260273972601,-2.3740142575361713,-0.6252460164364302
1987-04-24,7.995082191780821,-1.708426972674914,-0.2906552191059062
1987-04-25,8.004945205479451,-1.4544225469636387,0.5664773414841873
1987-04-26,8.013484931506849,-1.4598808539534525,1.861395922446603
1987-04-27,8.021506849315067,-1.2709152761522584,2.3104084268371916
1987-04-28,8.029805479452055,-0.9407757608730171,2.4619702814209625
1987-04-29,8.037769863013699,-0.6231576365316049,3.8083877735179072
1987-04-30,8.045005479452055,0.02735209300826165,3.6126424275396842
1987-05-01,8.051221917808219,0.18785557035283496,4.218922511838946
1987-05-02,8.057191780821917,0.6329583452035549,5.086849873974527
1987-05-03,8.06284109589041,1.3081709198435265,4.5429879842660625
1987-05-04,8.06804109589041,2.3344008460816723,-0.6674419419720823
1987-05-05,8.073169863013698,2.1017542707392063,-2.841924133752904
1987-05-06,8.078402739726027,3.1048546571108258,-4.830257396836853
1987-05-07,8.08366301369863,4.309413561220415,-6.756076574919045
1987-05-08,8.088556164383562,4.10853291492607,-6.724089079309632
1987-05-09,8.093279452054794,3.0496698309780546,-5.093949283032849
1987-05-10,8.097871232876711,2.6788828973637235,-2.870754130240435
1987-05-11,8.102386301369862,2.8937458408129677,-0.02513214218282922
1987-05-12,8.106958904109588,3.498809065259754,-0.8287679693693426
1987-05-13,8.11164109589041,4.160799862590277,-3.415440958480689
1987-05-14,8.11590410958904,4.789499265470503,-5.782403375059543
1987-05-15,8.119936986301369,5.381327013977703,-7.062264000279072
1987-05-16,8.124046575342465,5.204383845730425,-7.35143042107289
1987-05-17,8.127838356164382,5.530811032242544,-8.110649388406927
1987-05-18,8.131202739726026,5.560187779696003,-7.678390519422029
1987-05-19,8.134939726027397,6.052165299892701,-7.874105025920099
1987-05-20,8.138350684931506,6.63473979936583,-8.832090484297336
1987-05-21,8.141493150684932,6.534478120405521,-9.052971271090453
1987-05-22,8.144586301369863,6.515019110921855,-9.616605412291719
1987-05-23,8.147846575342466,5.188028664838258,-8.273875240180725
1987-05-24,8.151276712328768,4.778967196626105,-6.860243908954873
1987-05-25,8.154484931506849,4.64032076178241,-4.996805693289258
1987-05-26,8.158180821917806,5.6091405018596845,-4.1093213237774915
1987-05-27,8.161830136986302,6.616472921951009,-2.97730305893731
1987-05-28,8.165452054794521,6.825103901929934,-2.349555956724455
1987-05-29,8.169147945205479,6.7739253279924565,-3.758073273197935
1987-05-30,8.172893150684931,7.400311348364778,-5.481204499049709
1987-05-31,8.176065753424657,7.336999722091508,-4.097065475516165
1987-06-01,8.178690410958904,8.26541018924992,-4.1831006002088245
1987-06-02,8.181449315068491,8.43693396866685,-5.213383283735341
1987-06-03,8.184531506849314,9.658998808849498,-6.023530315698812
1987-06-04,8.187616438356162,11.973274748435026,-5.695891186791188
1987-06-05,8.190728767123286,10.39584756192291,-6.411576329046195
1987-06-06,8.193460273972601,9.516288587563933,-5.163748861536535
1987-06-07,8.198139726027396,8.904502356443455,1.3203579175291473
1987-06-08,8.20297808219178,8.934643627957332,20.39537828985089
1987-06-09,8.207142465753424,10.530866178010019,-2.8640086437634427
1987-06-10,8.210542465753424,10.956606185034957,-6.84714865078838
1987-06-11,8.21326301369863,10.505431826060596,-7.761694839759224
1987-06-12,8.216775342465752,10.47053172068652,-5.713307063152271
1987-06-13,8.220369863013698,10.192893364522135,-1.4162632275358327
1987-06-14,8.222591780821917,10.779224239126984,7.363183980051096
1987-06-15,8.225416438356163,12.416004850296636,47.7245787113472
1987-06-16,8.228742465753424,10.470772114083077,6.751485420163499
1987-06-17,8.231665753424657,11.096265826763092,-3.01693158018775
1987-06-18,8.23449315068493,11.505619813415707,-5.604112964100638
1987-06-19,8.240769863013698,11.663248264416762,-7.354018127430459
1987-06-20,8.249090410958903,12.145723642007207,-9.17081405296611
1987-06-21,8.254594520547945,11.588645384191963,-8.889239904739908
1987-06-22,8.259446575342466,11.291264140777843,-8.249710716120308
1987-06-23,8.264115068493151,12.035223606882514,-8.148338675375665
1987-06-24,8.268989041095889,13.100672711202852,-6.429661752298742
1987-06-25,8.274109589041096,12.883870041726212,-0.7289796307673093
1987-06-26,8.279224657534247,11.686961506425893,10.99681383603986
1987-06-27,8.284446575342466,11.324662033296283,5.441891391361247
1987-06-28,8.289605479452053,10.540313807093263,5.016080713454684
1987-06-29,8.294528767123287,10.035217214188451,13.543254018688264
1987-06-30,8.29878082191781,9.93424004523868,18.69897913284351
1987-07-01,8.302375342465753,9.816529247908157,22.130095409626094
1987-07-02,8.305898630136987,12.900007398593086,13.233093971269927
1987-07-03,8.309109589041096,10.913703699962952,13.965186710995955
1987-07-04,8.311816438356164,10.071884247908157,14.806299313735677
1987-07-05,8.314454794520547,10.157063220510896,14.364481984968556
1987-07-06,8.317320547945204,12.014701165716376,12.158978286338419
1987-07-07,8.320775342465753,10.63415383694925,12.025070820584995
1987-07-08,8.324547945205477,10.006386097223224,7.027065957571299
1987-07-09,8.328279452054794,10.888141782154731,3.602578765790474
1987-07-10,8.332312328767124,9.105684795853362,2.6980028753795136
1987-07-11,8.335701369863013,9.207311028730073,1.9869876014069145
1987-07-12,8.338701369863013,7.952552655003343,3.468745975133645
1987-07-13,8.34144109589041,7.925656764592385,3.3129021395172034
1987-07-14,8.34412602739726,7.327076926165971,4.34179704643677
1987-07-15,8.34605205479452,6.9038262061097715,4.57612173909571
1987-07-16,8.349205479452054,6.26082683835424,7.165967682193705
1987-07-17,8.352443835616437,5.884137410886731,8.535418753496831
1987-07-18,8.355706849315068,6.320840747732532,43.9084524029524
1987-07-19,8.358986301369862,7.43471879479962,24.265294903830515
1987-07-20,8.362117808219178,6.324650933893403,3.8952312578874198
1987-07-21,8.365391780821918,4.968738534876895,2.2058696843011862
1987-07-22,8.36874794520548,4.885113877342649,1.7921381774518714
1987-07-23,8.372068493150685,5.722986163960141,0.7289453428891735
1987-07-24,8.37524383561644,5.177009908252378,2.8857462561311813
1987-07-25,8.378342465753423,4.636426206109771,1.9782313281368058
1987-07-26,8.381246575342466,3.992448334666147,2.4803050899913863
1987-07-27,8.384364383561644,3.6898545868614403,-0.306218970423084
1987-07-28,8.387964383561643,3.6678314045642852,5.88820421187407
1987-07-29,8.392413698630136,3.6802502313995507,1.3773360699703123
1987-07-30,8.397016438356165,4.13114640280805,1.5898371588357856
1987-07-31,8.401758904109588,3.334073905442403,1.3101671904480083
1987-08-01,8.406087671232875,2.991736286896565,0.2521760418705603
1987-08-02,8.410183561643835,2.9441608039320406,0.01565563442412321
1987-08-03,8.413586301369861,2.334894699260457,1.1375189993696813
1987-08-04,8.416695890410958,2.31483779725835,0.4974663123306913
1987-08-05,8.419797260273972,3.7990474916735235,-1.7108447519474965
1987-08-06,8.422687671232875,2.364048826411844,-2.2597364976447203
1987-08-07,8.4254,2.5136675829977237,-2.360067582997723
1987-08-08,8.428131506849315,2.921965159393931,-2.6780966662432455
1987-08-09,8.430928767123287,1.7372281730925607,-1.5501569402158477
1987-08-10,8.433758904109588,1.9569758373004993,-1.6497347414100878
1987-08-11,8.436684931506848,1.5063648783963894,-1.2960498099032374
1987-08-12,8.439410958904109,1.8695638949049949,-2.006974853809104
1987-08-13,8.442164383561643,2.6149441548277204,-2.5691085383893637
1987-08-14,8.444728767123287,1.9049685313644256,-0.9706972984877131
1987-08-15,8.447824657534245,2.6122580290813207,-0.9420826866155649
1987-08-16,8.450967123287672,1.7342658267630913,-0.10023295005076238
1987-08-17,8.455079452054793,0.9894446816981107,-0.181524133752904
1987-08-18,8.46081917808219,0.9020908355442644,1.1890899863735456
1987-08-19,8.466526027397261,0.886244822196881,-0.4957708495941431
1987-08-20,8.471931506849314,1.259361506425894,-1.2562930132752086
1987-08-21,8.475928767123287,1.1944667400051003,-1.4273955071283873
1987-08-22,8.479268493150684,0.6013667048804077,-0.9586351980310919
1987-08-23,8.481808219178081,0.7922628060395225,2.657928974782397
1987-08-24,8.485295890410958,2.2287738703177107,65.84293023927134
1987-08-25,8.489021917808218,3.354036954265726,90.19094112792607
1987-08-26,8.492728767123287,1.2482092057585252,17.91606202711819
1987-08-27,8.495835616438356,0.9993504772723991,15.340813906289243
1987-08-28,8.499430136986302,0.7687433820844819,7.3628264809292165
1987-08-29,8.503331506849314,0.259629297082726,4.887039196067961
1987-08-30,8.507205479452054,0.1009574319615455,3.4888370885864
1987-08-31,8.51115616438356,0.6401830027378013,2.2606608328786386
1987-09-01,8.51505205479452,0.5913782257796,3.75256971942588
1987-09-02,8.51890684931507,0.525896525744475,4.857196624940455
1987-09-03,8.522723287671234,0.17609575300123667,2.7071809593275304
1987-09-04,8.52655616438356,-0.153389038006842,2.728832873623282
1987-09-05,8.530468493150684,0.35586252504198124,1.9636689818073347
1987-09-06,8.534397260273973,-0.03891422241147837,3.680516962137505
1987-09-07,8.5382,-0.7042099020742814,2.379009902074281
1987-09-08,8.541906849315069,-0.2398114475607586,0.8649045982456894
1987-09-09,8.545594520547946,-0.8398243734476568,1.0532298528997117
1987-09-10,8.549005479452056,-0.46818742227097965,0.4861819428189238
1987-09-11,8.552435616438355,-0.9488720025309024,0.9574363860925469
1987-09-12,8.555797260273973,-0.7858629403601964,0.5130656800862228
1987-09-13,8.558808219178083,0.24485486785898164,-0.2536630870370637
1987-09-14,8.56198904109589,-0.014948433862128177,-0.19404060723376193
1987-09-15,8.565493150684931,0.8344826866155677,-0.8959758373004993
1987-09-16,8.570435616438356,0.8062904140479524,-1.4107260304863085
1987-09-17,8.575235616438356,-0.6135197018635332,-0.09371591457482209
1987-09-18,8.579750684931508,-0.8763186481227537,0.20156796319124626
1987-09-19,8.58378082191781,-0.5380771307360307,-0.3627036911817788
1987-09-20,8.588115068493149,-0.5926495929769859,-0.4154654755161631
1987-09-21,8.593035616438357,-0.42636782269247625,-0.8686677937458804
1987-09-22,8.597887671232876,0.8555477375463716,-2.3104354087792474
1987-09-23,8.60264109589041,1.2257669858779492,-2.29240808176836
1987-09-24,8.607134246575344,2.25379157316281,-3.776925819738154
1987-09-25,8.611263013698629,3.456872359955926,-5.773135373654555
1987-09-26,8.615243835616438,4.805581457251325,-2.0368252928677624
1987-09-27,8.619005479452056,1.7907576427097018,-2.4407631221617576
1987-09-28,8.623005479452056,-0.21786813881470982,-2.397137340637346
1987-09-29,8.627150684931507,-0.5600064598544008,-2.592144225077107
1987-09-30,8.6314,-0.13804741524604108,-3.2353525847539584
1987-10-01,8.63590684931507,0.7205788580240677,-4.380485707339138
1987-10-02,8.639972602739725,-0.6241622729910359,-3.295810329748689
1987-10-03,8.643408219178081,-0.1704941310872775,-4.0159140880908035
1987-10-04,8.645783561643835,0.565321464276263,-4.717105025920098
1987-10-05,8.648808219178083,-0.6838547914314995,-3.1839534277465833
1987-10-06,8.6512,-0.822216365017731,2.6580163650177315
1987-10-07,8.6533698630137,-1.115946537128725,-0.7224233258849739
1987-10-08,8.655265753424658,-0.8068088483335015,0.16654309490884434
1987-10-09,8.656142465753426,-0.9873477313682752,-1.746794734385151
1987-10-10,8.656471232876711,-0.5040292909046292,-0.18044194197208185
1987-10-11,8.658769863013699,0.06496818011749941,23.1792619568688
1987-10-12,8.660945205479454,-0.6844379315790233,10.75749272609957
1987-10-13,8.664961643835616,0.6683882714417001,-0.48734991527731586
1987-10-14,8.66921095890411,0.5542709549682197,-1.4424819138723295
1987-10-15,8.672972602739726,0.40454169609923435,1.4614857011610392
1987-10-16,8.676405479452054,0.8116482644167619,5.478946256131184
1987-10-17,8.680227397260273,0.7429811060043977,2.025791496735329
1987-10-18,8.685720547945206,1.1747488615365362,-1.789469409481742
1987-10-19,8.69061917808219,0.6746058337880295,-2.6082250118702204
1987-10-20,8.69547397260274,-0.5330746720075444,-2.3333993005951954
1987-10-21,8.702060273972602,-1.0708397580630418,-2.1722205159095607
1987-10-22,8.710079452054796,-1.631827956166308,-0.5652514958884878
1987-10-23,8.718183561643835,-1.5952414440482892,0.025057882404453613
1987-10-24,8.723506849315068,-1.8444273941712255,-0.33607945514384285
1987-10-25,8.728608219178081,-1.8281763931174846,-0.9394318260605965
1987-10-26,8.731876712328766,-2.183875304252012,-0.8320014080767542
1987-10-27,8.733432876712328,-2.4297708434160445,-0.6966620332962834
1987-10-28,8.732632876712328,-1.7278406010556653,-1.6077922756566627
1987-10-29,8.724701369863013,-0.927450365720225,-2.636251004142788
1987-10-30,8.714523287671234,-0.8294849986671863,-3.093038289004048
1987-10-31,8.703706849315068,-1.6844847176696447,-2.366222131645424
1987-11-01,8.693986301369861,-2.101494482334204,-2.1004918190356574
1987-11-02,8.684991780821917,-2.365311623184222,-1.9136801576376956
1987-11-03,8.688898630136986,-2.477579975836136,-1.9823186543008502
1987-11-04,8.694232876712329,-2.345209550827355,-2.250023325884974
1987-11-05,8.701616438356165,-0.7437475908695045,-3.9868688474866607
1987-11-06,8.715,-1.2823447106447066,-3.570655289355293
1987-11-07,8.742553424657535,-1.3678422167915276,-3.625711207866007
1987-11-08,8.784008219178084,-1.9435487148596695,-3.1494595043184144
1987-11-09,8.81311506849315,-2.3033020692678186,-2.8678129992253325
1987-11-10,8.824871232876713,-2.322721458098166,-2.8931497747785473
1987-11-11,8.841205479452055,-1.7834255676872073,-3.413779911764848
1987-11-12,8.856690410958905,-2.298801542397429,-3.087888868561475
1987-11-13,8.874301369863016,-2.338684085425177,-3.120617284437839
1987-11-14,8.891676712328769,-2.533999505165254,-2.893677207163514
1987-11-15,8.91152876712329,-2.2414702462962697,-3.27305852082702
1987-11-16,8.938649315068494,-2.1839770253619526,-3.5216722897065407
1987-11-17,8.966652054794523,-2.7666846474202593,-2.8409674073742632
1987-11-18,8.991887671232877,-2.588360516756403,-3.030527154476474
1987-11-19,9.012449315068494,-1.9672856309116542,-3.7901636841568402
1987-11-20,9.032452054794522,-2.008954896805578,-3.7744971579889435
1987-11-21,9.047375342465756,-2.6619219498438635,-3.073453392621893
1987-11-22,9.057704109589043,-2.898953562067257,-2.863750547521786
1987-11-23,9.067320547945208,-3.1399230035846433,-2.651397544360565
1987-11-24,9.07704383561644,-3.3360941310872776,-2.439949704529162
1987-11-25,9.094471232876714,-3.516784612295567,-2.2206866205811466
1987-11-26,9.113032876712328,-3.5870806432052964,-2.2459522335070323
1987-11-27,9.122441095890412,-3.652757144785908,-2.274683951104504
1987-11-28,9.127523287671234,-3.6451825048140076,-2.305340782857227
1987-11-29,9.13043287671233,-3.515585806535117,-2.5818470701772136
1987-11-30,9.128772602739726,-3.578732136004734,-2.568040466734992
1987-12-01,9.124186301369864,-3.5522589361452335,-2.5979273652246304
1987-12-02,9.119871232876712,-3.5584796597139023,-2.629391573162809
1987-12-03,9.112898630136986,-3.676716259643653,-2.5051823704933325
1987-12-04,9.101013698630137,-3.859165434213376,-2.3178482644167615
1987-12-05,9.113057534246575,-3.980515135653488,-2.3755423985930877
1987-12-06,9.12281369863014,-3.959714152162093,-1.705099546468046
1987-12-07,9.105454794520549,-3.9901487851090556,-1.5993060094114933
1987-12-08,9.030013698630137,-4.043876568740948,-1.7661371298891888
1987-12-09,9.016761643835618,-4.1491310120145695,-1.902630631821049
1987-12-10,9.012898630136988,-4.226475655498939,-2.1084229746380485
1987-12-11,9.012213698630138,-4.245750892590614,-1.8124628060395231
1987-12-12,9.010320547945206,-4.240996695189842,-1.742323852755364
1987-12-13,9.000660273972603,-4.271360938252715,-1.8562993357198874
1987-12-14,8.96553698630137,-4.170112114929919,-2.00242487137145
1987-12-15,8.818841095890411,-4.374036877838243,-1.6518042180521677
1987-12-16,8.791263013698632,-4.4451302392713306,-1.5841327744273013
1987-12-17,8.790501369863016,-4.427773442643302,-1.4977279272197137
1987-12-18,8.799342465753426,-3.6821667689516966,-0.8471756968017301
1987-12-19,8.809668493150685,-4.134770773166659,0.4451022800159743
1987-12-20,8.819183561643836,-4.235678395224966,-0.5175051664188706
1987-12-21,8.828038356164384,-4.381357355534064,-0.6996810006303207
1987-12-22,8.838591780821918,-4.330535297227073,-0.8560564835948448
1987-12-23,8.848534246575342,-3.66584277878661,-1.4756914677887325
1987-12-24,8.849175342465754,-3.824306775976635,-1.2708685664891197
1987-12-25,8.833323287671234,-4.028131082263955,-1.0651922054072793
1987-12-26,8.789446575342467,-4.030494131087277,-1.1359524442551896
1987-12-27,8.759734246575343,-3.891943867652082,-1.3777903789232608
1987-12-28,8.729452054794521,-4.0024626593626556,-1.3569893954318655
1987-12-29,8.675879452054795,-3.9912474152460407,-1.5156320368087544
1987-12-30,8.609054794520548,-4.187782364315237,-1.6012724302053103
1987-12-31,8.53847397260274,-4.269164239973825,-1.4783097326289143
1988-01-01,8.525427397260275,-4.3168335058677485,-1.494593891392526
1988-01-02,8.49378082191781,-4.117749979348605,-1.8220308425692044
1988-01-03,8.486882191780822,-4.2888382828259495,-1.6140439089548728
1988-01-04,8.479857534246577,-4.674010745066906,-1.2598467891796714
1988-01-05,8.524317808219179,-4.671347450370734,-1.2489703578484441
1988-01-06,8.575890410958904,-4.653324549071121,-1.1155658618877826
1988-01-07,8.584380821917808,-4.797623249457492,-1.0217575724603156
1988-01-08,8.585054794520548,-4.843358128277302,-0.9826966662432461
1988-01-09,8.586227397260274,-4.928491883106948,-1.056735514153326
1988-01-10,8.586589041095891,-4.928287878891985,-1.1783011622039057
1988-01-11,8.587095890410959,-4.850736491466624,-1.341359398944335
1988-01-12,8.585846575342465,-4.290862237866343,-2.0219843374761224
1988-01-13,8.579920547945207,-4.428815100528795,-1.9221054474164116
1988-01-14,8.579742465753425,-4.6178294314034,-1.586913034350025
1988-01-15,8.563517808219178,-4.770564942467678,-1.4049528657514996
1988-01-16,8.535,-4.872420509731464,-1.2575794902685367
1988-01-17,8.405586301369862,-4.709624092450116,-1.314962208919746
1988-01-18,8.328638356164383,-4.695508672710039,-1.2771296834543442
1988-01-19,8.312526027397261,-4.881104738744461,-1.065421288652801
1988-01-20,8.303523287671233,-4.97155651254144,-0.9429667751297934
1988-01-21,8.295641095890412,-5.011596414192301,-0.8800446816981111
1988-01-22,8.28961917808219,-4.949678746471893,-0.953940431610298
1988-01-23,8.285449315068494,-5.0033148546559465,-0.8651344604125475
1988-01-24,8.323145205479452,-4.691527640044074,-1.1966175654353775
1988-01-25,8.336517808219178,-4.555471791782747,-1.263046016436431
1988-01-26,8.342435616438358,-4.608951595084467,-1.058484021353891
1988-01-27,8.332610958904109,-4.9558035796296025,-0.33480737927450654
1988-01-28,8.331279452054794,-5.077918648122754,-0.1373608039320402
1988-01-29,8.329775342465753,-4.920008778084116,-0.35076656438163667
1988-01-30,8.329608219178084,-4.770048820233748,-0.7415593989443368
1988-01-31,8.328854794520549,-4.9742438325273906,-0.657610961993158
1988-02-01,8.327542465753424,-5.0319649424676784,-0.8355775232857461
1988-02-02,8.324200000000001,-5.040197397683695,-0.8940026023163057
1988-02-03,8.323279452054795,-5.053829852899712,-0.9584495991550828
1988-02-04,8.327956164383561,-5.10705057646838,-0.9529055879151818
1988-02-05,8.331172602739727,-5.113554194311725,-0.9856184084280022
1988-02-06,8.33282191780822,-5.094958549773614,-1.039863368034605
1988-02-07,8.334208219178084,-5.136538739446954,-0.9956694797311298
1988-02-08,8.335438356164385,-5.106476217494022,-1.033962138670363
1988-02-09,8.335879452054796,-5.109231538884959,-1.012647913169836
1988-02-10,8.33714794520548,-5.143588546261145,-1.0085593989443344
1988-02-11,8.345843835616439,-5.078912325678075,-1.1119315099383646
1988-02-12,8.355517808219178,-4.973080291958371,-1.2544375162608068
1988-02-13,8.363246575342467,-4.87918517429065,-1.1810614010518172
1988-02-14,8.366202739726027,-5.180480643205296,-0.884722096520731
1988-02-15,8.36987397260274,-4.978482118442388,-0.6983918541603522
1988-02-16,8.375312328767125,-4.998999083668942,-0.2143132450981824
1988-02-17,8.374884931506852,-5.13942612968229,-0.05545880182456209
1988-02-18,8.377745205479453,-5.207620017985767,-0.052125187493685665
1988-02-19,8.381679452054795,-5.142672845523527,-0.5970066065312691
1988-02-20,8.398021917808219,-5.178863783352821,-0.7731581344553984
1988-02-21,8.401898630136987,-5.177917594381974,-1.0079810357550132
1988-02-22,8.393764383561644,-5.063111763682993,-1.0856526198786502
1988-02-23,8.204608219178082,-5.087591285987172,-0.6940169331909098
1988-02-24,7.943772602739727,-5.229912536426231,-0.2888600663134957
1988-02-25,7.887783561643836,-5.2726325223763535,-0.22815103926748215
1988-02-26,7.837635616438355,-5.268173372393916,-0.17646224404443966
1988-02-27,7.8124164383561645,-5.256746396629954,-0.1636700417262107
1988-02-28,7.7969698630136985,-5.118069052056719,-0.3089008109569793
1988-02-29,7.7933013698630145,-5.222948504111514,-0.22335286575150093
1988-03-01,7.787101369863014,-5.2823230738340285,-0.1747782960289852
1988-03-02,7.77349589041096,-5.27592454907112,-0.17757134133983943
1988-03-03,7.756208219178083,-5.284829150405858,-0.16137906877222452
1988-03-04,7.764142465753425,-5.28737077316666,-0.15677169258676482
1988-03-05,7.758901369863013,-5.306462729612041,-0.08743864025097192
1988-03-06,7.753712328767123,-5.205065469338068,-0.15764685942905476
1988-03-07,7.742698630136987,-5.193543375906385,-0.20715525423060122
1988-03-08,7.736232876712329,-5.243241654796445,-0.18899122191588358
1988-03-09,7.731178082191781,-5.084042568038454,-0.34913551415332744
1988-03-10,7.725131506849316,-5.229053807940105,-0.3020776989092102
1988-03-11,7.718380821917809,-5.1583109909397535,-0.38606983097805525
1988-03-12,7.711128767123288,-5.19122507594151,-0.360903691181778
1988-03-13,7.704608219178082,-5.205810534318749,-0.452797684859334
1988-03-14,7.697553424657535,-5.021683101933783,-0.5668703227237524
1988-03-15,7.689463013698631,-5.183144640395321,-0.27931837330331
1988-03-16,7.68002191780822,-4.976675234002627,0.049653316194407715
1988-03-17,7.672783561643836,-5.064484858168416,0.10070129652457904
1988-03-18,7.6635342465753435,-5.0856064598544,0.03607221327905652
1988-03-19,7.6533999999999995,-5.098743375906385,-0.10965662409361432
1988-03-20,7.643701369863014,-5.035867225572701,-0.043834144290313404
1988-03-21,7.634112328767124,-4.912216786514042,0.05610445774691897
1988-03-22,7.625389041095891,-4.818694131087277,0.0393050899913856
1988-03-23,7.617695890410959,-4.665782715562163,-0.16791317484879542
1988-03-24,7.611169863013699,-4.699931012014569,-0.18323885099912918
1988-03-25,7.604531506849316,-4.6509270780489915,-0.34560442880032394
1988-03-26,7.599095890410959,-4.63719191823164,-0.43290397217931975
1988-03-27,7.579120547945207,-4.551629150405859,-0.5434913975393485
1988-03-28,7.568613698630138,-4.468462799861426,-0.5491508987687119
1988-03-29,7.563676712328768,-4.547610042573052,-0.43306666975571506
1988-03-30,7.560904109589041,-4.395444043275546,-0.5644600663134947
1988-03-31,7.559049315068494,-4.372053175695637,-0.44399613937285665
1988-04-01,7.570413698630137,-4.333039406816114,-0.6283742918140227
1988-04-02,7.587616438356164,-4.334229220655244,-0.8103872177009208
1988-04-03,7.59048493150685,-4.34338201306831,-0.7911029184385407
1988-04-04,7.591098630136987,-4.30185043596961,-0.8022481941673769
1988-04-05,7.596931506849316,-4.169860551881096,-0.9870709549682202
1988-04-06,7.583600000000001,-3.9009337517405975,-1.158666248259403
1988-04-07,7.581246575342466,-3.61181636501773,-1.197430210324737
1988-04-08,7.576542465753425,-3.636727499545303,-1.165814966208122
1988-04-09,7.575808219178082,-3.6336877383932134,-1.171120480784869
1988-04-10,7.568106849315069,-3.751478043978039,-0.8476288053370298
1988-04-11,7.504290410958904,-3.692365785460302,-0.8839246254986026
1988-04-12,7.510331506849315,-3.5797138009151666,-0.6116177059341488
1988-04-13,7.659175342465753,-3.537783347806631,-0.7423919946591222
1988-04-14,7.713846575342465,-3.6093682441887878,-0.7844783311536774
1988-04-15,7.8356876712328765,-3.589510428944671,-0.6821772422882053
1988-04-16,7.86442191780822,-3.46416206224288,-0.12225985556534003
1988-04-17,7.881172602739726,-3.311106284230938,0.9979336814912116
1988-04-18,7.896923287671234,-3.244348433862128,1.4244251461908943
1988-04-19,7.912071232876713,-2.975595852197218,1.9785246193205053
1988-04-20,7.9575287671232875,-2.6407631159836598,2.384234348860372
1988-04-21,8.012619178082193,-2.581964380472596,2.079345202390402
1988-04-22,8.038545205479453,-2.3740142575361713,2.2824690520567184
1988-04-23,8.055246575342466,-1.708426972674914,1.5921803973324484
1988-04-24,8.068641095890412,-1.4544225469636387,2.3647814510732266
1988-04-25,8.08035890410959,-1.4598808539534525,2.9875219498438637
1988-04-26,8.09015890410959,-1.2709152761522584,2.8097563720426684
1988-04-27,8.097999999999999,-0.9407757608730171,2.1017757608730183
1988-04-28,8.105268493150685,-0.6231576365316049,0.845889143380919
1988-04-29,8.111583561643835,0.02735209300826165,-0.16893565465209687
1988-04-30,8.11847397260274,0.18785557035283496,0.20367045704442532
1988-05-01,8.12536712328767,0.6329583452035549,1.4706745315087737
1988-05-02,8.130736986301372,1.3081709198435265,1.1920920938551018
1988-05-03,8.135197260273973,2.3344008460816723,0.6914018936443544
1988-05-04,8.140120547945205,2.1017542707392063,-0.9618748186844122
1988-05-05,8.144043835616438,3.1048546571108258,-2.200898492727264
1988-05-06,8.146227397260274,4.309413561220415,-1.933640958480689
1988-05-07,8.148394520547946,4.10853291492607,3.2730725645259833
1988-05-08,8.150778082191781,3.0496698309780546,9.979552086830164
1988-05-09,8.153167123287671,2.6788828973637235,7.697949979348606
1988-05-10,8.155356164383562,2.8937458408129677,4.212897994803471
1988-05-11,8.157627397260274,3.498809065259754,5.082563537479972
1988-05-12,8.15979178082192,4.160799862590277,2.1884083565878036
1988-05-13,8.162238356164385,4.789499265470503,0.5992623783651121
1988-05-14,8.164539726027398,5.381327013977703,-0.7648667400051004
1988-05-15,8.166967123287671,5.204383845730425,-0.14835096901809575
1988-05-16,8.169534246575342,5.530811032242544,1.7466547211821135
1988-05-17,8.171616438356164,5.560187779696003,2.502195781947835
1988-05-18,8.172819178082193,6.052165299892701,1.2990155220251047
1988-05-19,8.173750684931505,6.63473979936583,-1.3624904842973358
1988-05-20,8.174446575342467,6.534478120405521,-1.7849246957479883
1988-05-21,8.175317808219177,6.515019110921855,-4.200336919141032
1988-05-22,8.175649315068494,5.188028664838258,-4.5316779799067515
1988-05-23,8.176071232876712,4.778967196626105,-3.3750384295028173
1988-05-24,8.176476712328768,4.64032076178241,-1.4697974741111777
1988-05-25,8.176580821917808,5.6091405018596845,2.233278676222506
1988-05-26,8.176304109589042,6.616472921951009,3.78322296845995
1988-05-27,8.176019178082191,6.825103901929934,1.0738769199878746
1988-05-28,8.175884931506848,6.7739253279924565,-1.9098102594993058
1988-05-29,8.1754,7.400311348364778,-4.421711348364778
1988-05-30,8.174657534246576,7.336999722091508,-4.701657256338083
1988-05-31,8.174142465753427,8.26541018924992,-5.852552655003347
1988-06-01,8.174071232876713,8.43693396866685,-6.781005201543563
1988-06-02,8.174038356164385,9.658998808849498,-8.558037165013882
1988-06-03,8.1742,11.973274748435026,-10.020474748435026
1988-06-04,8.174,10.39584756192291,-1.9988475619229078
1988-06-05,8.174084931506851,9.516288587563933,-1.5833735190707845
1988-06-06,8.177243835616439,8.904502356443455,-4.994746192059894
1988-06-07,8.177989041095891,8.934643627957332,-7.115632669053223
1988-06-08,8.177909589041096,10.530866178010019,-7.671775767051114
1988-06-09,8.17811506849315,10.956606185034957,-8.224721253528108
1988-06-10,8.178715068493151,10.505431826060596,-7.977146894553746
1988-06-11,8.178391780821919,10.47053172068652,-6.365923501508439
1988-06-12,8.177731506849316,10.192893364522135,-4.899624871371451
1988-06-13,8.177364383561645,10.779224239126984,-5.41158862268863
1988-06-14,8.17672602739726,12.416004850296636,-5.770730877693897
1988-06-15,8.176306849315068,10.470772114083077,-3.262078963398146
1988-06-16,8.175961643835617,11.096265826763092,-3.239227470598708
1988-06-17,8.175183561643836,11.505619813415707,-2.317803375059544
1988-06-18,8.17051506849315,11.663248264416762,-3.5147633329099133
1988-06-19,8.163317808219178,12.145723642007207,-5.612041450226386
1988-06-20,8.159117808219179,11.588645384191963,-5.561763192411142
1988-06-21,8.155915068493151,11.291264140777843,-4.294179209270993
1988-06-22,8.152846575342465,12.035223606882514,-4.40807018222498
1988-06-23,8.149545205479452,13.100672711202852,-6.076217916682305
1988-06-24,8.146273972602739,12.883870041726212,-6.38714401432895
1988-06-25,8.142879452054794,11.686961506425893,-4.881840958480687
1988-06-26,8.139616438356164,11.324662033296283,-5.2582784716524475
1988-06-27,8.136630136986302,10.540313807093263,-5.883943944079565
1988-06-28,8.133939726027396,10.035217214188451,-5.850156940215847
1988-06-29,8.131983561643835,9.93424004523868,-5.5252236068825145
1988-06-30,8.130843835616439,9.816529247908157,-3.460373083524596
1988-07-01,8.12974794520548,12.900007398593086,8.647244656201433
1988-07-02,8.128816438356164,10.913703699962952,2.5944798616808846
1988-07-03,8.128219178082192,10.071884247908157,12.47189657400965
1988-07-04,8.127386301369864,10.157063220510896,11.987550478119239
1988-07-05,8.126482191780823,12.014701165716376,28.577816642502803
1988-07-06,8.125161643835616,10.63415383694925,31.04468451921513
1988-07-07,8.12334794520548,10.006386097223224,10.327265957571296
1988-07-08,8.12146301369863,10.888141782154731,4.05539520414664
1988-07-09,8.119717808219178,9.105684795853362,3.3385973959274597
1988-07-10,8.118186301369864,9.207311028730073,2.336502669900062
1988-07-11,8.116835616438356,7.952552655003343,3.875611728558301
1988-07-12,8.115635616438357,7.925656764592385,3.0827076189692564
1988-07-13,8.11447397260274,7.327076926165971,2.40844910123129
1988-07-14,8.113556164383562,6.9038262061097715,4.743617629506666
1988-07-15,8.112213698630137,6.26082683835424,1.4809594630156218
1988-07-16,8.110934246575344,5.884137410886731,-1.6320716574620748
1988-07-17,8.109613698630138,6.320840747732532,-3.0814544463626703
1988-07-18,8.10830410958904,7.43471879479962,-3.5700229043886598
1988-07-19,8.107043835616437,6.324650933893403,-1.7306947695098396
1988-07-20,8.105621917808218,4.968738534876895,-0.8203604526851134
1988-07-21,8.104095890410958,4.885113877342649,-0.8202097677536067
1988-07-22,8.102342465753424,5.722986163960141,-1.1993286297135652
1988-07-23,8.100586301369862,5.177009908252378,1.63840379037776
1988-07-24,8.098654794520549,4.636426206109771,16.01691899936968
1988-07-25,8.096564383561645,3.992448334666147,7.645987281772207
1988-07-26,8.094427397260274,3.6898545868614403,2.1437180158782865
1988-07-27,8.091876712328768,3.6678314045642852,2.5982918831069477
1988-07-28,8.0884,3.6802502313995507,1.1953497686004497
1988-07-29,8.084698630136987,4.13114640280805,1.3531549670549632
1988-07-30,8.081068493150685,3.334073905442403,1.5698576014069117
1988-07-31,8.078287671232877,2.991736286896565,0.30497604187055805
1988-08-01,8.075876712328768,2.9441608039320406,-0.12903751626080817
1988-08-02,8.074145205479452,2.334894699260457,0.25696009526009167
1988-08-03,8.07266301369863,2.31483779725835,0.5054991890430207
1988-08-04,8.071328767123287,3.7990474916735235,0.3446237412031894
1988-08-05,8.069939726027396,2.364048826411844,-0.7329885524392399
1988-08-06,8.068709589041095,2.5136675829977237,-1.4013771720388197
1988-08-07,8.067632876712327,2.921965159393931,-1.8115980361062576
1988-08-08,8.066408219178083,1.7372281730925607,-0.7366363922706434
1988-08-09,8.065167123287672,1.9569758373004993,-1.1201429605881723
1988-08-10,8.063931506849315,1.5063648783963894,-0.4602963852457047
1988-08-11,8.062827397260275,1.8695638949049949,1.5436087078347311
1988-08-12,8.061838356164383,2.6149441548277204,1.3422174890078966
1988-08-13,8.060893150684931,1.9049685313644256,2.2341383179506424
1988-08-14,8.059402739726028,2.6122580290813207,0.5253392311926501
1988-08-15,8.057742465753424,1.7342658267630913,1.632991707483485
1988-08-16,8.055197260273973,0.9894446816981107,2.203358058027916
1988-08-17,8.051342465753425,0.9020908355442644,1.4425666987023114
1988-08-18,8.047572602739725,0.886244822196881,0.9671825750633933
1988-08-19,8.043304109589041,1.259361506425894,0.6083343839850646
1988-08-20,8.040487671232876,1.1944667400051003,4.973045588762024
1988-08-21,8.038454794520547,0.6013667048804077,0.8971785005990462
1988-08-22,8.036947945205478,0.7922628060395225,0.13378924875499876
1988-08-23,8.035632876712327,2.2287738703177107,-2.7494067470300383
1988-08-24,8.03377808219178,3.354036954265726,-4.558815036457506
1988-08-25,8.032021917808219,1.2482092057585252,-2.059231123566744
1988-08-26,8.030501369863014,0.9993504772723991,-2.497851847135413
1988-08-27,8.028832876712329,0.7687433820844819,-1.3715762587968108
1988-08-28,8.027424657534246,0.259629297082726,-0.27505395461697113
1988-08-29,8.025813698630136,0.1009574319615455,2.6312288694083175
1988-08-30,8.024605479452056,0.6401830027378013,0.4842115178101418
1988-08-31,8.023386301369863,0.5913782257796,-0.7217645271494629
1988-09-01,8.022260273972602,0.525896525744475,-0.9561567997170775
1988-09-02,8.02124109589041,0.17609575300123667,6.104663151108353
1988-09-03,8.020098630136987,-0.153389038006842,1.322290407869855
1988-09-04,8.018843835616437,0.35586252504198124,0.5812936393415814
1988-09-05,8.017583561643836,-0.03891422241147837,0.1773306607676434
1988-09-06,8.0166301369863,-0.7042099020742814,0.5405797650879804
1988-09-07,8.015778082191781,-0.2398114475607586,-0.4539666346310228
1988-09-08,8.0148,-0.8398243734476568,-0.6229756265523428
1988-09-09,8.013958904109588,-0.46818742227097965,-1.4427714818386084
1988-09-10,8.013128767123288,-0.9488720025309024,-1.1502567645923856
1988-09-11,8.012698630136986,-0.7858629403601964,-1.3238356897767904
1988-09-12,8.013487671232877,0.24485486785898164,-2.283342539091859
1988-09-13,8.014186301369863,-0.014948433862128177,-2.5992378675077346
1988-09-14,8.014120547945206,0.8344826866155677,-3.7906032345607734
1988-09-15,8.012865753424657,0.8062904140479524,-3.49515616747261
1988-09-16,8.01173698630137,-0.6135197018635332,-2.906217284437837
1988-09-17,8.01033698630137,-0.8763186481227537,-2.928018338178616
1988-09-18,8.008969863013698,-0.5380771307360307,-3.3278927322776677
1988-09-19,8.007260273972602,-0.5926495929769859,-3.3346106809956155
1988-09-20,8.005087671232877,-0.42636782269247625,-3.4647198485404007
1988-09-21,8.00254794520548,0.8555477375463716,-4.523095682751851
1988-09-22,8.000328767123287,1.2257669858779492,-4.0720957530012365
1988-09-23,7.998000000000001,2.25379157316281,-5.590791573162812
1988-09-24,7.996169863013699,3.456872359955926,-7.142042222969625
1988-09-25,7.995753424657535,4.805581457251325,-8.70833488190886
1988-09-26,7.997512328767124,1.7907576427097018,-5.654269971476825
1988-09-27,8.000964383561644,-0.21786813881470982,-3.5770962447469343
1988-09-28,8.005150684931507,-0.5600064598544008,-2.9821442250771066
1988-09-29,8.011178082191782,-0.13804741524604108,-3.29213066694574
1988-09-30,8.017134246575342,0.7205788580240677,0.3862868954005909
1988-10-01,8.02438082191781,-0.6241622729910359,3.5987814510732274
1988-10-02,8.032030136986302,-0.1704941310872775,-2.357536005899025
1988-10-03,8.040131506849315,0.565321464276263,-3.887452971125578
1988-10-04,8.04711506849315,-0.6838547914314995,-0.45326027706165084
1988-10-05,8.054657534246575,-0.822216365017731,-1.6114411692288433
1988-10-06,8.059035616438356,-1.115946537128725,-0.9870890793096307
1988-10-07,8.061654794520546,-0.8068088483335015,-0.9568459461870445
1988-10-08,8.063879452054795,-0.9873477313682752,-1.4225317206865202
1988-10-09,8.066610958904109,-0.5040292909046292,-2.40158166799948
1988-10-10,8.070608219178082,0.06496818011749941,0.47442360070441814
1988-10-11,8.078301369863013,-0.6844379315790233,13.54513656171601
1988-10-12,8.08682191780822,0.6683882714417001,54.418789810750084
1988-10-13,8.09315890410959,0.5542709549682197,19.08857014092219
1988-10-14,8.096276712328766,0.40454169609923435,46.510181591572
1988-10-15,8.096942465753424,0.8116482644167619,16.546409269829816
1988-10-16,8.095254794520548,0.7429811060043977,8.724764099475053
1988-10-17,8.089619178082192,1.1747488615365362,4.555631960381272
1988-10-18,8.0824,0.6746058337880295,3.5289941662119704
1988-10-19,8.072931506849315,-0.5330746720075444,14.881143165158228
1988-10-20,8.06205205479452,-1.0708397580630418,18.57578770326852
1988-10-21,8.052131506849314,-1.631827956166308,9.555696449316995
1988-10-22,8.04049589041096,-1.5952414440482892,6.79874555363733
1988-10-23,8.028323287671233,-1.8444273941712255,5.2481041064999925
1988-10-24,8.013665753424657,-1.8281763931174846,4.0525106396928265
1988-10-25,7.997369863013699,-2.183875304252012,3.4795054412383126
1988-10-26,7.981632876712329,-2.4297708434160445,2.917137966703715
1988-10-27,7.966542465753425,-1.7278406010556653,1.8112981353022413
1988-10-28,7.952972602739726,-0.927450365720225,0.44047776298049957
1988-10-29,7.939632876712329,-0.8294849986671863,0.19685212195485768
1988-10-30,7.9241972602739725,-1.6844847176696447,0.9292874573956718
1988-10-31,7.904101369863014,-2.101494482334204,0.64939311247119
1988-11-01,7.883408219178083,-2.365311623184222,0.515903404006139
1988-11-02,7.862917808219177,-2.477579975836136,0.6406621676169584
1988-11-03,7.8514191780821925,-2.345209550827355,0.02479037274516216
1988-11-04,7.846712328767124,-0.7437475908695045,-2.3349647378976197
1988-11-05,7.84734794520548,-1.2823447106447066,-1.912003234560774
1988-11-06,7.837720547945206,-1.3678422167915276,-1.8508783311536783
1988-11-07,7.8077643835616435,-1.9435487148596695,-1.3012156687019742
1988-11-08,7.788353424657535,-2.3033020692678186,-1.0440513553897164
1988-11-09,7.780920547945206,-2.322721458098166,-1.0201990898470399
1988-11-10,7.774142465753425,-1.7834255676872073,-1.5567168980662172
1988-11-11,7.776342465753425,-2.298801542397429,-1.1145409233559955
1988-11-12,7.77333698630137,-2.338684085425177,-1.1796529008761931
1988-11-13,7.767216438356165,-2.533999505165254,-0.8832169331909112
1988-11-14,7.7537890410958905,-2.2414702462962697,-1.1783187947996212
1988-11-15,7.735945205479453,-2.1839770253619526,-1.5589681801175006
1988-11-16,7.721317808219179,-2.7666846474202593,-1.1566331607989193
1988-11-17,7.717164383561644,-2.588360516756403,-1.4158038668052408
1988-11-18,7.719408219178083,-1.9672856309116542,-2.243122588266429
1988-11-19,7.728479452054795,-2.008954896805578,-2.1525245552492165
1988-11-20,7.743939726027397,-2.6619219498438635,-1.649017776183534
1988-11-21,7.768594520547946,-2.898953562067257,-1.4206409584806896
1988-11-22,7.795263013698632,-3.1399230035846433,-1.231340010113989
1988-11-23,7.816175342465755,-3.3360941310872776,-1.1410812113784767
1988-11-24,7.8211890410958915,-3.516784612295567,-1.0484044288003243
1988-11-25,7.814909589041097,-3.5870806432052964,-1.0518289458358003
1988-11-26,7.813252054794521,-3.652757144785908,-1.0144949100086134
1988-11-27,7.8197260273972615,-3.6451825048140076,-1.174543522583254
1988-11-28,7.832356164383563,-3.515585806535117,-1.554770357848446
1988-11-29,7.847846575342466,-3.578732136004734,-1.4751144393377311
1988-11-30,7.862227397260274,-3.5522589361452335,-1.3619684611150413
1988-12-01,7.87303287671233,-3.5584796597139023,-1.3945532169984274
1988-12-02,7.881926027397261,-3.676716259643653,-1.215209767753608
1988-12-03,7.8835863013698635,-3.859165434213376,-1.1734208671564876
1988-12-04,7.860397260273974,-3.980515135653488,-1.0918821246204855
1988-12-05,7.837238356164384,-3.959714152162093,0.7334757959977085
1988-12-06,7.824380821917808,-3.9901487851090556,-0.04623203680875232
1988-12-07,7.815942465753426,-4.043876568740948,-0.5810658970124782
1988-12-08,7.803794520547946,-4.1491310120145695,-0.6146635085333765
1988-12-09,7.795553424657536,-4.226475655498939,-0.6720777691585962
1988-12-10,7.793287671232878,-4.245750892590614,-0.7115367786422642
1988-12-11,7.794923287671233,-4.240996695189842,-0.7679265924813921
1988-12-12,7.795654794520548,-4.271360938252715,-0.7852938562678329
1988-12-13,7.796791780821918,-4.170112114929919,-1.0666796658919981
1988-12-14,7.801167123287671,-4.374036877838243,-0.7871302454494273
1988-12-15,7.803775342465753,-4.4451302392713306,-0.7226451031944228
1988-12-16,7.798775342465754,-4.427773442643302,-0.7900018998224532
1988-12-17,7.78747397260274,-3.6821667689516966,-1.5393072036510436
1988-12-18,7.782361643835617,-4.134770773166659,-1.154590870668958
1988-12-19,7.785616438356165,-4.235678395224966,-1.0169380431311996
1988-12-20,7.792610958904111,-4.381357355534064,-0.8332536033700464
1988-12-21,7.795419178082193,-4.330535297227073,-0.9328838808551199
1988-12-22,7.797873972602741,-3.66584277878661,-1.630031193816131
1988-12-23,7.793734246575344,-3.824306775976635,-1.4094274705987084
1988-12-24,7.789276712328768,-4.028131082263955,-1.2601456300648133
1988-12-25,7.791553424657534,-4.030494131087277,-1.329059293570257
1988-12-26,7.79622191780822,-3.891943867652082,-1.5042780501561372
1988-12-27,7.803054794520549,-4.0024626593626556,-1.4125921351578938
1988-12-28,7.800882191780822,-3.9912474152460407,-1.3546347765347813
1988-12-29,7.796010958904111,-4.187782364315237,-1.2042285945888738
1988-12-30,7.791895890410959,-4.269164239973825,-1.1317316504371346
1988-12-31,7.746216438356166,-4.3168335058677485,-1.055382932488417
1989-01-01,7.723819178082193,-4.117749979348605,-1.2700691987335881
1989-01-02,7.670709589041097,-4.2888382828259495,-1.1018713062151484
1989-01-03,7.615753424657535,-4.674010745066906,-0.7257426795906285
1989-01-04,7.5133835616438365,-4.671347450370734,-0.7200361112731022
1989-01-05,7.415304109589041,-4.653324549071121,-0.6169795605179207
1989-01-06,7.3903780821917815,-4.797623249457492,-0.5157548327342898
1989-01-07,7.380956164383562,-4.843358128277302,-0.41559803610626034
1989-01-08,7.364413698630138,-4.928491883106948,-0.39392181552319006
1989-01-09,7.350126027397261,-4.928287878891985,-0.4348381485052757
1989-01-10,7.328720547945206,-4.850736491466624,-0.5209840564785821
1989-01-11,7.307879452054795,-4.290862237866343,-1.1680172141884517
1989-01-12,7.286928767123288,-4.428815100528795,-0.9641136665944927
1989-01-13,7.260021917808221,-4.6178294314034,-0.7571924864048212
1989-01-14,7.24095890410959,-4.770564942467678,-0.5493939616419112
1989-01-15,7.23028493150685,-4.872420509731464,-0.4348644217753854
1989-01-16,7.22209589041096,-4.709624092450116,-0.6094717979608442
1989-01-17,7.210482191780823,-4.695508672710039,-0.6189735190707841
1989-01-18,7.1970465753424655,-4.881104738744461,-0.46894183659800515
1989-01-19,7.185460273972603,-4.97155651254144,-0.3819037614311629
1989-01-20,7.175109589041096,-5.011596414192301,-0.3995131748487948
1989-01-21,7.16698904109589,-4.949678746471893,-0.47231029462399743
1989-01-22,7.155520547945206,-5.0033148546559465,-0.4402056932892595
1989-01-23,7.104597260273973,-4.691527640044074,-0.741069620229899
1989-01-24,7.0766630136986315,-4.555471791782747,-0.7831912219158852
1989-01-25,7.064720547945206,-4.608951595084467,-0.7117689528607389
1989-01-26,7.047942465753425,-4.9558035796296025,-0.3191388861238229
1989-01-27,7.038208219178083,-5.077918648122754,-0.19528957105532907
1989-01-28,7.0224684931506856,-4.920008778084116,-0.36845971506656916
1989-01-29,7.0085863013698635,-4.770048820233748,-0.4355374811361159
1989-01-30,6.999767123287672,-4.9742438325273906,-0.2085232907602812
1989-01-31,6.9907452054794526,-5.0319649424676784,-0.1307802630117738
1989-02-01,6.980312328767123,-5.040197397683695,-0.09111493108342827
1989-02-02,6.967383561643836,-5.053829852899712,-0.08955370874412427
1989-02-03,6.949630136986302,-5.10705057646838,-0.08157956051792237
1989-02-04,6.940189041095891,-5.113554194311725,-0.04363484678416718
1989-02-05,6.933893150684932,-5.094958549773614,-0.03393460091131839
1989-02-06,6.92607397260274,-5.136538739446954,-0.034535233155786216
1989-02-07,6.9231123287671235,-5.106476217494022,-0.07463611127310177
1989-02-08,6.919323287671233,-5.109231538884959,-0.04709174878627387
1989-02-09,6.911035616438356,-5.143588546261145,0.014552929822788663
1989-02-10,6.897054794520548,-5.078912325678075,-0.02414246884247273
1989-02-11,6.881008219178082,-4.973080291958371,-0.12492792721971124
1989-02-12,6.865482191780822,-4.87918517429065,-0.22729701749017206
1989-02-13,6.855413698630137,-5.180480643205296,0.02006694457515934
1989-02-14,6.845805479452055,-4.978482118442388,-0.1033233610096671
1989-02-15,6.834487671232877,-4.998999083668942,-0.08048858756393429
1989-02-16,6.82885205479452,-5.13942612968229,0.11457407488776994
1989-02-17,6.822383561643836,-5.207620017985767,-0.05476354365806824
1989-02-18,6.814082191780822,-5.142672845523527,-0.057409346257295546
1989-02-19,6.79443287671233,-5.178863783352821,0.08843090664049047
1989-02-20,6.788561643835616,-5.177917594381974,0.05535595054635678
1989-02-21,6.7840273972602745,-5.063111763682993,0.044084366422718624
1989-02-22,6.7834958904109595,-5.087591285987172,0.05009539557621334
1989-02-23,6.7852,-5.229912536426231,0.22871253642623124
1989-02-24,6.784994520547946,-5.2726325223763535,0.31963800182840707
1989-02-25,6.785276712328768,-5.268173372393916,0.26689666006514745
1989-02-26,6.784706849315069,-5.256746396629954,0.3500395473148856
1989-02-27,6.7819013698630135,-5.118069052056719,0.11816768219370566
1989-02-28,6.767671232876713,-5.222948504111514,0.36127727123480113
1989-03-01,6.755353424657535,-5.2823230738340285,0.41196964917649304
1989-03-02,6.745194520547946,-5.27592454907112,0.439730028523174
1989-03-03,6.736430136986302,-5.284829150405858,0.4863990134195557
1989-03-04,6.711493150684932,-5.28737077316666,0.47887762248172816
1989-03-05,6.700282191780822,-5.306462729612041,0.5131805378312189
1989-03-06,6.688309589041096,-5.205065469338068,0.4477558802969721
1989-03-07,6.677791780821918,-5.193543375906385,0.5097515950844667
1989-03-08,6.667523287671234,-5.243241654796445,0.5687183671252116
1989-03-09,6.658830136986301,-5.084042568038454,0.3662124310521522
1989-03-10,6.651904109589041,-5.229053807940105,0.464149698351064
1989-03-11,6.646038356164384,-5.1583109909397535,0.3832726347753699
1989-03-12,6.641309589041096,-5.19122507594151,0.5519154869004144
1989-03-13,6.637454794520548,-5.205810534318749,0.9023557397982014
1989-03-14,6.632361643835616,-5.021683101933783,0.7533214580981662
1989-03-15,6.629287671232877,-5.183144640395321,0.7568569691624436
1989-03-16,6.626756164383561,-4.976675234002627,0.6449190696190659
1989-03-17,6.623235616438356,-5.064484858168416,0.7382492417300606
1989-03-18,6.624972602739726,-5.0856064598544,0.5636338571146737
1989-03-19,6.627038356164384,-5.098743375906385,0.4177050197420007
1989-03-20,6.628871232876712,-5.035867225572701,0.34699599269598824
1989-03-21,6.630950684931507,-4.912216786514042,0.26626610158253516
1989-03-22,6.631635616438356,-4.818694131087277,0.10605851464892169
1989-03-23,6.6303972602739725,-4.665782715562163,0.009385455288191125
1989-03-24,6.626657534246575,-4.699931012014569,-0.048726522232005465
1989-03-25,6.623682191780822,-4.6509270780489915,-0.03275511373183004
1989-03-26,6.6213561643835614,-4.63719191823164,0.392835753848078
1989-03-27,6.618821917808219,-4.551629150405859,1.0588072325976392
1989-03-28,6.616295890410959,-4.468462799861426,1.6631669094504664
1989-03-29,6.612572602739726,-4.547610042573052,2.0460374398333263
1989-03-30,6.607912328767123,-4.395444043275546,2.5885317145084237
1989-03-31,6.6020520547945205,-4.372053175695637,2.687001120901116
1989-04-01,6.583375342465753,-4.333039406816114,3.003664064350361
1989-04-02,6.559517808219177,-4.334229220655244,3.009711412436067
1989-04-03,6.550457534246575,-4.34338201306831,3.2059244788217356
1989-04-04,6.543443835616438,-4.30185043596961,2.794406600353171
1989-04-05,6.530334246575342,-4.169860551881096,2.8325263053057537
1989-04-06,6.520780821917809,-3.9009337517405975,1.5021529298227887
1989-04-07,6.510389041095891,-3.61181636501773,0.829427323921839
1989-04-08,6.500293150684932,-3.636727499545303,0.7224343488603706
1989-04-09,6.49181095890411,-3.6336877383932134,0.9098767794891032
1989-04-10,6.484383561643836,-3.751478043978039,1.6950944823342033
1989-04-11,6.467868493150685,-3.692365785460302,2.9604972923096167
1989-04-12,6.4168082191780815,-3.5797138009151666,3.5919055817370853
1989-04-13,6.250180821917809,-3.537783347806631,2.9796025258888226
1989-04-14,6.181216438356164,-3.6093682441887878,1.886151805832624
1989-04-15,6.037728767123287,-3.589510428944671,1.358781661821384
1989-04-16,5.9758876712328775,-3.46416206224288,1.1502743910100026
1989-04-17,5.935328767123288,-3.311106284230938,0.8867775171076504
1989-04-18,5.904345205479451,-3.244348433862128,0.7820032283826768
1989-04-19,5.8780602739726024,-2.975595852197218,0.5565355782246155
1989-04-20,5.824208219178082,-2.6407631159836598,0.5465548968055773
1989-04-21,5.761463013698631,-2.581964380472596,0.7095013667739649
1989-04-22,5.725093150684932,-2.3740142575361713,0.3489211068512392
1989-04-23,5.6970547945205485,-1.708426972674914,-0.4926278218456346
1989-04-24,5.67374794520548,-1.4544225469636387,-0.590325398241841
1989-04-25,5.653389041095891,-1.4598808539534525,-0.5335081871424383
1989-04-26,5.635547945205479,-1.2709152761522584,-0.4796326690532209
1989-04-27,5.619575342465754,-0.9407757608730171,-0.9277995815927368
1989-04-28,5.604591780821918,-0.6231576365316049,-1.6064341442903134
1989-04-29,5.591284931506849,0.02735209300826165,-2.517637024515111
1989-04-30,5.579610958904109,0.18785557035283496,-2.891466529256944
1989-05-01,5.568202739726027,0.6329583452035549,-3.3071610849295823
1989-05-02,5.559276712328767,1.3081709198435265,-3.789447632172294
1989-05-03,5.550780821917808,2.3344008460816723,-4.2031816679994805
1989-05-04,5.541975342465753,2.1017542707392063,-2.5607296132049595
1989-05-05,5.546975342465754,3.1048546571108258,-1.3218299995765799
1989-05-06,5.554602739726028,4.309413561220415,0.8899836990535563
1989-05-07,5.5545041095890415,4.10853291492607,2.352962975484888
1989-05-08,5.553356164383562,3.0496698309780546,1.642974004638384
1989-05-09,5.551501369863014,2.6788828973637235,3.2146157327732627
1989-05-10,5.549369863013699,2.8937458408129677,4.105884296173333
1989-05-11,5.547038356164384,3.498809065259754,5.219152578575862
1989-05-12,5.544260273972602,4.160799862590277,5.60693986343712
1989-05-13,5.541386301369863,4.789499265470503,2.1231144331596346
1989-05-14,5.538709589041096,5.381327013977703,-0.3730366030187984
1989-05-15,5.535627397260274,5.204383845730425,-2.4180112429907004
1989-05-16,5.5324,5.530811032242544,-2.1292110322425444
1989-05-17,5.530063013698631,5.560187779696003,-0.19525079339463414
1989-05-18,5.528106849315068,6.052165299892701,2.4277278507922286
1989-05-19,5.524334246575343,6.63473979936583,2.1059259540588275
1989-05-20,5.519994520547945,6.534478120405521,4.1805273590465335
1989-05-21,5.515761643835616,6.515019110921855,4.102219245242527
1989-05-22,5.5118109589041095,5.188028664838258,7.131160376257631
1989-05-23,5.5077342465753425,4.778967196626105,9.027298556798552
1989-05-24,5.503980821917809,4.64032076178241,8.835698416299781
1989-05-25,5.500391780821918,5.6091405018596845,6.739467717318398
1989-05-26,5.496347945205479,6.616472921951009,4.171179132843512
1989-05-27,5.49248493150685,6.825103901929934,3.1524111665632173
1989-05-28,5.488402739726027,6.7739253279924565,3.140671932281517
1989-05-29,5.484715068493151,7.400311348364778,2.878973583142069
1989-05-30,5.481515068493151,7.336999722091508,3.64548520941534
1989-05-31,5.4782383561643835,8.26541018924992,2.092351454585696
1989-06-01,5.47466301369863,8.43693396866685,-0.1375969823654799
1989-06-02,5.471580821917808,9.658998808849498,-2.609579630767305
1989-06-03,5.467942465753425,11.973274748435026,-6.70821721418845
1989-06-04,5.46466301369863,10.39584756192291,-7.75351057562154
1989-06-05,5.4611698630136996,9.516288587563933,-7.323458450577633
1989-06-06,5.452778082191781,8.904502356443455,-6.963280438635236
1989-06-07,5.446756164383562,8.934643627957332,-7.464399792340894
1989-06-08,5.441884931506849,10.530866178010019,-9.36975110951687
1989-06-09,5.436893150684932,10.956606185034957,-8.491499335719888
1989-06-10,5.432531506849315,10.505431826060596,-6.05796333290991
1989-06-11,5.427915068493151,10.47053172068652,-3.01844678917967
1989-06-12,5.423339726027398,10.192893364522135,-1.8782330905495321
1989-06-13,5.419213698630137,10.779224239126984,-2.238437937757121
1989-06-14,5.416301369863014,12.416004850296636,-1.4133062201596491
1989-06-15,5.413117808219178,10.470772114083077,0.4531100776977439
1989-06-16,5.4105698630136985,11.096265826763092,-2.2988356897767908
1989-06-17,5.409334246575342,11.505619813415707,-3.6769540599910497
1989-06-18,5.419649315068493,11.663248264416762,-2.629897579485256
1989-06-19,5.422046575342465,12.145723642007207,-1.6827702173496721
1989-06-20,5.434704109589041,11.588645384191963,-0.28434949378100427
1989-06-21,5.435613698630137,11.291264140777843,-0.5488778394079787
1989-06-22,5.4355013698630135,12.035223606882514,-0.7947249767455293
1989-06-23,5.435575342465754,13.100672711202852,-4.873248053668606
1989-06-24,5.4350794520547945,12.883870041726212,-5.302949493781006
1989-06-25,5.434487671232876,11.686961506425893,-1.3424491776587697
1989-06-26,5.433684931506849,11.324662033296283,-0.8483469648031328
1989-06-27,5.432884931506849,10.540313807093263,-0.6861987386001118
1989-06-28,5.4317534246575345,10.035217214188451,-3.940970638845986
1989-06-29,5.430120547945205,9.93424004523868,-4.601360593183885
1989-06-30,5.4289643835616435,9.816529247908157,-2.260493631469801
1989-07-01,5.4276027397260265,12.900007398593086,-5.323610138319113
1989-07-02,5.426235616438356,10.913703699962952,-2.8779393164013065
1989-07-03,5.424632876712328,10.071884247908157,-4.2095171246204846
1989-07-04,5.423167123287671,10.157063220510896,-5.367230343798568
1989-07-05,5.421980821917808,12.014701165716376,-6.082681987634185
1989-07-06,5.420865753424657,10.63415383694925,-2.050019590373907
1989-07-07,5.420479452054794,10.006386097223224,3.9321344507219838
1989-07-08,5.420487671232877,10.888141782154731,3.317370546612393
1989-07-09,5.420175342465753,9.105684795853362,0.0001398616808838682
1989-07-10,5.4198438356164385,9.207311028730073,-0.1801548643465125
1989-07-11,5.419693150684931,7.952552655003343,-1.2402458056882741
1989-07-12,5.419819178082191,7.925656764592385,-1.8284759426745767
1989-07-13,5.420197260273973,7.327076926165971,-2.544274186439945
1989-07-14,5.420547945205479,6.9038262061097715,-2.384374151315251
1989-07-15,5.420750684931507,6.26082683835424,-2.7855775232857463
1989-07-16,5.420830136986301,5.884137410886731,-2.8379675478730313
1989-07-17,5.4207972602739725,6.320840747732532,-3.3816380080065054
1989-07-18,5.42116712328767,7.43471879479962,-5.12188591808729
1989-07-19,5.421430136986301,6.324650933893403,-3.9490810708797044
1989-07-20,5.421945205479452,4.968738534876895,-2.3656837403563467
1989-07-21,5.421758904109589,4.885113877342649,-1.9158727814522374
1989-07-22,5.421758904109589,5.722986163960141,-1.482745068069729
1989-07-23,5.422246575342465,5.177009908252378,0.13074351640515758
1989-07-24,5.422528767123287,4.636426206109771,0.10604502676694061
1989-07-25,5.4229013698630135,3.992448334666147,0.12365029547083939
1989-07-26,5.423210958904109,3.6898545868614403,0.45593445423445145
1989-07-27,5.423608219178082,3.6678314045642852,-0.8574396237423669
1989-07-28,5.423780821917807,3.6802502313995507,0.3069689466826415
1989-07-29,5.4239999999999995,4.13114640280805,-1.7311464028080499
1989-07-30,5.424465753424657,3.334073905442403,-0.8405396588670602
1989-07-31,5.424802739726028,2.991736286896565,-0.2605390266225922
1989-08-01,5.425232876712329,2.9441608039320406,-0.7713936806443695
1989-08-02,5.4257260273972605,2.334894699260457,-0.9026207266577178
1989-08-03,5.426189041095891,2.31483779725835,-1.5670268383542405
1989-08-04,5.42646301369863,3.7990474916735235,-3.490510505372153
1989-08-05,5.426649315068493,2.364048826411844,-1.5356981414803377
1989-08-06,5.42688493150685,2.5136675829977237,-1.0575525145045734
1989-08-07,5.426923287671233,2.921965159393931,-2.0248884470651642
1989-08-08,5.427057534246575,1.7372281730925607,0.8217142926608636
1989-08-09,5.427284931506849,1.9569758373004993,0.13473923119265208
1989-08-10,5.427717808219178,1.5063648783963894,-0.8490826866155676
1989-08-11,5.427939726027397,1.8695638949049949,-0.9245036209323914
1989-08-12,5.427961643835616,2.6149441548277204,-1.8809057986633362
1989-08-13,5.428049315068494,1.9049685313644256,-0.8000178464329188
1989-08-14,5.428101369863014,2.6122580290813207,-0.5183593989443342
1989-08-15,5.430008219178083,1.7342658267630913,0.7537259540588261
1989-08-16,5.450597260273973,0.9894446816981107,0.6769580580279161
1989-08-17,5.467745205479451,0.9020908355442644,1.969163958976285
1989-08-18,5.471838356164383,0.886244822196881,1.1819168216387357
1989-08-19,5.474684931506849,1.259361506425894,0.14695356206725685
1989-08-20,5.477068493150685,1.1944667400051003,0.36446476684421447
1989-08-21,5.478613698630137,0.6013667048804077,1.3140195964894554
1989-08-22,5.480117808219178,0.7922628060395225,1.0356193857412996
1989-08-23,5.481679452054794,2.2287738703177107,-0.3894533223725052
1989-08-24,5.483627397260274,3.354036954265726,-1.386664351526
1989-08-25,5.485578082191781,1.2482092057585252,0.4122127120496939
1989-08-26,5.48731506849315,0.9993504772723991,0.14833445423445024
1989-08-27,5.489613698630137,0.7687433820844819,0.9596429192853809
1989-08-28,5.492350684931507,0.259629297082726,1.2360200179857674
1989-08-29,5.49612602739726,0.1009574319615455,-0.0330834593588053
1989-08-30,5.499953424657535,0.6401830027378013,-1.4871364273953362
1989-08-31,5.5039780821917805,0.5913782257796,-1.910356307971381
1989-09-01,5.507197260273973,0.525896525744475,-1.640093786018448
1989-09-02,5.508824657534246,0.17609575300123667,-0.48492041053548285
1989-09-03,5.509865753424657,-0.153389038006842,-0.2594767154178149
1989-09-04,5.510917808219178,0.35586252504198124,-1.2807803332611587
1989-09-05,5.511536986301369,-0.03891422241147837,-1.1556227638898904
1989-09-06,5.511898630136986,-0.7042099020742814,-0.7026887280627039
1989-09-07,5.5122109589041095,-0.2398114475607586,-1.1233995113433508
1989-09-08,5.512528767123287,-0.8398243734476568,-0.6487043936756304
1989-09-09,5.513301369863013,-0.46818742227097965,-1.0831139475920335
1989-09-10,5.514895890410958,-0.9488720025309024,-0.37802388788005625
1989-09-11,5.516282191780821,-0.7858629403601964,-0.23441925142062403
1989-09-12,5.517156164383561,0.24485486785898164,-1.646011032242543
1989-09-13,5.518547945205479,-0.014948433862128177,-1.2255995113433513
1989-09-14,5.5210547945205475,0.8344826866155677,-2.2215374811361146
1989-09-15,5.523852054794521,0.8062904140479524,-2.2911424688424735
1989-09-16,5.526841095890411,-0.6135197018635332,0.21267860597312227
1989-09-17,5.530586301369862,-0.8763186481227537,0.30573234675289174
1989-09-18,5.534994520547945,-0.5380771307360307,-0.1849173898119144
1989-09-19,5.539290410958904,-0.5926495929769859,-0.10764081798191727
1989-09-20,5.545309589041095,-0.42636782269247625,-0.7549417663486184
1989-09-21,5.5541753424657525,0.8555477375463716,-2.526723080012124
1989-09-22,5.564542465753425,1.2257669858779492,-3.0013094516313736
1989-09-23,5.572827397260273,2.25379157316281,-4.251618970423083
1989-09-24,5.579509589041096,3.456872359955926,-5.574381948997022
1989-09-25,5.58211506849315,4.805581457251325,-7.2196965257444745
1989-09-26,5.581613698630137,1.7907576427097018,-4.160371341339839
1989-09-27,5.578567123287671,-0.21786813881470982,-2.5136989844729616
1989-09-28,5.574345205479451,-0.5600064598544008,-2.2523387456250505
1989-09-29,5.568652054794521,-0.13804741524604108,-2.98860463954848
1989-09-30,5.56413698630137,0.7205788580240677,-3.977715844325438
1989-10-01,5.560750684931507,-0.6241622729910359,-2.645588411940471
1989-10-02,5.5575890410958895,-0.1704941310872775,-3.190094910008612
1989-10-03,5.551967123287671,0.565321464276263,-3.9592885875639343
1989-10-04,5.545756164383562,-0.6838547914314995,-2.736901372952062
1989-10-05,5.53861095890411,-0.822216365017731,-2.582394593886379
1989-10-06,5.533879452054794,-1.115946537128725,-2.2549329149260693
1989-10-07,5.530630136986302,-0.8068088483335015,-2.1108212886528004
1989-10-08,5.527602739726028,-0.9873477313682752,-1.9822550083577528
1989-10-09,5.523895890410959,-0.5040292909046292,-2.5698665995063292
1989-10-10,5.518183561643836,0.06496818011749941,-3.0011517417613356
1989-10-11,5.508646575342466,-0.6844379315790233,-2.5222086437634426
1989-10-12,5.496956164383562,0.6683882714417001,-3.810344435825262
1989-10-13,5.487191780821918,0.5542709549682197,-3.477462735790138
1989-10-14,5.481046575342465,0.40454169609923435,-3.2475882714416997
1989-10-15,5.476487671232876,0.8116482644167619,-3.405135935649638
1989-10-16,5.47213698630137,0.7429811060043977,-3.456118092305768
1989-10-17,5.468394520547945,1.1747488615365362,-4.1321433820844815
1989-10-18,5.464961643835617,0.6746058337880295,-3.447567477623646
1989-10-19,5.461287671232877,-0.5330746720075444,-2.1632129992253324
1989-10-20,5.456846575342466,-1.0708397580630418,-1.721006817279424
1989-10-21,5.4521999999999995,-1.631827956166308,-1.1193720438336914
1989-10-22,5.4483863013698635,-1.5952414440482892,-0.8431448573215745
1989-10-23,5.445131506849315,-1.8444273941712255,-0.67570411267809
1989-10-24,5.441534246575342,-1.8281763931174846,-0.8063578534578577
1989-10-25,5.4390767123287675,-2.183875304252012,-0.47420140807675537
1989-10-26,5.436802739726028,-2.4297708434160445,-0.3680318963099838
1989-10-27,5.4358876712328765,-1.7278406010556653,-1.1270470701772113
1989-10-28,5.43952602739726,-0.927450365720225,-1.9030756616770352
1989-10-29,5.4468356164383565,-0.8294849986671863,-1.5713506177711705
1989-10-30,5.457671232876712,-1.6844847176696447,-0.7681865152070675
1989-10-31,5.473816438356165,-2.101494482334204,-0.1783219560219611
1989-11-01,5.497199999999999,-2.365311623184222,-0.19888837681577742
1989-11-02,5.523361643835617,-2.477579975836136,-0.23378166799948152
1989-11-03,5.5468164383561644,-2.345209550827355,4.15439311247119
1989-11-04,5.566597260273972,-0.7437475908695045,2.729150330595532
1989-11-05,5.572517808219178,-1.2823447106447066,0.32682690242552837
1989-11-06,5.5712602739726025,-1.3678422167915276,-0.003418057181074685
1989-11-07,5.574380821917808,-1.9435487148596695,0.2551678929418615
1989-11-08,5.576180821917808,-2.3033020692678186,0.39012124735000997
1989-11-09,5.577454794520547,-2.322721458098166,0.3322666635776197
1989-11-10,5.575153424657534,-1.7834255676872073,-0.37172785697032706
1989-11-11,5.56652602739726,-2.298801542397429,0.0462755150001688
1989-11-12,5.564731506849315,-2.338684085425177,0.05195257857586233
1989-11-13,5.5715068493150675,-2.533999505165254,0.18749265585018682
1989-11-14,5.5929534246575345,-2.2414702462962697,-0.19548317836126472
1989-11-15,5.616134246575342,-2.1839770253619526,-0.2921572212133894
1989-11-16,5.636347945205479,-2.7666846474202593,0.2143367022147804
1989-11-17,5.644660273972603,-2.588360516756403,-0.7202997572161998
1989-11-18,5.646928767123288,-1.9672856309116542,-1.7546431362116344
1989-11-19,5.647082191780822,-2.008954896805578,-1.6161272949752439
1989-11-20,5.644408219178082,-2.6619219498438635,-0.9914862693342186
1989-11-21,5.633186301369863,-2.898953562067257,-0.7732327393026055
1989-11-22,5.618701369863014,-3.1399230035846433,-0.4247783662783706
1989-11-23,5.605920547945205,-3.3360941310872776,-0.2408264168579275
1989-11-24,5.595087671232877,-3.516784612295567,-0.29830305893730946
1989-11-25,5.580202739726027,-3.5870806432052964,-0.22712209652073057
1989-11-26,5.566830136986301,-3.652757144785908,-0.25807299220039326
1989-11-27,5.552487671232877,-3.6451825048140076,-0.253305166418869
1989-11-28,5.534076712328767,-3.515585806535117,-0.4244909057936499
1989-11-29,5.512147945205479,-3.578732136004734,-0.3354158092007449
1989-11-30,5.492997260273972,-3.5522589361452335,-0.2977383241287388
1989-12-01,5.48357808219178,-3.5584796597139023,-0.13009842247787784
1989-12-02,5.480509589041096,-3.676716259643653,-0.14179332939744338
1989-12-03,5.480498630136987,-3.859165434213376,0.03266680407638889
1989-12-04,5.491087671232877,-3.980515135653488,0.0024274644206112583
1989-12-05,5.504191780821918,-3.959714152162093,0.003522371340175301
1989-12-06,5.533556164383562,-3.9901487851090556,0.04659262072549364
1989-12-07,5.546260273972603,-4.043876568740948,-0.08938370523165506
1989-12-08,5.564720547945205,-4.1491310120145695,-0.19758953593063566
1989-12-09,5.5702849315068494,-4.226475655498939,-0.0388092760079104
1989-12-10,5.566298630136987,-4.245750892590614,-0.16954773754637298
1989-12-11,5.553657534246575,-4.240996695189842,-0.19666083905673393
1989-12-12,5.5400465753424655,-4.271360938252715,-0.03568563708974981
1989-12-13,5.523838356164384,-4.170112114929919,0.1432737587655355
1989-12-14,5.501624657534247,-4.374036877838243,0.3504122203039959
1989-12-15,5.476690410958904,-4.4451302392713306,0.6744398283124267
1989-12-16,5.4606876712328765,-4.427773442643302,1.0970857714104252
1989-12-17,5.450953424657534,-3.6821667689516966,4.562213344294163
1989-12-18,5.440835616438356,-4.134770773166659,2.061935156728303
1989-12-19,5.426158904109589,-4.235678395224966,5.962519491115376
1989-12-20,5.414556164383562,-4.381357355534064,1.876801191150502
1989-12-21,5.4086191780821915,-4.330535297227073,1.412916119144882
1989-12-22,5.397139726027397,-3.66584277878661,0.7977030527592124
1989-12-23,5.391857534246575,-3.824306775976635,0.8114492417300601
1989-12-24,5.3872,-4.028131082263955,0.925931082263955
1989-12-25,5.3770931506849315,-4.030494131087277,0.7924009804023453
1989-12-26,5.372580821917809,-3.891943867652082,0.6273630457342736
1989-12-27,5.3662547945205485,-4.0024626593626556,0.6112078648421071
1989-12-28,5.370854794520548,-3.9912474152460407,0.47939262072549305
1989-12-29,5.3758547945205475,-4.187782364315237,0.7939275697946897
1989-12-30,5.375898630136986,-4.269164239973825,0.7872656098368385
1989-12-31,5.38653698630137,-4.3168335058677485,0.8052965195663786
1990-01-01,5.3780821917808215,-4.117749979348605,0.4906677875677832
1990-01-02,5.373386301369862,-4.2888382828259495,0.6604519814560872
1990-01-03,5.37001095890411,-4.674010745066906,1.0869997861627962
1990-01-04,5.361846575342466,-4.671347450370734,1.0245008750282683
1990-01-05,5.352747945205479,-4.653324549071121,1.3045766038656414
1990-01-06,5.320572602739726,-4.797623249457492,1.5570506467177658
1990-01-07,5.295657534246575,-4.843358128277302,1.5557005940307267
1990-01-08,5.2846602739726025,-4.928491883106948,1.5648316091343455
1990-01-09,5.275147945205479,-4.928287878891985,1.5851399336865062
1990-01-10,5.26451506849315,-4.850736491466624,1.5892214229734742
1990-01-11,5.254898630136986,-4.290862237866343,1.0229636077293573
1990-01-12,5.248654794520547,-4.428815100528795,1.2021603060082477
1990-01-13,5.244731506849315,-4.6178294314034,1.3320979245540845
1990-01-14,5.243690410958904,-4.770564942467678,1.4768745315087743
1990-01-15,5.241219178082192,-4.872420509731464,1.5422013316492724
1990-01-16,5.238767123287671,-4.709624092450116,1.5088569691624447
1990-01-17,5.2394986301369855,-4.695508672710039,1.4480100425730535
1990-01-18,5.237572602739725,-4.881104738744461,1.678532136004736
1990-01-19,5.232764383561643,-4.97155651254144,1.502792128979797
1990-01-20,5.227071232876712,-5.011596414192301,1.548525181315589
1990-01-21,5.218487671232877,-4.949678746471893,1.6541910752390159
1990-01-22,5.207602739726027,-5.0033148546559465,1.6107121149299197
1990-01-23,5.196084931506849,-4.691527640044074,1.3034427085372249
1990-01-24,5.186227397260274,-4.555471791782747,1.2202443945224726
1990-01-25,5.176024657534246,-4.608951595084467,1.3219269375502218
1990-01-26,5.169326027397259,-4.9558035796296025,1.6224775522323434
1990-01-27,5.163630136986301,-5.077918648122754,1.759288511136453
1990-01-28,5.160808219178081,-4.920008778084116,1.663200558906035
1990-01-29,5.157232876712328,-4.770048820233748,1.5388159435214197
1990-01-30,5.152657534246575,-4.9742438325273906,1.7955862982808162
1990-01-31,5.148810958904109,-5.0319649424676784,1.8911539835635693
1990-02-01,5.149194520547945,-5.040197397683695,1.90900287713575
1990-02-02,5.152084931506849,-5.053829852899712,1.8257449213928632
1990-02-03,5.159104109589041,-5.10705057646838,1.7769464668793384
1990-02-04,5.164827397260273,-5.113554194311725,1.817726797051451
1990-02-05,5.166556164383561,-5.094958549773614,1.7474023853900533
1990-02-06,5.1670191780821915,-5.136538739446954,1.773519561364763
1990-02-07,5.161843835616438,-5.106476217494022,1.7696323818775843
1990-02-08,5.1585178082191785,-5.109231538884959,1.871713730665781
1990-02-09,5.159583561643836,-5.143588546261145,1.847004984617309
1990-02-10,5.159142465753424,-5.078912325678075,1.7217698599246503
1990-02-11,5.159298630136986,-4.973080291958371,1.6287816618213848
1990-02-12,5.159301369863013,-4.87918517429065,1.4978838044276368
1990-02-13,5.156101369863014,-5.180480643205296,2.4153792733422828
1990-02-14,5.151490410958904,-4.978482118442388,9.105991707483483
1990-02-15,5.148676712328768,-4.998999083668942,7.864322371340174
1990-02-16,5.1425315068493145,-5.13942612968229,3.2948946228329756
1990-02-17,5.136761643835616,-5.207620017985767,2.6698583741501514
1990-02-18,5.133512328767123,-5.142672845523527,2.4931605167564035
1990-02-19,5.131457534246575,-5.178863783352821,2.3154062491062453
1990-02-20,5.127808219178082,-5.177917594381974,2.2651093752038918
1990-02-21,5.122465753424657,-5.063111763682993,2.2756460102583365
1990-02-22,5.117731506849315,-5.087591285987172,2.4268597791378568
1990-02-23,5.1133424657534245,-5.229912536426231,2.6125700706728066
1990-02-24,5.110221917808218,-5.2726325223763535,2.6284106045681357
1990-02-25,5.107767123287671,-5.268173372393916,2.7834062491062452
1990-02-26,5.102205479452055,-5.256746396629954,3.0315409171778995
1990-02-27,5.096660273972602,-5.118069052056719,3.1814087780841174
1990-02-28,5.0950054794520545,-5.222948504111514,3.4309430246594594
1990-03-01,5.0956602739726025,-5.2823230738340285,3.540662799861426
1990-03-02,5.101553424657534,-5.27592454907112,3.258371124413586
1990-03-03,5.104616438356164,-5.284829150405858,2.712212712049694
1990-03-04,5.102254794520547,-5.28737077316666,2.468115978646112
1990-03-05,5.098928767123287,-5.306462729612041,2.498533962488754
1990-03-06,5.097052054794521,-5.205065469338068,2.2650134145435477
1990-03-07,5.096153424657534,-5.193543375906385,2.223389951248851
1990-03-08,5.0956821917808215,-5.243241654796445,2.2545594630156236
1990-03-09,5.0943068493150685,-5.084042568038454,2.0467357187233852
1990-03-10,5.092386301369864,-5.229053807940105,2.305667506570242
1990-03-11,5.0900410958904105,-5.1583109909397535,2.521269895049343
1990-03-12,5.087317808219178,-5.19122507594151,2.611907267722332
1990-03-13,5.083517808219178,-5.205810534318749,2.7752927260995706
1990-03-14,5.08008493150685,-5.021683101933783,2.813598170426933
1990-03-15,5.076424657534247,-5.183144640395321,3.224719982861074
1990-03-16,5.073520547945206,-4.976675234002627,3.219154686057421
1990-03-17,5.07328493150685,-5.064484858168416,3.379199926661566
1990-03-18,5.069084931506849,-5.0856064598544,3.4865215283475517
1990-03-19,5.064791780821918,-5.098743375906385,3.5889515950844673
1990-03-20,5.06178904109589,-5.035867225572701,3.4820781844768103
1990-03-21,5.057545205479452,-4.912216786514042,4.03667158103459
1990-03-22,5.05454794520548,-4.818694131087277,4.9191461858817975
1990-03-23,5.052265753424658,-4.665782715562163,5.371516962137505
1990-03-24,5.050616438356165,-4.699931012014569,4.551314573658404
1990-03-25,5.056416438356164,-4.6509270780489915,3.973510639692827
1990-03-26,5.058271232876713,-4.63719191823164,2.9069206853549265
1990-03-27,5.057572602739726,-4.551629150405859,2.4370565476661326
1990-03-28,5.056317808219179,-4.468462799861426,2.111144991642247
1990-03-29,5.056183561643836,-4.547610042573052,2.061426480929216
1990-03-30,5.055868493150685,-4.395444043275546,2.062575550124861
1990-03-31,5.05654794520548,-4.372053175695637,2.584505230490157
1990-04-01,5.057912328767124,-4.333039406816114,3.2931270780489905
1990-04-02,5.060271232876713,-4.334229220655244,3.3549579877785316
1990-04-03,5.0634438356164395,-4.34338201306831,2.6409381774518708
1990-04-04,5.065076712328768,-4.30185043596961,2.005773723640842
1990-04-05,5.071868493150685,-4.169860551881096,1.6829920587304112
1990-04-06,5.075720547945206,-3.9009337517405975,1.2202132037953914
1990-04-07,5.077172602739727,-3.61181636501773,1.0766437622780032
1990-04-08,5.0768438356164385,-3.636727499545303,1.0408836639288643
1990-04-09,5.076315068493151,-3.6336877383932134,0.9723726699000625
1990-04-10,5.075794520547945,-3.751478043978039,1.0186835234300937
1990-04-11,5.0751260273972605,-3.692365785460302,0.8722397580630412
1990-04-12,5.075375342465755,-3.5797138009151666,0.6663384584494119
1990-04-13,5.083739726027398,-3.537783347806631,0.5820436217792335
1990-04-14,5.109216438356165,-3.6093682441887878,0.7151518058326229
1990-04-15,5.113309589041096,-3.589510428944671,0.6192008399035749
1990-04-16,5.115416438356164,-3.46416206224288,0.42274562388671555
1990-04-17,5.126660273972603,-3.311106284230938,0.329446010258335
1990-04-18,5.155441095890411,-3.244348433862128,0.2779073379717172
1990-04-19,5.176967123287671,-2.975595852197218,-0.08337127109045328
1990-04-20,5.185980821917809,-2.6407631159836598,-0.43621770593414944
1990-04-21,5.193679452054795,-2.581964380472596,-0.418715071582199
1990-04-22,5.198989041095891,-2.3740142575361713,-0.51697478355972
1990-04-23,5.202323287671233,-1.708426972674914,-1.1858963149963195
1990-04-24,5.204561643835617,-1.4544225469636387,-1.4341390968719783
1990-04-25,5.206361643835617,-1.4598808539534525,-0.9834807898821647
1990-04-26,5.207800000000001,-1.2709152761522584,-0.8818847238477421
1990-04-27,5.2093780821917814,-0.9407757608730171,-0.8516023213187646
1990-04-28,5.211172602739726,-0.6231576365316049,0.11498503379187919
1990-04-29,5.212298630136987,0.02735209300826165,0.5293492768547517
1990-04-30,5.213254794520548,0.18785557035283496,1.4298896351266173
1990-05-01,5.215575342465754,0.6329583452035549,2.938466312330692
1990-05-02,5.2166356164383565,1.3081709198435265,5.088193463718117
1990-05-03,5.218191780821918,2.3344008460816723,5.678407373096409
1990-05-04,5.219293150684932,2.1017542707392063,6.322952578575862
1990-05-05,5.207161643835617,3.1048546571108258,6.237983699053558
1990-05-06,5.1941424657534245,4.309413561220415,3.4114439730261594
1990-05-07,5.189082191780822,4.10853291492607,2.2593848932931078
1990-05-08,5.184769863013699,3.0496698309780546,3.1505603060082463
1990-05-09,5.181695890410959,2.6788828973637235,4.241421212225318
1990-05-10,5.179156164383563,2.8937458408129677,4.941097994803469
1990-05-11,5.176216438356165,3.498809065259754,4.749974496384082
1990-05-12,5.1735205479452055,4.160799862590277,2.8286795894645174
1990-05-13,5.171616438356165,4.789499265470503,1.837884296173332
1990-05-14,5.169652054794521,5.381327013977703,2.4690209312277753
1990-05-15,5.16734794520548,5.204383845730425,5.778268209064094
1990-05-16,5.165460273972603,5.530811032242544,6.698728693784854
1990-05-17,5.163619178082192,5.560187779696003,7.549193042221804
1990-05-18,5.161575342465754,6.052165299892701,5.828259357641548
1990-05-19,5.161846575342466,6.63473979936583,3.296413625291704
1990-05-20,5.163706849315069,6.534478120405521,4.59281503027941
1990-05-21,5.165019178082193,6.515019110921855,3.476961710995951
1990-05-22,5.166304109589042,5.188028664838258,3.380667225572699
1990-05-23,5.16803287671233,4.778967196626105,4.079999926661564
1990-05-24,5.169936986301369,4.64032076178241,4.504742251916221
1990-05-25,5.172208219178083,5.6091405018596845,3.113651278962232
1990-05-26,5.175350684931507,6.616472921951009,-0.9408236068825149
1990-05-27,5.178715068493151,6.825103901929934,-1.4148189704230845
1990-05-28,5.182520547945206,6.7739253279924565,-1.7884458759376631
1990-05-29,5.186076712328767,7.400311348364778,-3.542388060693545
1990-05-30,5.1885890410958915,7.336999722091508,-4.065588763187399
1990-05-31,5.190873972602741,8.26541018924992,-4.610284161852661
1990-06-01,5.1930876712328775,8.43693396866685,-3.294021639899727
1990-06-02,5.194920547945206,9.658998808849498,-3.4529193567947045
1990-06-03,5.19713698630137,11.973274748435026,-6.441411734736397
1990-06-04,5.19934794520548,10.39584756192291,-3.62319550712839
1990-06-05,5.201920547945207,9.516288587563933,-2.2812091355091404
1990-06-06,5.204372602739727,8.904502356443455,4.0031250408168155
1990-06-07,5.2066849315068495,8.934643627957332,-2.587328559464181
1990-06-08,5.209457534246576,10.530866178010019,-2.399323712256596
1990-06-09,5.212739726027397,10.956606185034957,-6.2363459110623545
1990-06-10,5.2157698630136995,10.505431826060596,-7.2962016890742944
1990-06-11,5.219265753424659,10.47053172068652,-7.423797474111178
1990-06-12,5.222901369863015,10.192893364522135,-6.6457947343851504
1990-06-13,5.22623287671233,10.779224239126984,-7.9614571158393135
1990-06-14,5.2288575342465755,12.416004850296636,-9.333862384543211
1990-06-15,5.231468493150685,10.470772114083077,-8.466240607233763
1990-06-16,5.232419178082192,11.096265826763092,-7.961685004845283
1990-06-17,5.231610958904111,11.505619813415707,-7.052230772319818
1990-06-18,5.219043835616439,11.663248264416762,-6.122292100033201
1990-06-19,5.2149260273972615,12.145723642007207,-6.832649669404468
1990-06-20,5.200690410958904,11.588645384191963,-4.285335795150868
1990-06-21,5.198106849315069,11.291264140777843,-2.4783709900929125
1990-06-22,5.196832876712329,12.035223606882514,-4.746056483594843
1990-06-23,5.195378082191781,13.100672711202852,-6.561050793394634
1990-06-24,5.194232876712329,12.883870041726212,-6.76210291843854
1990-06-25,5.193375342465753,11.686961506425893,-4.790336848891647
1990-06-26,5.19273698630137,11.324662033296283,-2.2543990195976544
1990-06-27,5.1921041095890414,10.540313807093263,-2.7544179166823044
1990-06-28,5.191904109589042,10.035217214188451,-2.022121323777492
1990-06-29,5.192082191780822,9.93424004523868,-2.5383222370195027
1990-06-30,5.191693150684932,9.816529247908157,-2.0072223985930897
1990-07-01,5.19162191780822,12.900007398593086,-1.2046293164013058
1990-07-02,5.1915369863013705,10.913703699962952,-5.729240686264323
1990-07-03,5.1917917808219185,10.071884247908157,-5.690676028730075
1990-07-04,5.191978082191782,10.157063220510896,-6.368041302702678
1990-07-05,5.192512328767124,12.014701165716376,-8.8332134944835
1990-07-06,5.193117808219179,10.63415383694925,-5.14327164516843
1990-07-07,5.1927232876712335,10.006386097223224,-7.584109384894457
1990-07-08,5.191934246575343,10.888141782154731,-5.548076028730074
1990-07-09,5.1911698630137,9.105684795853362,-3.7848546588670615
1990-07-10,5.1904739726027405,9.207311028730073,-3.422785001332814
1990-07-11,5.18975890410959,7.952552655003343,-4.891311559112934
1990-07-12,5.188720547945206,7.925656764592385,-5.107377312537591
1990-07-13,5.1881589041095895,7.327076926165971,-4.5912358302755605
1990-07-14,5.187756164383562,6.9038262061097715,-3.5835823704933345
1990-07-15,5.187682191780823,6.26082683835424,-2.932509030135063
1990-07-16,5.187131506849315,5.884137410886731,-3.5062689177360458
1990-07-17,5.186567123287672,6.320840747732532,-4.042407871020204
1990-07-18,5.185602739726027,7.43471879479962,-4.619321534525648
1990-07-19,5.18501095890411,6.324650933893403,-4.415661892797512
1990-07-20,5.1842794520547955,4.968738534876895,-3.8830179869316908
1990-07-21,5.184268493150686,4.885113877342649,-3.756382370493335
1990-07-22,5.184200000000001,5.722986163960141,-4.378186163960142
1990-07-23,5.183726027397261,5.177009908252378,-3.60373593564964
1990-07-24,5.183487671232877,4.636426206109771,-3.8589138773426477
1990-07-25,5.182950684931507,3.992448334666147,-3.234399019597654
1990-07-26,5.182246575342466,3.6898545868614403,-3.027101162203907
1990-07-27,5.181624657534247,3.6678314045642852,-3.0604560620985324
1990-07-28,5.181106849315069,3.6802502313995507,-1.5293570807146195
1990-07-29,5.180627397260274,4.13114640280805,-2.5177738000683245
1990-07-30,5.179912328767124,3.334073905442403,-1.900986234209526
1990-07-31,5.178906849315069,2.991736286896565,-1.6846431362116348
1990-08-01,5.177723287671233,2.9441608039320406,-1.9278840916032736
1990-08-02,5.176463013698631,2.334894699260457,-0.5133577129590874
1990-08-03,5.175158904109589,2.31483779725835,-0.2609967013679384
1990-08-04,5.174150684931508,3.7990474916735235,-0.6761981766050309
1990-08-05,5.173342465753425,2.364048826411844,0.8066087078347302
1990-08-06,5.172432876712329,2.5136675829977237,-0.1721004597100526
1990-08-07,5.171890410958905,2.921965159393931,-1.6008555703528353
1990-08-08,5.171471232876714,1.7372281730925607,-0.8116994059692741
1990-08-09,5.17052602739726,1.9569758373004993,-0.8225018646977598
1990-08-10,5.1698958904109595,1.5063648783963894,-0.20226076880734878
1990-08-11,5.169282191780823,1.8695638949049949,-0.8268460866858183
1990-08-12,5.168717808219179,2.6149441548277204,-1.5646619630468988
1990-08-13,5.168049315068494,1.9049685313644256,-0.5390178464329196
1990-08-14,5.167150684931507,2.6122580290813207,-1.425408714012828
1990-08-15,5.164939726027398,1.7342658267630913,-0.6642055527904887
1990-08-16,5.143561643835617,0.9894446816981107,-0.04300632553372774
1990-08-17,5.12603287671233,0.9020908355442644,0.06787628774340593
1990-08-18,5.121580821917809,0.886244822196881,-0.5738256441146901
1990-08-19,5.118764383561644,1.259361506425894,-0.6831258899875381
1990-08-20,5.116093150684932,1.1944667400051003,-0.02455989069003306
1990-08-21,5.113849315068494,0.6013667048804077,0.34678398005109856
1990-08-22,5.111728767123289,0.7922628060395225,-0.5459915731628115
1990-08-23,5.109216438356166,2.2287738703177107,-1.7449903086738763
1990-08-24,5.106389041095891,3.354036954265726,-2.611425995361617
1990-08-25,5.103400000000001,1.2482092057585252,-0.34460920575852616
1990-08-26,5.100706849315069,0.9993504772723991,-0.3610573265874679
1990-08-27,5.097717808219179,0.7687433820844819,-0.6784611903036611
1990-08-28,5.094150684931508,0.259629297082726,-0.3897799820142335
1990-08-29,5.089909589041096,0.1009574319615455,-0.2308670210026419
1990-08-30,5.085328767123288,0.6401830027378013,-0.833511769861089
1990-08-31,5.080783561643837,0.5913782257796,0.6638382125765637
1990-09-01,5.076783561643836,0.525896525744475,-0.09168008738831102
1990-09-02,5.074200000000001,0.17609575300123667,-0.9122957530012378
1990-09-03,5.072273972602741,-0.153389038006842,-1.0358849345958987
1990-09-04,5.070438356164384,0.35586252504198124,-1.5253008812063658
1990-09-05,5.069591780821918,-0.03891422241147837,-1.0416775584104399
1990-09-06,5.0695287671232885,-0.7042099020742814,-0.4323188650490073
1990-09-07,5.074665753424657,-0.2398114475607586,-1.1878543058638988
1990-09-08,5.097610958904109,-0.8398243734476568,-0.9347865854564527
1990-09-09,5.106367123287671,-0.46818742227097965,-1.5321797010166918
1990-09-10,5.110375342465754,-0.9488720025309024,-0.9675033399348515
1990-09-11,5.11288493150685,-0.7858629403601964,-1.2180219911466532
1990-09-12,5.1143835616438365,0.24485486785898164,-2.496238429502818
1990-09-13,5.115065753424659,-0.014948433862128177,-2.158117319562531
1990-09-14,5.1151561643835635,0.8344826866155677,-2.875638850999131
1990-09-15,5.114797260273973,0.8062904140479524,-1.968087674321926
1990-09-16,5.11414794520548,-0.6135197018635332,-0.9076282433419469
1990-09-17,5.112709589041097,-0.8763186481227537,-0.8433909409183439
1990-09-18,5.110887671232877,-0.5380771307360307,-0.8568105404968464
1990-09-19,5.111550684931508,-0.5926495929769859,-1.2289010919545222
1990-09-20,5.111197260273974,-0.42636782269247625,-1.4148294375814974
1990-09-21,5.109663013698631,0.8555477375463716,-2.9152107512450027
1990-09-22,5.104013698630138,1.2257669858779492,-3.1427806845080872
1990-09-23,5.104115068493151,2.25379157316281,-1.665906641655961
1990-09-24,5.105994520547945,3.456872359955926,-4.423866880503871
1990-09-25,5.1107726027397264,4.805581457251325,-7.003354059991052
1990-09-26,5.1155260273972605,1.7907576427097018,-4.1522836701069625
1990-09-27,5.119394520547946,-0.21786813881470982,-2.103526381733236
1990-09-28,5.1218164383561655,-0.5600064598544008,-1.914809978501765
1990-09-29,5.123010958904111,-0.13804741524604108,-2.2949635436580698
1990-09-30,5.123257534246576,0.7205788580240677,-3.0388363922706434
1990-10-01,5.1212,-0.6241622729910359,-1.345037727008964
1990-10-02,5.119791780821918,-0.1704941310872775,-1.5942976497346408
1990-10-03,5.121353424657535,0.565321464276263,-2.932674888933798
1990-10-04,5.125293150684933,-0.6838547914314995,0.16256164074656654
1990-10-05,5.1296493150684945,-0.822216365017731,-0.7674329500507635
1990-10-06,5.1332520547945215,-1.115946537128725,-1.3243055176657965
1990-10-07,5.136063013698631,-0.8068088483335015,-1.8362541653651294
1990-10-08,5.139378082191781,-0.9873477313682752,-1.7870303508235057
1990-10-09,5.143471232876713,-0.5040292909046292,-2.3794419419720843
1990-10-10,5.148739726027398,0.06496818011749941,-2.8757079061448976
1990-10-11,5.155353424657535,-0.6844379315790233,-2.0779154930785118
1990-10-12,5.163778082191781,0.6683882714417001,-0.4241663536334809
1990-10-13,5.173019178082193,0.5542709549682197,6.135709866949587
1990-10-14,5.181728767123288,0.40454169609923435,-1.4542704632225227
1990-10-15,5.19074794520548,0.8116482644167619,-2.3503962096222417
1990-10-16,5.200953424657534,0.7429811060043977,0.9190654693380685
1990-10-17,5.211410958904111,1.1747488615365362,6.629840179559353
1990-10-18,5.218378082191782,0.6746058337880295,4.656016084020188
1990-10-19,5.223715068493151,-0.5330746720075444,1.364359603514393
1990-10-20,5.2280794520547955,-1.0708397580630418,1.317760306008246
1990-10-21,5.231290410958905,-1.631827956166308,1.0395375452074036
1990-10-22,5.233613698630138,-1.5952414440482892,0.5886277454181517
1990-10-23,5.235578082191782,-1.8444273941712255,0.3508493119794438
1990-10-24,5.236772602739727,-1.8281763931174846,0.05540379037775778
1990-10-25,5.236600000000001,-2.183875304252012,0.25327530425201106
1990-10-26,5.235953424657534,-2.4297708434160445,0.4088174187585101
1990-10-27,5.2354821917808225,-1.7278406010556653,-0.27164159072515703
1990-10-28,5.230761643835617,-0.927450365720225,-1.283311278115392
1990-10-29,5.223649315068494,-0.8294849986671863,-0.9991643164013077
1990-10-30,5.213424657534246,-1.6844847176696447,0.3230600601353981
1990-10-31,5.198115068493151,-2.101494482334204,0.48437941384105265
1990-11-01,5.174709589041097,-2.365311623184222,0.6916020341431253
1990-11-02,5.147241095890411,-2.477579975836136,0.5443388799457245
1990-11-03,5.117802739726027,-2.345209550827355,0.1554068111013276
1990-11-04,5.085342465753426,-0.7437475908695045,-1.5415948748839217
1990-11-05,5.05713698630137,-1.2823447106447066,-1.0047922756566636
1990-11-06,5.032317808219179,-1.3678422167915276,-1.0384755914276511
1990-11-07,5.008164383561644,-1.9435487148596695,-0.3006156687019743
1990-11-08,4.982649315068494,-2.3033020692678186,0.05665275419932447
1990-11-09,4.955041095890412,-2.322721458098166,-0.11831963779224575
1990-11-10,4.927561643835617,-1.7834255676872073,-0.7081360761484095
1990-11-11,4.903282191780822,-2.298801542397429,0.014519350616606808
1990-11-12,4.879580821917808,-2.338684085425177,0.020103263507368574
1990-11-13,4.8541698630136985,-2.533999505165254,0.06382964215155562
1990-11-14,4.822093150684932,-2.2414702462962697,-0.11362290438866207
1990-11-15,4.7851041095890405,-2.1839770253619526,-0.13312708422708797
1990-11-16,4.744449315068493,-2.7666846474202593,0.36023533235176597
1990-11-17,4.706498630136986,-2.588360516756403,0.3168618866194173
1990-11-18,4.673427397260274,-1.9672856309116542,-0.10214176634861949
1990-11-19,4.637241095890411,-2.008954896805578,-0.12728619908483285
1990-11-20,4.6066301369863005,-2.6619219498438635,0.515291812857563
1990-11-21,4.5881917808219175,-2.898953562067257,0.9027617812453395
1990-11-22,4.579328767123287,-3.1399230035846433,1.3095942364613564
1990-11-23,4.56507397260274,-3.3360941310872776,1.629020158484538
1990-11-24,4.547421917808219,-3.516784612295567,1.8963626944873484
1990-11-25,4.536095890410959,-3.5870806432052964,2.044984752794338
1990-11-26,4.526424657534246,-3.652757144785908,2.1713324872516617
1990-11-27,4.523539726027398,-3.6451825048140076,2.07364277878661
1990-11-28,4.527728767123287,-3.515585806535117,1.49885703941183
1990-11-29,4.5350246575342466,-3.578732136004734,1.4757074784704876
1990-11-30,4.543654794520547,-3.5522589361452335,1.4596041416246863
1990-12-01,4.552284931506849,-3.5584796597139023,1.4701947282070535
1990-12-02,4.560928767123287,-3.676716259643653,1.586787492520366
1990-12-03,4.572649315068492,-3.859165434213376,1.7475161191448834
1990-12-04,4.569887671232877,-3.980515135653488,1.8626274644206111
1990-12-05,4.56433698630137,-3.959714152162093,1.8383771658607229
1990-12-06,4.544282191780821,-3.9901487851090556,1.8798665933282344
1990-12-07,4.53667397260274,-4.043876568740948,1.9322025961382074
1990-12-08,4.524824657534246,-4.1491310120145695,2.040306354480323
1990-12-09,4.524405479452056,-4.226475655498939,2.1130701760468837
1990-12-10,4.541693150684932,-4.245750892590614,2.1310577419056824
1990-12-11,4.561246575342466,-4.240996695189842,2.122750119847376
1990-12-12,4.58361095890411,-4.271360938252715,2.136749979348605
1990-12-13,4.621761643835617,-4.170112114929919,2.0033504710943024
1990-12-14,4.6618301369863016,-4.374036877838243,2.1432067408519417
1990-12-15,4.712057534246576,-4.4451302392713306,1.786072705024755
1990-12-16,4.867594520547946,-4.427773442643302,1.395178922095356
1990-12-17,4.950879452054794,-3.6821667689516966,0.4752873168969023
1990-12-18,4.973838356164383,-4.134770773166659,1.0259324170022763
1990-12-19,4.987180821917809,-4.235678395224966,1.2054975733071567
1990-12-20,4.990164383561645,-4.381357355534064,1.3581929719724193
1990-12-21,4.988104109589041,-4.330535297227073,1.3684311876380324
1990-12-22,4.999939726027397,-3.66584277878661,0.6639030527592134
1990-12-23,5.029219178082191,-3.824306775976635,0.7560875978944441
1990-12-24,5.06586301369863,-4.028131082263955,0.9342680685653248
1990-12-25,5.106786301369864,-4.030494131087277,0.829707829717413
1990-12-26,5.153191780821917,-3.891943867652082,0.6157520868301649
1990-12-27,5.186553424657534,-4.0024626593626556,0.7179092347051217
1990-12-28,5.200854794520548,-3.9912474152460407,0.7143926207254929
1990-12-29,5.203265753424658,-4.187782364315237,0.824516610890579
1990-12-30,5.19830410958904,-4.269164239973825,0.9388601303847848
1990-12-31,5.184394520547945,-4.3168335058677485,0.9764389853198034
1991-01-01,5.199679452054794,-4.117749979348605,0.7620705272938109
1991-01-02,5.232956164383562,-4.2888382828259495,0.8688821184423876
1991-01-03,5.272767123287672,-4.674010745066906,1.379243621779234
1991-01-04,5.316093150684932,-4.671347450370734,1.2912542996858027
1991-01-05,5.354073972602739,-4.653324549071121,1.1592505764683816
1991-01-06,5.40641095890411,-4.797623249457492,1.1832122905533815
1991-01-07,5.4440630136986305,-4.843358128277302,1.1282951145786715
1991-01-08,5.471213698630137,-4.928491883106948,1.1242781844768102
1991-01-09,5.494742465753426,-4.928287878891985,1.1045454131385597
1991-01-10,5.522901369863014,-4.850736491466624,0.9518351216036103
1991-01-11,5.558986301369863,-4.290862237866343,0.51387593649648
1991-01-12,5.597027397260273,-4.428815100528795,0.7067877032685219
1991-01-13,5.6368328767123295,-4.6178294314034,0.9129965546910701
1991-01-14,5.664528767123288,-4.770564942467678,0.8550361753443902
1991-01-15,5.686276712328767,-4.872420509731464,0.8911437974026972
1991-01-16,5.707583561643836,-4.709624092450116,0.6880405308062798
1991-01-17,5.723452054794521,-4.695508672710039,0.7480566179155179
1991-01-18,5.745180821917808,-4.881104738744461,0.9039239168266526
1991-01-19,5.768,-4.97155651254144,0.96355651254144
1991-01-20,5.787041095890411,-5.011596414192301,0.9635553183018901
1991-01-21,5.8019123287671235,-4.949678746471893,0.8977664177047693
1991-01-22,5.818438356164384,-5.0033148546559465,0.9128764984915625
1991-01-23,5.8400986301369855,-4.691527640044074,0.463429009907089
1991-01-24,5.855093150684931,-4.555471791782747,0.29437864109781575
1991-01-25,5.866172602739725,-4.608951595084467,0.4047789923447418
1991-01-26,5.873646575342465,-4.9558035796296025,0.7291570042871376
1991-01-27,5.8743917808219175,-5.077918648122754,0.8735268673008365
1991-01-28,5.876616438356164,-4.920008778084116,0.6863923397279521
1991-01-29,5.879958904109589,-4.770048820233748,0.4490899161241586
1991-01-30,5.904205479452054,-4.9742438325273906,0.6120383530753362
1991-01-31,5.916350684931507,-5.0319649424676784,0.6636142575361719
1991-02-01,5.919569863013699,-5.040197397683695,0.6626275346699959
1991-02-02,5.922147945205479,-5.053829852899712,0.6876819076942331
1991-02-03,5.921230136986301,-5.10705057646838,0.7198204394820786
1991-02-04,5.920049315068493,-5.113554194311725,0.7305048792432318
1991-02-05,5.921276712328767,-5.094958549773614,0.7946818374448474
1991-02-06,5.925934246575342,-5.136538739446954,0.8616044928716118
1991-02-07,5.938739726027397,-5.106476217494022,0.6477364914666239
1991-02-08,5.947495890410959,-5.109231538884959,0.8527356484739999
1991-02-09,5.95227397260274,-5.143588546261145,0.8303145736584057
1991-02-10,5.958684931506849,-5.078912325678075,0.7162273941712254
1991-02-11,5.969564383561643,-4.973080291958371,0.5745159083967275
1991-02-12,5.974939726027397,-4.87918517429065,0.3542454482632529
1991-02-13,5.976282191780822,-5.180480643205296,0.7881984514244742
1991-02-14,5.976553424657534,-4.978482118442388,0.4779286937848539
1991-02-15,5.97578904109589,-4.998999083668942,0.639210042573052
1991-02-16,5.978432876712329,-5.13942612968229,0.833993252969961
1991-02-17,5.982443835616438,-5.207620017985767,0.7961761823693285
1991-02-18,5.984309589041096,-5.142672845523527,0.6673632564824308
1991-02-19,5.983621917808219,-5.178863783352821,0.6442418655446014
1991-02-20,5.9838438356164385,-5.177917594381974,0.6350737587655351
1991-02-21,5.9882767123287675,-5.063111763682993,0.4928350513542261
1991-02-22,5.994652054794521,-5.087591285987172,0.517939231192651
1991-02-23,5.997501369863014,-5.229912536426231,0.6374111665632176
1991-02-24,5.998520547945205,-5.2726325223763535,0.7571119744311492
1991-02-25,6.001912328767123,-5.268173372393916,0.798261043626793
1991-02-26,6.008147945205479,-5.256746396629954,0.8235984514244752
1991-02-27,6.012657534246575,-5.118069052056719,0.7174115178101443
1991-02-28,6.015328767123288,-5.222948504111514,0.8386197369882264
1991-03-01,6.016098630136986,-5.2823230738340285,0.9612244436970432
1991-03-02,6.013298630136987,-5.27592454907112,0.8866259189341337
1991-03-03,6.013197260273973,-5.284829150405858,0.8606318901318852
1991-03-04,6.015531506849316,-5.28737077316666,0.8518392663173442
1991-03-05,6.018049315068493,-5.306462729612041,0.9094134145435477
1991-03-06,6.019484931506849,-5.205065469338068,1.0335805378312193
1991-03-07,6.020980821917808,-5.193543375906385,1.275562553988577
1991-03-08,6.023134246575342,-5.243241654796445,3.202107408221103
1991-03-09,6.025898630136986,-5.084042568038454,9.490143937901468
1991-03-10,6.028780821917808,-5.229053807940105,4.565272986022298
1991-03-11,6.031539726027397,-5.1583109909397535,3.0427712649123566
1991-03-12,6.0341068493150685,-5.19122507594151,2.5811182266264416
1991-03-13,6.037095890410958,-5.205810534318749,2.368714643907791
1991-03-14,6.0422,-5.021683101933783,2.1004831019337824
1991-03-15,6.045432876712328,-5.183144640395321,2.2887117636829926
1991-03-16,6.047802739726027,-4.976675234002627,2.1138724942766003
1991-03-17,6.047213698630137,-5.064484858168416,2.1682711595382784
1991-03-18,6.047238356164383,-5.0856064598544,1.9833681036900166
1991-03-19,6.048934246575342,-5.098743375906385,1.9398091293310427
1991-03-20,6.0497424657534244,-5.035867225572701,2.736124759819276
1991-03-21,6.051605479452054,-4.912216786514042,2.913611307061988
1991-03-22,6.0525534246575345,-4.818694131087277,3.361140706429742
1991-03-23,6.053550684931507,-4.665782715562163,2.308232030630657
1991-03-24,6.054586301369863,-4.699931012014569,3.5843447106447064
1991-03-25,6.050961643835616,-4.6509270780489915,3.664965434213376
1991-03-26,6.049106849315068,-4.63719191823164,3.6600850689165716
1991-03-27,6.050202739726027,-4.551629150405859,3.179426410679832
1991-03-28,6.094739726027397,-4.468462799861426,2.4847230738340285
1991-03-29,6.1141424657534245,-4.547610042573052,1.887467576819628
1991-03-30,6.120654794520548,-4.395444043275546,1.433789248754998
1991-03-31,6.198482191780823,-4.372053175695637,1.5325709839148143
1991-04-01,6.366934246575342,-4.333039406816114,1.2331051602407723
1991-04-02,6.3970383561643835,-4.334229220655244,1.5041908644908606
1991-04-03,6.412871232876713,-4.34338201306831,1.8615107801915975
1991-04-04,6.4255589041095895,-4.30185043596961,2.08329153186002
1991-04-05,6.4323863013698634,-4.169860551881096,1.9124742505112327
1991-04-06,6.440249315068493,-3.9009337517405975,1.1706844366721048
1991-04-07,6.453320547945205,-3.61181636501773,0.7264958170725246
1991-04-08,6.47278904109589,-3.636727499545303,0.8549384584494129
1991-04-09,6.4864931506849315,-3.6336877383932134,1.0561945877082817
1991-04-10,6.498364383561643,-3.751478043978039,1.5191136604163957
1991-04-11,6.508005479452054,-3.692365785460302,1.8533603060082475
1991-04-12,6.518342465753424,-3.5797138009151666,2.2983713351617427
1991-04-13,6.567243835616438,-3.537783347806631,2.4715395121901937
1991-04-14,6.591109589041096,-3.6093682441887878,2.4122586551476917
1991-04-15,6.611186301369862,-3.589510428944671,2.4133241275748083
1991-04-16,6.626742465753424,-3.46416206224288,2.636419596489456
1991-04-17,6.6289561643835615,-3.311106284230938,2.6441501198473762
1991-04-18,6.61307397260274,-3.244348433862128,1.3632744612593886
1991-04-19,6.604342465753424,-2.975595852197218,0.4372533864437935
1991-04-20,6.604857534246575,-2.6407631159836598,-0.26209441826291524
1991-04-21,6.605238356164383,-2.581964380472596,-0.6582739756917872
1991-04-22,6.607347945205479,-2.3740142575361713,-1.0773336876693076
1991-04-23,6.609676712328767,-1.708426972674914,-1.876249739653853
1991-04-24,6.61293698630137,-1.4544225469636387,-2.406514439337731
1991-04-25,6.616868493150685,-1.4598808539534525,-2.4569876391972323
1991-04-26,6.620605479452054,-1.2709152761522584,-2.530690203299796
1991-04-27,6.623849315068493,-0.9407757608730171,-2.438073554195476
1991-04-28,6.626739726027397,-0.6231576365316049,-3.0235820894957923
1991-04-29,6.629180821917807,0.02735209300826165,-3.483532914926069
1991-04-30,6.629857534246575,0.18785557035283496,-3.71871310459941
1991-05-01,6.629602739726027,0.6329583452035549,-4.0635610849295825
1991-05-02,6.63018904109589,1.3081709198435265,-4.868359960939417
1991-05-03,6.6312712328767125,2.3344008460816723,-5.760672078958384
1991-05-04,6.632742465753424,2.1017542707392063,-5.83549673649263
1991-05-05,6.634895890410959,3.1048546571108258,-7.037750547521785
1991-05-06,6.637323287671233,4.309413561220415,-8.326736848891649
1991-05-07,6.639224657534246,4.10853291492607,-8.249757572460316
1991-05-08,6.641019178082192,3.0496698309780546,-7.121689009060246
1991-05-09,6.642213698630137,2.6788828973637235,-6.53209659599386
1991-05-10,6.643824657534246,2.8937458408129677,-6.6005704983472135
1991-05-11,6.645956164383561,3.498809065259754,-6.749765229643315
1991-05-12,6.647772602739726,4.160799862590277,-7.5075724653300036
1991-05-13,6.6491123287671225,4.789499265470503,-8.290611594237625
1991-05-14,6.6505616438356165,5.381327013977703,-8.28688865781332
1991-05-15,6.652375342465753,5.204383845730425,-7.414759188196178
1991-05-16,6.6540767123287665,5.530811032242544,-8.290887744571311
1991-05-17,6.655465753424657,5.560187779696003,-8.78165353312066
1991-05-18,6.656890410958905,6.052165299892701,-9.519055710851607
1991-05-19,6.657975342465754,6.63473979936583,-10.270715141831584
1991-05-20,6.658435616438356,6.534478120405521,-10.109913736843877
1991-05-21,6.6589835616438355,6.515019110921855,-9.19000267256569
1991-05-22,6.659767123287671,5.188028664838258,-4.84279578812593
1991-05-23,6.659882191780822,4.778967196626105,-0.6468493884069275
1991-05-24,6.659621917808218,4.64032076178241,-2.187942679590628
1991-05-25,6.659145205479452,5.6091405018596845,-4.816285707339136
1991-05-26,6.658443835616438,6.616472921951009,-6.5579167575674475
1991-05-27,6.657509589041096,6.825103901929934,-6.42361349097103
1991-05-28,6.6559397260273965,6.7739253279924565,-4.314865054019853
1991-05-29,6.654654794520548,7.400311348364778,-3.4819661428853257
1991-05-30,6.6546739726027395,7.336999722091508,-2.868673694694248
1991-05-31,6.654882191780821,8.26541018924992,-2.9242923810307406
1991-06-01,6.6548849315068495,8.43693396866685,-1.6058189001736984
1991-06-02,6.6549068493150685,9.658998808849498,-1.7579056581645673
1991-06-03,6.654495890410959,11.973274748435026,-3.6207706388459844
1991-06-04,6.653876712328767,10.39584756192291,-6.085724274251676
1991-06-05,6.653375342465754,9.516288587563933,-5.758663930029687
1991-06-06,6.652728767123287,8.904502356443455,-4.765231123566743
1991-06-07,6.651715068493151,8.934643627957332,-6.8093586964504835
1991-06-08,6.650093150684931,10.530866178010019,-8.16495932869495
1991-06-09,6.6485671232876715,10.956606185034957,-7.825173308322629
1991-06-10,6.64693698630137,10.505431826060596,-2.417368812361966
1991-06-11,6.6449123287671235,10.47053172068652,-1.7124440494536426
1991-06-12,6.643221917808219,10.192893364522135,0.09688471766964568
1991-06-13,6.641531506849315,10.779224239126984,4.548244254023702
1991-06-14,6.6399479452054795,12.416004850296636,3.8800472044978864
1991-06-15,6.638202739726027,10.470772114083077,8.460025146190896
1991-06-16,6.637402739726028,11.096265826763092,47.40433143351088
1991-06-17,6.6368465753424655,11.505619813415707,21.94153361124183
1991-06-18,6.636808219178082,11.663248264416762,0.8399435164051567
1991-06-19,6.636797260273973,12.145723642007207,-3.3845209022811797
1991-06-20,6.637142465753424,11.588645384191963,-4.632787849945387
1991-06-21,6.637627397260274,11.291264140777843,-4.669891538038116
1991-06-22,6.638997260273973,12.035223606882514,-1.8682208671564862
1991-06-23,6.654753424657534,13.100672711202852,2.666573864139613
1991-06-24,6.665682191780822,12.883870041726212,5.141447766492966
1991-06-25,6.668958904109589,11.686961506425893,8.67107958946452
1991-06-26,6.670482191780822,11.324662033296283,13.205855774922897
1991-06-27,6.67178904109589,10.540313807093263,7.942897151810847
1991-06-28,6.673142465753424,10.035217214188451,1.7166403200581257
1991-06-29,6.67306301369863,9.93424004523868,-3.139303058937309
1991-06-30,6.673038356164383,9.816529247908157,-5.299567604072541
1991-07-01,6.6736356164383555,12.900007398593086,-7.763643015031441
1991-07-02,6.674309589041096,10.913703699962952,-1.6330132890040474
1991-07-03,6.675093150684932,10.071884247908157,4.972022601406913
1991-07-04,6.6757178082191775,10.157063220510896,6.679218971269929
1991-07-05,6.675641095890411,12.014701165716376,5.4976577383932135
1991-07-06,6.675517808219178,10.63415383694925,7.23732835483157
1991-07-07,6.675432876712328,10.006386097223224,10.036181026064448
1991-07-08,6.6753835616438355,10.888141782154731,6.711474656201434
1991-07-09,6.675367123287671,9.105684795853362,4.640948080858967
1991-07-10,6.675657534246575,9.207311028730073,3.6800314370233504
1991-07-11,6.675843835616438,7.952552655003343,3.90060350938022
1991-07-12,6.676383561643835,7.925656764592385,6.575959673763781
1991-07-13,6.676221917808219,7.327076926165971,7.805701156025811
1991-07-14,6.675901369863014,6.9038262061097715,9.457272424027215
1991-07-15,6.6754273972602745,6.26082683835424,5.688745764385485
1991-07-16,6.675372602739726,5.884137410886731,2.9434899863735433
1991-07-17,6.675246575342466,6.320840747732532,2.245912676925002
1991-07-18,6.675145205479453,7.43471879479962,-0.31686400027907347
1991-07-19,6.674901369863014,6.324650933893403,2.0254476962435843
1991-07-20,6.674690410958904,4.968738534876895,2.955571054164201
1991-07-21,6.674424657534247,4.885113877342649,1.7034614651231044
1991-07-22,6.67401095890411,5.722986163960141,-0.4399971228642503
1991-07-23,6.673545205479453,5.177009908252378,0.9384448862681687
1991-07-24,6.673246575342466,4.636426206109771,2.557327218547764
1991-07-25,6.67326301369863,3.992448334666147,0.7482886516352227
1991-07-26,6.673175342465754,3.6898545868614403,-0.474029929327195
1991-07-27,6.672917808219179,3.6678314045642852,-1.8237492127834645
1991-07-28,6.672657534246575,3.6802502313995507,-2.7489077656461256
1991-07-29,6.672178082191781,4.13114640280805,-3.1973244849998315
1991-07-30,6.671843835616438,3.334073905442403,-2.172917741058841
1991-07-31,6.671769863013699,2.991736286896565,5.672493850089737
1991-08-01,6.671739726027397,2.9441608039320406,1.011099470040563
1991-08-02,6.671668493150685,2.334894699260457,-0.833563192411142
1991-08-03,6.67177808219178,2.31483779725835,-0.8166158794501301
1991-08-04,6.671742465753425,3.7990474916735235,-2.508789957426949
1991-08-05,6.67172602739726,2.364048826411844,-1.122774853809104
1991-08-06,6.671953424657534,2.5136675829977237,-1.2236210076552583
1991-08-07,6.673076712328767,2.921965159393931,-1.4020418717226981
1991-08-08,6.673224657534247,1.7372281730925607,2.360547169373193
1991-08-09,6.6745534246575335,1.9569758373004993,0.8694707380419666
1991-08-10,6.674271232876712,1.5063648783963894,0.037363888726898775
1991-08-11,6.6735999999999995,1.8695638949049949,0.008836105095005209
1991-08-12,6.673008219178082,2.6149441548277204,0.902047625994197
1991-08-13,6.672547945205479,1.9049685313644256,-0.08151647656990413
1991-08-14,6.672372602739726,2.6122580290813207,-2.4406306318210462
1991-08-15,6.671909589041096,1.7342658267630913,-2.072175415804188
1991-08-16,6.671797260273973,0.9894446816981107,-1.8502419419720835
1991-08-17,6.6712191780821914,0.9020908355442644,-0.5123100136264559
1991-08-18,6.670372602739726,0.886244822196881,-0.6586174249366075
1991-08-19,6.66987397260274,1.259361506425894,-1.5532354790286333
1991-08-20,6.669482191780821,1.1944667400051003,-1.828948931785921
1991-08-21,6.669172602739725,0.6013667048804077,-1.1275393076201332
1991-08-22,6.668712328767123,0.7922628060395225,-0.48497513480664556
1991-08-23,6.6684821917808215,2.2287738703177107,-0.9772560620985322
1991-08-24,6.668410958904109,3.354036954265726,-3.1334479131698343
1991-08-25,6.668435616438355,1.2482092057585252,-1.5376448221968808
1991-08-26,6.668208219178082,0.9993504772723991,-0.6905586964504806
1991-08-27,6.667597260273972,0.7687433820844819,0.02765935764154659
1991-08-28,6.666780821917808,0.259629297082726,-0.3164101190005334
1991-08-29,6.665879452054794,0.1009574319615455,-0.8318368840163398
1991-08-30,6.6650109589041096,0.6401830027378013,-2.132193961641911
1991-08-31,6.66404109589041,0.5913782257796,-1.9414193216700104
1991-09-01,6.663293150684931,0.525896525744475,-1.7151896764294055
1991-09-02,6.662621917808218,0.17609575300123667,-1.6487176708094546
1991-09-03,6.661838356164383,-0.153389038006842,-1.7064493181575413
1991-09-04,6.661016438356164,0.35586252504198124,-2.591878963398145
1991-09-05,6.65965205479452,-0.03891422241147837,-2.085737832383042
1991-09-06,6.657564383561644,-0.7042099020742814,-1.234354481487362
1991-09-07,6.650405479452054,-0.2398114475607586,-1.7545940318912958
1991-09-08,6.6256657534246575,-0.8398243734476568,-1.4108413799770005
1991-09-09,6.61477808219178,-0.46818742227097965,-2.0335906599208
1991-09-10,6.608008219178082,-0.9488720025309024,-1.5281362166471792
1991-09-11,6.602693150684932,-0.7858629403601964,-1.616830210324735
1991-09-12,6.597893150684931,0.24485486785898164,-2.116748018543913
1991-09-13,6.593194520547945,-0.014948433862128177,-2.456246086685817
1991-09-14,6.589,0.8344826866155677,-3.484482686615568
1991-09-15,6.584627397260274,0.8062904140479524,-3.6529178113082263
1991-09-16,6.580227397260273,-0.6135197018635332,-2.3647076953967403
1991-09-17,6.575956164383562,-0.8763186481227537,-1.6876375162608084
1991-09-18,6.571882191780822,-0.5380771307360307,-2.022805061044791
1991-09-19,6.565635616438356,-0.5926495929769859,-2.0029860234613697
1991-09-20,6.558953424657535,-0.42636782269247625,-2.5165856019650583
1991-09-21,6.551131506849314,0.8555477375463716,-3.992679244395686
1991-09-22,6.546134246575342,1.2257669858779492,-4.206901232453291
1991-09-23,6.537405479452055,2.25379157316281,-4.422197052614865
1991-09-24,6.528495890410959,3.456872359955926,-6.523368250366884
1991-09-25,6.519065753424657,4.805581457251325,-8.011647210675982
1991-09-26,6.5106602739726025,1.7907576427097018,10.708582083317697
1991-09-27,6.5037589041095885,-0.21786813881470982,3.594109234705122
1991-09-28,6.4985397260273965,-0.5600064598544008,-0.9145332661729957
1991-09-29,6.493958904109588,-0.13804741524604108,24.741088511136454
1991-09-30,6.488693150684931,0.7205788580240677,57.080727991291006
1991-10-01,6.483649315068492,-0.6241622729910359,8.280512957922545
1991-10-02,6.477564383561643,-0.1704941310872775,2.826929747525635
1991-10-03,6.471093150684931,0.565321464276263,0.3485853850388059
1991-10-04,6.4635780821917805,-0.6838547914314995,1.3162767092397192
1991-10-05,6.455958904109589,-0.822216365017731,0.7762574609081423
1991-10-06,6.450101369863013,-1.115946537128725,2.129845167265712
1991-10-07,6.444361643835617,-0.8068088483335015,3.961447204497885
1991-10-08,6.438169863013698,-0.9873477313682752,1.9161778683545772
1991-10-09,6.43151506849315,-0.5040292909046292,0.6655142224114793
1991-10-10,6.424306849315068,0.06496818011749941,-0.6322750294325669
1991-10-11,6.41658904109589,-0.6844379315790233,0.43384889048313335
1991-10-12,6.407895890410958,0.6683882714417001,16.180715838147343
1991-10-13,6.399136986301369,0.5542709549682197,13.620592058730415
1991-10-14,6.391356164383561,0.40454169609923435,4.6641021395172055
1991-10-15,6.3832794520547935,0.8116482644167619,2.135072283528445
1991-10-16,6.374380821917808,0.7429811060043977,0.5536380720777946
1991-10-17,6.364345205479452,1.1747488615365362,-0.3200940670159882
1991-10-18,6.357084931506849,0.6746058337880295,0.33030923470512163
1991-10-19,6.351273972602739,-0.5330746720075444,0.424800699404806
1991-10-20,6.346980821917808,-1.0708397580630418,0.33785893614523377
1991-10-21,6.346753424657534,-1.631827956166308,0.6940745315087742
1991-10-22,6.348378082191781,-1.5952414440482892,0.3238633618565083
1991-10-23,6.353095890410959,-1.8444273941712255,0.42333150376026696
1991-10-24,6.360268493150684,-1.8281763931174846,0.3669078999668003
1991-10-25,6.368701369863013,-2.183875304252012,0.48517393438899914
1991-10-26,6.3854054794520545,-2.4297708434160445,0.44336536396399007
1991-10-27,6.409613698630137,-1.7278406010556653,-0.39077309757447143
1991-10-28,6.4388712328767115,-0.927450365720225,-1.6004208671564863
1991-10-29,6.47292602739726,-0.8294849986671863,-2.0014410287300737
1991-10-30,6.496049315068492,-1.6844847176696447,-1.0525645973988478
1991-10-31,6.506369863013698,-2.101494482334204,-0.6098753806794943
1991-11-01,6.516252054794521,-2.365311623184222,-0.25494043161029856
1991-11-02,6.532120547945205,-2.477579975836136,-0.30354057210906893
1991-11-03,6.546767123287671,-2.345209550827355,-0.48755757246031584
1991-11-04,6.566780821917808,-0.7437475908695045,-2.137033231048304
1991-11-05,6.592610958904109,-1.2823447106447066,-1.846266248259402
1991-11-06,6.62325205479452,-1.3678422167915276,-1.9744098380029922
1991-11-07,6.655287671232876,-1.9435487148596695,-1.5117389563732062
1991-11-08,6.689008219178081,-2.3033020692678186,-1.061706149910263
1991-11-09,6.727545205479451,-2.322721458098166,-1.1128237473812854
1991-11-10,6.764221917808219,-1.7834255676872073,-1.8817963501210113
1991-11-11,6.801635616438356,-2.298801542397429,-1.3948340740409266
1991-11-12,6.83145205479452,-2.338684085425177,-1.402767969369343
1991-11-13,6.862057534246575,-2.533999505165254,-1.282058029081321
1991-11-14,6.905830136986301,-2.2414702462962697,-1.5763598906900316
1991-11-15,6.955813698630137,-2.1839770253619526,-1.7968366732681842
1991-11-16,7.006043835616438,-2.7666846474202593,-1.3813591881961784
1991-11-17,7.0542,-2.588360516756403,-1.634839483243597
1991-11-18,7.1005589041095885,-1.9672856309116542,-2.3612732731979342
1991-11-19,7.142068493150685,-2.008954896805578,-2.4321135963451064
1991-11-20,7.172224657534246,-2.6619219498438635,-1.7643027076903817
1991-11-21,7.183353424657534,-2.898953562067257,-1.6503998625902772
1991-11-22,7.181726027397261,-3.1399230035846433,-1.3878030238126176
1991-11-23,7.1868,-3.3360941310872776,-1.166705868912722
1991-11-24,7.201920547945205,-3.516784612295567,-1.0141359356496387
1991-11-25,7.222624657534247,-3.5870806432052964,-0.9825440143289503
1991-11-26,7.241328767123288,-3.652757144785908,-1.1165716223373794
1991-11-27,7.260783561643835,-3.6451825048140076,-1.1326010568298273
1991-11-28,7.2778904109589035,-3.515585806535117,-1.2443046044237867
1991-11-29,7.295802739726026,-3.578732136004734,-1.2090706037212922
1991-11-30,7.313783561643835,-3.5522589361452335,-1.309524625498602
1991-12-01,7.324583561643835,-3.5584796597139023,-1.2941039019299323
1991-12-02,7.349049315068493,-3.676716259643653,-1.3513330554248402
1991-12-03,7.52029315068493,-3.859165434213376,-1.4261277164715547
1991-12-04,7.591531506849314,-3.980515135653488,-1.3420163711958262
1991-12-05,7.622632876712329,-3.959714152162093,-1.4559187245502359
1991-12-06,7.646624657534247,-3.9901487851090556,-1.592475872425191
1991-12-07,7.66431506849315,-4.043876568740948,-1.7874384997522021
1991-12-08,7.675457534246574,-4.1491310120145695,-1.6673265222320044
1991-12-09,7.681372602739724,-4.226475655498939,-1.6388969472407853
1991-12-10,7.673312328767123,-4.245750892590614,-1.7395614361765093
1991-12-11,7.664594520547945,-4.240996695189842,-1.5975978253581031
1991-12-12,7.652468493150685,-4.271360938252715,-1.5491075548979696
1991-12-13,7.624328767123287,-4.170112114929919,-1.5772166521933677
1991-12-14,7.593073972602739,-4.374036877838243,-1.4250370947644964
1991-12-15,7.558408219178082,-4.4451302392713306,-1.3522779799067512
1991-12-16,7.422419178082191,-4.427773442643302,-1.36264573543889
1991-12-17,7.360147945205479,-3.6821667689516966,-1.9479811762537826
1991-12-18,7.354490410958903,-4.134770773166659,-1.3587196377922437
1991-12-19,7.3571397260273965,-4.235678395224966,-1.0384613308024306
1991-12-20,7.360413698630136,-4.381357355534064,-0.8350563430960722
1991-12-21,7.363293150684931,-4.330535297227073,-0.5067578534578576
1991-12-22,7.3526410958904105,-3.66584277878661,4.062201682896199
1991-12-23,7.3253506849315055,-3.824306775976635,2.4489560910451296
1991-12-24,7.344575342465753,-4.028131082263955,-0.14844426020179835
1991-12-25,7.324175342465754,-4.030494131087277,-0.8316812113784771
1991-12-26,7.286734246575342,-3.891943867652082,-1.0407903789232602
1991-12-27,7.261498630136986,-4.0024626593626556,-0.8630359707743303
1991-12-28,7.256805479452055,-3.9912474152460407,-1.3705580642060147
1991-12-29,7.263345205479452,-4.187782364315237,-1.244562841164215
1991-12-30,7.277060273972603,-4.269164239973825,-0.9218960339987783
1991-12-31,7.2881041095890415,-4.3168335058677485,-0.8812706037212932
1992-01-01,7.283320547945206,-4.117749979348605,-1.0355705685966017
1992-01-02,7.256528767123288,-4.2888382828259495,-0.9266904842973389
1992-01-03,7.227427397260274,-4.674010745066906,-0.6034166521933679
1992-01-04,7.216339726027398,-4.671347450370734,-0.6539922756566634
1992-01-05,7.189572602739726,-4.653324549071121,-0.7072480536686054
1992-01-06,7.149013698630137,-4.797623249457492,-0.5773904491726451
1992-01-07,7.1153369863013705,-4.843358128277302,-0.5489788580240686
1992-01-08,7.092194520547945,-4.928491883106948,-0.39070263744099787
1992-01-09,7.0706931506849315,-4.928287878891985,-0.4034052717929466
1992-01-10,7.050857534246576,-4.850736491466624,-0.3791210427799516
1992-01-11,7.03408493150685,-4.290862237866343,-1.0202226936405072
1992-01-12,7.00589589041096,-4.428815100528795,-0.8190807898821646
1992-01-13,6.973758904109589,-4.6178294314034,-0.5969294727061891
1992-01-14,6.953665753424659,-4.770564942467678,-0.4541008109569802
1992-01-15,6.942780821917809,-4.872420509731464,-0.4113603121863454
1992-01-16,6.934197260273972,-4.709624092450116,-0.5755731678238565
1992-01-17,6.929279452054795,-4.695508672710039,-0.5467707793447554
1992-01-18,6.921054794520549,-4.881104738744461,-0.34895005577608806
1992-01-19,6.913673972602741,-4.97155651254144,-0.27911746006130045
1992-01-20,6.913389041095891,-5.011596414192301,-0.3137926269035898
1992-01-21,6.918241095890411,-4.949678746471893,-0.3885623494185184
1992-01-22,6.920523287671233,-5.0033148546559465,-0.29820843301528654
1992-01-23,6.9122082191780825,-4.691527640044074,-0.6026805791340077
1992-01-24,6.908065753424658,-4.555471791782747,-0.7905939616419113
1992-01-25,6.906824657534247,-4.608951595084467,-0.7298730624497791
1992-01-26,6.909701369863013,-4.9558035796296025,-0.4018977902334111
1992-01-27,6.915021917808219,-5.077918648122754,-0.3421032696854649
1992-01-28,6.919794520547946,-4.920008778084116,-0.4787857424638293
1992-01-29,6.924405479452055,-4.770048820233748,-0.6223566592183074
1992-01-30,6.9077315068493155,-4.9742438325273906,-0.4024876743219252
1992-01-31,6.90734794520548,-5.0319649424676784,-0.3533830027378011
1992-02-01,6.913616438356165,-5.040197397683695,-0.29141904067247015
1992-02-02,6.91665205479452,-5.053829852899712,-0.3198222018948078
1992-02-03,6.9196410958904115,-5.10705057646838,-0.2845905194220322
1992-02-04,6.921131506849315,-5.113554194311725,-0.18757731253759058
1992-02-05,6.922161643835617,-5.094958549773614,0.20379690593799804
1992-02-06,6.9218821917808215,-5.136538739446954,-0.0803434523338673
1992-02-07,6.916257534246576,-5.106476217494022,0.1552186832474458
1992-02-08,6.914561643835617,-5.109231538884959,-0.21733010495065752
1992-02-09,6.9157534246575345,-5.143588546261145,-0.37816487839638935
1992-02-10,6.9364191780821916,-5.078912325678075,-0.47750685240411705
1992-02-11,6.9355671232876706,-4.973080291958371,-0.5594868313292993
1992-02-12,6.936479452054794,-4.87918517429065,-0.6712942777641437
1992-02-13,6.939561643835616,-5.180480643205296,-0.3440810006303199
1992-02-14,6.941728767123287,-4.978482118442388,-0.5282466486808985
1992-02-15,6.9456493150684935,-4.998999083668942,-0.5416502313995508
1992-02-16,6.945542465753425,-5.13942612968229,-0.4421163360711349
1992-02-17,6.9456,-5.207620017985767,-0.3489799820142325
1992-02-18,6.946435616438356,-5.142672845523527,-0.43776277091482907
1992-02-19,6.948265753424657,-5.178863783352821,-0.4334019700718361
1992-02-20,6.951227397260274,-5.177917594381974,-0.5003098028783004
1992-02-21,6.952197260273973,-5.063111763682993,-0.5550854965909799
1992-02-22,6.953005479452054,-5.087591285987172,-0.4664141934648818
1992-02-23,6.95226301369863,-5.229912536426231,-0.3083504772723993
1992-02-24,6.9523671232876705,-5.2726325223763535,-0.27973460091131663
1992-02-25,6.949649315068493,-5.268173372393916,-0.3724759426745772
1992-02-26,6.947386301369862,-5.256746396629954,-0.41363990473990775
1992-02-27,6.94792602739726,-5.118069052056719,-0.5468569753405417
1992-02-28,6.958104109589041,-5.222948504111514,-0.4211556054775265
1992-02-29,6.970832876712329,-5.2823230738340285,-0.34750980287830036
1992-03-01,7.0015397260273975,-5.27592454907112,-0.37461517695627755
1992-03-02,7.038824657534246,-5.284829150405858,-0.4099955071283876
1992-03-03,7.069484931506849,-5.28737077316666,-0.48811415834018934
1992-03-04,7.085660273972603,-5.306462729612041,-0.45819754436056215
1992-03-05,7.092956164383561,-5.205065469338068,-0.5378906950454923
1992-03-06,7.109265753424657,-5.193543375906385,-0.5747223775182713
1992-03-07,7.12346301369863,-5.243241654796445,-0.5112213589021852
1992-03-08,7.13351506849315,-5.084042568038454,-0.647472500454696
1992-03-09,7.141857534246575,-5.229053807940105,-0.5218037263064694
1992-03-10,7.1495917808219165,-5.1583109909397535,-0.5462807898821627
1992-03-11,7.158136986301369,-5.19122507594151,-0.48291191035985914
1992-03-12,7.181906849315068,-5.205810534318749,-0.5280963149963185
1992-03-13,7.1921616438356155,-5.021683101933783,-0.7644785419018332
1992-03-14,7.2011808219178075,-5.183144640395321,-0.3980361815224862
1992-03-15,7.210364383561643,-4.976675234002627,-0.6446891495590155
1992-03-16,7.218413698630137,-5.064484858168416,-0.6089288404617212
1992-03-17,7.225416438356164,-5.0856064598544,-0.7538099785017636
1992-03-18,7.230276712328767,-5.098743375906385,-0.7285333364223812
1992-03-19,7.234438356164383,-5.035867225572701,-0.7285711305916829
1992-03-20,7.238273972602739,-4.912216786514042,-0.7120571860886971
1992-03-21,7.2437506849315065,-4.818694131087277,-0.6850565538442295
1992-03-22,7.249276712328767,-4.665782715562163,-0.7114939967666034
1992-03-23,7.25388493150685,-4.699931012014569,-0.8009539194922803
1992-03-24,7.268054794520547,-4.6509270780489915,-0.8041277164715561
1992-03-25,7.320920547945205,-4.63719191823164,-1.0537286297135653
1992-03-26,7.346435616438356,-4.551629150405859,-1.184806466032497
1992-03-27,7.316205479452054,-4.468462799861426,-1.2557426795906288
1992-03-28,7.309389041095891,-4.547610042573052,-1.2127789985228388
1992-03-29,7.313909589041096,-4.395444043275546,-1.4314655457655494
1992-03-30,7.258580821917808,-4.372053175695637,-1.4495276462221707
1992-03-31,7.114599999999999,-4.333039406816114,-1.3555605931838848
1992-04-01,7.102728767123288,-4.334229220655244,-1.4224995464680443
1992-04-02,7.100742465753424,-4.34338201306831,-1.1883604526851137
1992-04-03,7.10253698630137,-4.30185043596961,-1.33668655033176
1992-04-04,7.105093150684931,-4.169860551881096,-1.541232598803835
1992-04-05,7.113991780821918,-3.9009337517405975,-1.6410580290813201
1992-04-06,7.1223972602739725,-3.61181636501773,-2.0375808952562426
1992-04-07,7.122580821917808,-3.636727499545303,-2.0548533223725047
1992-04-08,7.125591780821917,-3.6336877383932134,-2.0119040424287036
1992-04-09,7.127526027397261,-3.751478043978039,-1.741047983419222
1992-04-10,7.129764383561644,-3.692365785460302,-1.5853985981013423
1992-04-11,7.132315068493151,-3.5797138009151666,-1.4886012675779843
1992-04-12,7.08861095890411,-3.537783347806631,-1.2468276110974794
1992-04-13,7.05082191780822,-3.6093682441887878,-0.8874536736194316
1992-04-14,7.036723287671233,-3.589510428944671,-0.9602128587265617
1992-04-15,7.027460273972602,-3.46416206224288,-1.0122982117297221
1992-04-16,7.0216438356164375,-3.311106284230938,-1.4115375513855
1992-04-17,7.016257534246575,-3.244348433862128,-1.6899091003844475
1992-04-18,7.010673972602739,-2.975595852197218,-2.090078120405521
1992-04-19,7.007068493150685,-2.6407631159836598,-2.2313053771670255
1992-04-20,7.004035616438356,-2.581964380472596,-1.1400712359657605
1992-04-21,7.0020931506849315,-2.3740142575361713,-0.8790788931487601
1992-04-22,7.0007534246575345,-1.708426972674914,-0.5453264519826206
1992-04-23,6.999498630136986,-1.4544225469636387,-0.17507608317334733
1992-04-24,6.997646575342466,-1.4598808539534525,0.24023427861098634
1992-04-25,6.996369863013699,-1.2709152761522584,3.1905454131385595
1992-04-26,6.995802739726027,-0.9407757608730171,6.0259730211469895
1992-04-27,6.996717808219177,-0.6231576365316049,7.285439828312429
1992-04-28,6.99778904109589,0.02735209300826165,8.577858865895848
1992-04-29,6.9987945205479445,0.18785557035283496,4.35234990909922
1992-04-30,6.999482191780822,0.6329583452035549,-0.6664405369843766
1992-05-01,6.999512328767123,1.3081709198435265,-1.63068324861065
1992-05-02,6.999298630136986,2.3344008460816723,-0.33669947621865814
1992-05-03,6.999917808219178,2.1017542707392063,-0.8566720789583848
1992-05-04,7.001723287671233,3.1048546571108258,-0.09957794478205884
1992-05-05,7.003898630136986,4.309413561220415,0.7346878086425992
1992-05-06,7.006758904109589,4.10853291492607,2.5667081809643415
1992-05-07,7.011115068493151,3.0496698309780546,4.201215100528795
1992-05-08,7.014956164383561,2.6788828973637235,5.403160938252715
1992-05-09,7.0174438356164375,2.8937458408129677,7.091810323570596
1992-05-10,7.0194465753424655,3.498809065259754,6.26374435939778
1992-05-11,7.021479452054795,4.160799862590277,5.774720685354929
1992-05-12,7.023084931506849,4.789499265470503,2.2184158030226486
1992-05-13,7.024769863013699,5.381327013977703,2.5099031230085984
1992-05-14,7.02647397260274,5.204383845730425,8.188142181666834
1992-05-15,7.027646575342465,5.530811032242544,9.579542392414993
1992-05-16,7.029161643835616,5.560187779696003,9.178650576468382
1992-05-17,7.031134246575342,6.052165299892701,7.683700453531957
1992-05-18,7.0326438356164385,6.63473979936583,6.275616365017733
1992-05-19,7.034249315068493,6.534478120405521,4.665272564525988
1992-05-20,7.035917808219178,6.515019110921855,1.440063080858966
1992-05-21,7.038213698630138,5.188028664838258,-1.1592423634683957
1992-05-22,7.0400328767123295,4.778967196626105,-1.6210000733384344
1992-05-23,7.042978082191782,4.64032076178241,-0.7192988439741912
1992-05-24,7.053813698630137,5.6091405018596845,0.30804579951017885
1992-05-25,7.061194520547946,6.616472921951009,0.5963325575010447
1992-05-26,7.065704109589041,6.825103901929934,-0.004808011518975697
1992-05-27,7.07,6.7739253279924565,2.3720746720075443
1992-05-28,7.078638356164383,7.400311348364778,2.338050295470839
1992-05-29,7.086767123287672,7.336999722091508,3.2372331546208217
1992-05-30,7.092027397260274,8.26541018924992,3.201562413489807
1992-05-31,7.097235616438356,8.43693396866685,1.8938304148947953
1992-06-01,7.101471232876713,9.658998808849498,6.725529958273791
1992-06-02,7.105854794520548,11.973274748435026,58.43187045704442
1992-06-03,7.110180821917808,10.39584756192291,19.459971616159283
1992-06-04,7.1144986301369855,9.516288587563933,5.132212782299083
1992-06-05,7.118528767123287,8.904502356443455,3.5259688764332573
1992-06-06,7.123254794520548,8.934643627957332,-0.82389842247788
1992-06-07,7.128435616438356,10.530866178010019,-4.576301794448375
1992-06-08,7.133290410958905,10.956606185034957,-6.150896595993862
1992-06-09,7.138219178082192,10.505431826060596,-5.850651004142788
1992-06-10,7.143219178082191,10.47053172068652,-5.3927508987687105
1992-06-11,7.14762191780822,10.192893364522135,-4.833515282330355
1992-06-12,7.151832876712328,10.779224239126984,-6.233057115839312
1992-06-13,7.155720547945205,12.416004850296636,-8.04372539824184
1992-06-14,7.159501369863014,10.470772114083077,-4.714273483946091
1992-06-15,7.163224657534247,11.096265826763092,-2.757490484297339
1992-06-16,7.1670712328767125,11.505619813415707,-1.3176910462924187
1992-06-17,7.170460273972603,11.663248264416762,-1.7587085383893655
1992-06-18,7.173446575342465,12.145723642007207,-2.9541702173496738
1992-06-19,7.1755945205479446,11.588645384191963,-3.9762399047399075
1992-06-20,7.177454794520548,11.291264140777843,-4.15871893529839
1992-06-21,7.178175342465753,12.035223606882514,-6.295398949348268
1992-06-22,7.164504109589041,13.100672711202852,-7.804176820791893
1992-06-23,7.155528767123288,12.883870041726212,11.6686011911505
1992-06-24,7.153936986301369,11.686961506425893,0.7401015072727368
1992-06-25,7.154399999999999,11.324662033296283,-0.9440620332962819
1992-06-26,7.154515068493151,10.540313807093263,-1.7508288755864125
1992-06-27,7.153312328767123,10.035217214188451,-0.4765295429555749
1992-06-28,7.1546739726027395,9.93424004523868,-1.2339140178414194
1992-06-29,7.155953424657534,9.816529247908157,-0.7764826725656899
1992-06-30,7.156860273972602,12.900007398593086,-4.21586767256569
1992-07-01,7.1577452054794515,10.913703699962952,-3.8624489054424034
1992-07-02,7.158654794520547,10.071884247908157,-5.290539042428705
1992-07-03,7.159556164383561,10.157063220510896,-4.426619384894456
1992-07-04,7.160410958904109,12.014701165716376,0.9658878753795133
1992-07-05,7.16130410958904,10.63415383694925,-3.018457946538292
1992-07-06,7.162391780821918,10.006386097223224,-5.254777878045142
1992-07-07,7.1638,10.888141782154731,-6.068941782154731
1992-07-08,7.165460273972602,9.105684795853362,-4.296145069825965
1992-07-09,7.167167123287671,9.207311028730073,-4.659478152017744
1992-07-10,7.168893150684931,7.952552655003343,-3.832445805688274
1992-07-11,7.169679452054794,7.925656764592385,-0.03933621664717979
1992-07-12,7.170561643835616,7.327076926165971,-2.977638570001588
1992-07-13,7.171312328767123,6.9038262061097715,-2.7681385348768943
1992-07-14,7.172328767123288,6.26082683835424,-2.1421556054775275
1992-07-15,7.173328767123287,5.884137410886731,-1.5274661780100187
1992-07-16,7.17452602739726,6.320840747732532,-1.3863667751297921
1992-07-17,7.175783561643835,7.43471879479962,-2.6125023564434553
1992-07-18,7.176769863013698,6.324650933893403,-1.478420796907101
1992-07-19,7.177813698630137,4.968738534876895,-0.2415522335070328
1992-07-20,7.178723287671232,4.885113877342649,1.0951628349861195
1992-07-21,7.179734246575342,5.722986163960141,0.8252795894645164
1992-07-22,7.180583561643836,5.177009908252378,1.264406530103786
1992-07-23,7.181353424657534,4.636426206109771,-0.9857796307673041
1992-07-24,7.182199999999999,3.992448334666147,-1.2726483346661466
1992-07-25,7.183024657534246,3.6898545868614403,-1.4368792443956866
1992-07-26,7.183709589041095,3.6678314045642852,-1.2845409936053804
1992-07-27,7.1847589041095885,3.6802502313995507,-1.3190091355091398
1992-07-28,7.1858794520547935,4.13114640280805,-1.969025854862843
1992-07-29,7.186997260273972,3.334073905442403,-1.005071165716375
1992-07-30,7.1882301369863,2.991736286896565,-0.9299664238828655
1992-07-31,7.190295890410958,2.9441608039320406,0.3525433056570013
1992-08-01,7.191413698630136,2.334894699260457,0.9346916021094076
1992-08-02,7.192402739726027,2.31483779725835,-0.22924053698437596
1992-08-03,7.193312328767123,3.7990474916735235,-1.9393598204406453
1992-08-04,7.194194520547945,2.364048826411844,-1.1012433469597882
1992-08-05,7.194942465753424,2.5136675829977237,-1.370610048751149
1992-08-06,7.194526027397259,2.921965159393931,-2.025491186791191
1992-08-07,7.194909589041096,1.7372281730925607,-0.21413776213365665
1992-08-08,7.194742465753424,1.9569758373004993,-0.26971830305392364
1992-08-09,7.1955397260273966,1.5063648783963894,-0.048904604423785525
1992-08-10,7.19678904109589,1.8695638949049949,7.028647063999114
1992-08-11,7.1979780821917805,2.6149441548277204,0.06607776298049872
1992-08-12,7.19926301369863,1.9049685313644256,-0.2752315450630549
1992-08-13,7.200594520547945,2.6122580290813207,-1.8438525496292653
1992-08-14,7.2016684931506845,1.7342658267630913,-1.8109343199137757
1992-08-15,7.202821917808219,0.9894446816981107,-0.9502665995063296
1992-08-16,7.204016438356163,0.9020908355442644,-1.0841072739004272
1992-08-17,7.205227397260273,0.886244822196881,-1.1724722194571549
1992-08-18,7.206756164383561,1.259361506425894,-1.7851176708094554
1992-08-19,7.207816438356164,1.1944667400051003,-1.699283178361264
1992-08-20,7.2088465753424655,0.6013667048804077,-0.586213280222873
1992-08-21,7.210139726027396,0.7922628060395225,-0.6724025320669187
1992-08-22,7.211136986301369,2.2287738703177107,-1.22491085661908
1992-08-23,7.2119972602739715,3.354036954265726,-3.948034214539697
1992-08-24,7.212821917808219,1.2482092057585252,-2.044031123566744
1992-08-25,7.213720547945205,0.9993504772723991,-2.228071025217604
1992-08-26,7.214868493150684,0.7687433820844819,-1.345611875235166
1992-08-27,7.21606301369863,0.259629297082726,-0.6686923107813555
1992-08-28,7.218,0.1009574319615455,2.331042568038455
1992-08-29,7.220221917808219,0.6401830027378013,1.9585950794539804
1992-08-30,7.221704109589041,0.5913782257796,8.708917664631358
1992-08-31,7.2231424657534244,0.525896525744475,11.333961008502099
1992-09-01,7.224676712328767,0.17609575300123667,8.980227534669996
1992-09-02,7.225646575342466,-0.153389038006842,3.633742462664375
1992-09-03,7.226419178082192,0.35586252504198124,-0.49428170312417274
1992-09-04,7.227191780821918,-0.03891422241147837,3.29972244158956
1992-09-05,7.227783561643836,-0.7042099020742814,3.3774263404304454
1992-09-06,7.228169863013699,-0.2398114475607586,1.336641584547059
1992-09-07,7.22832602739726,-0.8398243734476568,1.0314983460503973
1992-09-08,7.228520547945205,-0.46818742227097965,0.17566687432577432
1992-09-09,7.228608219178081,-0.9488720025309024,0.970263783352821
1992-09-10,7.228706849315068,-0.7858629403601964,6.433156091045128
1992-09-11,7.228906849315068,0.24485486785898164,0.9952382828259494
1992-09-12,7.229378082191781,-0.014948433862128177,0.19957035167034687
1992-09-13,7.229216438356164,0.8344826866155677,-0.7726991249717312
1992-09-14,7.229287671232877,0.8062904140479524,-1.359578085280829
1992-09-15,7.229638356164383,-0.6135197018635332,-0.4581186543008493
1992-09-16,7.231043835616438,-0.8763186481227537,-0.5687251874936846
1992-09-17,7.233378082191781,-0.5380771307360307,-1.1653009514557495
1992-09-18,7.236605479452054,-0.5926495929769859,-1.273955886475068
1992-09-19,7.239682191780822,-0.42636782269247625,-1.198314369088345
1992-09-20,7.2427671232876705,0.8555477375463716,-2.667314860834042
1992-09-21,7.246246575342466,1.2257669858779492,-3.2250135612204156
1992-09-22,7.250594520547945,2.25379157316281,0.036613906289245435
1992-09-23,7.253893150684931,3.456872359955926,12.047234489359141
1992-09-24,7.256457534246575,4.805581457251325,0.5639610085020994
1992-09-25,7.258421917808219,1.7907576427097018,-1.0731795605179208
1992-09-26,7.260254794520548,-0.21786813881470982,0.34961334429416235
1992-09-27,7.261263013698629,-0.5600064598544008,-0.027256553844228204
1992-09-28,7.26186301369863,-0.13804741524604108,3.7781844015474104
1992-09-29,7.2626109589041095,0.7205788580240677,3.753810183071823
1992-09-30,7.264936986301369,-0.6241622729910359,3.1662252866896674
1992-10-01,7.2674082191780816,-0.1704941310872775,1.3120859119091968
1992-10-02,7.269178082191781,0.565321464276263,0.20550045353195556
1992-10-03,7.270646575342465,-0.6838547914314995,1.4422082160890342
1992-10-04,7.272298630136985,-0.822216365017731,3.207917734880745
1992-10-05,7.273178082191781,-1.115946537128725,4.374768454936944
1992-10-06,7.274572602739726,-0.8068088483335015,3.198236245593776
1992-10-07,7.276783561643835,-0.9873477313682752,2.176564169724439
1992-10-08,7.2783342465753424,-0.5040292909046292,0.5246950443292872
1992-10-09,7.279131506849314,0.06496818011749941,-0.6700996869668131
1992-10-10,7.279917808219177,-0.6844379315790233,0.5015201233598466
1992-10-11,7.280386301369862,0.6683882714417001,-0.6437745728115628
1992-10-12,7.279939726027397,0.5542709549682197,-1.053210680995617
1992-10-13,7.278969863013698,0.40454169609923435,-1.369511559112932
1992-10-14,7.278287671232876,0.8116482644167619,-2.140935935649638
1992-10-15,7.277550684931506,0.7429811060043977,-2.4725317909359035
1992-10-16,7.27826301369863,1.1747488615365362,-3.200011875235166
1992-10-17,7.279580821917808,0.6746058337880295,-2.6301866557058373
1992-10-18,7.282317808219178,-0.5330746720075444,-1.8222431362116338
1992-10-19,7.286641095890411,-1.0708397580630418,-1.7088013378273692
1992-10-20,7.289723287671233,-1.631827956166308,-0.9578953315049248
1992-10-21,7.298657534246575,-1.5952414440482892,-1.1154160901982861
1992-10-22,7.305917808219178,-1.8444273941712255,-0.9874904140479521
1992-10-23,7.311,-1.8281763931174846,-1.2598236068825155
1992-10-24,7.312556164383561,-2.183875304252012,-0.924680860131549
1992-10-25,7.306093150684931,-2.4297708434160445,-0.6843223072688862
1992-10-26,7.294767123287671,-1.7278406010556653,-0.9419265222320057
1992-10-27,7.282690410958904,-0.927450365720225,-2.053240045238679
1992-10-28,7.2675315068493145,-0.8294849986671863,-2.429046508182128
1992-10-29,7.263698630136986,-1.6844847176696447,-1.5692139124673414
1992-10-30,7.268934246575342,-2.101494482334204,-1.3614397642411382
1992-10-31,7.273986301369862,-2.365311623184222,-1.09067467818564
1992-11-01,7.273295890410958,-2.477579975836136,-0.8187159145748226
1992-11-02,7.277295890410958,-2.345209550827355,-0.5590863395836028
1992-11-03,7.278876712328767,-0.7437475908695045,-2.055129121459262
1992-11-04,7.275457534246575,-1.2823447106447066,-1.4851128236018687
1992-11-05,7.266095890410958,-1.3678422167915276,-1.0272536736194302
1992-11-06,7.2537671232876715,-1.9435487148596695,-0.7082184084280017
1992-11-07,7.2382986301369865,-2.3033020692678186,-0.7029965608691677
1992-11-08,7.217975342465753,-2.322721458098166,-0.8722538843675869
1992-11-09,7.199405479452054,-1.7834255676872073,-1.5749799117648462
1992-11-10,7.180386301369863,-2.298801542397429,-1.187584758972434
1992-11-11,7.167893150684931,-2.338684085425177,-1.1242090652597536
1992-11-12,7.15086301369863,-2.533999505165254,-0.9488635085333756
1992-11-13,7.118367123287671,-2.2414702462962697,-1.3608968769914012
1992-11-14,7.082183561643835,-2.1839770253619526,-1.3702065362818825
1992-11-15,7.048849315068493,-2.7666846474202593,-0.7041646676482336
1992-11-16,7.016128767123288,-2.588360516756403,-1.0457682503668844
1992-11-17,6.985317808219177,-1.9672856309116542,-1.6600321773075228
1992-11-18,6.960035616438356,-2.008954896805578,-1.641080719632778
1992-11-19,6.95250410958904,-2.6619219498438635,-0.7065821597451767
1992-11-20,6.96258904109589,-2.898953562067257,-0.7656354790286328
1992-11-21,6.959342465753424,-3.1399230035846433,-0.09041946216878038
1992-11-22,6.9548712328767115,-3.3360941310872776,3.0202228982105663
1992-11-23,6.945783561643835,-3.516784612295567,1.9360010506517322
1992-11-24,6.939002739726027,-3.5870806432052964,0.9470779034792693
1992-11-25,6.943180821917808,-3.652757144785908,0.7495763228680996
1992-11-26,6.972224657534246,-3.6451825048140076,2.3089578472797614
1992-11-27,6.9787123287671236,-3.515585806535117,2.021873477767994
1992-11-28,6.9665041095890405,-3.578732136004734,1.0402280264156936
1992-11-29,6.953005479452054,-3.5522589361452335,0.9522534566931791
1992-11-30,6.945284931506849,-3.5584796597139023,0.6311947282070536
1992-12-01,6.919010958904109,-3.676716259643653,0.6787053007395438
1992-12-02,6.752575342465753,-3.859165434213376,0.9205900917476231
1992-12-03,6.688317808219178,-3.980515135653488,1.13719732743431
1992-12-04,6.660939726027397,-3.959714152162093,0.9767744261346958
1992-12-05,6.642627397260274,-3.9901487851090556,1.136521387848782
1992-12-06,6.639093150684931,-4.043876568740948,1.1287834180560168
1992-12-07,6.6452904109589035,-4.1491310120145695,1.1348406010556658
1992-12-08,6.658249315068493,-4.226475655498939,1.1832263404304468
1992-12-09,6.676871232876712,-4.245750892590614,1.081879659713902
1992-12-10,6.772156164383562,-4.240996695189842,0.9018405308062798
1992-12-11,6.815128767123287,-4.271360938252715,0.8252321711294281
1992-12-12,6.84557808219178,-4.170112114929919,0.620534032738139
1992-12-13,6.855438356164383,-4.374036877838243,0.6925985216738604
1992-12-14,6.854652054794521,-4.4451302392713306,0.71047818447681
1992-12-15,6.8457835616438345,-4.427773442643302,0.6179898809994673
1992-12-16,6.834334246575342,-3.6821667689516966,-0.18516747762364494
1992-12-17,6.826073972602739,-4.134770773166659,0.2596968005639204
1992-12-18,6.818871232876711,-4.235678395224966,0.2838071623482543
1992-12-19,6.820956164383561,-4.381357355534064,0.3834011911505031
1992-12-20,6.830684931506848,-4.330535297227073,0.2888503657202248
1992-12-21,6.839723287671232,-3.66584277878661,-0.4148805088846217
1992-12-22,6.85526301369863,-3.824306775976635,-0.35695623772199436
1992-12-23,6.830169863013698,-4.028131082263955,-0.21503878074974292
1992-12-24,6.826087671232877,-4.030494131087277,-0.16459354014559935
1992-12-25,6.817780821917808,-3.891943867652082,-0.5298369542657264
1992-12-26,6.81093698630137,-4.0024626593626556,-0.8514743269387148
1992-12-27,6.802030136986302,-3.9912474152460407,-0.41878272174026154
1992-12-28,6.798868493150685,-4.187782364315237,-0.3130861288354483
1992-12-29,6.79325205479452,-4.269164239973825,-0.10708781482069529
1992-12-30,6.787024657534246,-4.3168335058677485,-0.057191151666497575
1992-12-31,6.785221917808219,-4.117749979348605,-0.2054719384596142
1993-01-01,6.7949095890410955,-4.2888382828259495,-0.13607130621514596
1993-01-02,6.794821917808219,-4.674010745066906,0.14118882725868698
1993-01-03,6.774087671232877,-4.671347450370734,0.1142597791378579
1993-01-04,6.769035616438356,-4.653324549071121,0.11028893263276451
1993-01-05,6.776882191780822,-4.797623249457492,0.30874105767666915
1993-01-06,6.773980821917808,-4.843358128277302,0.3983773063594942
1993-01-07,6.769575342465753,-4.928491883106948,0.5549165406411944
1993-01-08,6.764591780821918,-4.928287878891985,0.5326960980700681
1993-01-09,6.7744109589041095,-4.850736491466624,0.18432553256251527
1993-01-10,6.79107397260274,-4.290862237866343,-0.4552117347363964
1993-01-11,6.794495890410959,-4.428815100528795,-0.33368078988216343
1993-01-12,6.7951999999999995,-4.6178294314034,-0.04737056859659994
1993-01-13,6.793676712328766,-4.770564942467678,0.07088823013891155
1993-01-14,6.800172602739726,-4.872420509731464,0.16824790699173864
1993-01-15,6.802780821917808,-4.709624092450116,0.014843270532307606
1993-01-16,6.805087671232876,-4.695508672710039,-0.06257899852283622
1993-01-17,6.806353424657534,-4.881104738744461,0.1467513140869272
1993-01-18,6.806695890410959,-4.97155651254144,0.15986062213048147
1993-01-19,6.799550684931506,-5.011596414192301,0.16904572926079453
1993-01-20,6.78776712328767,-4.949678746471893,0.051911623184222044
1993-01-21,6.774131506849315,-5.0033148546559465,0.12918334780663177
1993-01-22,6.769238356164383,-4.691527640044074,-0.15071071612030895
1993-01-23,6.769860273972602,-4.555471791782747,-0.3513884821898561
1993-01-24,6.7712876712328764,-4.608951595084467,-0.34433607614840955
1993-01-25,6.770649315068493,-4.9558035796296025,0.12015426456111022
1993-01-26,6.767345205479453,-5.077918648122754,0.21457344264330125
1993-01-27,6.767153424657534,-4.920008778084116,0.08185535342658223
1993-01-28,6.765728767123287,-4.770048820233748,-0.013679946889538996
1993-01-29,6.765024657534246,-4.9742438325273906,0.4942191749931446
1993-01-30,6.765893150684931,-5.0319649424676784,0.1960717917827468
1993-01-31,6.760369863013699,-5.040197397683695,0.22282753466999594
1993-02-01,6.757852054794521,-5.053829852899712,0.17097779810519143
1993-02-02,6.756030136986301,-5.10705057646838,0.20102043948207893
1993-02-03,6.758378082191781,-5.113554194311725,0.2481761121199435
1993-02-04,6.7591972602739725,-5.094958549773614,0.21476128949964224
1993-02-05,6.758805479452056,-5.136538739446954,0.22273325999489835
1993-02-06,6.756076712328767,-5.106476217494022,0.2543995051652548
1993-02-07,6.7521945205479454,-5.109231538884959,0.2360370183370133
1993-02-08,6.748361643835617,-5.143588546261145,0.2452269024255278
1993-02-09,6.723284931506849,-5.078912325678075,0.16962739417122563
1993-02-10,6.716210958904109,-4.973080291958371,0.1288693330542614
1993-02-11,6.711646575342465,-4.87918517429065,0.03953859894818468
1993-02-12,6.709920547945206,-5.180480643205296,0.27756009526009073
1993-02-13,6.710202739726028,-4.978482118442388,0.12427937871636008
1993-02-14,6.7102876712328765,-4.998999083668942,0.1297114124360661
1993-02-15,6.710364383561644,-5.13942612968229,0.23506174612064612
1993-02-16,6.709747945205479,-5.207620017985767,0.44487207278028773
1993-02-17,6.710336986301369,-5.142672845523527,0.18533585922215767
1993-02-18,6.709331506849315,-5.178863783352821,0.18153227650350523
1993-02-19,6.708071232876712,-5.177917594381974,0.21484636150526182
1993-02-20,6.7059561643835615,-5.063111763682993,0.05515559929943237
1993-02-21,6.703156164383562,-5.087591285987172,0.09743512160361067
1993-02-22,6.704443835616439,-5.229912536426231,0.24046870080979232
1993-02-23,6.70862191780822,-5.2726325223763535,0.29201060456813366
1993-02-24,6.709720547945206,-5.268173372393916,0.2864528244487099
1993-02-25,6.70888493150685,-5.256746396629954,0.2608614651231047
1993-02-26,6.7147424657534245,-5.118069052056719,0.39332658630329487
1993-02-27,6.707435616438357,-5.222948504111514,0.6405128876731574
1993-02-28,6.6963698630136985,-5.2823230738340285,0.4679532108203297
1993-03-01,6.66521095890411,-5.27592454907112,0.48671359016700944
1993-03-02,6.62606301369863,-5.284829150405858,0.5627661367072276
1993-03-03,6.59378904109589,-5.28737077316666,0.34158173207076903
1993-03-04,6.57681095890411,-5.306462729612041,0.3326517707079306
1993-03-05,6.569394520547945,-5.205065469338068,0.26767094879012276
1993-03-06,6.55462191780822,-5.193543375906385,0.19592145809816586
1993-03-07,6.540227397260274,-5.243241654796445,0.21301425753617043
1993-03-08,6.53018904109589,-5.084042568038454,0.01285352694256403
1993-03-09,6.52332602739726,-5.229053807940105,0.16772778054284476
1993-03-10,6.520531506849315,-5.1583109909397535,0.11477948409043925
1993-03-11,6.519304109589041,-5.19122507594151,0.1919209663524697
1993-03-12,6.514339726027398,-5.205810534318749,0.2124708082913509
1993-03-13,6.511183561643835,-5.021683101933783,0.08849954028994755
1993-03-14,6.510290410958904,-5.183144640395321,0.23385422943641743
1993-03-15,6.5251178082191785,-4.976675234002627,0.06655742578344892
1993-03-16,6.588197260273972,-5.064484858168416,0.14928759789444346
1993-03-17,6.597287671232877,-5.0856064598544,0.38731878862152325
1993-03-18,6.601961643835616,-5.098743375906385,0.7517817320707687
1993-03-19,6.607027397260273,-5.035867225572701,1.0768398283124276
1993-03-20,6.610887671232876,-4.912216786514042,1.038329115281166
1993-03-21,6.615268493150685,-4.818694131087277,1.0694256379365918
1993-03-22,6.619013698630137,-4.665782715562163,1.1887690169320266
1993-03-23,6.622873972602739,-4.699931012014569,1.41705703941183
1993-03-24,6.671049315068493,-4.6509270780489915,0.9968777629804983
1993-03-25,6.7877972602739725,-4.63719191823164,0.41539465795766706
1993-03-26,7.013810958904109,-4.551629150405859,-0.1351818084982508
1993-03-27,7.172904109589041,-4.468462799861426,-0.4434413097276151
1993-03-28,7.224808219178082,-4.547610042573052,-0.7601981766050301
1993-03-29,7.253465753424658,-4.395444043275546,-1.1520217101491124
1993-03-30,7.269616438356165,-4.372053175695637,-1.187563262660528
1993-03-31,7.276191780821918,-4.333039406816114,-0.6681523740058033
1993-04-01,7.285835616438356,-4.334229220655244,-0.7036063957831118
1993-04-02,7.301117808219177,-4.34338201306831,-0.7427357951508675
1993-04-03,7.350720547945205,-4.30185043596961,-1.048870111975595
1993-04-04,7.372969863013699,-4.169860551881096,-1.206109311132603
1993-04-05,7.386178082191781,-3.9009337517405975,-1.5922443304511833
1993-04-06,7.397046575342466,-3.61181636501773,-1.8032302103247355
1993-04-07,7.451482191780823,-3.636727499545303,-1.5767546922355202
1993-04-08,7.492846575342465,-3.6336877383932134,-1.8131588369492526
1993-04-09,7.561295890410959,-3.751478043978039,-1.8838178464329194
1993-04-10,7.606534246575343,-3.692365785460302,-1.775168461115042
1993-04-11,7.633402739726027,-3.5797138009151666,-1.8186889388108605
1993-04-12,7.65672602739726,-3.537783347806631,-1.9779426795906292
1993-04-13,7.763731506849315,-3.6093682441887878,-1.9543632626605274
1993-04-14,7.844687671232877,-3.589510428944671,-2.0171772422882053
1993-04-15,7.993032876712329,-3.46416206224288,-2.2468708144694487
1993-04-16,8.055180821917808,-3.311106284230938,-2.1850745376868703
1993-04-17,8.090369863013699,-3.244348433862128,-2.28302142915157
1993-04-18,8.117134246575343,-2.975595852197218,-2.1975383943781255
1993-04-19,8.140024657534248,-2.6407631159836598,-1.786261541550588
1993-04-20,8.161742465753424,-2.581964380472596,-1.1727780852808278
1993-04-21,8.180208219178082,-2.3740142575361713,1.2038060383580889
1993-04-22,8.196517808219179,-1.708426972674914,0.9089091644557354
1993-04-23,8.210821917808218,-1.4544225469636387,0.46860062915542033
1993-04-24,8.224032876712329,-1.4598808539534525,-0.4181520227588762
1993-04-25,8.235197260273972,-1.2709152761522584,-0.4072819841217137
1993-04-26,8.244227397260275,-0.9407757608730171,0.6435483636127423
1993-04-27,8.251391780821917,-0.6231576365316049,1.6227658557096871
1993-04-28,8.258424657534247,0.02735209300826165,1.7842232494574914
1993-04-29,8.265643835616437,0.18785557035283496,1.6865005940307283
1993-04-30,8.272602739726027,0.6329583452035549,-0.028561084929581315
1993-05-01,8.27933698630137,1.3081709198435265,-1.0665079061448959
1993-05-02,8.285454794520549,2.3344008460816723,-1.8748556406022217
1993-05-03,8.29091506849315,2.1017542707392063,-0.687669339232357
1993-05-04,8.295372602739725,3.1048546571108258,-0.8162272598505513
1993-05-05,8.299101369863013,4.309413561220415,-1.8085149310834279
1993-05-06,8.301704109589041,4.10853291492607,-2.1452370245151107
1993-05-07,8.303145205479451,3.0496698309780546,-1.590815036457505
1993-05-08,8.308493150684932,2.6788828973637235,-1.5363760480486546
1993-05-09,8.31333698630137,2.8937458408129677,-1.6220828271143377
1993-05-10,8.317117808219177,3.498809065259754,-1.811926873478931
1993-05-11,8.320808219178081,4.160799862590277,-2.466608081768358
1993-05-12,8.32425205479452,4.789499265470503,-3.642751320265023
1993-05-13,8.32701917808219,5.381327013977703,-5.008346192059895
1993-05-14,8.329810958904108,5.204383845730425,-4.976194804634534
1993-05-15,8.332265753424657,5.530811032242544,-4.932076785667202
1993-05-16,8.334575342465754,5.560187779696003,-4.2937631221617565
1993-05-17,8.336427397260273,6.052165299892701,-5.564592697152975
1993-05-18,8.337923287671234,6.63473979936583,-6.275663087037065
1993-05-19,8.339465753424657,6.534478120405521,-5.8679438738301775
1993-05-20,8.34106301369863,6.515019110921855,-2.6140821246204844
1993-05-21,8.341665753424657,5.188028664838258,1.2183055817370843
1993-05-22,8.342065753424658,4.778967196626105,-4.108032950050763
1993-05-23,8.341139726027398,4.64032076178241,-3.649460487809807
1993-05-24,8.332312328767124,5.6091405018596845,-4.287452830626808
1993-05-25,8.326309589041095,6.616472921951009,-3.1437825109921045
1993-05-26,8.323520547945206,6.825103901929934,0.2623755501248599
1993-05-27,8.321202739726028,6.7739253279924565,11.721871932281518
1993-05-28,8.314334246575342,7.400311348364778,3.4703544050598785
1993-05-29,8.308208219178082,7.336999722091508,-2.4402079412695903
1993-05-30,8.304986301369864,8.26541018924992,-2.938396490619784
1993-05-31,8.301490410958904,8.43693396866685,-2.128424379625754
1993-06-01,8.298427397260273,9.658998808849498,-4.06142620610977
1993-06-02,8.29554794520548,11.973274748435026,-3.5068226936405047
1993-06-03,8.29300821917808,10.39584756192291,-5.17685578110099
1993-06-04,8.290189041095891,9.516288587563933,-6.036477628659824
1993-06-05,8.287657534246575,8.904502356443455,-4.32715989069003
1993-06-06,8.28482191780822,8.934643627957332,-3.2754655457655506
1993-06-07,8.28191506849315,10.530866178010019,-3.4677812465031685
1993-06-08,8.279057534246576,10.956606185034957,-2.5666637192815323
1993-06-09,8.276353424657534,10.505431826060596,-0.19178525071813013
1993-06-10,8.274249315068493,10.47053172068652,28.255218964244985
1993-06-11,8.271986301369864,10.192893364522135,9.727120334108001
1993-06-12,8.269797260273972,10.779224239126984,3.7629785005990453
1993-06-13,8.267723287671233,12.416004850296636,-5.556728137967868
1993-06-14,8.265608219178082,10.470772114083077,-6.10738033326116
1993-06-15,8.263742465753424,11.096265826763092,-7.095008292516516
1993-06-16,8.261931506849315,11.505619813415707,-6.591551320265022
1993-06-17,8.260421917808218,11.663248264416762,-5.863670182224979
1993-06-18,8.259082191780822,12.145723642007207,-6.668805833788028
1993-06-19,8.258150684931508,11.588645384191963,-4.297796069123471
1993-06-20,8.257473972602739,11.291264140777843,-1.6877381133805809
1993-06-21,8.264350684931506,12.035223606882514,-4.082574291814021
1993-06-22,8.268271232876712,13.100672711202852,-3.2359439440795654
1993-06-23,8.26930410958904,12.883870041726212,1.3958258486847477
1993-06-24,8.269679452054795,11.686961506425893,-1.8656409584806877
1993-06-25,8.269569863013697,11.324662033296283,-5.09123189630998
1993-06-26,8.269786301369862,10.540313807093263,-5.364100108463125
1993-06-27,8.27113698630137,10.035217214188451,-4.845354200489821
1993-06-28,8.271169863013698,9.93424004523868,-3.504409908252377
1993-06-29,8.271421917808219,9.816529247908157,-3.9419511657163753
1993-06-30,8.271150684931506,12.900007398593086,-7.603158083524592
1993-07-01,8.270934246575342,10.913703699962952,-5.633637946538293
1993-07-02,8.270706849315069,10.071884247908157,-2.8665910972232247
1993-07-03,8.271701369863013,10.157063220510896,-5.5707645903739085
1993-07-04,8.271794520547946,12.014701165716376,-7.713495686264322
1993-07-05,8.270997260273973,10.63415383694925,-5.9721510972232235
1993-07-06,8.269997260273973,10.006386097223224,-3.4983833574971968
1993-07-07,8.268961643835617,10.888141782154731,-8.233103425990349
1993-07-08,8.267586301369864,9.105684795853362,-7.006271097223225
1993-07-09,8.266879452054795,9.207311028730073,-7.578190480784867
1993-07-10,8.26594794520548,7.952552655003343,-1.3455006002088243
1993-07-11,8.265783561643836,7.925656764592385,4.9465596737637805
1993-07-12,8.265550684931506,7.327076926165971,-2.8236276110974776
1993-07-13,8.264682191780821,6.9038262061097715,-3.6045083978905925
1993-07-14,8.26334794520548,6.26082683835424,-3.7891747835597203
1993-07-15,8.262043835616439,5.884137410886731,-0.24518124650316953
1993-07-16,8.260953424657535,6.320840747732532,-1.520794172390067
1993-07-17,8.25988493150685,7.43471879479962,-2.85460372630647
1993-07-18,8.258731506849315,6.324650933893403,-2.0983824407427187
1993-07-19,8.257397260273972,4.968738534876895,-1.1961357951508678
1993-07-20,8.256082191780822,4.885113877342649,-2.5901960691234702
1993-07-21,8.254854794520549,5.722986163960141,-4.55084095848069
1993-07-22,8.253893150684933,5.177009908252378,-4.785903058937311
1993-07-23,8.252539726027397,4.636426206109771,-3.8429659321371687
1993-07-24,8.251443835616438,3.992448334666147,-2.1148921702825856
1993-07-25,8.250493150684932,3.6898545868614403,-1.9833477375463713
1993-07-26,8.24954794520548,3.6678314045642852,-2.5833793497697655
1993-07-27,8.24834794520548,3.6802502313995507,-3.5885981766050317
1993-07-28,8.247369863013699,4.13114640280805,-3.1005162658217484
1993-07-29,8.246383561643835,3.334073905442403,-2.5844574670862377
1993-07-30,8.245230136986303,2.991736286896565,-2.2439664238828674
1993-07-31,8.243320547945206,2.9441608039320406,-0.38348135187724663
1993-08-01,8.24244383561644,2.334894699260457,-2.1323385348768964
1993-08-02,8.241567123287671,2.31483779725835,-2.1974049205460213
1993-08-03,8.240909589041097,3.7990474916735235,-3.6519570807146207
1993-08-04,8.240671232876712,2.364048826411844,-1.2907200592885566
1993-08-05,8.239950684931507,2.5136675829977237,-2.1166182679292307
1993-08-06,8.239290410958905,2.921965159393931,-3.2132555703528354
1993-08-07,8.238528767123288,1.7372281730925607,-2.2537569402158484
1993-08-08,8.237693150684933,1.9569758373004993,-2.7296689879854323
1993-08-09,8.23692602739726,1.5063648783963894,-2.48929090579365
1993-08-10,8.236213698630138,1.8695638949049949,-3.1637775935351327
1993-08-11,8.2353698630137,2.6149441548277204,-3.5533140178414206
1993-08-12,8.234578082191781,1.9049685313644256,-2.9765466135562066
1993-08-13,8.233775342465755,2.6122580290813207,-3.507033371547075
1993-08-14,8.233084931506852,1.7342658267630913,-2.7393507582699437
1993-08-15,8.232287671232879,0.9894446816981107,-1.9487323529309895
1993-08-16,8.231361643835617,0.9020908355442644,-2.083452479379882
1993-08-17,8.230860273972604,0.886244822196881,-2.4231050961694853
1993-08-18,8.229430136986304,1.259361506425894,-2.5927916434121983
1993-08-19,8.228575342465755,1.1944667400051003,-3.0870420824708544
1993-08-20,8.227657534246577,0.6013667048804077,-2.065024239126984
1993-08-21,8.22662191780822,0.7922628060395225,-2.4608847238477427
1993-08-22,8.225624657534247,2.2287738703177107,-3.2613985278519584
1993-08-23,8.224383561643837,3.354036954265726,-4.4904205159095625
1993-08-24,8.223098630136988,1.2482092057585252,-1.5293078358955132
1993-08-25,8.221797260273974,0.9993504772723991,-2.8351477375463725
1993-08-26,8.220457534246577,0.7687433820844819,-2.656200916331059
1993-08-27,8.218926027397263,0.259629297082726,0.46644467552001145
1993-08-28,8.21670684931507,0.1009574319615455,-1.3346642812766158
1993-08-29,8.214021917808221,0.6401830027378013,-3.0742049205460225
1993-08-30,8.211942465753427,0.5913782257796,-3.6543206915330275
1993-08-31,8.209945205479453,0.525896525744475,-3.9418417312239287
1993-09-01,8.207857534246576,0.17609575300123667,-3.782953287247813
1993-09-02,8.206515068493152,-0.153389038006842,-3.54412603048631
1993-09-03,8.205528767123289,0.35586252504198124,-4.18039129216527
1993-09-04,8.204756164383562,-0.03891422241147837,-3.069841941972084
1993-09-05,8.203665753424659,-0.7042099020742814,-2.852455851350377
1993-09-06,8.202583561643838,-0.2398114475607586,-3.3017721140830796
1993-09-07,8.201687671232879,-0.8398243734476568,-2.446863297785222
1993-09-08,8.201167123287672,-0.46818742227097965,-1.8169797010166915
1993-09-09,8.201487671232877,-0.9488720025309024,-0.45061566870197545
1993-09-10,8.202797260273973,-0.7858629403601964,3.6470656800862233
1993-09-11,8.205227397260277,0.24485486785898164,-1.1330822651192585
1993-09-12,8.207441095890413,-0.014948433862128177,-1.1044926620282849
1993-09-13,8.208915068493152,0.8344826866155677,3.65960224489128
1993-09-14,8.21026575342466,0.8062904140479524,20.683443832527384
1993-09-15,8.211706849315071,-0.6135197018635332,1.877812852548463
1993-09-16,8.2121698630137,-0.8763186481227537,0.15614878510905295
1993-09-17,8.211041095890412,-0.5380771307360307,-0.2939639651543816
1993-09-18,8.208734246575343,-0.5926495929769859,-0.8370846535983572
1993-09-19,8.206076712328768,-0.42636782269247625,-0.5657088896362912
1993-09-20,8.202786301369866,0.8555477375463716,-2.260334038916237
1993-09-21,8.199200000000001,1.2257669858779492,-2.7689669858779506
1993-09-22,8.195397260273975,2.25379157316281,16.675811166563214
1993-09-23,8.193791780821918,3.456872359955926,53.72033585922215
1993-09-24,8.196364383561646,4.805581457251325,82.11905415918703
1993-09-25,8.201682191780822,1.7907576427097018,56.05256016550948
1993-09-26,8.203964383561644,-0.21786813881470982,18.350903755253064
1993-09-27,8.20618082191781,-0.5600064598544008,9.487825637936592
1993-09-28,8.20931780821918,-0.13804741524604108,8.725729607026862
1993-09-29,8.215109589041099,0.7205788580240677,5.201311552934834
1993-09-30,8.220731506849315,-0.6241622729910359,5.730430766141721
1993-10-01,8.227457534246577,-0.1704941310872775,5.930036596840701
1993-10-02,8.232389041095892,0.565321464276263,17.347289494627844
1993-10-03,8.23532602739726,-0.6838547914314995,8.598528764034238
1993-10-04,8.237052054794521,-0.822216365017731,7.064164310223209
1993-10-05,8.238490410958905,-1.115946537128725,7.3764561261698205
1993-10-06,8.239161643835617,-0.8068088483335015,22.102647204497885
1993-10-07,8.238860273972604,-0.9873477313682752,16.312487457395672
1993-10-08,8.238789041095892,-0.5040292909046292,24.54824024980874
1993-10-09,8.238819178082192,0.06496818011749941,14.882212641800308
1993-10-10,8.237956164383563,-0.6844379315790233,9.35048176719546
1993-10-11,8.236624657534247,0.6683882714417001,6.912987071024053
1993-10-12,8.235345205479454,0.5542709549682197,37.04838383955233
1993-10-13,8.233693150684934,0.40454169609923435,27.22476515321583
1993-10-14,8.231915068493151,0.8116482644167619,51.05143666709009
1993-10-15,8.230583561643837,0.7429811060043977,19.258435332351766
1993-10-16,8.22758082191781,1.1747488615365362,8.694670316545656
1993-10-17,8.225383561643838,0.6746058337880295,6.193010604568133
1993-10-18,8.223164383561645,-0.5330746720075444,5.5919102884458995
1993-10-19,8.219753424657537,-1.0708397580630418,5.285086333405505
1993-10-20,8.215517808219179,-1.631827956166308,4.856310147947129
1993-10-21,8.204164383561645,-1.5952414440482892,3.9320770604866446
1993-10-22,8.193271232876713,-1.8444273941712255,3.346156161294513
1993-10-23,8.184252054794522,-1.8281763931174846,2.6889243383229626
1993-10-24,8.177597260273973,-2.183875304252012,2.2852780439780385
1993-10-25,8.170701369863014,-2.4297708434160445,1.7470694735530308
1993-10-26,8.16070684931507,-1.7278406010556653,0.8071337517405963
1993-10-27,8.148213698630139,-0.927450365720225,-0.351763332909914
1993-10-28,8.137846575342467,-0.8294849986671863,-0.6643615766752803
1993-10-29,8.132339726027396,-1.6844847176696447,0.1021449916422481
1993-10-30,8.133602739726028,-2.101494482334204,0.23189174260817635
1993-10-31,8.142586301369864,-2.365311623184222,0.2737253218143585
1993-11-01,8.152580821917809,-2.477579975836136,0.29499915391832676
1993-11-02,8.156117808219179,-2.345209550827355,0.18909174260817618
1993-11-03,8.156808219178082,-0.7437475908695045,-1.5720606283085772
1993-11-04,8.156805479452055,-1.2823447106447066,-1.4164607688073485
1993-11-05,8.150186301369864,-1.3678422167915276,-1.385344084578336
1993-11-06,8.14569315068493,-1.9435487148596695,0.35185556417473896
1993-11-07,8.147230136986302,-2.3033020692678186,0.15607193228151672
1993-11-08,8.151638356164383,-2.322721458098166,-0.4259168980662178
1993-11-09,8.154213698630137,-1.7834255676872073,-1.1827881309429302
1993-11-10,8.155846575342466,-2.298801542397429,-0.9060450329450371
1993-11-11,8.15605205479452,-2.338684085425177,-1.1023679693693431
1993-11-12,8.157723287671233,-2.533999505165254,-0.9367237825059789
1993-11-13,8.168317808219179,-2.2414702462962697,-1.5148475619229091
1993-11-14,8.175216438356165,-2.1839770253619526,-1.6202394129942115
1993-11-15,8.178191780821919,-2.7666846474202593,-1.1575071334016602
1993-11-16,8.19779178082192,-2.588360516756403,-1.6814312640655165
1993-11-17,8.231065753424659,-1.9672856309116542,-2.3427801225130054
1993-11-18,8.25050684931507,-2.008954896805578,-2.348551952509492
1993-11-19,8.251950684931508,-2.6619219498438635,-1.786028735087644
1993-11-20,8.243556164383563,-2.898953562067257,-1.9006026023163058
1993-11-21,8.25692876712329,-3.1399230035846433,-1.7260057635386463
1993-11-22,8.281076712328769,-3.3360941310872776,-1.5279825812414916
1993-11-23,8.2971698630137,-3.516784612295567,-1.6063852507181333
1993-11-24,8.308789041095892,-3.5870806432052964,-1.440708397890595
1993-11-25,8.318394520547947,-3.652757144785908,-1.4716373757620396
1993-11-26,8.288098630136986,-3.6451825048140076,-1.5139161253229787
1993-11-27,8.272326027397261,-3.515585806535117,-1.5077402208621433
1993-11-28,8.27527397260274,-3.578732136004734,-1.444541836598006
1993-11-29,8.278252054794521,-3.5522589361452335,-1.6489931186492877
1993-11-30,8.281216438356166,-3.5584796597139023,-1.8227367786422635
1993-12-01,8.287186301369864,-3.676716259643653,-1.7404700417262111
1993-12-02,8.294408219178083,-3.859165434213376,-1.5482427849647062
1993-12-03,8.329978082191781,-3.980515135653488,-1.5334629465382932
1993-12-04,8.348230136986302,-3.959714152162093,-1.6345159848242097
1993-12-05,8.351901369863015,-3.9901487851090556,-1.6077525847539595
1993-12-06,8.344597260273972,-4.043876568740948,-1.6377206915330236
1993-12-07,8.336397260273973,-4.1491310120145695,-1.5992662482594033
1993-12-08,8.332608219178084,-4.226475655498939,-1.4781325636791447
1993-12-09,8.326416438356166,-4.245750892590614,-1.3356655457655515
1993-12-10,8.229336986301371,-4.240996695189842,-1.3813402911115293
1993-12-11,8.179926027397261,-4.271360938252715,-1.338565089144546
1993-12-12,8.141934246575344,-4.170112114929919,-1.432822131645425
1993-12-13,8.126312328767124,-4.374036877838243,-1.3502754509288808
1993-12-14,8.119989041095891,-4.4451302392713306,-1.2358588018245609
1993-12-15,8.119824657534247,-4.427773442643302,-1.3170512148909452
1993-12-16,8.120893150684932,-3.6821667689516966,-2.022726381733235
1993-12-17,8.120715068493151,-4.134770773166659,-1.5239442953264923
1993-12-18,8.122202739726028,-4.235678395224966,-1.3595243445010619
1993-12-19,8.128569863013698,-4.381357355534064,-1.171212507479634
1993-12-20,8.136369863013698,-4.330535297227073,1.4931654342133758
1993-12-21,8.142035616438356,-3.66584277878661,-0.28619283765174597
1993-12-22,8.148545205479452,-3.824306775976635,-1.2732384295028174
1993-12-23,8.140005479452055,-4.028131082263955,-1.3878743971881002
1993-12-24,8.151416438356165,-4.030494131087277,-1.5299223072688877
1993-12-25,8.189145205479452,-3.891943867652082,-1.8222013378273703
1993-12-26,8.219679452054795,-4.0024626593626556,-1.767216792692139
1993-12-27,8.265191780821919,-3.9912474152460407,-1.8699443655758783
1993-12-28,8.283920547945208,-4.187782364315237,-1.70613818362997
1993-12-29,8.300336986301371,-4.269164239973825,-1.7131727463275466
1993-12-30,8.322539726027397,-4.3168335058677485,-1.671706220159649
1993-12-31,8.340660273972603,-4.117749979348605,-1.8439102946239982
1994-01-01,8.352465753424658,-4.2888382828259495,-1.3306274705987082
1994-01-02,8.371227397260274,-4.674010745066906,-1.4012166521933684
1994-01-03,8.39,-4.671347450370734,-1.792652549629266
1994-01-04,8.40527397260274,-4.653324549071121,-1.8909494235316204
1994-01-05,8.413786301369864,-4.797623249457492,-1.7061630519123723
1994-01-06,8.432013698630136,-4.843358128277302,-1.7616555703528345
1994-01-07,8.440780821917809,-4.928491883106948,-1.374288938810861
1994-01-08,8.450698630136987,-4.928287878891985,-1.493410751245002
1994-01-09,8.446942465753425,-4.850736491466624,-1.5482059742868008
1994-01-10,8.424906849315068,-4.290862237866343,-2.174044611448725
1994-01-11,8.425712328767123,-4.428815100528795,-2.2818972282383276
1994-01-12,8.429339726027397,-4.6178294314034,-2.1685102946239976
1994-01-13,8.433805479452054,-4.770564942467678,-2.045240536984376
1994-01-14,8.42901095890411,-4.872420509731464,-1.8585904491726453
1994-01-15,8.422950684931507,-4.709624092450116,-1.9953265924813914
1994-01-16,8.420671232876714,-4.695508672710039,-2.0991625601666755
1994-01-17,8.422364383561643,-4.881104738744461,-1.956259644817182
1994-01-18,8.42718904109589,-4.97155651254144,-1.94063252855445
1994-01-19,8.435073972602739,-5.011596414192301,-1.9144775584104377
1994-01-20,8.439950684931507,-4.949678746471893,-1.9512719384596142
1994-01-21,8.446468493150686,-5.0033148546559465,-2.0371536384947397
1994-01-22,8.45253698630137,-4.691527640044074,-2.234009346257295
1994-01-23,8.455082191780823,-4.555471791782747,-2.3836103999980764
1994-01-24,8.456134246575342,-4.608951595084467,-2.374182651490875
1994-01-25,8.45818904109589,-4.9558035796296025,-2.005385461466288
1994-01-26,8.464569863013697,-5.077918648122754,-1.8396512148909432
1994-01-27,8.465819178082192,-4.920008778084116,-1.976810399998076
1994-01-28,8.465936986301369,-4.770048820233748,-2.134888166067621
1994-01-29,8.465350684931506,-4.9742438325273906,-1.9031068524041155
1994-01-30,8.459824657534245,-5.0319649424676784,-1.8178597150665663
1994-01-31,8.460186301369863,-5.040197397683695,-1.7969889036861675
1994-02-01,8.460104109589041,-5.053829852899712,-1.7712742566893294
1994-02-02,8.461704109589041,-5.10705057646838,-1.5916535331206614
1994-02-03,8.463969863013698,-5.113554194311725,-1.7204156687019738
1994-02-04,8.467613698630137,-5.094958549773614,-1.7346551488565227
1994-02-05,8.474901369863014,-5.136538739446954,-1.7713626304160597
1994-02-06,8.481712328767124,-5.106476217494022,-1.7762361112731018
1994-02-07,8.49238904109589,-5.109231538884959,-1.784157502210931
1994-02-08,8.499621917808218,-5.143588546261145,-1.7660333715470733
1994-02-09,8.512279452054795,-5.078912325678075,-1.92736712637672
1994-02-10,8.52784109589041,-4.973080291958371,-1.9717608039320398
1994-02-11,8.5324301369863,-4.87918517429065,-2.0742449626956496
1994-02-12,8.533484931506848,-5.180480643205296,-1.7980042883015521
1994-02-13,8.537539726027397,-4.978482118442388,-1.9940576075850096
1994-02-14,8.53806301369863,-4.998999083668942,-2.0360639300296883
1994-02-15,8.538380821917809,-5.13942612968229,-1.7759546922355183
1994-02-16,8.539808219178083,-5.207620017985767,-1.9071882011923158
1994-02-17,8.543649315068492,-5.142672845523527,-1.9599764695449657
1994-02-18,8.544153424657534,-5.178863783352821,-1.9882896413047133
1994-02-19,8.545235616438354,-5.177917594381974,-2.0003180220563808
1994-02-20,8.547156164383562,-5.063111763682993,-2.150044400700569
1994-02-21,8.54741095890411,-5.087591285987172,-2.199819672916937
1994-02-22,8.547668493150685,-5.229912536426231,-2.071755956724453
1994-02-23,8.545657534246576,-5.2726325223763535,-2.0200250118702225
1994-02-24,8.547057534246575,-5.268173372393916,-2.039884161852659
1994-02-25,8.54591506849315,-5.256746396629954,-2.1351686718631955
1994-02-26,8.538317808219178,-5.118069052056719,-2.240248756162459
1994-02-27,8.535980821917807,-5.222948504111514,-2.1680323178062935
1994-02-28,8.537197260273972,-5.2823230738340285,-2.1318741864399433
1994-03-01,8.539369863013698,-5.27592454907112,-2.1164453139425783
1994-03-02,8.550498630136985,-5.284829150405858,-2.123669479731128
1994-03-03,8.558871232876712,-5.28737077316666,-2.1135004597100524
1994-03-04,8.586249315068493,-5.306462729612041,-2.0367865854564515
1994-03-05,8.597953424657533,-5.205065469338068,-2.0428879553194648
1994-03-06,8.604224657534246,-5.193543375906385,-2.251681281627861
1994-03-07,8.610035616438356,-5.243241654796445,-2.251793961641911
1994-03-08,8.616205479452054,-5.084042568038454,-2.4001629114136005
1994-03-09,8.623682191780821,-5.229053807940105,-2.1226283838407154
1994-03-10,8.652854794520547,-5.1583109909397535,-1.900543803580793
1994-03-11,8.663802739726027,-5.19122507594151,-1.4745776637845163
1994-03-12,8.655605479452054,-5.205810534318749,-1.0417949451333062
1994-03-13,8.654454794520547,-5.021683101933783,-1.2467716925867638
1994-03-14,8.65631506849315,-5.183144640395321,-1.3741704280978286
1994-03-15,8.647175342465754,-4.976675234002627,-1.5625001084631265
1994-03-16,8.651287671232875,-5.064484858168416,-1.38780281306446
1994-03-17,8.670690410958905,-5.0856064598544,-1.517083951104505
1994-03-18,8.683454794520546,-5.098743375906385,-1.7417114186141616
1994-03-19,8.691134246575341,-5.035867225572701,-1.8492670210026407
1994-03-20,8.696216438356164,-4.912216786514042,-2.016999651842122
1994-03-21,8.69790410958904,-4.818694131087277,-2.2142099785017626
1994-03-22,8.69949315068493,-4.665782715562163,-2.200710435122766
1994-03-23,8.700309589041094,-4.699931012014569,-2.048378577026525
1994-03-24,8.64557534246575,-4.6509270780489915,-1.5636482644167593
1994-03-25,8.507479452054794,-4.63719191823164,-0.36528753382315404
1994-03-26,8.346136986301367,-4.551629150405859,0.47349216410449113
1994-03-27,8.215668493150684,-4.468462799861426,-0.6532056932892587
1994-03-28,8.188901369863014,-4.547610042573052,-0.9152913272899621
1994-03-29,8.178912328767122,-4.395444043275546,-0.9324682854915762
1994-03-30,8.159369863013698,-4.372053175695637,0.03668331268193903
1994-03-31,8.146843835616437,-4.333039406816114,0.5131955711996774
1994-04-01,8.134550684931508,-4.334229220655244,0.9026785357237364
1994-04-02,8.120032876712328,-4.34338201306831,0.23834913635598198
1994-04-03,8.070542465753425,-4.30185043596961,-0.6966920297838151
1994-04-04,8.051953424657533,-4.169860551881096,-1.2550928727764372
1994-04-05,8.035139726027396,-3.9009337517405975,-1.7162059742867979
1994-04-06,8.015238356164383,-3.61181636501773,-2.176421991146653
1994-04-07,7.952509589041096,-3.636727499545303,-2.187782089495793
1994-04-08,7.905021917808219,-3.6336877383932134,-2.2513341794150055
1994-04-09,7.832413698630138,-3.751478043978039,-2.1439356546520982
1994-04-10,7.784419178082192,-3.692365785460302,-2.2680533926218907
1994-04-11,7.752934246575343,-3.5797138009151666,-2.424220445660176
1994-04-12,7.724123287671233,-3.537783347806631,-2.5123399398646025
1994-04-13,7.613082191780822,-3.6093682441887878,-2.4067139475920336
1994-04-14,7.528832876712329,-3.589510428944671,-2.3503224477676574
1994-04-15,7.377816438356165,-3.46416206224288,-2.1176543761132844
1994-04-16,7.313673972602739,-3.311106284230938,-2.5395676883718012
1994-04-17,7.276983561643835,-3.244348433862128,-2.271635127781707
1994-04-18,7.248098630136986,-2.975595852197218,-2.1385027779397685
1994-04-19,7.223917808219178,-2.6407631159836598,-2.115154692235518
1994-04-20,7.201893150684931,-2.581964380472596,-1.7589287702123348
1994-04-21,7.182520547945206,-2.3740142575361713,-1.9425062904090349
1994-04-22,7.168931506849315,-1.708426972674914,-2.0395045341744016
1994-04-23,7.155041095890411,-1.4544225469636387,-1.7676185489267724
1994-04-24,7.14324109589041,-1.4598808539534525,-1.7663602419369577
1994-04-25,7.132846575342466,-1.2709152761522584,-1.8219312991902075
1994-04-26,7.123873972602739,-0.9407757608730171,-1.884098211729722
1994-04-27,7.114723287671232,-0.6231576365316049,-1.8005656511396275
1994-04-28,7.106043835616438,0.02735209300826165,-0.8473959286247
1994-04-29,7.097635616438356,0.18785557035283496,0.84450881320881
1994-04-30,7.08945205479452,0.6329583452035549,1.6155896000019245
1994-05-01,7.0819095890410955,1.3081709198435265,3.409919491115379
1994-05-02,7.0753945205479445,2.3344008460816723,2.983204633370384
1994-05-03,7.069591780821918,2.1017542707392063,1.824653948438876
1994-05-04,7.06338904109589,3.1048546571108258,0.6677563017932844
1994-05-05,7.0578657534246565,4.309413561220415,-0.5682793146450722
1994-05-06,7.057364383561643,4.10853291492607,-3.3168972984877128
1994-05-07,7.096884931506849,3.0496698309780546,-2.0245547624849034
1994-05-08,7.133213698630136,2.6788828973637235,0.19990340400614048
1994-05-09,7.140964383561643,2.8937458408129677,1.15928977562539
1994-05-10,7.144150684931507,3.498809065259754,0.3010402498087399
1994-05-11,7.145671232876712,4.160799862590277,-0.6954710954669885
1994-05-12,7.146553424657533,4.789499265470503,-2.3900526901280363
1994-05-13,7.1474958904109585,5.381327013977703,-3.218822904388661
1994-05-14,7.147610958904108,5.204383845730425,0.07300519536546712
1994-05-15,7.1478383561643835,5.530811032242544,-1.2296493884069273
1994-05-16,7.147402739726027,5.560187779696003,-2.02059051942203
1994-05-17,7.147246575342464,6.052165299892701,2.778588124764834
1994-05-18,7.147884931506848,6.63473979936583,7.059375269127321
1994-05-19,7.148008219178081,6.534478120405521,2.4195136604163983
1994-05-20,7.147758904109589,6.515019110921855,-0.8937780150314438
1994-05-21,7.149186301369863,5.188028664838258,-0.6532149662081217
1994-05-22,7.157871232876712,4.778967196626105,1.957161570497183
1994-05-23,7.16278904109589,4.64032076178241,6.3428901971217
1994-05-24,7.165906849315068,5.6091405018596845,2.7529526488252483
1994-05-25,7.168920547945206,6.616472921951009,2.2546065301037848
1994-05-26,7.170742465753424,6.825103901929934,4.921153632316644
1994-05-27,7.172890410958903,6.7739253279924565,1.8121842610486407
1994-05-28,7.175038356164383,7.400311348364778,-1.1473497045291605
1994-05-29,7.176454794520547,7.336999722091508,-0.23245451661205419
1994-05-30,7.177446575342465,8.26541018924992,-0.7238567645923855
1994-05-31,7.178873972602739,8.43693396866685,0.07619205873041146
1994-06-01,7.180147945205478,9.658998808849498,-0.7641467540549769
1994-06-02,7.1812493150684915,11.973274748435026,0.24347593649648225
1994-06-03,7.182208219178081,10.39584756192291,8.916944218899008
1994-06-04,7.18284109589041,9.516288587563933,1.7328703165456556
1994-06-05,7.183920547945204,8.904502356443455,-1.8834229043886594
1994-06-06,7.1849479452054785,8.934643627957332,-4.84159157316281
1994-06-07,7.185950684931506,10.530866178010019,-5.364816862941525
1994-06-08,7.1868767123287665,10.956606185034957,-2.857482897363724
1994-06-09,7.187457534246574,10.505431826060596,-1.3628893603071717
1994-06-10,7.18778904109589,10.47053172068652,-6.092320761782409
1994-06-11,7.189254794520547,10.192893364522135,-7.225148159042682
1994-06-12,7.18986301369863,10.779224239126984,-9.024087252825613
1994-06-13,7.190575342465753,12.416004850296636,-10.181580192762388
1994-06-14,7.191605479452054,10.470772114083077,-7.341377593535132
1994-06-15,7.192427397260273,11.096265826763092,-6.083693224023365
1994-06-16,7.19358904109589,11.505619813415707,-5.133208854511596
1994-06-17,7.194263013698629,11.663248264416762,-4.862511278115392
1994-06-18,7.194961643835616,12.145723642007207,-5.061685285842823
1994-06-19,7.1955397260273966,11.588645384191963,-0.9111851102193587
1994-06-20,7.19618904109589,11.291264140777843,2.220546818126266
1994-06-21,7.189221917808219,12.035223606882514,-0.9394455246907327
1994-06-22,7.185254794520548,13.100672711202852,0.22307249427660025
1994-06-23,7.184328767123287,12.883870041726212,-0.6361988088494996
1994-06-24,7.183958904109589,11.686961506425893,3.385079589464519
1994-06-25,7.18398904109589,11.324662033296283,9.765348925607826
1994-06-26,7.18398904109589,10.540313807093263,6.866697151810847
1994-06-27,7.184449315068493,10.035217214188451,12.853333470743058
1994-06-28,7.184791780821917,9.93424004523868,4.417968173939402
1994-06-29,7.185394520547945,9.816529247908157,3.1360762315438997
1994-06-30,7.186002739726026,12.900007398593086,1.585989861680888
1994-07-01,7.186893150684931,10.913703699962952,2.064403149352117
1994-07-02,7.187709589041095,10.071884247908157,2.5254061630507483
1994-07-03,7.187161643835616,10.157063220510896,2.361775135653488
1994-07-04,7.187405479452054,12.014701165716376,0.22289335483157124
1994-07-05,7.188736986301369,10.63415383694925,0.6851091767493802
1994-07-06,7.1903643835616435,10.006386097223224,0.6882495192151339
1994-07-07,7.192010958904109,10.888141782154731,-0.5031527410588392
1994-07-08,7.194123287671232,9.105684795853362,-2.732808083524594
1994-07-09,7.195454794520547,9.207311028730073,-2.88676582325062
1994-07-10,7.197271232876712,7.952552655003343,-1.6478238878800546
1994-07-11,7.1993178082191776,7.925656764592385,-2.029974572811562
1994-07-12,7.20170410958904,7.327076926165971,-1.4657810357550112
1994-07-13,7.204799999999999,6.9038262061097715,-1.2206262061097704
1994-07-14,7.208134246575342,6.26082683835424,-1.1039610849295816
1994-07-15,7.211575342465753,5.884137410886731,-0.9447127533524844
1994-07-16,7.214813698630136,6.320840747732532,-2.6866544463626685
1994-07-17,7.218005479452055,7.43471879479962,-2.6447242742516757
1994-07-18,7.2214684931506845,6.324650933893403,-0.44311942704408747
1994-07-19,7.225065753424657,4.968738534876895,1.5971957116984488
1994-07-20,7.228506849315068,4.885113877342649,1.315379273342283
1994-07-21,7.231756164383561,5.722986163960141,-1.7477423283437012
1994-07-22,7.234572602739726,5.177009908252378,-1.3875825109921047
1994-07-23,7.237457534246575,4.636426206109771,-0.612883740356347
1994-07-24,7.239912328767122,3.992448334666147,-0.17436066343326928
1994-07-25,7.2422657534246575,3.6898545868614403,-0.5911203402860985
1994-07-26,7.244564383561643,3.6678314045642852,-0.828395788125929
1994-07-27,7.247101369863014,3.6802502313995507,-0.25835160126256396
1994-07-28,7.248819178082191,4.13114640280805,-1.6459655808902411
1994-07-29,7.250758904109588,3.334073905442403,-1.5458328095519915
1994-07-30,7.252687671232876,2.991736286896565,-1.4654239581294415
1994-07-31,7.253742465753424,2.9441608039320406,-1.410903269685464
1994-08-01,7.25477808219178,2.334894699260457,-1.0126727814522374
1994-08-02,7.255769863013699,2.31483779725835,-1.2416076602720478
1994-08-03,7.256679452054794,3.7990474916735235,-2.0837269437283177
1994-08-04,7.257271232876711,2.364048826411844,0.5196799407114447
1994-08-05,7.258057534246575,2.5136675829977237,0.19527488275570182
1994-08-06,7.258605479452054,2.921965159393931,0.4274293611540152
1994-08-07,7.259380821917807,1.7372281730925607,1.2113910049896326
1994-08-08,7.260024657534246,1.9569758373004993,2.144999505165255
1994-08-09,7.260646575342466,1.5063648783963894,1.126988546261145
1994-08-10,7.261331506849315,1.8695638949049949,2.43110459824569
1994-08-11,7.2622027397260265,2.6149441548277204,3.0998531054462535
1994-08-12,7.262821917808219,1.9049685313644256,-0.32979044917264577
1994-08-13,7.263569863013698,2.6122580290813207,-2.1518278920950187
1994-08-14,7.264287671232877,1.7342658267630913,-0.29055349799596786
1994-08-15,7.265063013698629,0.9894446816981107,-0.7905076953967397
1994-08-16,7.26604109589041,0.9020908355442644,-1.0021319314346737
1994-08-17,7.26690410958904,0.886244822196881,-0.9381489317859215
1994-08-18,7.26851506849315,1.259361506425894,-0.22987657491904367
1994-08-19,7.269873972602739,1.1944667400051003,-1.94434071260784
1994-08-20,7.271361643835616,0.6013667048804077,-0.7137283487160235
1994-08-21,7.2728602739726025,0.7922628060395225,-0.8061230800121246
1994-08-22,7.274679452054794,2.2287738703177107,-2.2174533223725055
1994-08-23,7.276786301369863,3.354036954265726,-3.4488232556355882
1994-08-24,7.279019178082192,1.2482092057585252,-1.3192283838407166
1994-08-25,7.281227397260274,0.9993504772723991,-1.3835778745326728
1994-08-26,7.283402739726027,0.7687433820844819,-2.1361461218105084
1994-08-27,7.285745205479452,0.259629297082726,-1.3733745025621777
1994-08-28,7.287884931506849,0.1009574319615455,-1.258842363468394
1994-08-29,7.290268493150684,0.6401830027378013,-1.706451495888485
1994-08-30,7.292561643835616,0.5913782257796,-1.941939869615216
1994-08-31,7.29478904109589,0.525896525744475,1.035314433159635
1994-09-01,7.296912328767123,0.17609575300123667,0.18399191823164066
1994-09-02,7.298887671232876,-0.153389038006842,7.3565013667739665
1994-09-03,7.3009287671232865,0.35586252504198124,0.9962087078347327
1994-09-04,7.302265753424656,-0.03891422241147837,0.12164846898682194
1994-09-05,7.304169863013698,-0.7042099020742814,0.1680400390605834
1994-09-06,7.30610410958904,-0.2398114475607586,-0.1532926620282816
1994-09-07,7.3078739726027395,-0.8398243734476568,1.1759504008449175
1994-09-08,7.30905205479452,-0.46818742227097965,9.72313536747646
1994-09-09,7.309602739726026,-0.9488720025309024,4.437269262804876
1994-09-10,7.3092493150684925,-0.7858629403601964,1.548613625291703
1994-09-11,7.307863013698629,0.24485486785898164,-0.6557178815576106
1994-09-12,7.30665205479452,-0.014948433862128177,0.4752963790676088
1994-09-13,7.306197260273971,0.8344826866155677,1.2263200531104619
1994-09-14,7.3056958904109575,0.8062904140479524,23.089013695541087
1994-09-15,7.3048821917808215,-0.6135197018635332,9.866637510082711
1994-09-16,7.3044082191780815,-0.8763186481227537,5.722910428944672
1994-09-17,7.304526027397259,-0.5380771307360307,3.4155511033387724
1994-09-18,7.304827397260273,-0.5926495929769859,1.9218221957167132
1994-09-19,7.305402739726027,-0.42636782269247625,0.9509650829664493
1994-09-20,7.3063808219178075,0.8555477375463716,-0.7839285594641789
1994-09-21,7.306279452054794,1.2257669858779492,-1.578046437932743
1994-09-22,7.3057917808219175,2.25379157316281,-2.4125833539847275
1994-09-23,7.3043287671232875,3.456872359955926,4.204798872920786
1994-09-24,7.300536986301369,4.805581457251325,24.12488155644731
1994-09-25,7.295095890410957,1.7907576427097018,9.33814646687934
1994-09-26,7.292687671232876,-0.21786813881470982,9.492180467581834
1994-09-27,7.291457534246575,-0.5600064598544008,6.7565489256078255
1994-09-28,7.28998904109589,-0.13804741524604108,2.512058374150151
1994-09-29,7.285893150684931,0.7205788580240677,1.5585279912910008
1994-09-30,7.2804301369863005,-0.6241622729910359,2.1837321360047355
1994-10-01,7.273471232876712,-0.1704941310872775,1.5850228982105659
1994-10-02,7.269150684931507,0.565321464276263,0.24652785079222972
1994-10-03,7.268701369863013,-0.6838547914314995,2.7801534215684867
1994-10-04,7.270019178082191,-0.822216365017731,1.8941971869355403
1994-10-05,7.272753424657534,-1.115946537128725,1.0781931124711914
1994-10-06,7.276852054794519,-0.8068088483335015,0.16895679353898274
1994-10-07,7.284095890410958,-0.9873477313682752,-0.06574815904268294
1994-10-08,7.294386301369862,-0.5040292909046292,-1.0093570104652327
1994-10-09,7.301312328767122,0.06496818011749941,-1.6982805088846216
1994-10-10,7.306843835616437,-0.6844379315790233,-1.210405904037414
1994-10-11,7.31206301369863,0.6683882714417001,-2.6784512851403304
1994-10-12,7.318342465753423,0.5542709549682197,-2.564613420721643
1994-10-13,7.325312328767122,0.40454169609923435,-2.6178540248663564
1994-10-14,7.3308164383561625,0.8116482644167619,-3.168464702772924
1994-10-15,7.335232876712328,0.7429811060043977,-3.2582139827167254
1994-10-16,7.340241095890409,1.1747488615365362,-3.8099899574269456
1994-10-17,7.344372602739725,0.6746058337880295,-3.4689784365277543
1994-10-18,7.348676712328766,-0.5330746720075444,-2.3596020403212212
1994-10-19,7.355186301369862,-1.0708397580630418,-1.8893465433068208
1994-10-20,7.360715068493149,-1.631827956166308,-1.359887112326841
1994-10-21,7.368446575342465,-1.5952414440482892,-0.19220513129417527
1994-10-22,7.407043835616436,-1.8444273941712255,-0.9376164414452108
1994-10-23,7.435947945205478,-1.8281763931174846,-0.869771552087993
1994-10-24,7.4585753424657515,-2.183875304252012,-0.7897000382137391
1994-10-25,7.475320547945204,-2.4297708434160445,-0.8325497045291592
1994-10-26,7.487419178082191,-1.7278406010556653,-1.8595785770265256
1994-10-27,7.494917808219177,-0.927450365720225,-2.866467442498952
1994-10-28,7.4995726027397245,-0.8294849986671863,-3.095087604072538
1994-10-29,7.501660273972601,-1.6844847176696447,-2.2541755563029566
1994-10-30,7.501528767123286,-2.101494482334204,-1.8890342847890822
1994-10-31,7.495649315068492,-2.365311623184222,-1.4573376918842702
1994-11-01,7.493328767123286,-2.477579975836136,-1.16374879128715
1994-11-02,7.496783561643834,-2.345209550827355,-1.4155740108164792
1994-11-03,7.501175342465752,-0.7437475908695045,-2.932427751596247
1994-11-04,7.506380821917807,-1.2823447106447066,-0.9490361112730998
1994-11-05,7.520673972602738,-1.3678422167915276,13.66916824418879
1994-11-06,7.5374328767123275,-1.9435487148596695,14.220115838147343
1994-11-07,7.550493150684931,-2.3033020692678186,3.5818089185828885
1994-11-08,7.560739726027396,-2.322721458098166,1.3279817320707696
1994-11-09,7.567709589041094,-1.7834255676872073,-0.04128402135388631
1994-11-10,7.570808219178081,-2.298801542397429,0.0009933232193470865
1994-11-11,7.578013698630135,-2.338684085425177,-0.18032961320495833
1994-11-12,7.582605479452054,-2.533999505165254,-0.3196059742867998
1994-11-13,7.571917808219177,-2.2414702462962697,-0.8354475619229071
1994-11-14,7.560632876712328,-2.1839770253619526,-1.1646558513503753
1994-11-15,7.550347945205478,-2.7666846474202593,-0.5866632977852184
1994-11-16,7.526413698630135,-2.588360516756403,-0.7770531818737321
1994-11-17,7.4933780821917795,-1.9672856309116542,-1.560092451280125
1994-11-18,7.472652054794519,-2.008954896805578,-1.6616971579889412
1994-11-19,7.455868493150684,-2.6619219498438635,-0.46894654330681984
1994-11-20,7.439852054794519,-2.898953562067257,2.0731015072727375
1994-11-21,7.419295890410957,-3.1399230035846433,0.9066271131736858
1994-11-22,7.39249315068493,-3.3360941310872776,0.498600980402347
1994-11-23,7.379761643835615,-3.516784612295567,0.4110229684599518
1994-11-24,7.374652054794519,-3.5870806432052964,0.15842858841077723
1994-11-25,7.375983561643835,-3.652757144785908,0.254773583142073
1994-11-26,7.3804109589041085,-3.6451825048140076,0.17777154590989896
1994-11-27,7.384383561643834,-3.515585806535117,-0.10279775510871714
1994-11-28,7.393599999999999,-3.578732136004734,-0.20086786399526524
1994-11-29,7.42687123287671,-3.5522589361452335,-0.2766122967314768
1994-11-30,7.440328767123287,-3.5584796597139023,-0.5168491074093842
1994-12-01,7.440389041095889,-3.676716259643653,-0.4916727814522357
1994-12-02,7.422720547945204,-3.859165434213376,-0.3265551137318279
1994-12-03,7.381687671232875,-3.980515135653488,-0.3541725355793863
1994-12-04,7.362838356164382,-3.959714152162093,-0.25512420400228875
1994-12-05,7.3573287671232865,-3.9901487851090556,-0.2381799820142314
1994-12-06,7.357309589041095,-4.043876568740948,-0.2844330203001473
1994-12-07,7.357660273972602,-4.1491310120145695,-0.2825292619580324
1994-12-08,7.3469123287671225,-4.226475655498939,-0.28043667326818333
1994-12-09,7.334523287671232,-4.245750892590614,-0.22277239508061797
1994-12-10,7.334821917808219,-4.240996695189842,0.04817477738162257
1994-12-11,7.341679452054794,-4.271360938252715,-0.2783185138020787
1994-12-12,7.349580821917808,-4.170112114929919,-0.38046870698788915
1994-12-13,7.3566301369863005,-4.374036877838243,-0.20459325914805682
1994-12-14,7.360942465753423,-4.4451302392713306,-0.1768122264820926
1994-12-15,7.359331506849315,-4.427773442643302,-0.13255806420601246
1994-12-16,7.355630136986301,-3.6821667689516966,-1.0114633680346046
1994-12-17,7.348873972602739,-4.134770773166659,-0.4971031994360793
1994-12-18,7.346210958904109,-4.235678395224966,-0.3725325636791439
1994-12-19,7.343147945205479,-4.381357355534064,-0.14879058967141567
1994-12-20,7.346783561643836,-4.330535297227073,-0.2602482644167621
1994-12-21,7.365005479452055,-3.66584277878661,-0.9571627006654451
1994-12-22,7.376871232876712,-3.824306775976635,-0.8395644569000771
1994-12-23,7.375523287671233,-4.028131082263955,-0.7583922054072785
1994-12-24,7.350123287671233,-4.030494131087277,-0.7176291565839552
1994-12-25,7.30462191780822,-3.891943867652082,-0.9376780501561379
1994-12-26,7.278542465753425,-4.0024626593626556,-0.6580798063907691
1994-12-27,7.252931506849315,-3.9912474152460407,-0.7326840916032742
1994-12-28,7.262345205479452,-4.187782364315237,-0.46456284116421553
1994-12-29,7.276813698630137,-4.269164239973825,-0.4676494586563118
1994-12-30,7.289408219178082,-4.3168335058677485,-0.3135747133103335
1994-12-31,7.300293150684931,-4.117749979348605,-0.5055431713363268
1995-01-01,7.323961643835616,-4.2888382828259495,-0.5021233610096658
1995-01-02,7.371863013698629,-4.674010745066906,-0.31285226863172344
1995-01-03,7.385419178082191,-4.671347450370734,-0.30207172771145707
1995-01-04,7.386860273972602,-4.653324549071121,-0.2785357249014817
1995-01-05,7.3883753424657534,-4.797623249457492,-0.07975209300826158
1995-01-06,7.3934931506849315,-4.843358128277302,0.047864977592370295
1995-01-07,7.412180821917808,-4.928491883106948,0.1403110611891405
1995-01-08,7.430632876712329,-4.928287878891985,0.18965500217965658
1995-01-09,7.449476712328766,-4.850736491466624,0.19625977913785775
1995-01-10,7.466975342465753,-4.290862237866343,-0.34511310459941047
1995-01-11,7.4829616438356155,-4.428815100528795,-0.2091465433068196
1995-01-12,7.50637808219178,-4.6178294314034,-0.028548650788381202
1995-01-13,7.5318794520547945,-4.770564942467678,0.11268549041288356
1995-01-14,7.54758904109589,-4.872420509731464,0.20483146863557433
1995-01-15,7.565334246575342,-4.709624092450116,0.027289845874773455
1995-01-16,7.5755123287671235,-4.695508672710039,0.009996343942916042
1995-01-17,7.580005479452056,-4.881104738744461,0.19909925929240568
1995-01-18,7.585397260273973,-4.97155651254144,0.15715925226746652
1995-01-19,7.600364383561644,-5.011596414192301,0.10623203063065745
1995-01-20,7.623865753424658,-4.949678746471893,-0.10718700695276517
1995-01-21,7.647646575342467,-5.0033148546559465,-0.18533172068652082
1995-01-22,7.66683287671233,-4.691527640044074,-0.5523052366682553
1995-01-23,7.681079452054795,-4.555471791782747,-0.7506076602720482
1995-01-24,7.700180821917809,-4.608951595084467,-0.7792292268333414
1995-01-25,7.713216438356165,-4.9558035796296025,-0.33441285872656223
1995-01-26,7.725994520547946,-5.077918648122754,-0.47407587242519256
1995-01-27,7.7384,-4.920008778084116,-0.5413912219158838
1995-01-28,7.744383561643836,-4.770048820233748,-0.7093347414100881
1995-01-29,7.7496630136986315,-4.9742438325273906,-0.8024191811712411
1995-01-30,7.75833698630137,-5.0319649424676784,-0.7383720438336914
1995-01-31,7.770767123287671,-5.040197397683695,-0.7455697256039757
1995-02-01,7.779830136986302,-5.053829852899712,-0.7590002840865893
1995-02-02,7.785150684931508,-5.10705057646838,-0.6991001084631279
1995-02-03,7.786134246575344,-5.113554194311725,-0.7555800522636194
1995-02-04,7.786309589041096,-5.094958549773614,-0.8533510392674817
1995-02-05,7.784597260273973,-5.136538739446954,-0.798058520827019
1995-02-06,7.783901369863013,-5.106476217494022,-0.843425152368992
1995-02-07,7.781882191780822,-5.109231538884959,-0.8466506528958622
1995-02-08,7.780156164383562,-5.143588546261145,-0.7965676181224168
1995-02-09,7.775202739726027,-5.078912325678075,-0.8722904140479528
1995-02-10,7.76678904109589,-4.973080291958371,-0.9847087491375195
1995-02-11,7.770495890410959,-4.87918517429065,-1.0393107161203083
1995-02-12,7.7745643835616445,-5.180480643205296,-0.777083740356348
1995-02-13,7.775679452054796,-4.978482118442388,-0.9491973336124078
1995-02-14,7.778476712328767,-4.998999083668942,-0.9194776286598243
1995-02-15,7.77907397260274,-5.13942612968229,-0.7016478429204502
1995-02-16,7.777161643835617,-5.207620017985767,-0.5565416258498503
1995-02-17,7.772178082191781,-5.142672845523527,-0.6925052366682536
1995-02-18,7.773394520547946,-5.178863783352821,-0.6745307371951252
1995-02-19,7.778065753424658,-5.177917594381974,-0.6861481590426841
1995-02-20,7.778723287671234,-5.063111763682993,-0.7176115239882401
1995-02-21,7.7795698630137,-5.087591285987172,-0.6629785770265277
1995-02-22,7.7804904109589055,-5.229912536426231,-0.48957787453267443
1995-02-23,7.780134246575344,-5.2726325223763535,-0.4485017241989899
1995-02-24,7.780441095890412,-5.268173372393916,-0.4792677234964966
1995-02-25,7.781986301369864,-5.256746396629954,-0.5162399047399093
1995-02-26,7.781605479452056,-5.118069052056719,-0.7025364273953363
1995-02-27,7.784794520547946,-5.222948504111514,-0.5468460164364313
1995-02-28,7.787068493150685,-5.2823230738340285,-0.5447454193166568
1995-03-01,7.787465753424659,-5.27592454907112,-0.5515412043535388
1995-03-02,7.779106849315069,-5.284829150405858,-0.577277698909211
1995-03-03,7.7736904109589045,-5.28737077316666,-0.6073196377922452
1995-03-04,7.750594520547946,-5.306462729612041,-0.4561317909359053
1995-03-05,7.742824657534246,-5.205065469338068,-0.699759188196178
1995-03-06,7.738046575342466,-5.193543375906385,-0.6905031994360806
1995-03-07,7.73441095890411,-5.243241654796445,-0.6701693041076657
1995-03-08,7.728764383561645,-5.084042568038454,-0.8667218155231904
1995-03-09,7.725008219178083,-5.229053807940105,-0.7939544112379773
1995-03-10,7.69829589041096,-5.1583109909397535,-0.7449848994712065
1995-03-11,7.6850876712328775,-5.19122507594151,-0.6248625952913676
1995-03-12,7.67729589041096,-5.205810534318749,-0.5694853560922111
1995-03-13,7.6729890410958905,-5.021683101933783,-0.7073059391621079
1995-03-14,7.668008219178082,-5.183144640395321,-0.5518635787827613
1995-03-15,7.737701369863014,-4.976675234002627,-0.8360261358603873
1995-03-16,7.69038082191781,-5.064484858168416,-0.7238959637493938
1995-03-17,7.670241095890412,-5.0856064598544,-0.6896346360360113
1995-03-18,7.657580821917809,-5.098743375906385,-0.6728374460114237
1995-03-19,7.648482191780822,-5.035867225572701,-0.6966149662081209
1995-03-20,7.642271232876713,-4.912216786514042,-0.75305444636267
1995-03-21,7.655643835616439,-4.818694131087277,-0.8149497045291625
1995-03-22,7.683443835616439,-4.665782715562163,-1.221661120054275
1995-03-23,7.692342465753425,-4.699931012014569,-1.218411453738856
1995-03-24,7.694783561643836,-4.6509270780489915,-1.1468564835948438
1995-03-25,7.673997260273973,-4.63719191823164,-0.9158053420423329
1995-03-26,7.593646575342467,-4.551629150405859,-0.7600174249366081
1995-03-27,7.561167123287671,-4.468462799861426,-0.8777043234262454
1995-03-28,7.532095890410959,-4.547610042573052,-0.7074858478379067
1995-03-29,7.511194520547946,-4.395444043275546,-0.8007504772724001
1995-03-30,7.502183561643836,-4.372053175695637,-0.8011303859481984
1995-03-31,7.4910438356164395,-4.333039406816114,-0.8250044288003249
1995-04-01,7.481471232876713,-4.334229220655244,-0.9842420122214683
1995-04-02,7.471572602739727,-4.34338201306831,-0.690190589671416
1995-04-03,7.462983561643836,-4.30185043596961,-0.25313312567422575
1995-04-04,7.45041095890411,-4.169860551881096,-0.17255040702301283
1995-04-05,7.440701369863014,-3.9009337517405975,-0.12376761812241588
1995-04-06,7.43649589041096,-3.61181636501773,-0.10167952539323011
1995-04-07,7.438002739726028,-3.636727499545303,0.9707247598192752
1995-04-08,7.438654794520549,-3.6336877383932134,1.9710329438726646
1995-04-09,7.436865753424658,-3.751478043978039,0.7796122905533811
1995-04-10,7.43441095890411,-3.692365785460302,0.10095482655619215
1995-04-11,7.432624657534246,-3.5797138009151666,-0.1989108566190798
1995-04-12,7.431331506849315,-3.537783347806631,0.07245184095731672
1995-04-13,7.429317808219178,-3.6093682441887878,0.3210504359696098
1995-04-14,7.42741095890411,-3.589510428944671,-0.239900529959439
1995-04-15,7.425627397260274,-3.46416206224288,-0.5534653350173935
1995-04-16,7.424057534246575,-3.311106284230938,-0.821951250015637
1995-04-17,7.422501369863014,-3.244348433862128,-0.9091529360008854
1995-04-18,7.421008219178082,-2.975595852197218,-0.7404123669808644
1995-04-19,7.420723287671233,-2.6407631159836598,0.06403982831242683
1995-04-20,7.420369863013699,-2.581964380472596,0.04059451745889664
1995-04-21,7.4196986301369865,-2.3740142575361713,0.6423156273991846
1995-04-22,7.4154767123287675,-1.708426972674914,11.801950260346146
1995-04-23,7.413194520547945,-1.4544225469636387,8.524228026415694
1995-04-24,7.410260273972603,-1.4598808539534525,6.22562057998085
1995-04-25,7.407394520547945,-1.2709152761522584,4.015520755604312
1995-04-26,7.405158904109589,-0.9407757608730171,2.2506168567634277
1995-04-27,7.403939726027397,-0.6231576365316049,0.6472179105042082
1995-04-28,7.403164383561643,0.02735209300826165,0.5544835234300954
1995-04-29,7.4026136986301365,0.18785557035283496,1.3015307310170279
1995-04-30,7.401852054794521,0.6329583452035549,1.2551896000019234
1995-05-01,7.401364383561644,1.3081709198435265,0.9444646965948296
1995-05-02,7.400331506849315,2.3344008460816723,1.811267647069012
1995-05-03,7.398528767123287,2.1017542707392063,2.756716962137506
1995-05-04,7.397090410958904,3.1048546571108258,1.9370549319302706
1995-05-05,7.3954657534246575,4.309413561220415,0.9941206853549271
1995-05-06,7.389909589041096,4.10853291492607,1.5675574960328342
1995-05-07,7.3438849315068495,3.0496698309780546,3.8454452375150967
1995-05-08,7.298408219178082,2.6788828973637235,4.801708883458194
1995-05-09,7.283241095890411,2.8937458408129677,4.757013063296621
1995-05-10,7.272712328767124,3.498809065259754,2.7164786059731214
1995-05-11,7.264578082191781,4.160799862590277,0.31662205521794284
1995-05-12,7.257999999999999,4.789499265470503,0.1285007345294984
1995-05-13,7.251731506849315,5.381327013977703,-1.6470585208270174
1995-05-14,7.246490410958904,5.204383845730425,-3.92687425668933
1995-05-15,7.24206301369863,5.530811032242544,-5.442874045941173
1995-05-16,7.238071232876711,5.560187779696003,-5.865259012572714
1995-05-17,7.234265753424657,6.052165299892701,-6.044431053317358
1995-05-18,7.230476712328766,6.63473979936583,-5.0812165116945955
1995-05-19,7.227484931506849,6.534478120405521,-5.224963051912369
1995-05-20,7.224632876712329,6.515019110921855,-7.096651987634185
1995-05-21,7.220013698630137,5.188028664838258,-6.570042363468395
1995-05-22,7.209221917808219,4.778967196626105,-5.597189114434324
1995-05-23,7.201608219178082,4.64032076178241,-3.478928980960492
1995-05-24,7.195715068493151,5.6091405018596845,-1.9238555703528348
1995-05-25,7.190654794520548,6.616472921951009,0.3678722835284436
1995-05-26,7.18667397260274,6.825103901929934,5.3912221254673245
1995-05-27,7.182572602739725,6.7739253279924565,3.4185020692678183
1995-05-28,7.178643835616438,7.400311348364778,0.2990448160187835
1995-05-29,7.175293150684931,7.336999722091508,3.1327071272235605
1995-05-30,7.172235616438356,8.26541018924992,11.425354194311723
1995-05-31,7.169164383561644,8.43693396866685,4.997901647771506
1995-06-01,7.166682191780822,9.658998808849498,-0.7286810006303188
1995-06-02,7.163827397260274,11.973274748435026,-6.1881021456953
1995-06-03,7.160805479452055,10.39584756192291,-6.038653041374964
1995-06-04,7.15813698630137,9.516288587563933,-5.1224255738653035
1995-06-05,7.155060273972603,8.904502356443455,-3.865562630416057
1995-06-06,7.152194520547945,8.934643627957332,-4.815838148505276
1995-06-07,7.149506849315069,10.530866178010019,-5.200373027325087
1995-06-08,7.147164383561644,10.956606185034957,-6.740770568596601
1995-06-09,7.144901369863014,10.505431826060596,-5.84233319592361
1995-06-10,7.1426273972602745,10.47053172068652,-5.938159117946793
1995-06-11,7.139904109589041,10.192893364522135,-4.672797474111176
1995-06-12,7.138156164383561,10.779224239126984,-6.088380403510545
1995-06-13,7.135994520547945,12.416004850296636,-7.553999370844582
1995-06-14,7.133810958904109,10.470772114083077,-5.709583072987187
1995-06-15,7.131397260273973,11.096265826763092,-6.610663087037064
1995-06-16,7.128427397260274,11.505619813415707,-6.4190472106759815
1995-06-17,7.125786301369863,11.663248264416762,-7.260034565786625
1995-06-18,7.1232493150684935,12.145723642007207,-5.9619729570757
1995-06-19,7.120657534246575,11.588645384191963,-1.9543029184385396
1995-06-20,7.117830136986301,11.291264140777843,3.6259057222358564
1995-06-21,7.115476712328768,12.035223606882514,5.785299680788718
1995-06-22,7.112975342465753,13.100672711202852,4.626351946331395
1995-06-23,7.110287671232877,12.883870041726212,-1.0541577129590873
1995-06-24,7.107728767123287,11.686961506425893,-5.809690273549181
1995-06-25,7.105167123287671,11.324662033296283,-6.763829156583954
1995-06-26,7.1030273972602735,10.540313807093263,-2.571341204353537
1995-06-27,7.100432876712328,10.035217214188451,3.589349909099221
1995-06-28,7.098106849315068,9.93424004523868,7.940653105446254
1995-06-29,7.095528767123287,9.816529247908157,8.506941984968556
1995-06-30,7.09311506849315,12.900007398593086,6.275877532913764
1995-07-01,7.090391780821918,10.913703699962952,6.1339045192151325
1995-07-02,7.088065753424657,10.071884247908157,11.264049998667184
1995-07-03,7.086128767123287,10.157063220510896,19.946808012365814
1995-07-04,7.084309589041096,12.014701165716376,5.2739892452425305
1995-07-05,7.082312328767123,10.63415383694925,1.3175338342836245
1995-07-06,7.080164383561643,10.006386097223224,1.351449519215132
1995-07-07,7.078323287671233,10.888141782154731,1.4785349301740371
1995-07-08,7.076128767123288,9.105684795853362,4.2061864370233515
1995-07-09,7.07338904109589,9.207311028730073,3.970299930174038
1995-07-10,7.070534246575342,7.952552655003343,5.356913098421314
1995-07-11,7.06765205479452,7.925656764592385,4.4886911806130945
1995-07-12,7.064893150684931,7.327076926165971,4.5060299231490974
1995-07-13,7.0627726027397255,6.9038262061097715,7.468401191150502
1995-07-14,7.061169863013698,6.26082683835424,8.351003298632058
1995-07-15,7.05947397260274,5.884137410886731,4.9413886165105305
1995-07-16,7.057643835616439,6.320840747732532,3.9475154166510293
1995-07-17,7.055493150684931,7.43471879479962,1.2327880545154493
1995-07-18,7.053139726027397,6.324650933893403,1.3652093400792005
1995-07-19,7.050673972602739,4.968738534876895,3.739587492520366
1995-07-20,7.048339726027397,4.885113877342649,6.958546396629954
1995-07-21,7.046093150684932,5.722986163960141,7.015920685354927
1995-07-22,7.044120547945205,5.177009908252378,7.482869543802417
1995-07-23,7.042367123287671,4.636426206109771,6.585206670602556
1995-07-24,7.04058904109589,3.992448334666147,5.224962624237962
1995-07-25,7.039153424657535,3.6898545868614403,6.583991988481024
1995-07-26,7.0379287671232875,3.6678314045642852,4.136239828312428
1995-07-27,7.036301369863013,3.6802502313995507,4.616448398737436
1995-07-28,7.035156164383562,4.13114640280805,3.0956974328083886
1995-07-29,7.033709589041095,3.334073905442403,0.8552165055165029
1995-07-30,7.032243835616438,2.991736286896565,0.6820198774869968
1995-07-31,7.03157808219178,2.9441608039320406,1.9772611138761786
1995-08-01,7.031073972602739,2.334894699260457,3.748031328136805
1995-08-02,7.030383561643836,2.31483779725835,2.2917786410978147
1995-08-03,7.029693150684931,3.7990474916735235,0.08525935764154502
1995-08-04,7.028942465753424,2.364048826411844,1.1070087078347317
1995-08-05,7.028490410958904,2.5136675829977237,0.4888420060433729
1995-08-06,7.027819178082192,2.921965159393931,0.033215662523877754
1995-08-07,7.027328767123287,1.7372281730925607,1.1894430597841525
1995-08-08,7.027087671232877,1.9569758373004993,1.6409364914666236
1995-08-09,7.026712328767124,1.5063648783963894,0.7309227928364863
1995-08-10,7.026068493150685,1.8695638949049949,0.8583676119443195
1995-08-11,7.025558904109589,2.6149441548277204,0.26549694106269106
1995-08-12,7.025041095890411,1.9049685313644256,1.2609903727451641
1995-08-13,7.024405479452055,2.6122580290813207,-0.42766350853337576
1995-08-14,7.023838356164384,1.7342658267630913,0.35689581707252516
1995-08-15,7.023205479452054,0.9894446816981107,0.4723498388498347
1995-08-16,7.02256712328767,0.9020908355442644,-0.5406579588319343
1995-08-17,7.021772602739725,0.886244822196881,-1.3910174249366059
1995-08-18,7.020810958904109,1.259361506425894,-1.801172465330003
1995-08-19,7.019852054794521,1.1944667400051003,-1.250318794799621
1995-08-20,7.018835616438356,0.6013667048804077,1.2437976786812375
1995-08-21,7.01778904109589,0.7922628060395225,-0.3110518471354127
1995-08-22,7.016717808219179,2.2287738703177107,-1.6504916785368895
1995-08-23,7.015224657534247,3.354036954265726,-2.8512616117999734
1995-08-24,7.01427397260274,1.2482092057585252,-1.1844831783612648
1995-08-25,7.013657534246576,0.9993504772723991,-1.004008011518975
1995-08-26,7.012706849315069,0.7687433820844819,-1.3014502313995502
1995-08-27,7.0117671232876715,0.259629297082726,-1.238396420370397
1995-08-28,7.010794520547945,0.1009574319615455,0.18224804749050916
1995-08-29,7.009572602739725,0.6401830027378013,-0.5957556054775262
1995-08-30,7.008391780821917,0.5913782257796,-1.5127700066015173
1995-08-31,7.00718904109589,0.525896525744475,-1.728085566840365
1995-09-01,7.006073972602739,0.17609575300123667,-1.5021697256039754
1995-09-02,7.005356164383561,-0.153389038006842,-0.7799671263767188
1995-09-03,7.0044876712328765,0.35586252504198124,-1.5433501962748575
1995-09-04,7.004,-0.03891422241147837,-1.324085777588521
1995-09-05,7.003065753424657,-0.7042099020742814,-0.857855851350376
1995-09-06,7.002060273972603,-0.2398114475607586,-1.910248826411844
1995-09-07,7.00094794520548,-0.8398243734476568,0.11187642824217636
1995-09-08,6.999942465753425,-0.46818742227097965,0.28224495651755466
1995-09-09,6.998797260273973,-0.9488720025309024,-0.07292525774307002
1995-09-10,6.9972876712328755,-0.7858629403601964,-0.9834247308726793
1995-09-11,6.995928767123287,0.24485486785898164,-1.9157836349822683
1995-09-12,6.997539726027396,-0.014948433862128177,-1.0335912921652681
1995-09-13,6.995616438356164,0.8344826866155677,26.974900875028265
1995-09-14,6.994482191780822,0.8062904140479524,6.128227394171226
1995-09-15,6.993010958904109,-0.6135197018635332,2.827508742959425
1995-09-16,6.99152602739726,-0.8763186481227537,1.414792620725494
1995-09-17,6.989731506849315,-0.5380771307360307,0.40934562388671514
1995-09-18,6.9879999999999995,-0.5926495929769859,-0.028350407023013613
1995-09-19,6.98624109589041,-0.42636782269247625,6.151126726802066
1995-09-20,6.984671232876712,0.8555477375463716,9.684781029576914
1995-09-21,6.983882191780822,1.2257669858779492,1.992350822341229
1995-09-22,6.983249315068493,2.25379157316281,-1.1990408882313028
1995-09-23,6.982265753424658,3.456872359955926,-3.0601381133805843
1995-09-24,6.981528767123287,4.805581457251325,-4.884110224374612
1995-09-25,6.981446575342465,1.7907576427097018,-2.203204218052167
1995-09-26,6.982323287671233,-0.21786813881470982,-0.8084551488565225
1995-09-27,6.982632876712328,-0.5600064598544008,-0.5636264168579275
1995-09-28,6.98191506849315,-0.13804741524604108,-0.4688676532471086
1995-09-29,6.980958904109588,0.7205788580240677,-2.202537762133656
1995-09-30,6.979810958904109,-0.6241622729910359,-1.0096486859130727
1995-10-01,6.9790027397260275,-0.1704941310872775,-1.7335086086387497
1995-10-02,6.977136986301369,0.565321464276263,-2.5964584505776322
1995-10-03,6.973920547945205,-0.6838547914314995,-1.514065756513706
1995-10-04,6.970353424657534,-0.822216365017731,-1.3501370596398032
1995-10-05,6.9653178082191785,-1.115946537128725,-0.14937127109045334
1995-10-06,6.959627397260274,-0.8068088483335015,1.0361814510732277
1995-10-07,6.951482191780823,-0.9873477313682752,0.5048655395874528
1995-10-08,6.941123287671234,-0.5040292909046292,-1.3090939967666042
1995-10-09,6.935290410958904,0.06496818011749941,-2.2282585910764037
1995-10-10,6.931975342465753,-0.6844379315790233,-1.48753741088673
1995-10-11,6.929857534246576,0.6683882714417001,-2.768245805688276
1995-10-12,6.927243835616439,0.5542709549682197,-2.9085147905846584
1995-10-13,6.92413698630137,0.40454169609923435,-2.912678682400604
1995-10-14,6.922413698630137,0.8116482644167619,-3.411061963046898
1995-10-15,6.920021917808219,0.7429811060043977,-3.4160030238126167
1995-10-16,6.91805205479452,1.1747488615365362,-3.9558009163310572
1995-10-17,6.916178082191781,0.6746058337880295,-3.5857839159798104
1995-10-18,6.913613698630137,-0.5330746720075444,-2.028539026622592
1995-10-19,6.909334246575343,-1.0708397580630418,-1.572494488512301
1995-10-20,6.907306849315068,-1.631827956166308,-1.1514788931487605
1995-10-21,6.905227397260273,-1.5952414440482892,-1.2699859532119835
1995-10-22,6.871783561643835,-1.8444273941712255,-1.23535616747261
1995-10-23,6.846794520547945,-1.8281763931174846,-1.3516181274304608
1995-10-24,6.827331506849314,-2.183875304252012,-1.2044562025973016
1995-10-25,6.811575342465753,-2.4297708434160445,-0.9848044990497087
1995-10-26,6.799199999999999,-1.7278406010556653,-1.6163593989443337
1995-10-27,6.7916410958904105,-0.927450365720225,-2.4461907301701853
1995-10-28,6.786,-0.8294849986671863,-2.5825150013328133
1995-10-29,6.779756164383561,-1.6844847176696447,-1.810271446713916
1995-10-30,6.774008219178082,-2.101494482334204,-1.339513736843878
1995-10-31,6.766706849315069,-2.365311623184222,-1.105395226130847
1995-11-01,6.754301369863013,-2.477579975836136,-1.0827213940268772
1995-11-02,6.745506849315069,-2.345209550827355,-1.189297298487714
1995-11-03,6.730282191780821,-0.7437475908695045,-2.7545346009113167
1995-11-04,6.710276712328767,-1.2823447106447066,-2.1809320016840603
1995-11-05,6.689632876712329,-1.3678422167915276,-2.298790659920801
1995-11-06,6.667087671232876,-1.9435487148596695,-1.5085389563732066
1995-11-07,6.644361643835616,-2.3033020692678186,-1.0480595745677972
1995-11-08,6.622646575342465,-2.322721458098166,-1.5769251172442988
1995-11-09,6.609731506849315,-1.7834255676872073,-2.052305939162108
1995-11-10,6.5995397260273965,-2.298801542397429,-1.4287381836299677
1995-11-11,6.5897424657534245,-2.338684085425177,-1.4800583803282477
1995-11-12,6.582364383561643,-2.533999505165254,-1.232364878396389
1995-11-13,6.578265753424658,-2.2414702462962697,-1.4577955071283881
1995-11-14,6.576909589041096,-2.1839770253619526,-1.637932563679143
1995-11-15,6.584021917808219,-2.7666846474202593,-1.0093372703879595
1995-11-16,6.594865753424657,-2.588360516756403,-1.228505236668254
1995-11-17,6.611728767123287,-1.9672856309116542,-1.7704431362116326
1995-11-18,6.660643835616439,-2.008954896805578,-1.8906889388108605
1995-11-19,6.754843835616438,-2.6619219498438635,-1.4539218857725746
1995-11-20,6.788024657534247,-2.898953562067257,-1.21407109546699
1995-11-21,6.803386301369863,-3.1399230035846433,-1.2564632977852197
1995-11-22,6.810216438356164,-3.3360941310872776,-1.0701223072688868
1995-11-23,6.8119643835616435,-3.516784612295567,-0.8681797712660759
1995-11-24,6.807158904109588,-3.5870806432052964,-0.7270782609042916
1995-11-25,6.7968602739726025,-3.652757144785908,-0.6631031291866947
1995-11-26,6.791561643835617,-3.6451825048140076,-0.6673791390216088
1995-11-27,6.7921863013698625,-3.515585806535117,-0.7336004948347452
1995-11-28,6.780282191780822,-3.578732136004734,-0.7035500557760876
1995-11-29,6.733912328767123,-3.5522589361452335,-0.7046533926218901
1995-11-30,6.708871232876712,-3.5584796597139023,-0.69139157316281
1995-12-01,6.70793698630137,-3.676716259643653,-0.801220726657716
1995-12-02,6.720161643835617,-3.859165434213376,-0.7269962096222407
1995-12-03,6.7316958904109585,-3.980515135653488,-0.678180754757471
1995-12-04,6.7409698630136985,-3.959714152162093,-0.7562557108516059
1995-12-05,6.745873972602739,-3.9901487851090556,-0.6727251874936835
1995-12-06,6.759608219178082,-4.043876568740948,-0.6677316504371342
1995-12-07,6.777021917808218,-4.1491310120145695,-0.5568909057936491
1995-12-08,6.80353698630137,-4.226475655498939,-0.5630613308024301
1995-12-09,6.827386301369862,-4.245750892590614,-0.5456354087792477
1995-12-10,6.841953424657534,-4.240996695189842,-0.45295672946769283
1995-12-11,6.851079452054794,-4.271360938252715,-0.4257185138020789
1995-12-12,6.86405205479452,-4.170112114929919,-0.6839399398646009
1995-12-13,6.880515068493151,-4.374036877838243,-0.5254781906549075
1995-12-14,6.896550684931507,-4.4451302392713306,-0.5934204456601755
1995-12-15,6.903569863013698,-4.427773442643302,-0.7607964203703963
1995-12-16,6.905282191780821,-3.6821667689516966,-1.525115422829125
1995-12-17,6.90673698630137,-4.134770773166659,-0.9809662131347103
1995-12-18,6.900934246575342,-4.235678395224966,-0.8732558513503763
1995-12-19,6.885183561643835,-4.381357355534064,-0.7228262061097714
1995-12-20,6.854490410958904,-4.330535297227073,-0.6269551137318308
1995-12-21,6.814758904109589,-3.66584277878661,-1.3199161253229796
1995-12-22,6.777931506849315,-3.824306775976635,-1.22162473087268
1995-12-23,6.759978082191781,-4.028131082263955,-1.0768469999278256
1995-12-24,6.747038356164383,-4.030494131087277,-1.0495442250771063
1995-12-25,6.734210958904109,-3.891943867652082,-1.148267091252027
1995-12-26,6.711471232876712,-4.0024626593626556,-1.0380085735140563
1995-12-27,6.673736986301369,-3.9912474152460407,-1.002489571055329
1995-12-28,6.624465753424658,-4.187782364315237,-0.767683389109421
1995-12-29,6.575780821917808,-4.269164239973825,-0.6476165819439839
1995-12-30,6.52394794520548,-4.3168335058677485,-0.5421144393377313
1995-12-31,6.4781726027397255,-4.117749979348605,-0.5324226233911205
1996-01-01,6.423767123287671,-4.2888382828259495,-0.3089288404617214
1996-01-02,6.342882191780822,-4.674010745066906,0.052128553286084234
1996-01-03,6.2963506849315065,-4.671347450370734,0.057996765439227715
1996-01-04,6.266424657534246,-4.653324549071121,0.05789989153687447
1996-01-05,6.255835616438356,-4.797623249457492,0.38078763301913643
1996-01-06,6.239057534246575,-4.843358128277302,0.4013005940307268
1996-01-07,6.215183561643835,-4.928491883106948,0.3373083214631132
1996-01-08,6.254726027397261,-4.928287878891985,0.3235618514947243
1996-01-09,6.231167123287671,-4.850736491466624,0.3625693681789537
1996-01-10,6.204287671232876,-4.290862237866343,-0.08942543336653319
1996-01-11,6.1788767123287665,-4.428815100528795,0.3209383882000294
1996-01-12,6.145361643835615,-4.6178294314034,0.7474677875677842
1996-01-13,6.11224109589041,-4.770564942467678,0.913323846577268
1996-01-14,6.089542465753424,-4.872420509731464,0.9948780439780402
1996-01-15,6.06924109589041,-4.709624092450116,0.7383829965597055
1996-01-16,6.054043835616438,-4.695508672710039,0.6724648370936013
1996-01-17,6.038830136986301,-4.881104738744461,0.8402746017581597
1996-01-18,6.020942465753425,-4.97155651254144,0.8696140467880156
1996-01-19,5.995065753424657,-5.011596414192301,0.8915306607676436
1996-01-20,5.963331506849315,-4.949678746471893,0.8333472396225776
1996-01-21,5.931030136986301,-5.0033148546559465,0.8912847176696452
1996-01-22,5.902978082191781,-4.691527640044074,0.562549557852293
1996-01-23,5.881534246575343,-4.555471791782747,0.5249375452074041
1996-01-24,5.868934246575343,-4.608951595084467,0.6050173485091248
1996-01-25,5.851427397260274,-4.9558035796296025,0.9333761823693285
1996-01-26,5.829720547945206,-5.077918648122754,1.0041981001775486
1996-01-27,5.812030136986301,-4.920008778084116,0.8569786410978155
1996-01-28,5.8019561643835615,-4.770048820233748,0.6980926558501865
1996-01-29,5.792956164383561,-4.9742438325273906,0.9112876681438298
1996-01-30,5.780865753424657,-5.0319649424676784,1.0550991890430215
1996-01-31,5.764353424657534,-5.040197397683695,1.0088439730261616
1996-02-01,5.753309589041097,-5.053829852899712,1.0155202638586154
1996-02-02,5.745509589041096,-5.10705057646838,1.0665409874272838
1996-02-03,5.7379342465753425,-5.113554194311725,1.127619947736382
1996-02-04,5.730158904109589,-5.094958549773614,0.957799645664025
1996-02-05,5.7219863013698635,-5.136538739446954,1.085552438077091
1996-02-06,5.714468493150686,-5.106476217494022,1.138007724343336
1996-02-07,5.705186301369864,-5.109231538884959,1.0930452375150956
1996-02-08,5.697205479452055,-5.143588546261145,1.0513830668090902
1996-02-09,5.686580821917808,-5.078912325678075,1.0303315037602667
1996-02-10,5.675917808219178,-4.973080291958371,0.917162483739193
1996-02-11,5.684276712328767,-4.87918517429065,0.8149084619618829
1996-02-12,5.690767123287672,-5.180480643205296,1.099713519917625
1996-02-13,5.684506849315069,-4.978482118442388,0.9109752691273192
1996-02-14,5.677805479452056,-4.998999083668942,0.9481936042168861
1996-02-15,5.6731424657534255,-5.13942612968229,1.1142836639288642
1996-02-16,5.669090410958905,-5.207620017985767,1.200529607026862
1996-02-17,5.666131506849316,-5.142672845523527,1.0635413386742103
1996-02-18,5.6614219178082195,-5.178863783352821,1.0664418655446006
1996-02-19,5.651405479452055,-5.177917594381974,1.0585121149299184
1996-02-20,5.645394520547946,-5.063111763682993,1.024717243135048
1996-02-21,5.640282191780822,-5.087591285987172,0.93130909420635
1996-02-22,5.637679452054795,-5.229912536426231,1.3062330843714363
1996-02-23,5.633293150684931,-5.2726325223763535,1.4733393716914223
1996-02-24,5.632298630136987,-5.268173372393916,1.321874742256929
1996-02-25,5.631830136986301,-5.256746396629954,1.290916259643653
1996-02-26,5.633402739726027,-5.118069052056719,1.0906663123306917
1996-02-27,5.634868493150686,-5.222948504111514,1.1570800109608284
1996-02-28,5.643441095890411,-5.2823230738340285,1.1678819779436171
1996-02-29,5.643531506849316,-5.27592454907112,1.1533930422218042
1996-03-01,5.645416438356165,-5.284829150405858,1.1494127120496929
1996-03-02,5.646356164383562,-5.28737077316666,1.258014608783098
1996-03-03,5.6454876712328765,-5.306462729612041,1.3319750583791645
1996-03-04,5.644252054794521,-5.205065469338068,1.2208134145435476
1996-03-05,5.642613698630138,-5.193543375906385,1.0639296772762474
1996-03-06,5.6414410958904115,-5.243241654796445,1.055800558906033
1996-03-07,5.6417315068493155,-5.084042568038454,0.8143110611891382
1996-03-08,5.637838356164384,-5.229053807940105,0.9262154517757217
1996-03-09,5.6318,-5.1583109909397535,0.9035109909397532
1996-03-10,5.62741095890411,-5.19122507594151,0.8818141170374005
1996-03-11,5.6249315068493155,-5.205810534318749,0.986879027469433
1996-03-12,5.621904109589042,-5.021683101933783,1.931778992344741
1996-03-13,5.616928767123288,-5.183144640395321,0.7972158732720329
1996-03-14,5.5328630136986305,-4.976675234002627,0.9548122203039968
1996-03-15,5.506679452054795,-5.064484858168416,0.9228054061136213
1996-03-16,5.493101369863014,-5.0856064598544,0.9455050899913857
1996-03-17,5.484109589041096,-5.098743375906385,0.8456337868652888
1996-03-18,5.477002739726028,-5.035867225572701,0.8428644858466727
1996-03-19,5.47072602739726,-4.912216786514042,0.7764907591167818
1996-03-20,5.44666301369863,-4.818694131087277,0.8210311173886469
1996-03-21,5.410106849315069,-4.665782715562163,0.7636758662470946
1996-03-22,5.3931068493150685,-4.699931012014569,0.8498241626995009
1996-03-23,5.382241095890411,-4.6509270780489915,0.806685982158581
1996-03-24,5.372460273972603,-4.63719191823164,1.116731644259037
1996-03-25,5.364065753424658,-4.551629150405859,1.4395633969812005
1996-03-26,5.356446575342465,-4.468462799861426,1.6470162245189606
1996-03-27,5.349813698630137,-4.547610042573052,1.5877963439429155
1996-03-28,5.34314794520548,-4.395444043275546,1.105296098070066
1996-03-29,5.334747945205479,-4.372053175695637,1.0173052304901575
1996-03-30,5.329098630136986,-4.333039406816114,0.9179407766791279
1996-03-31,5.323632876712329,-4.334229220655244,0.878596343942915
1996-04-01,5.318454794520548,-4.34338201306831,0.7819272185477617
1996-04-02,5.314879452054795,-4.30185043596961,0.7209709839148148
1996-04-03,5.312945205479452,-4.169860551881096,0.6629153464016442
1996-04-04,5.308627397260274,-3.9009337517405975,0.17030635448032383
1996-04-05,5.301441095890411,-3.61181636501773,-0.04362473087268093
1996-04-06,5.2902000000000005,-3.636727499545303,0.14552749954530242
1996-04-07,5.280986301369863,-3.6336877383932134,0.34770143702335066
1996-04-08,5.275158904109588,-3.751478043978039,0.8123191398684506
1996-04-09,5.2699260273972595,-3.692365785460302,1.0554397580630424
1996-04-10,5.264591780821917,-3.5797138009151666,1.1961220200932496
1996-04-11,5.259745205479452,-3.537783347806631,1.2900381423271794
1996-04-12,5.2568821917808215,-3.6093682441887878,1.3594860524079664
1996-04-13,5.25390410958904,-3.589510428944671,1.3046063193556305
1996-04-14,5.25078904109589,-3.46416206224288,0.7483730211469899
1996-04-15,5.247860273972602,-3.311106284230938,0.6352460102583359
1996-04-16,5.248457534246574,-3.244348433862128,0.5808908996155537
1996-04-17,5.257372602739726,-2.975595852197218,0.4872232494574922
1996-04-18,5.25978904109589,-2.6407631159836598,0.6629740748877699
1996-04-19,5.26033698630137,-2.581964380472596,1.460627394171226
1996-04-20,5.260698630136986,-2.3740142575361713,2.042315627399186
1996-04-21,5.2604931506849315,-1.708426972674914,1.749933821989982
1996-04-22,5.273917808219178,-1.4544225469636387,1.542504738744461
1996-04-23,5.285816438356164,-1.4598808539534525,1.2460644155972882
1996-04-24,5.29185205479452,-1.2709152761522584,0.3800632213577386
1996-04-25,5.296030136986301,-0.9407757608730171,-0.15725437611328397
1996-04-26,5.299621917808219,-0.6231576365316049,-0.00746428127661436
1996-04-27,5.302564383561643,0.02735209300826165,0.5960835234300953
1996-04-28,5.305013698630137,0.18785557035283496,1.1201307310170288
1996-04-29,5.307386301369863,0.6329583452035549,1.2516553534265826
1996-04-30,5.309969863013698,1.3081709198435265,0.3708592171427749
1996-05-01,5.312079452054794,2.3344008460816723,-0.6284802981364668
1996-05-02,5.313772602739725,2.1017542707392063,1.6314731265210694
1996-05-03,5.315331506849314,3.1048546571108258,-1.5381861639601402
1996-05-04,5.316427397260274,4.309413561220415,-4.2288409584806885
1996-05-05,5.3174383561643825,4.10853291492607,-3.894971271090453
1996-05-06,5.318695890410958,3.0496698309780546,-2.358365721389013
1996-05-07,5.319561643835616,2.6788828973637235,-1.5144445411993397
1996-05-08,5.319610958904109,2.8937458408129677,-1.2053567997170767
1996-05-09,5.320923287671232,3.498809065259754,-0.04573235293098721
1996-05-10,5.3227671232876705,4.160799862590277,-1.4615669858779476
1996-05-11,5.3232767123287665,4.789499265470503,-1.5127759777992695
1996-05-12,5.324043835616438,5.381327013977703,-2.412370849594142
1996-05-13,5.32776712328767,5.204383845730425,-3.504150969018096
1996-05-14,5.379295890410958,5.530811032242544,-4.075106922653502
1996-05-15,5.46478904109589,5.560187779696003,-1.4959768207918929
1996-05-16,5.491290410958904,6.052165299892701,-0.34345571085160564
1996-05-17,5.505934246575342,6.63473979936583,2.798325954058827
1996-05-18,5.517315068493151,6.534478120405521,14.339206811101327
1996-05-19,5.527153424657534,6.515019110921855,28.983827464420614
1996-05-20,5.539898630136986,5.188028664838258,7.221072705024758
1996-05-21,5.548542465753425,4.778967196626105,1.6704903376204694
1996-05-22,5.556682191780822,4.64032076178241,0.6589970464367685
1996-05-23,5.56352602739726,5.6091405018596845,0.34633347074305565
1996-05-24,5.5694547945205475,6.616472921951009,0.23507228352844312
1996-05-25,5.574879452054795,6.825103901929934,3.2440166460152717
1996-05-26,5.579517808219178,6.7739253279924565,3.0875568637883664
1996-05-27,5.5840712328767115,7.400311348364778,2.12161741875851
1996-05-28,5.587895890410959,7.336999722091508,0.37510438749753394
1996-05-29,5.5917068493150675,8.26541018924992,-3.9191170385649867
1996-05-30,5.595271232876712,8.43693396866685,-2.5682052015435612
1996-05-31,5.598723287671232,9.658998808849498,0.4982779034792699
1996-06-01,5.602432876712328,11.973274748435026,-0.1647076251473525
1996-06-02,5.606191780821917,10.39584756192291,-0.2740393427448282
1996-06-03,5.609909589041095,9.516288587563933,-0.18919817660502858
1996-06-04,5.613556164383561,8.904502356443455,-0.534058520827017
1996-06-05,5.616860273972602,8.934643627957332,1.7324960980700652
1996-06-06,5.620090410958904,10.530866178010019,2.685043411031076
1996-06-07,5.623268493150684,10.956606185034957,4.461125321814359
1996-06-08,5.6263424657534244,10.505431826060596,4.381225708185982
1996-06-09,5.629024657534245,10.47053172068652,0.8924436217792362
1996-06-10,5.631468493150685,10.192893364522135,0.1666381423271801
1996-06-11,5.633794520547944,10.779224239126984,0.15098124032507165
1996-06-12,5.636726027397259,12.416004850296636,-0.04573087769389339
1996-06-13,5.639523287671233,10.470772114083077,1.6377045982456906
1996-06-14,5.642682191780821,11.096265826763092,-2.5599480185439134
1996-06-15,5.646230136986301,11.505619813415707,-4.311849950402008
1996-06-16,5.6494684931506844,11.663248264416762,-5.252716757567446
1996-06-17,5.652263013698629,12.145723642007207,-6.608986655705836
1996-06-18,5.655139726027397,11.588645384191963,-6.2377851102193596
1996-06-19,5.65790410958904,11.291264140777843,-6.117168250366882
1996-06-20,5.6603150684931505,12.035223606882514,-7.261538675375665
1996-06-21,5.662747945205479,13.100672711202852,-7.3654206564083315
1996-06-22,5.665043835616437,12.883870041726212,-6.1619138773426485
1996-06-23,5.667090410958903,11.686961506425893,-9.092051917384797
1996-06-24,5.669430136986302,11.324662033296283,-10.010092170282585
1996-06-25,5.671586301369862,10.540313807093263,-9.439900108463124
1996-06-26,5.673950684931507,10.035217214188451,-8.757167899119958
1996-06-27,5.676328767123287,9.93424004523868,-8.621568812361968
1996-06-28,5.678471232876712,9.816529247908157,-7.846000480784869
1996-06-29,5.6804712328767115,12.900007398593086,-11.230478631469797
1996-06-30,5.682419178082191,10.913703699962952,-9.166122878045144
1996-07-01,5.683887671232876,10.071884247908157,-7.189771919141032
1996-07-02,5.685191780821918,10.157063220510896,-8.175255001332815
1996-07-03,5.686654794520548,12.014701165716376,-10.312355960236925
1996-07-04,5.688271232876712,10.63415383694925,-8.211425069825962
1996-07-05,5.690284931506849,10.006386097223224,-1.1236710287300724
1996-07-06,5.692452054794519,10.888141782154731,-3.259593836949251
1996-07-07,5.694520547945205,9.105684795853362,-3.126205343798567
1996-07-08,5.696671232876712,9.207311028730073,19.780017738393212
1996-07-09,5.698857534246575,7.952552655003343,-1.8704101892499176
1996-07-10,5.701098630136985,7.925656764592385,-3.955755394729371
1996-07-11,5.702846575342465,7.327076926165971,-3.4069235015084374
1996-07-12,5.704161643835615,6.9038262061097715,-3.4059878499453866
1996-07-13,5.704926027397259,6.26082683835424,-2.3817528657514995
1996-07-14,5.705742465753424,5.884137410886731,-1.9898798766401553
1996-07-15,5.706591780821917,6.320840747732532,-2.111432528554449
1996-07-16,5.708019178082191,7.43471879479962,-2.966737972881811
1996-07-17,5.709684931506848,6.324650933893403,-2.844335865400251
1996-07-18,5.711276712328766,4.968738534876895,-1.4500152472056609
1996-07-19,5.713317808219177,4.885113877342649,-1.1514316855618265
1996-07-20,5.7159424657534235,5.722986163960141,-3.2369286297135647
1996-07-21,5.718594520547944,5.177009908252378,-2.9816044288003223
1996-07-22,5.7212712328767115,4.636426206109771,-2.3326974389864823
1996-07-23,5.724158904109588,3.992448334666147,-1.2856072387757358
1996-07-24,5.726684931506848,3.6898545868614403,3.297460481631712
1996-07-25,5.7289945205479444,3.6678314045642852,-0.9448259251122297
1996-07-26,5.731391780821918,3.6802502313995507,-2.001642012221468
1996-07-27,5.733983561643834,4.13114640280805,-2.0601299644518845
1996-07-28,5.736956164383561,3.334073905442403,-1.5250300698259638
1996-07-29,5.739893150684931,2.991736286896565,-1.3106294375814955
1996-07-30,5.743038356164383,2.9441608039320406,-1.1471991600964233
1996-07-31,5.745989041095889,2.334894699260457,-0.9938837403563463
1996-08-01,5.749090410958903,2.31483779725835,-0.4579282082172531
1996-08-02,5.752350684931506,3.7990474916735235,-1.4843981766050294
1996-08-03,5.75510410958904,2.364048826411844,-0.3841529360008842
1996-08-04,5.758358904109588,2.5136675829977237,-1.0790264871073125
1996-08-05,5.761753424657533,2.921965159393931,-1.683718584051464
1996-08-06,5.7648164383561635,1.7372281730925607,-0.2920446114487243
1996-08-07,5.767695890410958,1.9569758373004993,-0.4876717277114573
1996-08-08,5.770060273972602,1.5063648783963894,-0.9254251523689914
1996-08-09,5.77329315068493,1.8695638949049949,-1.7668570455899246
1996-08-10,5.776479452054794,2.6149441548277204,-2.377423606882514
1996-08-11,5.779336986301368,1.9049685313644256,5.557694482334207
1996-08-12,5.78245205479452,2.6122580290813207,3.1832899161241586
1996-08-13,5.785747945205479,1.7342658267630913,-0.6900137719685702
1996-08-14,5.788794520547944,0.9894446816981107,-0.7392392022460547
1996-08-15,5.791668493150684,0.9020908355442644,-1.0117593286949482
1996-08-16,5.794742465753424,0.886244822196881,-1.6429872879503045
1996-08-17,5.797657534246574,1.259361506425894,-1.6580190406724682
1996-08-18,5.800608219178081,1.1944667400051003,-1.7500749591831808
1996-08-19,5.80404109589041,0.6013667048804077,-1.1974078007708175
1996-08-20,5.8076328767123275,0.7922628060395225,-1.2948956827518503
1996-08-21,5.810753424657533,2.2287738703177107,-2.310527294975244
1996-08-22,5.814805479452054,3.354036954265726,-2.60084243371778
1996-08-23,5.818334246575342,1.2482092057585252,-1.5895434523338665
1996-08-24,5.8212520547945195,0.9993504772723991,-0.17460253206691867
1996-08-25,5.824769863013698,0.7687433820844819,-0.28451324509817943
1996-08-26,5.828498630136985,0.259629297082726,0.5188720727802892
1996-08-27,5.832350684931506,0.1009574319615455,1.8956918831069483
1996-08-28,5.835339726027396,0.6401830027378013,3.7074772712348025
1996-08-29,5.838232876712327,0.5913782257796,-0.30961110249192714
1996-08-30,5.842010958904108,0.525896525744475,0.12509251535141708
1996-08-31,5.8460821917808214,0.17609575300123667,0.0008220552179415697
1996-09-01,5.849517808219177,-0.153389038006842,0.05887122978766446
1996-09-02,5.852715068493151,0.35586252504198124,-0.8425775935351322
1996-09-03,5.855635616438356,-0.03891422241147837,-0.7737213940268773
1996-09-04,5.858594520547944,-0.7042099020742814,-0.14138461847366313
1996-09-05,5.861197260273972,-0.2398114475607586,-0.6633858127132132
1996-09-06,5.864276712328767,-0.8398243734476568,-0.17245233888110978
1996-09-07,5.867076712328767,-0.46818742227097965,-0.7888892900577866
1996-09-08,5.86964109589041,-0.9488720025309024,-0.5457690933595075
1996-09-09,5.8722356164383545,-0.7858629403601964,-0.7633726760781576
1996-09-10,5.874120547945205,0.24485486785898164,-1.8989754158041872
1996-09-11,5.8724547945205465,-0.014948433862128177,-1.7245063606584183
1996-09-12,5.87577808219178,0.8344826866155677,-2.589260768807347
1996-09-13,5.8782493150684925,0.8062904140479524,-2.312539729116445
1996-09-14,5.881610958904108,-0.6135197018635332,-1.0170912570405748
1996-09-15,5.8853315068493135,-0.8763186481227537,-0.7610128587265595
1996-09-16,5.888550684931506,-0.5380771307360307,-1.0834735541954745
1996-09-17,5.891063013698629,-0.5926495929769859,-1.2224134207216433
1996-09-18,5.8932739726027386,-0.42636782269247625,-1.5389061499102623
1996-09-19,5.896421917808218,0.8555477375463716,-2.569969655354589
1996-09-20,5.900397260273971,1.2257669858779492,-3.1291642461519205
1996-09-21,5.904397260273972,2.25379157316281,-4.086188833436782
1996-09-22,5.908712328767123,3.456872359955926,-5.556584688723049
1996-09-23,5.912421917808219,4.805581457251325,-6.879003375059543
1996-09-24,5.915169863013698,1.7907576427097018,-3.9179275057234006
1996-09-25,5.91745205479452,-0.21786813881470982,-2.16458391597981
1996-09-26,5.919282191780821,-0.5600064598544008,-1.9332757319264204
1996-09-27,5.9209863013698625,-0.13804741524604108,-2.4739388861238214
1996-09-28,5.923136986301369,0.7205788580240677,-3.206715844325437
1996-09-29,5.926575342465753,-0.6241622729910359,-1.9514130694747174
1996-09-30,5.9301726027397255,-0.1704941310872775,-2.574678471652448
1996-10-01,5.934073972602739,0.565321464276263,-2.858395436879002
1996-10-02,5.936854794520547,-0.6838547914314995,-1.1830000030890475
1996-10-03,5.938860273972602,-0.822216365017731,-1.894643908954871
1996-10-04,5.941183561643834,-1.115946537128725,-1.7482370245151093
1996-10-05,5.944021917808218,-0.8068088483335015,-2.051213069474717
1996-10-06,5.946553424657534,-0.9873477313682752,-1.8532056932892587
1996-10-07,5.948876712328767,-0.5040292909046292,-2.4438474214241377
1996-10-08,5.950265753424657,0.06496818011749941,-3.153233933542156
1996-10-09,5.950490410958904,-0.6844379315790233,-2.4530524793798802
1996-10-10,5.949306849315068,0.6683882714417001,-3.556695120756768
1996-10-11,5.947484931506848,0.5542709549682197,-2.9737558864750673
1996-10-12,5.945778082191779,0.40454169609923435,-3.0213197782910135
1996-10-13,5.945484931506848,0.8116482644167619,-3.57113319592361
1996-10-14,5.946649315068493,0.7429811060043977,-3.5116304210728906
1996-10-15,5.947761643835616,1.1747488615365362,-2.767510505372152
1996-10-16,5.949509589041095,0.6746058337880295,0.6348845771708759
1996-10-17,5.95171506849315,-0.5330746720075444,-0.18464039648560548
1996-10-18,5.951693150684931,-1.0708397580630418,-0.4148533926218889
1996-10-19,5.948156164383561,-1.631827956166308,-0.06032820821725271
1996-10-20,5.942090410958903,-1.5952414440482892,-0.38184896691061376
1996-10-21,5.935764383561644,-1.8444273941712255,4.600663010609582
1996-10-22,5.9298602739726025,-1.8281763931174846,3.9083161191448816
1996-10-23,5.92476712328767,-2.183875304252012,1.9011081809643424
1996-10-24,5.921457534246574,-2.4297708434160445,1.43031330916947
1996-10-25,5.917706849315067,-1.7278406010556653,0.5761337517405982
1996-10-26,5.910764383561643,-0.927450365720225,-0.49131401784141826
1996-10-27,5.898046575342465,-0.8294849986671863,-0.800561576675279
1996-10-28,5.884772602739726,-1.6844847176696447,-0.04928788507008108
1996-10-29,5.869868493150684,-2.101494482334204,0.5076259891835195
1996-10-30,5.856342465753424,-2.365311623184222,0.574969157430798
1996-10-31,5.842928767123287,-2.477579975836136,0.44665120871284847
1996-11-01,5.825517808219178,-2.345209550827355,0.29969174260817644
1996-11-02,5.8205178082191775,-0.7437475908695045,-1.444770217349673
1996-11-03,5.82611506849315,-1.2823447106447066,-0.9277703578484437
1996-11-04,5.847150684931506,-1.3678422167915276,-0.9973084681399784
1996-11-05,5.867082191780821,-1.9435487148596695,-0.3925334769211517
1996-11-06,5.870350684931507,-2.3033020692678186,-0.25604861566368875
1996-11-07,5.865150684931507,-2.322721458098166,-0.34042922683334087
1996-11-08,5.854284931506849,-1.7834255676872073,-0.6238593638196419
1996-11-09,5.848413698630137,-2.298801542397429,-0.49161215623270804
1996-11-10,5.8446712328767125,-2.338684085425177,-0.45498714745153546
1996-11-11,5.8459671232876715,-2.533999505165254,0.8630323818775825
1996-11-12,5.854605479452054,-2.2414702462962697,18.073864766844217
1996-11-13,5.865893150684931,-2.1839770253619526,30.27808387467702
1996-11-14,5.8711013698630135,-2.7666846474202593,9.376583277557245
1996-11-15,5.873454794520549,-2.588360516756403,4.837905722235854
1996-11-16,5.866682191780822,-1.9672856309116542,3.1286034391308313
1996-11-17,5.829583561643836,-2.008954896805578,2.5313713351617424
1996-11-18,5.753158904109589,-2.6619219498438635,4.199763045734275
1996-11-19,5.737243835616439,-2.898953562067257,2.9917097264508183
1996-11-20,5.73391506849315,-3.1399230035846433,2.784007935091493
1996-11-21,5.730356164383562,-3.3360941310872776,2.5077379667037154
1996-11-22,5.72145205479452,-3.516784612295567,2.386332557501047
1996-11-23,5.7090794520547945,-3.5870806432052964,2.3510011911505018
1996-11-24,5.686832876712328,-3.652757144785908,2.13992426807358
1996-11-25,5.6628410958904105,-3.6451825048140076,2.123341408923597
1996-11-26,5.6389068493150685,-3.515585806535117,1.8156789572200487
1996-11-27,5.619397260273973,-3.578732136004734,1.8483348757307607
1996-11-28,5.615331506849316,-3.5522589361452335,1.7149274292959178
1996-11-29,5.614786301369863,-3.5584796597139023,1.6626933583440393
1996-11-30,5.604547945205479,-3.676716259643653,1.6561683144381738
1996-12-01,5.586715068493151,-3.859165434213376,1.778450365720225
1996-12-02,5.568569863013698,-3.980515135653488,1.8419452726397902
1996-12-03,5.5561342465753425,-3.959714152162093,1.7595799055867505
1996-12-04,5.551468493150685,-3.9901487851090556,1.7276802919583711
1996-12-05,5.545635616438356,-4.043876568740948,1.7252409523025913
1996-12-06,5.53247397260274,-4.1491310120145695,1.8476570394118292
1996-12-07,5.51918904109589,-4.226475655498939,1.8432866144030493
1996-12-08,5.543043835616438,-4.245750892590614,1.717707056974176
1996-12-09,5.5570794520547935,-4.240996695189842,1.7239172431350482
1996-12-10,5.568293150684932,-4.271360938252715,1.7060677875677834
1996-12-11,5.5853972602739725,-4.170112114929919,1.664714854655947
1996-12-12,5.606005479452055,-4.374036877838243,1.7700313983861884
1996-12-13,5.614865753424658,-4.4451302392713306,1.841264485846673
1996-12-14,5.623071232876713,-4.427773442643302,1.8147022097665886
1996-12-15,5.634123287671233,-3.6821667689516966,0.9280434812804632
1996-12-16,5.648416438356165,-4.134770773166659,1.2973543348104943
1996-12-17,5.669375342465753,-4.235678395224966,1.4083030527592126
1996-12-18,5.6806027397260275,-4.381357355534064,1.4907546158080365
1996-12-19,5.690221917808219,-4.330535297227073,1.4173133794188546
1996-12-20,5.697687671232877,-3.66584277878661,0.6851551075537334
1996-12-21,5.7116,-3.824306775976635,0.682706775976635
1996-12-22,5.800460273972603,-4.028131082263955,0.629670808291352
1996-12-23,5.827,-4.030494131087277,0.724494131087277
1996-12-24,5.844235616438356,-3.891943867652082,0.5287082512137262
1996-12-25,5.857668493150685,-4.0024626593626556,0.6787941662119703
1996-12-26,5.874597260273973,-3.9912474152460407,0.664650154972068
1996-12-27,5.895947945205479,-4.187782364315237,0.7428344191097582
1996-12-28,5.91757808219178,-4.269164239973825,0.7405861577820443
1996-12-29,6.048350684931506,-4.3168335058677485,0.6444828209362421
1996-12-30,6.1041041095890405,-4.117749979348605,0.37764586975956416
1996-12-31,6.127569863013699,-4.2888382828259495,0.46326841981225053
1997-01-01,6.151926027397261,-4.674010745066906,0.7770847176696449
1997-01-02,6.17945205479452,-4.671347450370734,0.7648953955762141
1997-01-03,6.212208219178082,-4.653324549071121,0.8471163298930384
1997-01-04,6.226526027397259,-4.797623249457492,1.2010972220602323
1997-01-05,6.236690410958904,-4.843358128277302,1.1586677173183983
1997-01-06,6.243684931506849,-4.928491883106948,1.093806951600099
1997-01-07,6.183956164383561,-4.928287878891985,1.1923317145084238
1997-01-08,6.188550684931507,-4.850736491466624,1.2231858065351169
1997-01-09,6.204060273972603,-4.290862237866343,0.5488019638937405
1997-01-10,6.215131506849315,-4.428815100528795,0.7646835936794805
1997-01-11,6.227298630136986,-4.6178294314034,0.9445308012664131
1997-01-12,6.236317808219178,-4.770564942467678,1.0872471342485
1997-01-13,6.246,-4.872420509731464,1.1484205097314635
1997-01-14,6.256830136986301,-4.709624092450116,1.0717939554638147
1997-01-15,6.2632739726027395,-4.695508672710039,1.0712347001072993
1997-01-16,6.2845945205479445,-4.881104738744461,1.1755102181965165
1997-01-17,6.304934246575343,-4.97155651254144,1.3306222659660976
1997-01-18,6.31214794520548,-5.011596414192301,1.5324484689868214
1997-01-19,6.318997260273973,-4.949678746471893,1.4456814861979201
1997-01-20,6.324057534246576,-5.0033148546559465,1.4752573204093706
1997-01-21,6.329358904109588,-4.691527640044074,1.1901687359344861
1997-01-22,6.334849315068492,-4.555471791782747,0.9936224767142545
1997-01-23,6.328665753424657,-4.608951595084467,0.9882858416598106
1997-01-24,6.336101369863013,-4.9558035796296025,1.3237022097665894
1997-01-25,6.357786301369863,-5.077918648122754,1.4221323467528908
1997-01-26,6.3679863013698625,-4.920008778084116,1.386022476714254
1997-01-27,6.3774273972602735,-4.770048820233748,1.1946214229734742
1997-01-28,6.385972602739726,-4.9742438325273906,1.4662712297876643
1997-01-29,6.392983561643836,-5.0319649424676784,1.5199813808238418
1997-01-30,6.400600000000001,-5.040197397683695,1.5045973976836944
1997-01-31,6.4109342465753425,-5.053829852899712,1.5478956063243694
1997-02-01,6.421186301369863,-5.10705057646838,1.3958642750985168
1997-02-02,6.434304109589041,-5.113554194311725,1.6192500847226836
1997-02-03,6.443843835616438,-5.094958549773614,1.4831147141571766
1997-02-04,6.453021917808219,-5.136538739446954,1.472516821638735
1997-02-05,6.460698630136987,-5.106476217494022,1.442777587357035
1997-02-06,6.467810958904109,-5.109231538884959,1.1934205799808502
1997-02-07,6.47992602739726,-5.143588546261145,1.4486625188638849
1997-02-08,6.494268493150685,-5.078912325678075,1.38564383252739
1997-02-09,6.505583561643835,-4.973080291958371,1.1304967303145355
1997-02-10,6.497408219178082,-4.87918517429065,1.1387769551125682
1997-02-11,6.492495890410959,-5.180480643205296,1.5009847527943374
1997-02-12,6.499372602739727,-4.978482118442388,1.2081095157026613
1997-02-13,6.508131506849316,-4.998999083668942,1.1668675768196266
1997-02-14,6.517032876712329,-5.13942612968229,1.3923932529699612
1997-02-15,6.528797260273973,-5.207620017985767,1.404822757711794
1997-02-16,6.538506849315068,-5.142672845523527,1.268165996208459
1997-02-17,6.54592602739726,-5.178863783352821,1.4349377559555605
1997-02-18,6.552531506849315,-5.177917594381974,1.468386087532659
1997-02-19,6.558112328767123,-5.063111763682993,1.2509994349158702
1997-02-20,6.561846575342465,-5.087591285987172,1.4887447106447071
1997-02-21,6.563295890410958,-5.229912536426231,1.6686166460152725
1997-02-22,6.567939726027397,-5.2726325223763535,1.6036927963489562
1997-02-23,6.569268493150685,-5.268173372393916,1.668904879243231
1997-02-24,6.572090410958904,-5.256746396629954,1.711655985671051
1997-02-25,6.575375342465753,-5.118069052056719,1.5546937095909663
1997-02-26,6.574893150684931,-5.222948504111514,1.3080553534265835
1997-02-27,6.620287671232877,-5.2823230738340285,1.2470354026011519
1997-02-28,6.635824657534247,-5.27592454907112,1.5400998915368729
1997-03-01,6.642065753424657,-5.284829150405858,1.6387633969812003
1997-03-02,6.652821917808218,-5.28737077316666,1.5055488553584415
1997-03-03,6.658923287671232,-5.306462729612041,1.4855394419408086
1997-03-04,6.664512328767123,-5.205065469338068,1.2665531405709451
1997-03-05,6.6719041095890415,-5.193543375906385,1.1146392663173437
1997-03-06,6.677613698630137,-5.243241654796445,0.9696279561663079
1997-03-07,6.6825753424657535,-5.084042568038454,0.8974672255727008
1997-03-08,6.687254794520548,-5.229053807940105,0.8987990134195574
1997-03-09,6.693093150684931,-5.1583109909397535,0.7782178402548219
1997-03-10,6.6978328767123285,-5.19122507594151,0.7583921992291813
1997-03-11,6.701150684931507,-5.205810534318749,0.598659849387241
1997-03-12,6.703986301369863,-5.021683101933783,0.2416968005639193
1997-03-13,6.707142465753424,-5.183144640395321,0.9200021746418967
1997-03-14,6.7116493150684935,-4.976675234002627,0.678025918934134
1997-03-15,6.718024657534247,-5.064484858168416,0.9384602006341689
1997-03-16,6.721093150684932,-5.0856064598544,1.0755133091694677
1997-03-17,6.722523287671233,-5.098743375906385,0.7822200882351522
1997-03-18,6.723243835616438,-5.035867225572701,0.5136233899562628
1997-03-19,6.7245698630136985,-4.912216786514042,0.3296469235003432
1997-03-20,6.726446575342465,-4.818694131087277,0.6902475557448113
1997-03-21,6.727093150684931,-4.665782715562163,0.8976895648772323
1997-03-22,6.728104109589041,-4.699931012014569,0.9748269024255283
1997-03-23,6.728761643835616,-4.6509270780489915,1.0351654342133751
1997-03-24,6.7302767123287675,-4.63719191823164,1.1129152059028722
1997-03-25,6.731065753424657,-4.551629150405859,1.0755633969812015
1997-03-26,6.731356164383562,-4.468462799861426,1.1051066354778638
1997-03-27,6.732298630136986,-4.547610042573052,0.8733114124360659
1997-03-28,6.733328767123288,-4.395444043275546,0.3371152761522582
1997-03-29,6.734934246575342,-4.372053175695637,0.4021189291202947
1997-03-30,6.735909589041096,-4.333039406816114,0.7661298177750182
1997-03-31,6.736764383561644,-4.334229220655244,0.7784648370936003
1997-04-01,6.737605479452055,-4.34338201306831,0.7867765336162549
1997-04-02,6.73828493150685,-4.30185043596961,0.3125655044627602
1997-04-03,6.7378986301369865,-4.169860551881096,-0.030038078255890888
1997-04-04,6.7386630136986305,-3.9009337517405975,-0.41172926195803283
1997-04-05,6.7391945205479455,-3.61181636501773,-0.4453781555302152
1997-04-06,6.739838356164384,-3.636727499545303,-0.38011085661908117
1997-04-07,6.740142465753424,-3.6336877383932134,-0.2634547273602106
1997-04-08,6.742939726027397,-3.751478043978039,-0.14846168204935806
1997-04-09,6.74528493150685,-3.692365785460302,-0.3379191460465485
1997-04-10,6.748150684931508,-3.5797138009151666,-0.7194368840163414
1997-04-11,6.755049315068494,-3.537783347806631,-0.8702659672618629
1997-04-12,6.768016438356165,-3.6093682441887878,-0.7746481941673768
1997-04-13,6.773619178082192,-3.589510428944671,-0.3221087491375205
1997-04-14,6.777369863013698,-3.46416206224288,-0.3532078007708179
1997-04-15,6.779367123287671,-3.311106284230938,-0.4902608390567331
1997-04-16,6.776986301369863,-3.244348433862128,-0.30963786750773536
1997-04-17,6.766934246575342,-2.975595852197218,-0.21733839437812463
1997-04-18,6.762545205479452,-2.6407631159836598,-0.8477820894957926
1997-04-19,6.760109589041097,-2.581964380472596,-1.330145208568501
1997-04-20,6.757860273972604,-2.3740142575361713,-1.6688460164364325
1997-04-21,6.755909589041097,-1.708426972674914,-2.054482616366183
1997-04-22,6.740506849315069,-1.4544225469636387,-2.07908430235143
1997-04-23,6.726468493150685,-1.4598808539534525,-2.0535876391972328
1997-04-24,6.7181643835616445,-1.2709152761522584,-2.254249107409386
1997-04-25,6.712052054794521,-0.9407757608730171,-2.9422762939215037
1997-04-26,6.705843835616438,-0.6231576365316049,-3.947686199084833
1997-04-27,6.700394520547946,0.02735209300826165,-5.4437466135562085
1997-04-28,6.6956493150684935,0.18785557035283496,-5.115504885421329
1997-04-29,6.691161643835617,0.6329583452035549,-5.572119989039172
1997-04-30,6.685994520547945,1.3081709198435265,-5.942165440391472
1997-05-01,6.6809452054794525,2.3344008460816723,-6.8933460515611245
1997-05-02,6.677287671232877,2.1017542707392063,-6.087041941972084
1997-05-03,6.6738767123287674,3.1048546571108258,-4.721731369439593
1997-05-04,6.670693150684931,4.309413561220415,-3.540106711905346
1997-05-05,6.667419178082191,4.10853291492607,2.433047906991738
1997-05-06,6.6645369863013695,3.0496698309780546,3.570793182720576
1997-05-07,6.66154794520548,2.6788828973637235,-1.6634308425692037
1997-05-08,6.671126027397261,2.8937458408129677,-4.454871868210228
1997-05-09,6.708421917808219,3.498809065259754,-5.399230983067973
1997-05-10,6.714136986301369,4.160799862590277,-4.995936848891647
1997-05-11,6.71732602739726,4.789499265470503,-4.272825292867763
1997-05-12,6.719986301369863,5.381327013977703,-3.335313315347566
1997-05-13,6.718504109589041,5.204383845730425,-1.7418879553194673
1997-05-14,6.669424657534246,5.530811032242544,-1.2452356897767896
1997-05-15,6.585676712328766,5.560187779696003,-0.7158644920247692
1997-05-16,6.55951506849315,6.052165299892701,-0.5526803683858521
1997-05-17,6.545345205479451,6.63473979936583,-0.713085004845281
1997-05-18,6.534016438356163,6.534478120405521,-0.21849455876168467
1997-05-19,6.524095890410958,6.515019110921855,0.09188499866718658
1997-05-20,6.511750684931506,5.188028664838258,0.44022065023023593
1997-05-21,6.50306301369863,4.778967196626105,-0.4990302103247357
1997-05-22,6.495594520547945,4.64032076178241,-1.578915282330354
1997-05-23,6.489150684931507,5.6091405018596845,-3.829291186791191
1997-05-24,6.48326301369863,6.616472921951009,-5.194735935649638
1997-05-25,6.4775178082191776,6.825103901929934,-5.778621710149111
1997-05-26,6.472542465753424,6.7739253279924565,-6.56246779374588
1997-05-27,6.467906849315069,7.400311348364778,-7.498218197679847
1997-05-28,6.463761643835617,7.336999722091508,-7.621761365927124
1997-05-29,6.459805479452054,8.26541018924992,-6.2712156687019736
1997-05-30,6.455824657534247,8.43693396866685,-3.6277586262010963
1997-05-31,6.451852054794521,9.658998808849498,-4.0918508636440185
1997-06-01,6.448106849315069,11.973274748435026,-7.519381597750096
1997-06-02,6.444498630136986,10.39584756192291,-7.735346192059896
1997-06-03,6.440953424657534,9.516288587563933,-5.559242012221468
1997-06-04,6.438043835616439,8.904502356443455,-3.061546192059893
1997-06-05,6.435295890410959,8.934643627957332,-1.2149395183682916
1997-06-06,6.4328739726027395,10.530866178010019,-2.9317401506127583
1997-06-07,6.430380821917809,10.956606185034957,-1.1949870069527648
1997-06-08,6.42808493150685,10.505431826060596,12.286483242432555
1997-06-09,6.425906849315069,10.47053172068652,5.2185614299984096
1997-06-10,6.422786301369863,10.192893364522135,3.468320334108002
1997-06-11,6.419761643835617,10.779224239126984,5.608014117037397
1997-06-12,6.417161643835616,12.416004850296636,6.695833505867748
1997-06-13,6.416813698630137,10.470772114083077,4.094414187286786
1997-06-14,6.414830136986302,11.096265826763092,-0.33709596374939466
1997-06-15,6.412605479452054,11.505619813415707,-1.0442252928677629
1997-06-16,6.409887671232877,11.663248264416762,-0.7961359356496374
1997-06-17,6.407649315068493,12.145723642007207,0.28562704292429864
1997-06-18,6.405243835616438,11.588645384191963,-2.8898892198084027
1997-06-19,6.4032109589041095,11.291264140777843,-3.3514750996819522
1997-06-20,6.400846575342466,12.035223606882514,-5.277070182224979
1997-06-21,6.3986465753424655,13.100672711202852,-3.023319286545318
1997-06-22,6.397158904109588,12.883870041726212,25.539971054164198
1997-06-23,6.395690410958904,11.686961506425893,-0.1336519173847961
1997-06-24,6.393591780821918,11.324662033296283,-4.443253814118201
1997-06-25,6.39171506849315,10.540313807093263,-5.257028875586412
1997-06-26,6.389501369863014,10.035217214188451,-3.293718584051465
1997-06-27,6.387334246575342,9.93424004523868,-1.5395742918140218
1997-06-28,6.385827397260274,9.816529247908157,-0.658356645168432
1997-06-29,6.384397260273973,12.900007398593086,35.79759534113295
1997-06-30,6.382983561643836,10.913703699962952,10.483312738393213
1997-07-01,6.381652054794521,10.071884247908157,0.6774636972973216
1997-07-02,6.38055890410959,10.157063220510896,0.0193778753795133
1997-07-03,6.379457534246575,12.014701165716376,-0.9581586999629526
1997-07-04,6.378358904109589,10.63415383694925,3.05448725894116
1997-07-05,6.3769041095890415,10.006386097223224,3.415709793187734
1997-07-06,6.374739726027397,10.888141782154731,-0.23188150818212883
1997-07-07,6.373008219178082,9.105684795853362,-1.251693015031444
1997-07-08,6.371268493150685,9.207311028730073,-2.6955795218807594
1997-07-09,6.369468493150685,7.952552655003343,-0.8640211481540279
1997-07-10,6.367235616438356,7.925656764592385,1.0391076189692585
1997-07-11,6.365260273972603,7.327076926165971,-0.02833720013857466
1997-07-12,6.363128767123287,6.9038262061097715,0.37604502676694196
1997-07-13,6.360931506849315,6.26082683835424,0.2542416547964441
1997-07-14,6.358684931506849,5.884137410886731,0.8911776576064208
1997-07-15,6.35647397260274,6.320840747732532,1.1916852796647275
1997-07-16,6.354073972602739,7.43471879479962,-1.260792767402359
1997-07-17,6.351583561643835,6.324650933893403,4.295765504462763
1997-07-18,6.349032876712329,4.968738534876895,5.336228588410776
1997-07-19,6.346641095890411,4.885113877342649,0.8482450267669401
1997-07-20,6.3435424657534245,5.722986163960141,-1.3645286297135657
1997-07-21,6.341024657534247,5.177009908252378,-1.7570345657866255
1997-07-22,6.338232876712329,4.636426206109771,-1.0146590828220994
1997-07-23,6.335904109589041,3.992448334666147,0.10664755574481255
1997-07-24,6.33428493150685,3.6898545868614403,0.43286048163171076
1997-07-25,6.333808219178082,3.6678314045642852,1.164360376257633
1997-07-26,6.332786301369863,3.6802502313995507,5.311963467230585
1997-07-27,6.331021917808219,4.13114640280805,1.0658316793837308
1997-07-28,6.328175342465753,3.334073905442403,1.3297507520918446
1997-07-29,6.325367123287672,2.991736286896565,1.2228965898157624
1997-07-30,6.3222219178082195,2.9441608039320406,0.8326172782597401
1997-07-31,6.319235616438356,2.334894699260457,1.2128696843011877
1997-08-01,6.316471232876712,2.31483779725835,2.7466909698649387
1997-08-02,6.313673972602739,3.7990474916735235,1.6962785357237364
1997-08-03,6.311416438356164,2.364048826411844,3.8475347352319913
1997-08-04,6.308484931506849,2.5136675829977237,1.8528474854954275
1997-08-05,6.305832876712328,2.921965159393931,1.1222019638937404
1997-08-06,6.303238356164384,1.7372281730925607,1.971533470743056
1997-08-07,6.300531506849316,1.9569758373004993,1.5754926558501852
1997-08-08,6.298479452054794,1.5063648783963894,2.9681556695488163
1997-08-09,6.295920547945205,1.8695638949049949,2.9455155571498004
1997-08-10,6.293084931506849,2.6149441548277204,1.2359709136654309
1997-08-11,6.290495890410959,1.9049685313644256,2.0625355782246144
1997-08-12,6.287523287671233,2.6122580290813207,0.8852186832474467
1997-08-13,6.284032876712329,1.7342658267630913,1.3217012965245793
1997-08-14,6.28066301369863,0.9894446816981107,1.9658923046032597
1997-08-15,6.277361643835616,0.9020908355442644,1.751547520620119
1997-08-16,6.273928767123287,0.886244822196881,2.1718264106798326
1997-08-17,6.270594520547945,1.259361506425894,1.4130439730261604
1997-08-18,6.267624657534246,1.1944667400051003,0.4909086024606537
1997-08-19,6.2643068493150675,0.6013667048804077,0.7533264458045246
1997-08-20,6.260419178082191,0.7922628060395225,0.28931801587828576
1997-08-21,6.257290410958904,2.2287738703177107,-1.3940642812766146
1997-08-22,6.253556164383561,3.354036954265726,-2.510593118649286
1997-08-23,6.249945205479452,1.2482092057585252,-0.32615441123797795
1997-08-24,6.246583561643835,0.9993504772723991,-0.11493403891623366
1997-08-25,6.24311506849315,0.7687433820844819,0.3271415494223683
1997-08-26,6.239350684931507,0.259629297082726,1.3070200179857672
1997-08-27,6.235553424657534,0.1009574319615455,1.3164891433809198
1997-08-28,6.232742465753424,0.6401830027378013,19.879074531508774
1997-08-29,6.230331506849315,0.5913782257796,4.969290267371085
1997-08-30,6.227238356164383,0.525896525744475,2.0178651180911427
1997-08-31,6.223610958904109,0.17609575300123667,3.5492932880946544
1997-09-01,6.2203178082191775,-0.153389038006842,1.9150712297876646
1997-09-02,6.21686301369863,0.35586252504198124,0.8332744612593886
1997-09-03,6.214320547945205,-0.03891422241147837,1.5655936744662735
1997-09-04,6.212621917808219,-0.7042099020742814,1.5885879842660626
1997-09-05,6.210876712328767,-0.2398114475607586,0.7979347352319913
1997-09-06,6.209857534246575,-0.8398243734476568,1.1899668392010812
1997-09-07,6.209416438356165,-0.46818742227097965,0.9997709839148146
1997-09-08,6.208405479452054,-0.9488720025309024,0.8454665230788488
1997-09-09,6.20746301369863,-0.7858629403601964,0.11239992666156584
1997-09-10,6.206693150684932,0.24485486785898164,-1.1965480185439135
1997-09-11,6.206221917808218,-0.014948433862128177,-0.9062734839460898
1997-09-12,6.20421095890411,0.8344826866155677,-1.2726936455196773
1997-09-13,6.2022657534246575,0.8062904140479524,-0.30955616747261006
1997-09-14,6.199641095890411,-0.6135197018635332,-0.21512139402687724
1997-09-15,6.196805479452054,-0.8763186481227537,-0.5504868313293011
1997-09-16,6.1947972602739725,-0.5380771307360307,-1.1267201295379414
1997-09-17,6.193657534246575,-0.5926495929769859,-1.0410079412695894
1997-09-18,6.192827397260274,-0.42636782269247625,-1.1534595745677971
1997-09-19,6.19052602739726,0.8555477375463716,-2.628073764943631
1997-09-20,6.187282191780822,1.2257669858779492,-3.0470491776587716
1997-09-21,6.18353698630137,2.25379157316281,-4.1253285594641795
1997-09-22,6.179487671232876,3.456872359955926,-5.274360031188802
1997-09-23,6.1751945205479455,4.805581457251325,-6.853775977799271
1997-09-24,6.170660273972603,1.7907576427097018,-4.067417916682304
1997-09-25,6.165819178082192,-0.21786813881470982,-2.068951039267482
1997-09-26,6.161879452054794,-0.5600064598544008,-1.7998729922003935
1997-09-27,6.159449315068493,-0.13804741524604108,-2.1264018998224516
1997-09-28,6.1581753424657535,0.7205788580240677,-3.085754200489821
1997-09-29,6.157408219178082,-0.6241622729910359,-1.8702459461870464
1997-09-30,6.158331506849315,-0.1704941310872775,-2.4958373757620373
1997-10-01,6.159334246575343,0.565321464276263,-2.835655710851606
1997-10-02,6.161427397260274,-0.6838547914314995,-1.5485726058287748
1997-10-03,6.166178082191781,-0.822216365017731,-1.84296171717405
1997-10-04,6.18593698630137,-1.115946537128725,-1.7989904491726454
1997-10-05,6.193435616438356,-0.8068088483335015,-2.065626768104855
1997-10-06,6.198093150684931,-0.9873477313682752,-1.993745419316656
1997-10-07,6.201605479452056,-0.5040292909046292,-1.675576188547426
1997-10-08,6.203769863013699,0.06496818011749941,-2.5507380431311986
1997-10-09,6.205657534246575,-0.6844379315790233,-1.6622196026675522
1997-10-10,6.207643835616438,0.6683882714417001,-1.2970321070581385
1997-10-11,6.210093150684932,0.5542709549682197,1.4966358943468479
1997-10-12,6.211687671232877,0.40454169609923435,-1.2422293673321114
1997-10-13,6.211490410958904,0.8116482644167619,-2.468138675375666
1997-10-14,6.210430136986302,0.7429811060043977,-3.0464112429906995
1997-10-15,6.208843835616438,1.1747488615365362,-3.897592697152974
1997-10-16,6.206805479452055,0.6746058337880295,-3.2914113132400846
1997-10-17,6.203641095890411,-0.5330746720075444,-2.038566423882867
1997-10-18,6.201213698630137,-1.0708397580630418,-1.5533739405670952
1997-10-19,6.199479452054796,-1.631827956166308,-1.1326514958884875
1997-10-20,6.198550684931507,-1.5952414440482892,-1.3503092408832178
1997-10-21,6.19767397260274,-1.8444273941712255,-1.2832465784315144
1997-10-22,6.198509589041096,-1.8281763931174846,-1.4843331959236117
1997-10-23,6.201794520547946,-2.183875304252012,-1.4069192162959334
1997-10-24,6.206328767123288,-2.4297708434160445,-1.0855579237072432
1997-10-25,6.214104109589041,-1.7278406010556653,-1.9862635085333755
1997-10-26,6.230391780821918,-0.927450365720225,-2.799941415101693
1997-10-27,6.262230136986302,-0.8294849986671863,-2.896745138319116
1997-10-28,6.2795424657534245,-1.6844847176696447,-2.0820577480837796
1997-10-29,6.291005479452055,-2.101494482334204,-1.7995109971178511
1997-10-30,6.299468493150686,-2.365311623184222,-1.7111568699664637
1997-10-31,6.307046575342465,-2.477579975836136,-1.3524665995063292
1997-11-01,6.313180821917808,-2.345209550827355,-1.4329712710904525
1997-11-02,6.314709589041096,-0.7437475908695045,-3.100961998171591
1997-11-03,6.313572602739726,-1.2823447106447066,-2.61022789209502
1997-11-04,6.295534246575343,-1.3678422167915276,-2.497692029783815
1997-11-05,6.277180821917808,-1.9435487148596695,-1.8936321070581386
1997-11-06,6.275589041095891,-2.3033020692678186,2.8347130281719277
1997-11-07,6.286487671232877,-2.322721458098166,12.85123378686529
1997-11-08,6.301909589041096,-1.7834255676872073,1.0145159786461115
1997-11-09,6.319386301369863,-2.298801542397429,0.20141524102756625
1997-11-10,6.336457534246575,-2.338684085425177,0.02422655117860195
1997-11-11,6.348687671232876,-2.533999505165254,-0.18068816606762228
1997-11-12,6.357934246575342,-2.2414702462962697,-0.34346400027907187
1997-11-13,6.366454794520548,-2.1839770253619526,-0.7904777691585956
1997-11-14,6.3718958904109595,-2.7666846474202593,-0.6732112429907002
1997-11-15,6.372490410958904,-2.588360516756403,-0.8331298942025009
1997-11-16,6.366153424657535,-1.9672856309116542,-1.5058677937458806
1997-11-17,6.353290410958904,-2.008954896805578,-1.6133355141533259
1997-11-18,6.3390438356164385,-2.6619219498438635,-0.8921218857725748
1997-11-19,6.329728767123287,-2.898953562067257,-0.7717752050560303
1997-11-20,6.325353424657534,-3.1399230035846433,-0.5334304210728904
1997-11-21,6.325517808219178,-3.3360941310872776,-0.4394236771319009
1997-11-22,6.328430136986301,-3.516784612295567,-0.3696455246907342
1997-11-23,6.332298630136986,-3.5870806432052964,-0.3692179869316896
1997-11-24,6.333778082191781,-3.652757144785908,-0.323020937405873
1997-11-25,6.337736986301369,-3.6451825048140076,-0.24355448148736158
1997-11-26,6.344742465753424,-3.515585806535117,-0.4031566592183071
1997-11-27,6.365978082191781,-3.578732136004734,-0.3422459461870466
1997-11-28,6.379791780821918,-3.5522589361452335,-0.5025328446766846
1997-11-29,6.376112328767123,-3.5584796597139023,-0.5486326690532204
1997-11-30,6.37385205479452,-3.676716259643653,-0.4801357951508667
1997-12-01,6.372942465753425,-3.859165434213376,-0.32477703154004933
1997-12-02,6.378756164383562,-3.980515135653488,-0.2622410287300738
1997-12-03,6.395438356164384,-3.959714152162093,-0.14172420400229013
1997-12-04,6.411183561643835,-3.9901487851090556,-0.1350347765347797
1997-12-05,6.42878904109589,-4.043876568740948,-0.041912472354942665
1997-12-06,6.452282191780822,-4.1491310120145695,0.01784882023374834
1997-12-07,6.563756164383562,-4.226475655498939,-0.0392805088846222
1997-12-08,6.573860273972603,-4.245750892590614,-0.108109381381988
1997-12-09,6.560131506849315,-4.240996695189842,-0.4181348116594732
1997-12-10,6.563035616438356,-4.271360938252715,-0.3926746781856405
1997-12-11,6.553172602739727,-4.170112114929919,-0.25206048780980694
1997-12-12,6.5207999999999995,-4.374036877838243,0.7282368778382438
1997-12-13,6.494115068493151,-4.4451302392713306,0.2380151707781799
1997-12-14,6.474627397260274,-4.427773442643302,0.15114604538302778
1997-12-15,6.457131506849315,-3.6821667689516966,-0.8869647378976184
1997-12-16,6.438115068493151,-4.134770773166659,-0.30934429532649244
1997-12-17,6.414041095890411,-4.235678395224966,-0.21436270066544516
1997-12-18,6.4004520547945205,-4.381357355534064,0.02890530073954345
1997-12-19,6.388202739726028,-4.330535297227073,-0.14366744249895458
1997-12-20,6.386219178082192,-3.66584277878661,-0.8063763992955826
1997-12-21,6.381438356164384,-3.824306775976635,-0.5301315801877493
1997-12-22,6.305191780821918,-4.028131082263955,-0.41106069855796346
1997-12-23,6.298295890410959,-4.030494131087277,-0.5128017593236818
1997-12-24,6.3008712328767125,-3.891943867652082,-0.6129273652246301
1997-12-25,6.312191780821918,-4.0024626593626556,-0.5837291214592621
1997-12-26,6.322805479452056,-3.9912474152460407,-0.5745580642060153
1997-12-27,6.328019178082192,-4.187782364315237,-0.23923681376695516
1997-12-28,6.329241095890412,-4.269164239973825,-0.19307685591658696
1997-12-29,6.2166136986301375,-4.3168335058677485,-0.039780192762388644
1997-12-30,6.176227397260274,-4.117749979348605,-0.1804774179116695
1997-12-31,6.162928767123288,-4.2888382828259495,0.028909515702661537
1998-01-01,6.161194520547945,-4.674010745066906,0.36581622451896045
1998-01-02,6.152391780821919,-4.671347450370734,0.39095566954881544
1998-01-03,6.127904109589042,-4.653324549071121,0.4004204394820787
1998-01-04,6.103000000000001,-4.797623249457492,0.534623249457491
1998-01-05,6.084243835616439,-4.843358128277302,0.6791142926608629
1998-01-06,6.074194520547946,-4.928491883106948,0.6282973625590014
1998-01-07,6.069309589041097,-4.928287878891985,0.6499782898508881
1998-01-08,6.05454794520548,-4.850736491466624,0.5421885462611451
1998-01-09,6.034668493150686,-4.290862237866343,-0.0028062552843435284
1998-01-10,6.02144383561644,-4.428815100528795,0.18037126491235522
1998-01-11,6.009101369863015,-4.6178294314034,0.3607280615403843
1998-01-12,6.001326027397262,-4.770564942467678,0.502238915070417
1998-01-13,5.9961753424657545,-4.872420509731464,0.5912451672657095
1998-01-14,5.98062191780822,-4.709624092450116,0.4720021746418963
1998-01-15,5.966517808219178,-4.695508672710039,0.45899086449086113
1998-01-16,5.94095890410959,-4.881104738744461,0.5881458346348705
1998-01-17,5.916528767123289,-4.97155651254144,0.8460277454181515
1998-01-18,5.9053369863013705,-5.011596414192301,0.8082594278909303
1998-01-19,5.900868493150686,-4.949678746471893,0.944810253321207
1998-01-20,5.906553424657535,-5.0033148546559465,0.873761429998412
1998-01-21,5.904315068493151,-4.691527640044074,0.765212571550923
1998-01-22,5.897895890410959,-4.555471791782747,0.8395759013717874
1998-01-23,5.889876712328768,-4.608951595084467,1.2530748827556994
1998-01-24,5.878901369863015,-4.9558035796296025,1.4079022097665876
1998-01-25,5.855813698630138,-5.077918648122754,1.2801049494926158
1998-01-26,5.852961643835617,-4.920008778084116,0.862047134248499
1998-01-27,5.844326027397262,-4.770048820233748,0.7027227928364859
1998-01-28,5.834501369863014,-4.9742438325273906,0.8697424626643766
1998-01-29,5.826142465753425,-5.0319649424676784,0.9968224767142528
1998-01-30,5.81788493150685,-5.040197397683695,1.078312466176845
1998-01-31,5.813219178082193,-5.053829852899712,1.1246106748175193
1998-02-01,5.808767123287671,-5.10705057646838,1.1842834531807087
1998-02-02,5.806934246575343,-5.113554194311725,1.1766199477363815
1998-02-03,5.801320547945206,-5.094958549773614,1.157638001828408
1998-02-04,5.798547945205479,-5.136538739446954,1.179990794241475
1998-02-05,5.791353424657535,-5.106476217494022,1.124122792836487
1998-02-06,5.781652054794522,-5.109231538884959,1.130579484090437
1998-02-07,5.773876712328768,-5.143588546261145,1.220711833932377
1998-02-08,5.769493150684932,-5.078912325678075,1.0754191749931428
1998-02-09,5.769145205479453,-4.973080291958371,0.9219350864789178
1998-02-10,5.763613698630138,-4.87918517429065,0.7875714756605117
1998-02-11,5.7550191780821915,-5.180480643205296,0.9644614651231045
1998-02-12,5.746958904109589,-4.978482118442388,0.7305232143327984
1998-02-13,5.740312328767123,-4.998999083668942,0.7296867549018193
1998-02-14,5.734923287671234,-5.13942612968229,0.9215028420110567
1998-02-15,5.727424657534247,-5.207620017985767,0.9891953604515207
1998-02-16,5.721071232876712,-5.142672845523527,1.001601612646815
1998-02-17,5.716841095890411,-5.178863783352821,1.05302268746241
1998-02-18,5.712942465753424,-5.177917594381974,0.8889751286285499
1998-02-19,5.708482191780822,-5.063111763682993,0.9586295719021711
1998-02-20,5.7061534246575345,-5.087591285987172,0.9814378613296375
1998-02-21,5.714416438356165,-5.229912536426231,1.1994960980700666
1998-02-22,5.728380821917808,-5.2726325223763535,1.2162517004585451
1998-02-23,5.729142465753425,-5.268173372393916,1.2430309066404908
1998-02-24,5.724967123287671,-5.256746396629954,1.1847792733422837
1998-02-25,5.717693150684932,-5.118069052056719,1.0263759013717868
1998-02-26,5.709736986301369,-5.222948504111514,1.1472115178101454
1998-02-27,5.648071232876712,-5.2823230738340285,1.3392518409573162
1998-02-28,5.627065753424658,-5.27592454907112,1.4198587956464621
1998-03-01,5.614309589041096,-5.284829150405858,1.3425195613647611
1998-03-02,5.598909589041096,-5.28737077316666,1.357461184125564
1998-03-03,5.589032876712329,-5.306462729612041,1.2944298528997118
1998-03-04,5.582065753424658,-5.205065469338068,1.4209997159134105
1998-03-05,5.578057534246575,-5.193543375906385,1.5884858416598098
1998-03-06,5.5723671232876715,-5.243241654796445,1.4378745315087733
1998-03-07,5.597512328767123,-5.084042568038454,1.610530239271331
1998-03-08,5.596586301369863,-5.229053807940105,1.828467506570243
1998-03-09,5.593802739726027,-5.1583109909397535,1.5085082512137262
1998-03-10,5.591945205479452,-5.19122507594151,1.5202798704620584
1998-03-11,5.591175342465753,-5.205810534318749,1.4276351918529953
1998-03-12,5.591624657534247,-5.021683101933783,1.1820584443995354
1998-03-13,5.661723287671233,-5.183144640395321,1.2314213527240883
1998-03-14,5.7064739726027405,-4.976675234002627,0.973201261399887
1998-03-15,5.713726027397261,-5.064484858168416,0.9847588307711552
1998-03-16,5.722090410958904,-5.0856064598544,1.0395160488954964
1998-03-17,5.728432876712329,-5.098743375906385,1.0433104991940558
1998-03-18,5.735731506849316,-5.035867225572701,1.085135718723385
1998-03-19,5.741898630136987,-4.912216786514042,1.0093181563770552
1998-03-20,5.74642191780822,-4.818694131087277,0.8302722132790565
1998-03-21,5.750854794520548,-4.665782715562163,0.6899279210416149
1998-03-22,5.754460273972603,-4.699931012014569,0.5814707380419666
1998-03-23,5.757243835616439,-4.6509270780489915,0.5286832424325523
1998-03-24,5.759605479452055,-4.63719191823164,0.5165864387795853
1998-03-25,5.762345205479452,-4.551629150405859,0.3892839449264063
1998-03-26,5.766219178082192,-4.468462799861426,0.3032436217792336
1998-03-27,5.768526027397261,-4.547610042573052,0.3990840151757915
1998-03-28,5.7707780821917805,-4.395444043275546,0.41266596108376596
1998-03-29,5.779479452054795,-4.372053175695637,0.892573723640842
1998-03-30,5.784865753424658,-4.333039406816114,1.4371736533914565
1998-03-31,5.790041095890411,-4.334229220655244,2.062188124764833
1998-04-01,5.798939726027397,-4.34338201306831,2.091442287040913
1998-04-02,5.812808219178082,-4.30185043596961,2.0020422167915273
1998-04-03,5.8222438356164385,-4.169860551881096,2.619616716264658
1998-04-04,5.832249315068493,-3.9009337517405975,7.706684436672104
1998-04-05,5.842591780821918,-3.61181636501773,3.1882245841958117
1998-04-06,5.851890410958904,-3.636727499545303,2.2078370885863987
1998-04-07,5.8743123287671235,-3.6336877383932134,1.8843754096260898
1998-04-08,5.890904109589041,-3.751478043978039,1.4935739343889982
1998-04-09,5.9027013698630135,-3.692365785460302,1.1936644155972882
1998-04-10,5.9133068493150684,-3.5797138009151666,0.840406951600098
1998-04-11,5.916380821917809,-3.537783347806631,0.8624025258888226
1998-04-12,5.911057534246575,-3.6093682441887878,0.6643107099422125
1998-04-13,5.913446575342466,-3.589510428944671,0.4660638536022055
1998-04-14,5.917564383561644,-3.46416206224288,0.11959767868123583
1998-04-15,5.92333698630137,-3.311106284230938,-0.21323070207043227
1998-04-16,5.9298246575342475,-3.244348433862128,-0.20647622367211937
1998-04-17,5.935761643835617,-2.975595852197218,-0.5411657916383992
1998-04-18,5.9416602739726025,-2.6407631159836598,-0.9128971579889429
1998-04-19,5.950350684931507,-2.581964380472596,-1.1533863044589117
1998-04-20,5.957978082191781,-2.3740142575361713,-1.20796382465561
1998-04-21,5.964087671232877,-1.708426972674914,-1.5826606985579634
1998-04-22,5.9694,-1.4544225469636387,-1.0029774530363615
1998-04-23,5.974597260273972,-1.4598808539534525,-0.10271640632051993
1998-04-24,5.980005479452055,-1.2709152761522584,0.1389097967002031
1998-04-25,5.985879452054795,-0.9407757608730171,0.6218963088182218
1998-04-26,5.995342465753425,-0.6231576365316049,2.70781517077818
1998-04-27,6.002641095890411,0.02735209300826165,6.8750068111013265
1998-04-28,6.008482191780822,0.18785557035283496,1.8906622378663425
1998-04-29,6.017134246575343,0.6329583452035549,-0.7140925917788977
1998-04-30,6.030630136986302,1.3081709198435265,-2.197801056829828
1998-05-01,6.041424657534247,2.3344008460816723,-3.487825503615919
1998-05-02,6.0499178082191785,2.1017542707392063,-3.2206720789583847
1998-05-03,6.060032876712329,3.1048546571108258,-3.5498875338231546
1998-05-04,6.069435616438357,4.309413561220415,-3.3538491776587716
1998-05-05,6.077912328767123,4.10853291492607,-3.5614452436931936
1998-05-06,6.086652054794521,3.0496698309780546,-2.550321885772575
1998-05-07,6.094134246575344,2.6788828973637235,-1.677017143939067
1998-05-08,6.088372602739726,2.8937458408129677,0.10588155644730524
1998-05-09,6.054945205479452,3.498809065259754,0.8832457292607931
1998-05-10,6.051950684931508,4.160799862590277,2.045249452478214
1998-05-11,6.052660273972602,4.789499265470503,2.622840460556895
1998-05-12,6.055490410958905,5.381327013977703,1.7931825750633923
1998-05-13,6.058890410958904,5.204383845730425,2.29272574331067
1998-05-14,6.060583561643837,5.530811032242544,2.4736054061136192
1998-05-15,6.063041095890411,5.560187779696003,1.7927711244135862
1998-05-16,6.066208219178083,6.052165299892701,0.15762648092921516
1998-05-17,6.06938904109589,6.63473979936583,-2.5501288404617206
1998-05-18,6.072561643835616,6.534478120405521,-4.452039764241138
1998-05-19,6.075728767123289,6.515019110921855,-4.6597478780451445
1998-05-20,6.077709589041096,5.188028664838258,-2.5257382538793545
1998-05-21,6.0825150684931515,4.778967196626105,-1.675482265119257
1998-05-22,6.085386301369864,4.64032076178241,-1.1087070631522726
1998-05-23,6.087095890410959,5.6091405018596845,-2.3642363922706426
1998-05-24,6.089260273972604,6.616472921951009,-3.3887331959236127
1998-05-25,6.091786301369864,6.825103901929934,-4.852890203299798
1998-05-26,6.093989041095891,6.7739253279924565,-4.738914369088348
1998-05-27,6.095865753424658,7.400311348364778,-4.569177101789436
1998-05-28,6.097632876712329,7.336999722091508,0.4953674011961624
1998-05-29,6.099293150684932,8.26541018924992,-0.8687033399348518
1998-05-30,6.101090410958904,8.43693396866685,-4.616024379625753
1998-05-31,6.103060273972603,9.658998808849498,-4.5680590828221
1998-06-01,6.10486301369863,11.973274748435026,-7.508137762133655
1998-06-02,6.106509589041096,10.39584756192291,-5.275357150964005
1998-06-03,6.108150684931507,9.516288587563933,0.8625607275045581
1998-06-04,6.109408219178082,8.904502356443455,3.0140894243784615
1998-06-05,6.110739726027397,8.934643627957332,5.535616646015271
1998-06-06,6.111800000000001,10.530866178010019,5.964333821989978
1998-06-07,6.112852054794521,10.956606185034957,39.81054176017052
1998-06-08,6.1139671232876704,10.505431826060596,16.288601050651735
1998-06-09,6.115295890410959,10.47053172068652,0.5181723889025207
1998-06-10,6.1174986301369865,10.192893364522135,4.833608005340878
1998-06-11,6.119706849315069,10.779224239126984,2.308068911557948
1998-06-12,6.120969863013698,12.416004850296636,-4.823974713310335
1998-06-13,6.1199150684931505,10.470772114083077,-5.348687182576227
1998-06-14,6.120923287671232,11.096265826763092,-7.156189114434325
1998-06-15,6.121895890410959,11.505619813415707,-7.139515703826667
1998-06-16,6.123397260273972,11.663248264416762,-7.450645524690733
1998-06-17,6.1245013698630135,12.145723642007207,-8.21822501187022
1998-06-18,6.125583561643836,11.588645384191963,-7.570228945835799
1998-06-19,6.126301369863014,11.291264140777843,-7.545565510640857
1998-06-20,6.127367123287671,12.035223606882514,-5.727590730170185
1998-06-21,6.12834794520548,13.100672711202852,-4.4980206564083325
1998-06-22,6.129117808219178,12.883870041726212,-2.02198784994539
1998-06-23,6.129890410958904,11.686961506425893,-2.384851917384797
1998-06-24,6.130989041095891,11.324662033296283,-3.240651074392174
1998-06-25,6.133227397260274,10.540313807093263,-0.8665412043535365
1998-06-26,6.134630136986301,10.035217214188451,0.8351526488252468
1998-06-27,6.135942465753425,9.93424004523868,0.6148174890078941
1998-06-28,6.136682191780823,9.816529247908157,0.03678856031102029
1998-06-29,6.137506849315068,12.900007398593086,-5.0645142479081535
1998-06-30,6.138265753424657,10.913703699962952,-4.012969453387609
1998-07-01,6.138901369863014,10.071884247908157,-3.9337856177711714
1998-07-02,6.139400000000001,10.157063220510896,-0.3724632205108982
1998-07-03,6.140041095890411,12.014701165716376,-3.9317422616067876
1998-07-04,6.140572602739726,10.63415383694925,-5.6457264396889775
1998-07-05,6.140882191780822,10.006386097223224,-5.438268289004046
1998-07-06,6.141443835616439,10.888141782154731,-6.84458561777117
1998-07-07,6.141523287671234,9.105684795853362,-4.6882080835245965
1998-07-08,6.142002739726028,9.207311028730073,-4.249313768456101
1998-07-09,6.142323287671234,7.952552655003343,-6.024875942674576
1998-07-10,6.142797260273973,7.925656764592385,-5.992454024866357
1998-07-11,6.143326027397261,7.327076926165971,-4.633402953563233
1998-07-12,6.1435013698630145,6.9038262061097715,-3.909327575972786
1998-07-13,6.143835616438357,6.26082683835424,-2.366662454792597
1998-07-14,6.144471232876713,5.884137410886731,-0.7746086437634441
1998-07-15,6.1451315068493155,6.320840747732532,-4.273972254581848
1998-07-16,6.145583561643836,7.43471879479962,-6.200302356443456
1998-07-17,6.145780821917809,6.324650933893403,-4.827431755811212
1998-07-18,6.146410958904109,4.968738534876895,-3.378149493781004
1998-07-19,6.1464,4.885113877342649,-3.0365138773426485
1998-07-20,6.146613698630137,5.722986163960141,-2.7985998625902786
1998-07-21,6.146197260273974,5.177009908252378,0.5127928314736483
1998-07-22,6.146035616438357,4.636426206109771,-1.6394618225481272
1998-07-23,6.1453068493150695,3.992448334666147,-2.045755183981216
1998-07-24,6.143980821917809,3.6898545868614403,-2.3038354087792494
1998-07-25,6.141761643835617,3.6678314045642852,-2.6495930483999017
1998-07-26,6.140002739726028,3.6802502313995507,-2.922252971125579
1998-07-27,6.13894794520548,4.13114640280805,0.21690565198646983
1998-07-28,6.1386301369863014,3.334073905442403,-1.6327040424287045
1998-07-29,6.138967123287672,2.991736286896565,-2.176703410184237
1998-07-30,6.142783561643836,2.9441608039320406,-2.0389443655758765
1998-07-31,6.148506849315069,2.334894699260457,-1.6304015485755263
1998-08-01,6.153821917808219,2.31483779725835,1.2063402849334315
1998-08-02,6.159000000000001,3.7990474916735235,0.22595250832647507
1998-08-03,6.163265753424659,2.364048826411844,3.3266854201634963
1998-08-04,6.16449589041096,2.5136675829977237,-0.05216347340868399
1998-08-05,6.16513698630137,2.921965159393931,0.25089785430469824
1998-08-06,6.165602739726028,1.7372281730925607,-0.5168309128185884
1998-08-07,6.165769863013699,1.9569758373004993,-1.8307457003141983
1998-08-08,6.166156164383562,1.5063648783963894,0.2624789572200483
1998-08-09,6.166271232876713,1.8695638949049949,1.4751648722182917
1998-08-10,6.166156164383562,2.6149441548277204,1.2358996807887173
1998-08-11,6.165750684931508,1.9049685313644256,0.16828078370406718
1998-08-12,6.165715068493151,2.6122580290813207,-2.129973097574472
1998-08-13,6.16567397260274,1.7342658267630913,-1.5019397993658312
1998-08-14,6.166068493150685,0.9894446816981107,-0.34551317484879596
1998-08-15,6.1665972602739725,0.9020908355442644,-0.10468809581823646
1998-08-16,6.1668164383561646,0.886244822196881,-0.45806126055304586
1998-08-17,6.16715890410959,1.259361506425894,-0.802520410535484
1998-08-18,6.167268493150686,1.1944667400051003,-0.9527352331557861
1998-08-19,6.167424657534247,0.6013667048804077,-0.572791362414655
1998-08-20,6.16821095890411,0.7922628060395225,-1.2464737649436322
1998-08-21,6.16858904109589,2.2287738703177107,-2.155362911413601
1998-08-22,6.168808219178082,3.354036954265726,0.5901548265561916
1998-08-23,6.16833698630137,1.2482092057585252,4.852453807940105
1998-08-24,6.1675589041095895,0.9993504772723991,0.24209061861801118
1998-08-25,6.167550684931507,0.7687433820844819,-1.121294067015989
1998-08-26,6.16814794520548,0.259629297082726,-1.2767772422882064
1998-08-27,6.169602739726028,0.1009574319615455,-1.521560171687574
1998-08-28,6.170786301369864,0.6401830027378013,-2.5669693041076656
1998-08-29,6.170841095890411,0.5913782257796,-2.638219321670012
1998-08-30,6.17023287671233,0.525896525744475,-2.5811294024568046
1998-08-31,6.169994520547946,0.17609575300123667,-2.0180902735491824
1998-09-01,6.169945205479452,-0.153389038006842,-1.6395561674726107
1998-09-02,6.170038356164383,0.35586252504198124,-1.662900881206364
1998-09-03,6.1784,-0.03891422241147837,0.13851422241147807
1998-09-04,6.182312328767123,-0.7042099020742814,-0.4581024266928424
1998-09-05,6.18192602739726,-0.2398114475607586,10.004885420163497
1998-09-06,6.180175342465754,-0.8398243734476568,0.8816490309819035
1998-09-07,6.1781424657534245,-0.46818742227097965,0.015044956517554775
1998-09-08,6.176835616438357,-0.9488720025309024,0.19903638609254515
1998-09-09,6.175512328767123,-0.7858629403601964,-0.13664938840692664
1998-09-10,6.174624657534247,0.24485486785898164,-1.0004795253932293
1998-09-11,6.174139726027397,-0.014948433862128177,24.71180870783473
1998-09-12,6.17407397260274,0.8344826866155677,15.091443340781694
1998-09-13,6.174035616438356,0.8062904140479524,2.3656739695136912
1998-09-14,6.174309589041096,-0.6135197018635332,2.8632101128224368
1998-09-15,6.174717808219178,-0.8763186481227537,1.7866008399035755
1998-09-16,6.175254794520548,-0.5380771307360307,1.556822336215483
1998-09-17,6.175435616438357,-0.5926495929769859,1.2282139765386293
1998-09-18,6.175416438356164,-0.42636782269247625,0.5149513843363125
1998-09-19,6.175501369863014,0.8555477375463716,-0.9950491074093857
1998-09-20,6.175095890410959,1.2257669858779492,-1.7188628762889078
1998-09-21,6.175038356164384,2.25379157316281,-3.100829929327194
1998-09-22,6.174898630136987,3.456872359955926,-4.407770990092913
1998-09-23,6.174668493150685,4.805581457251325,-5.85324995040201
1998-09-24,6.174531506849315,1.7907576427097018,-2.657289149559017
1998-09-25,6.174312328767123,-0.21786813881470982,-1.2354441899524133
1998-09-26,6.174238356164383,-0.5600064598544008,-0.9902318963099828
1998-09-27,6.173619178082192,-0.13804741524604108,1.0354282371638488
1998-09-28,6.171564383561645,0.7205788580240677,-1.1331432415857121
1998-09-29,6.16806301369863,-0.6241622729910359,0.008099259292405625
1998-09-30,6.163364383561644,-0.1704941310872775,0.7471297475256334
1998-10-01,6.159249315068493,0.565321464276263,2.2264292206552447
1998-10-02,6.155846575342466,-0.6838547914314995,1.9010082160890343
1998-10-03,6.151772602739726,-0.822216365017731,1.8234437622780046
1998-10-04,6.134679452054794,-1.115946537128725,2.027267085073931
1998-10-05,6.130958904109589,-0.8068088483335015,1.3908499442239126
1998-10-06,6.131008219178082,-0.9873477313682752,6.2573395121901925
1998-10-07,6.132920547945206,-0.5040292909046292,4.449108742959423
1998-10-08,6.1339205479452055,0.06496818011749941,1.8251112719372942
1998-10-09,6.133728767123288,-0.6844379315790233,2.2807091644557356
1998-10-10,6.1340082191780825,0.6683882714417001,-0.10139649061978295
1998-10-11,6.13432602739726,0.5542709549682197,-0.3705969823654802
1998-10-12,6.135123287671233,0.40454169609923435,-0.2936649837704666
1998-10-13,6.135969863013699,0.8116482644167619,-0.889618127430461
1998-10-14,6.13686301369863,0.7429811060043977,-0.8658441197030272
1998-10-15,6.138282191780822,1.1747488615365362,-1.4590310533173578
1998-10-16,6.140208219178081,0.6746058337880295,-1.057814052966111
1998-10-17,6.141778082191781,-0.5330746720075444,0.17629658981576368
1998-10-18,6.141901369863014,-1.0708397580630418,1.6779383882000276
1998-10-19,6.142271232876712,-1.631827956166308,1.7085567232895966
1998-10-20,6.141857534246575,-1.5952414440482892,0.9363839098017139
1998-10-21,6.140498630136985,-1.8444273941712255,0.7129287640342405
1998-10-22,6.137460273972602,-1.8281763931174846,0.4737161191448831
1998-10-23,6.132838356164383,-2.183875304252012,0.6360369480876291
1998-10-24,6.12787397260274,-2.4297708434160445,1.1368968708133047
1998-10-25,6.120972602739727,-1.7278406010556653,1.5608679983159384
1998-10-26,6.109249315068493,-0.927450365720225,-0.01479894934826842
1998-10-27,6.0872,-0.8294849986671863,-0.5897150013328137
1998-10-28,6.080060273972602,-1.6844847176696447,1.2754244436970426
1998-10-29,6.084331506849315,-2.101494482334204,3.3331629754848886
1998-10-30,6.097076712328767,-2.365311623184222,2.4312349108554554
1998-10-31,6.113027397260273,-2.477579975836136,1.9415525785758625
1998-11-01,6.130161643835617,-2.345209550827355,2.4420479069917382
1998-11-02,6.153709589041096,-0.7437475908695045,0.4920380018284086
1998-11-03,6.192906849315069,-1.2823447106447066,0.6044378613296375
1998-11-04,6.223147945205479,-1.3678422167915276,0.7646942715860485
1998-11-05,6.244832876712329,-1.9435487148596695,0.8697158381473407
1998-11-06,6.2696136986301365,-2.3033020692678186,0.7376883706376818
1998-11-07,6.299805479452054,-2.322721458098166,0.6369159786461118
1998-11-08,6.324460273972602,-1.7834255676872073,-0.10103470628539446
1998-11-09,6.350191780821918,-2.298801542397429,0.4296097615755108
1998-11-10,6.373342465753424,-2.338684085425177,1.0203416196717523
1998-11-11,6.415276712328767,-2.533999505165254,0.9937227928364871
1998-11-12,6.464649315068493,-2.2414702462962697,0.16782093122777697
1998-11-13,6.504739726027397,-2.1839770253619526,-0.03176270066544484
1998-11-14,6.5268273972602735,-2.7666846474202593,0.3278572501599859
1998-11-15,6.543652054794521,-2.588360516756403,0.1567084619618826
1998-11-16,6.569901369863015,-1.9672856309116542,-0.5516157389513603
1998-11-17,6.605945205479452,-2.008954896805578,-0.7099903086738744
1998-11-18,6.662454794520548,-2.6619219498438635,-0.4925328446766848
1998-11-19,6.701073972602741,-2.898953562067257,0.6108795894645165
1998-11-20,6.728687671232877,-3.1399230035846433,0.1112353323517663
1998-11-21,6.758589041095891,-3.3360941310872776,-0.24849491000861335
1998-11-22,6.788679452054794,-3.516784612295567,-0.039894839759226475
1998-11-23,6.817693150684931,-3.5870806432052964,0.06738749252036502
1998-11-24,6.854717808219178,-3.652757144785908,-0.03996066343326987
1998-11-25,6.889728767123287,-3.6451825048140076,-0.11054626230927989
1998-11-26,6.930290410958904,-3.515585806535117,-0.34370460442378636
1998-11-27,6.958879452054795,-3.578732136004734,-0.32914731605006065
1998-11-28,6.9889753424657535,-3.5522589361452335,-0.45571640632052013
1998-11-29,7.0391808219178085,-3.5584796597139023,-0.4927011622039066
1998-11-30,7.080509589041096,-3.676716259643653,-0.528793329397443
1998-12-01,7.129361643835617,-3.859165434213376,-0.4801962096222412
1998-12-02,7.217238356164383,-3.980515135653488,-0.5017232205108959
1998-12-03,7.289939726027397,-3.959714152162093,-0.5772255738653036
1998-12-04,7.328871232876711,-3.9901487851090556,-0.5667224477676553
1998-12-05,7.332276712328767,-4.043876568740948,-0.5584001435878188
1998-12-06,7.369238356164383,-4.1491310120145695,-0.5151073441498131
1998-12-07,7.3075890410958895,-4.226475655498939,-0.37611338559695007
1998-12-08,7.316301369863014,-4.245750892590614,-0.3655504772724001
1998-12-09,7.336947945205479,-4.240996695189842,-0.3909512500156369
1998-12-10,7.343556164383562,-4.271360938252715,-0.3671952261308471
1998-12-11,7.353698630136986,-4.170112114929919,-0.5915865152070658
1998-12-12,7.372520547945205,-4.374036877838243,-0.5084836701069619
1998-12-13,7.3976,-4.4451302392713306,-0.29746976072866893
1998-12-14,7.429465753424657,-4.427773442643302,-0.44869231078135563
1998-12-15,7.457021917808219,-3.6821667689516966,-1.3388551488565223
1998-12-16,7.485331506849315,-4.134770773166659,-0.9535607336826555
1998-12-17,7.515712328767123,-4.235678395224966,-0.9210339335421569
1998-12-18,7.54325205479452,-4.381357355534064,-0.8518946992604555
1998-12-19,7.565769863013699,-4.330535297227073,-0.9322345657866258
1998-12-20,7.578123287671232,-3.66584277878661,-1.6402805088846222
1998-12-21,7.5861397260273975,-3.824306775976635,-1.4538329500507627
1998-12-22,7.583317808219178,-4.028131082263955,-1.4071867259552233
1998-12-23,7.579438356164383,-4.030494131087277,-1.3929442250771054
1998-12-24,7.580090410958904,-3.891943867652082,-1.075146543306821
1998-12-25,7.580221917808219,-4.0024626593626556,-1.3397592584455635
1998-12-26,7.581394520547945,-3.9912474152460407,-1.3541471053019043
1998-12-27,7.595408219178082,-4.187782364315237,-1.2366258548628446
1998-12-28,7.608671232876711,-4.269164239973825,-1.171506992902886
1998-12-29,7.622293150684931,-4.3168335058677485,-1.1684596448171831
1998-12-30,7.640010958904108,-4.117749979348605,-1.4122609795555041
1998-12-31,7.659095890410958,-4.2888382828259495,-1.2852576075850086
1999-01-01,7.668493150684931,-4.674010745066906,-0.9074824056180253
1999-01-02,7.685082191780822,-4.671347450370734,-0.9477347414100876
1999-01-03,7.715750684931507,-4.653324549071121,-1.0744261358603868
1999-01-04,7.759835616438355,-4.797623249457492,-0.9172123669808636
1999-01-05,7.855460273972602,-4.843358128277302,-1.0631021456953
1999-01-06,7.893038356164383,-4.928491883106948,-1.0155464730574355
1999-01-07,7.916772602739725,-4.928287878891985,-1.0804847238477402
1999-01-08,7.944509589041095,-4.850736491466624,-1.1747730975744703
1999-01-09,7.971882191780821,-4.290862237866343,-1.747019953914478
1999-01-10,8.000654794520546,-4.428815100528795,-1.7348396939917512
1999-01-11,8.02837808219178,-4.6178294314034,-1.5365486507883803
1999-01-12,8.054219178082192,-4.770564942467678,-1.3186542356145141
1999-01-13,8.077219178082192,-4.872420509731464,-1.2487986683507284
1999-01-14,8.0988,-4.709624092450116,-1.4811759075498854
1999-01-15,8.119706849315067,-4.695508672710039,-1.6221981766050284
1999-01-16,8.13817808219178,-4.881104738744461,-1.3790733434473195
1999-01-17,8.156175342465753,-4.97155651254144,-1.3976188299243129
1999-01-18,8.174254794520547,-5.011596414192301,-1.3826583803282455
1999-01-19,8.188479452054795,-4.949678746471893,-1.494800705582902
1999-01-20,8.194756164383563,-5.0033148546559465,-1.4734413097276162
1999-01-21,8.206635616438355,-4.691527640044074,-1.8031079763942808
1999-01-22,8.216868493150685,-4.555471791782747,-1.9633967013679374
1999-01-23,8.225526027397258,-4.608951595084467,-1.8925744323127907
1999-01-24,8.23677808219178,-4.9558035796296025,-1.5919745025621772
1999-01-25,8.249838356164382,-5.077918648122754,-1.4989197080416279
1999-01-26,8.26052602739726,-4.920008778084116,-1.6615172493131434
1999-01-27,8.285194520547943,-4.770048820233748,-1.6151457003141951
1999-01-28,8.300465753424657,-4.9742438325273906,-0.2032219208972661
1999-01-29,8.314095890410957,-5.0319649424676784,0.5978690520567209
1999-01-30,8.326621917808218,-5.040197397683695,0.5095754798754761
1999-01-31,8.329769863013697,-5.053829852899712,0.4980599898860154
1999-02-01,8.329939726027396,-5.10705057646838,0.22011085044098344
1999-02-02,8.324465753424658,-5.113554194311725,-0.8919115591129332
1999-02-03,8.328750684931506,-5.094958549773614,-1.1357921351578923
1999-02-04,8.333536986301368,-5.136538739446954,-1.1849982468544136
1999-02-05,8.345035616438356,-5.106476217494022,-1.3685593989443339
1999-02-06,8.367999999999999,-5.109231538884959,-1.3147684611150394
1999-02-07,8.385846575342466,-5.143588546261145,-1.3492580290813212
1999-02-08,8.394676712328767,-5.078912325678075,-1.5917643866506923
1999-02-09,8.462027397260274,-4.973080291958371,-1.9189471053019025
1999-02-10,8.477838356164384,-4.87918517429065,-1.9396531818737337
1999-02-11,8.49434794520548,-5.180480643205296,-1.7898673020001832
1999-02-12,8.509101369863012,-4.978482118442388,-1.8876192514206247
1999-02-13,8.522594520547944,-4.998999083668942,-1.859595436879002
1999-02-14,8.535575342465753,-5.13942612968229,-1.7991492127834636
1999-02-15,8.55148219178082,-5.207620017985767,-1.7098621737950532
1999-02-16,8.565060273972602,-5.142672845523527,-1.8023874284490748
1999-02-17,8.57849589041096,-5.178863783352821,-1.751632107058139
1999-02-18,8.592134246575341,-5.177917594381974,-1.7032166521933672
1999-02-19,8.608545205479452,-5.063111763682993,-1.8034334417964581
1999-02-20,8.619342465753423,-5.087591285987172,-1.851751179766251
1999-02-21,8.619969863013697,-5.229912536426231,-1.8780573265874656
1999-02-22,8.613424657534244,-5.2726325223763535,-1.9527921351578907
1999-02-23,8.624230136986299,-5.268173372393916,-1.6550567645923824
1999-02-24,8.63669315068493,-5.256746396629954,-1.5089467540549757
1999-02-25,8.650410958904107,-5.118069052056719,-1.375341906847388
1999-02-26,8.666805479452055,-5.222948504111514,-1.3778569753405412
1999-02-27,8.680093150684932,-5.2823230738340285,-1.6727700768509042
1999-02-28,8.694350684931505,-5.27592454907112,-1.8694261358603859
1999-03-01,8.713087671232877,-5.284829150405858,-1.8432585208270194
1999-03-02,8.726906849315068,-5.28737077316666,-1.7885360761484081
1999-03-03,8.735682191780821,-5.306462729612041,-1.8182194621687806
1999-03-04,8.743298630136985,-5.205065469338068,1.3117668392010824
1999-03-05,8.745791780821916,-5.193543375906385,-0.15124840491553115
1999-03-06,8.750435616438356,-5.243241654796445,-1.8811939616419115
1999-03-07,8.72535616438356,-5.084042568038454,-2.1563135963451066
1999-03-08,8.726608219178082,-5.229053807940105,-2.0435544112379773
1999-03-09,8.729695890410959,-5.1583109909397535,-2.1043848994712047
1999-03-10,8.732646575342464,-5.19122507594151,-2.1034214994009544
1999-03-11,8.735857534246573,-5.205810534318749,-2.0410469999278247
1999-03-12,8.738139726027395,-5.021683101933783,-2.141456624093612
1999-03-13,8.67037808219178,-5.183144640395321,-1.8012334417964588
1999-03-14,8.62676712328767,-4.976675234002627,-1.9610918892850435
1999-03-15,8.617594520547945,-5.064484858168416,-1.819109662379529
1999-03-16,8.610328767123288,-5.0856064598544,-1.699722307268888
1999-03-17,8.605750684931506,-5.098743375906385,-1.638007309025121
1999-03-18,8.600717808219178,-5.035867225572701,-1.7138505826464776
1999-03-19,8.597616438356162,-4.912216786514042,-1.8533996518421203
1999-03-20,8.595271232876712,-4.818694131087277,-1.9875771017894355
1999-03-21,8.598457534246574,-4.665782715562163,-2.3056748186844107
1999-03-22,8.755627397260273,-4.699931012014569,-2.4406963852457038
1999-03-23,8.807706849315068,-4.6509270780489915,-2.5727797712660765
1999-03-24,8.829808219178082,-4.63719191823164,-2.6376163009464424
1999-03-25,8.844545205479452,-4.551629150405859,-2.742916055073594
1999-03-26,8.856569863013698,-4.468462799861426,-2.8671070631522726
1999-03-27,8.873958904109589,-4.547610042573052,-2.7333488615365367
1999-03-28,8.913523287671232,-4.395444043275546,-2.956079244395686
1999-03-29,8.933468493150684,-4.372053175695637,-3.0114153174550475
1999-03-30,8.958260273972602,-4.333039406816114,-3.014220867156488
1999-03-31,8.973482191780821,-4.334229220655244,-2.8362529711255773
1999-04-01,8.989753424657534,-4.34338201306831,-2.6013714115892244
1999-04-02,8.996216438356164,-4.30185043596961,-2.4233660023865546
1999-04-03,9.003460273972603,-4.169860551881096,-2.048599722091507
1999-04-04,9.03418904109589,-3.9009337517405975,-1.7342552893552932
1999-04-05,9.055035616438355,-3.61181636501773,-1.3822192514206249
1999-04-06,9.068835616438356,-3.636727499545303,-0.9911081168930536
1999-04-07,9.065320547945205,-3.6336877383932134,-0.6086328095519917
1999-04-08,9.06270410958904,-3.751478043978039,-1.3132260656110009
1999-04-09,9.063649315068492,-3.692365785460302,-2.0372835296081906
1999-04-10,9.064304109589042,-3.5797138009151666,-2.2085903086738754
1999-04-11,9.066534246575342,-3.537783347806631,-2.171750898768711
1999-04-12,9.068550684931505,-3.6093682441887878,-2.202182440742718
1999-04-13,9.069945205479451,-3.589510428944671,-2.3814347765347796
1999-04-14,9.071032876712328,-3.46416206224288,-2.707870814469448
1999-04-15,9.071230136986301,-3.311106284230938,-2.8431238527553635
1999-04-16,9.071520547945205,-3.244348433862128,-2.645172114083077
1999-04-17,9.071361643835615,-2.975595852197218,-3.1037657916383976
1999-04-18,9.070369863013699,-2.6407631159836598,-3.9966067470300395
1999-04-19,9.06645205479452,-2.581964380472596,-4.134487674321925
1999-04-20,9.063383561643834,-2.3740142575361713,-4.464369304107663
1999-04-21,9.061783561643836,-1.708426972674914,-5.176356588968922
1999-04-22,9.066106849315068,-1.4544225469636387,-5.208684302351428
1999-04-23,9.072249315068492,-1.4598808539534525,-4.88736846111504
1999-04-24,9.088561643835614,-1.2709152761522584,-4.781646367683356
1999-04-25,9.098106849315068,-0.9407757608730171,-5.0093310884420506
1999-04-26,9.150805479452053,-0.6231576365316049,-4.726647842920448
1999-04-27,9.176147945205479,0.02735209300826165,-4.34650003821374
1999-04-28,9.189506849315066,0.18785557035283496,-3.896362419667901
1999-04-29,9.195569863013699,0.6329583452035549,-2.3335282082172535
1999-04-30,9.195909589041095,1.3081709198435265,-0.7110805088846226
1999-05-01,9.19844109589041,2.3344008460816723,-0.8228419419720807
1999-05-02,9.201416438356164,2.1017542707392063,-0.11817070909536964
1999-05-03,9.2014,3.1048546571108258,1.9037453428891755
1999-05-04,9.201115068493149,4.309413561220415,7.821471370286437
1999-05-05,9.203043835616437,4.10853291492607,4.3514232494574925
1999-05-06,9.205728767123286,3.0496698309780546,2.2456014018986585
1999-05-07,9.208158904109588,2.6788828973637235,4.2539581985266866
1999-05-08,9.213564383561645,2.8937458408129677,8.00068977562539
1999-05-09,9.217260273972602,3.498809065259754,6.719930660767643
1999-05-10,9.220191780821917,4.160799862590277,8.269008356587804
1999-05-11,9.222375342465753,4.789499265470503,7.903125392063743
1999-05-12,9.222791780821918,5.381327013977703,13.93188120520038
1999-05-13,9.222904109589042,5.204383845730425,17.149712044680534
1999-05-14,9.223906849315068,5.530811032242544,13.94328211844239
1999-05-15,9.224761643835617,5.560187779696003,6.693050576468382
1999-05-16,9.226120547945206,6.052165299892701,3.1387141521620947
1999-05-17,9.227079452054795,6.63473979936583,3.873180748579374
1999-05-18,9.227586301369863,6.534478120405521,5.548935578224616
1999-05-19,9.228512328767122,6.515019110921855,12.813468560311023
1999-05-20,9.230205479452053,5.188028664838258,8.417765855709687
1999-05-21,9.230734246575341,4.778967196626105,5.255298556798554
1999-05-22,9.231169863013697,4.64032076178241,6.659509375203892
1999-05-23,9.23316712328767,5.6091405018596845,5.472692374852647
1999-05-24,9.234687671232876,6.616472921951009,4.055839406816115
1999-05-25,9.236019178082191,6.825103901929934,5.516876919987874
1999-05-26,9.237416438356163,6.7739253279924565,4.896658233651381
1999-05-27,9.238441095890408,7.400311348364778,7.093247555744813
1999-05-28,9.239819178082191,7.336999722091508,7.788181099826299
1999-05-29,9.241060273972602,8.26541018924992,6.97452953677748
1999-05-30,9.242224657534246,8.43693396866685,10.567841373798906
1999-05-31,9.243202739726026,9.658998808849498,7.3767984514244755
1999-06-01,9.244361643835616,11.973274748435026,7.18336360772936
1999-06-02,9.2456,10.39584756192291,23.660552438077087
1999-06-03,9.246794520547944,9.516288587563933,24.259916891888125
1999-06-04,9.247887671232874,8.904502356443455,14.08560997232367
1999-06-05,9.248671232876712,8.934643627957332,3.6406851391659583
1999-06-06,9.25039726027397,10.530866178010019,16.31673656171601
1999-06-07,9.25205205479452,10.956606185034957,14.169341760170525
1999-06-08,9.25336712328767,10.505431826060596,16.329201050651733
1999-06-09,9.253931506849314,10.47053172068652,4.915536772464167
1999-06-10,9.254726027397258,10.192893364522135,4.1083806080806085
1999-06-11,9.255531506849314,10.779224239126984,2.8742442540237008
1999-06-12,9.256542465753423,12.416004850296636,-1.0895473160500604
1999-06-13,9.257547945205477,10.470772114083077,0.6676799407114462
1999-06-14,9.258257534246574,11.096265826763092,1.3374766389903332
1999-06-15,9.259232876712328,11.505619813415707,-0.21885269012803654
1999-06-16,9.260498630136986,11.663248264416762,-0.25474689455374744
1999-06-17,9.263336986301368,12.145723642007207,-0.2680606283085769
1999-06-18,9.266334246575342,11.588645384191963,-0.6589796307673037
1999-06-19,9.26894520547945,11.291264140777843,-2.4692093462572924
1999-06-20,9.27107397260274,12.035223606882514,-4.362297579485254
1999-06-21,9.273438356164384,13.100672711202852,-4.717111067367236
1999-06-22,9.275197260273972,12.883870041726212,-6.198067302000183
1999-06-23,9.277391780821919,11.686961506425893,-6.948353287247812
1999-06-24,9.27990410958904,11.324662033296283,-6.151566142885324
1999-06-25,9.280287671232875,10.540313807093263,-3.9656014783261373
1999-06-26,9.281139726027398,10.035217214188451,-1.8833569402158492
1999-06-27,9.2824301369863,9.93424004523868,2.583329817775022
1999-06-28,9.283865753424656,9.816529247908157,1.7306049986671859
1999-06-29,9.285342465753423,12.900007398593086,-3.240349864346509
1999-06-30,9.288306849315067,10.913703699962952,-0.696010549278018
1999-07-01,9.292619178082191,10.071884247908157,-0.12150342599034936
1999-07-02,9.29766301369863,10.157063220510896,-0.10072623420952631
1999-07-03,9.300895890410958,12.014701165716376,-1.0375970561273355
1999-07-04,9.3022301369863,10.63415383694925,2.3866160260644502
1999-07-05,9.303328767123286,10.006386097223224,7.49028513565349
1999-07-06,9.304484931506849,10.888141782154731,24.89537328633842
1999-07-07,9.305775342465754,9.105684795853362,5.8635398616808825
1999-07-08,9.30690684931507,9.207311028730073,1.248782121954859
1999-07-09,9.30801095890411,7.952552655003343,0.9334363860925468
1999-07-10,9.309019178082192,7.925656764592385,0.8323240573254234
1999-07-11,9.309728767123287,7.327076926165971,2.70219430671074
1999-07-12,9.310772602739725,6.9038262061097715,3.042401191150505
1999-07-13,9.311427397260273,6.26082683835424,3.897745764385486
1999-07-14,9.311550684931506,5.884137410886731,4.453311904181764
1999-07-15,9.311846575342464,6.320840747732532,0.4363126769250023
1999-07-16,9.312342465753424,7.43471879479962,-1.7360612605530452
1999-07-17,9.313512328767121,6.324650933893403,-1.2531632626605242
1999-07-18,9.313816438356163,4.968738534876895,0.023445026766941268
1999-07-19,9.314523287671232,4.885113877342649,0.39436283498611857
1999-07-20,9.316227397260274,5.722986163960141,-0.7762135612204153
1999-07-21,9.321424657534246,5.177009908252378,-0.3714345657866236
1999-07-22,9.322827397260273,4.636426206109771,-0.48025360337004486
1999-07-23,9.323931506849314,3.992448334666147,-1.4893798415154613
1999-07-24,9.325139726027396,3.6898545868614403,-2.3249943128888373
1999-07-25,9.326397260273971,3.6678314045642852,-1.727228664838257
1999-07-26,9.327416438356163,3.6802502313995507,-1.3426666697557148
1999-07-27,9.327901369863014,4.13114640280805,0.9289522273289359
1999-07-28,9.328747945205478,3.334073905442403,4.18117814935212
1999-07-29,9.329035616438356,2.991736286896565,0.2072280966650797
1999-07-30,9.325975342465753,2.9441608039320406,-0.24713614639779413
1999-07-31,9.320865753424657,2.334894699260457,-0.23076045268511347
1999-08-01,9.316419178082192,2.31483779725835,-0.8072569753405423
1999-08-02,9.311780821917807,3.7990474916735235,-2.8648283135913304
1999-08-03,9.308002739726028,2.364048826411844,-1.8160515661378724
1999-08-04,9.307180821917807,2.5136675829977237,-1.6308484049155316
1999-08-05,9.306769863013699,2.921965159393931,-1.143735022407629
1999-08-06,9.306443835616438,1.7372281730925607,0.5393279912910014
1999-08-07,9.306539726027395,1.9569758373004993,3.410484436672105
1999-08-08,9.30630410958904,1.5063648783963894,3.6363310120145695
1999-08-09,9.306158904109589,1.8695638949049949,1.5582772009854162
1999-08-10,9.306810958904109,2.6149441548277204,22.67824488626817
1999-08-11,9.309090410958904,1.9049685313644256,2.7959410576766706
1999-08-12,9.310191780821917,2.6122580290813207,0.7515501900967618
1999-08-13,9.311243835616438,1.7342658267630913,0.7374903376204707
1999-08-14,9.31215890410959,0.9894446816981107,1.4333964141922997
1999-08-15,9.312715068493151,0.9020908355442644,1.4871940959625842
1999-08-16,9.313536986301369,0.886244822196881,2.2012181915017504
1999-08-17,9.314194520547945,1.259361506425894,1.0064439730261612
1999-08-18,9.314846575342465,1.1944667400051003,0.8036866846524358
1999-08-19,9.31910684931507,0.6013667048804077,1.2535264458045223
1999-08-20,9.32198904109589,0.7922628060395225,1.5897481528645885
1999-08-21,9.323224657534245,2.2287738703177107,-1.3689985278519563
1999-08-22,9.33845205479452,3.354036954265726,-2.3504890090602446
1999-08-23,9.343569863013698,1.2482092057585252,-0.7117790687722227
1999-08-24,9.344383561643836,0.9993504772723991,1.0092659610837647
1999-08-25,9.344282191780822,0.7687433820844819,0.2509744261346968
1999-08-26,9.343608219178082,0.259629297082726,0.5547624837391919
1999-08-27,9.342317808219178,0.1009574319615455,1.289724759819277
1999-08-28,9.34126301369863,0.6401830027378013,-0.8874460164364313
1999-08-29,9.341057534246575,0.5913782257796,-0.6044357600261757
1999-08-30,9.341254794520548,0.525896525744475,1.0868486797349775
1999-08-31,9.34133698630137,0.17609575300123667,-0.14543273930260633
1999-09-01,9.341369863013698,-0.153389038006842,-1.6079808250068561
1999-09-02,9.342383561643835,0.35586252504198124,-2.0552460866858167
1999-09-03,9.333547945205478,-0.03891422241147837,-2.1066337227939997
1999-09-04,9.328723287671231,-0.7042099020742814,-1.9095133855969497
1999-09-05,9.329208219178081,-0.2398114475607586,-2.2963967716173226
1999-09-06,9.32944931506849,-0.8398243734476568,-1.8106249416208335
1999-09-07,9.3298301369863,-0.46818742227097965,-2.009642714715321
1999-09-08,9.330230136986302,-0.9488720025309024,-1.8773581344553998
1999-09-09,9.334005479452054,-0.7858629403601964,-2.123142539091858
1999-09-10,9.338295890410958,0.24485486785898164,-3.33115075826994
1999-09-11,9.342065753424656,-0.014948433862128177,-3.189117319562528
1999-09-12,9.346150684931507,0.8344826866155677,-3.998633371547074
1999-09-13,9.349953424657533,0.8062904140479524,-4.158243838705485
1999-09-14,9.353361643835616,-0.6135197018635332,-2.967841941972082
1999-09-15,9.356528767123287,-0.8763186481227537,-3.0662101190005333
1999-09-16,9.358709589041096,-0.5380771307360307,-3.463632458305065
1999-09-17,9.360473972602739,-0.5926495929769859,-3.0888243796257524
1999-09-18,9.362090410958903,-0.42636782269247625,-3.527722588266426
1999-09-19,9.363498630136986,0.8555477375463716,-3.0200463676833578
1999-09-20,9.365175342465752,1.2257669858779492,52.4580576716563
1999-09-21,9.367183561643834,2.25379157316281,12.716024865193354
1999-09-22,9.370054794520547,3.456872359955926,0.46407284552352746
1999-09-23,9.37352602739726,4.805581457251325,-3.6731074846485843
1999-09-24,9.37698904109589,1.7907576427097018,-1.470746683805592
1999-09-25,9.381150684931505,-0.21786813881470982,1.9047174538832043
1999-09-26,9.385150684931507,-0.5600064598544008,10.239855774922896
1999-09-27,9.38857808219178,-0.13804741524604108,5.100469333054263
1999-09-28,9.391432876712328,0.7205788580240677,4.695988265263605
1999-09-29,9.394060273972602,-0.6241622729910359,2.338101999018434
1999-09-30,9.39574520547945,-0.1704941310872775,3.4537489256078278
1999-10-01,9.396454794520547,0.565321464276263,1.34822374120319
1999-10-02,9.396517808219176,-0.6838547914314995,1.3043369832123228
1999-10-03,9.394947945205478,-0.822216365017731,9.796268419812252
1999-10-04,9.39161095890411,-1.115946537128725,6.379335578224614
1999-10-05,9.386838356164382,-0.8068088483335015,3.1719704921691196
1999-10-06,9.381008219178081,-0.9873477313682752,1.724339512190194
1999-10-07,9.37404109589041,-0.5040292909046292,0.2529881950142182
1999-10-08,9.369279452054794,0.06496818011749941,-1.065247632172294
1999-10-09,9.366939726027397,-0.6844379315790233,-0.7135017944483731
1999-10-10,9.364868493150684,0.6683882714417001,-2.5182567645923846
1999-10-11,9.362506849315068,0.5542709549682197,-2.8627778042832874
1999-10-12,9.360635616438357,0.40454169609923435,-3.010177312537591
1999-10-13,9.359312328767123,0.8116482644167619,-3.7159605931838846
1999-10-14,9.358391780821918,0.7429811060043977,-4.015372886826316
1999-10-15,9.358791780821917,1.1747488615365362,-4.573540642358454
1999-10-16,9.359928767123288,0.6746058337880295,-4.335534600911317
1999-10-17,9.360134246575342,-0.5330746720075444,-3.4040595745677975
1999-10-18,9.362249315068492,-1.0708397580630418,-2.9724095570054505
1999-10-19,9.364043835616437,-1.631827956166308,-2.6332158794501286
1999-10-20,9.365506849315068,-1.5952414440482892,-2.8712654052667785
1999-10-21,9.369690410958903,-1.8444273941712255,-0.9382630167876775
1999-10-22,9.377824657534244,-1.8281763931174846,-0.5246482644167594
1999-10-23,9.392205479452056,-2.183875304252012,3.330669824799956
1999-10-24,9.418273972602739,-2.4297708434160445,1.3304968708133065
1999-10-25,9.447399999999998,-1.7278406010556653,17.469440601055666
1999-10-26,9.46384109589041,-0.927450365720225,5.880609269829814
1999-10-27,9.482082191780822,-0.8294849986671863,0.8914028068863643
1999-10-28,9.501627397260274,-1.6844847176696447,0.06685732040937142
1999-10-29,9.534435616438355,-2.101494482334204,0.0070588658958494754
1999-10-30,9.565728767123288,-2.365311623184222,-0.11341714393906566
1999-10-31,9.582506849315068,-2.477579975836136,-0.44192687347893234
1999-11-01,9.59810684931507,-2.345209550827355,-1.0318972984877144
1999-11-02,9.606375342465753,-0.7437475908695045,-3.064627751596249
1999-11-03,9.6008,-1.2823447106447066,-2.0994552893552925
1999-11-04,9.599857534246574,-1.3678422167915276,-1.632015317455047
1999-11-05,9.60458904109589,-1.9435487148596695,-1.6030403262362207
1999-11-06,9.602758904109589,-2.3033020692678186,-0.6224568348417705
1999-11-07,9.589408219178083,-2.322721458098166,-1.3036867610799163
1999-11-08,9.576104109589041,-1.7834255676872073,-2.282678541901834
1999-11-09,9.560139726027398,-2.298801542397429,-1.9833381836299693
1999-11-10,9.552969863013697,-2.338684085425177,-2.0072857775885202
1999-11-11,9.541687671232877,-2.533999505165254,-2.0916881660676223
1999-11-12,9.508580821917807,-2.2414702462962697,-2.5101105756215376
1999-11-13,9.473728767123287,-2.1839770253619526,-2.6887517417613345
1999-11-14,9.461328767123288,-2.7666846474202593,-2.1106441197030286
1999-11-15,9.461717808219177,-2.588360516756403,-2.411357291462774
1999-11-16,9.45916712328767,-1.9672856309116542,-3.255881492376017
1999-11-17,9.452572602739725,-2.008954896805578,-3.218617705934147
1999-11-18,9.424342465753423,-2.6619219498438635,-2.636420515909559
1999-11-19,9.403753424657534,-2.898953562067257,-1.8987998625902773
1999-11-20,9.386720547945204,-3.1399230035846433,-2.387797544360561
1999-11-21,9.362890410958904,-3.3360941310872776,-2.1237962798716263
1999-11-22,9.341438356164382,-3.516784612295567,-2.0376537438688147
1999-11-23,9.319454794520547,-3.5870806432052964,-1.9483741513152513
1999-11-24,9.29787397260274,-3.652757144785908,-1.973116827816832
1999-11-25,9.281424657534245,-3.6451825048140076,-2.1282421527202375
1999-11-26,9.257512328767124,-3.515585806535117,-2.167926522232007
1999-11-27,9.236060273972603,-3.578732136004734,-2.1533281379678693
1999-11-28,9.207405479452053,-3.5522589361452335,-2.2491465433068187
1999-11-29,9.165435616438355,-3.5584796597139023,-2.261955956724452
1999-11-30,9.124087671232877,-3.676716259643653,-2.1493714115892235
1999-12-01,9.080482191780822,-3.859165434213376,-1.9793167575674464
1999-12-02,8.996920547945205,-3.980515135653488,-1.8454054122917176
1999-12-03,8.921443835616438,-3.959714152162093,-1.809729683454345
1999-12-04,8.8824,-3.9901487851090556,-1.8342512148909451
1999-12-05,8.883282191780822,-4.043876568740948,-1.4794056230398747
1999-12-06,8.85484109589041,-4.1491310120145695,-1.396710083875841
1999-12-07,8.817002739726028,-4.226475655498939,-1.4055270842270886
1999-12-08,8.759594520547946,-4.245750892590614,-1.6028436279573324
1999-12-09,8.734213698630136,-4.240996695189842,-1.4982170034402937
1999-12-10,8.718186301369862,-4.271360938252715,-1.447825363117146
1999-12-11,8.706791780821916,-4.170112114929919,-1.5756796658919967
1999-12-12,8.736161643835617,-4.374036877838243,-1.5051247659973734
1999-12-13,8.73277808219178,-4.4451302392713306,-1.37364784292045
1999-12-14,8.725386301369863,-4.427773442643302,-1.3886128587265612
1999-12-15,8.714578082191782,-3.6821667689516966,-2.1344113132400855
1999-12-16,8.702279452054794,-4.134770773166659,-1.1345086788881353
1999-12-17,8.686668493150684,-4.235678395224966,-0.9979900979257188
1999-12-18,8.6694301369863,-4.381357355534064,-1.025072781452236
1999-12-19,8.656424657534245,-4.330535297227073,-1.2458893603071717
1999-12-20,8.648331506849313,-3.66584277878661,-1.8474887280627037
1999-12-21,8.640202739726027,-3.824306775976635,-1.8658959637493915
1999-12-22,8.635106849315068,-4.028131082263955,-1.6579757670511137
1999-12-23,8.633594520547943,-4.030494131087277,-1.5301003894606655
1999-12-24,8.631534246575342,-3.891943867652082,-1.9865903789232595
1999-12-25,8.620435616438355,-4.0024626593626556,-2.0689729570757
1999-12-26,8.601049315068494,-3.9912474152460407,-1.9028018998224532
1999-12-27,8.566131506849315,-4.187782364315237,-1.6833491425340776
1999-12-28,8.534476712328768,-4.269164239973825,-1.5583124723549435
1999-12-29,8.51476712328767,-4.3168335058677485,-0.9789336174199228
1999-12-30,8.490991780821918,-4.117749979348605,-0.6892418014733135
1999-12-31,8.46529589041096,-4.2888382828259495,-0.2504576075850107
2000-01-01,8.440147945205478,-4.674010745066906,-0.49913720013857255
2000-01-02,8.415312328767122,-4.671347450370734,-1.1909648783963878
2000-01-03,8.388731506849314,-4.653324549071121,-1.3464069577781945
2000-01-04,8.35698904109589,-4.797623249457492,-1.0923657916383975
2000-01-05,8.264101369863013,-4.843358128277302,-1.0007432415857114
2000-01-06,8.225320547945206,-4.928491883106948,-0.9348286648382578
2000-01-07,8.201342465753424,-4.928287878891985,-0.9620545868614387
2000-01-08,8.18141917808219,-4.850736491466624,-1.0436826866155666
2000-01-09,8.156586301369863,-4.290862237866343,-1.6727240635035203
2000-01-10,8.134002739726027,-4.428815100528795,-1.4871876391972316
2000-01-11,8.116416438356165,-4.6178294314034,-1.3855870069527656
2000-01-12,8.08754520547945,-4.770564942467678,-1.3069802630117726
2000-01-13,8.053786301369863,-4.872420509731464,-1.1173657916383988
2000-01-14,8.033643835616438,-4.709624092450116,-1.2350197431663217
2000-01-15,8.016550684931506,-4.695508672710039,-1.0920420122214667
2000-01-16,7.996791780821917,-4.881104738744461,-1.1266870420774566
2000-01-17,7.9748821917808215,-4.97155651254144,-0.9583256792393815
2000-01-18,7.951265753424657,-5.011596414192301,-0.5376693392323562
2000-01-19,7.929063013698631,-4.949678746471893,0.6616157327732619
2000-01-20,7.907082191780821,-5.0033148546559465,-0.6737673371248745
2000-01-21,7.887073972602739,-4.691527640044074,-1.0805463325586642
2000-01-22,7.871967123287671,-4.555471791782747,-1.1774953315049252
2000-01-23,7.862090410958904,-4.608951595084467,-1.0701388158744365
2000-01-24,7.867172602739725,-4.9558035796296025,-0.8503690231101224
2000-01-25,7.862742465753424,-5.077918648122754,-0.9348238176306705
2000-01-26,7.856635616438356,-4.920008778084116,-0.9486268383542393
2000-01-27,7.832046575342465,-4.770048820233748,-1.0569977551087177
2000-01-28,7.8211506849315064,-4.9742438325273906,-0.8409068524041157
2000-01-29,7.808476712328767,-5.0319649424676784,-0.7615117698610883
2000-01-30,7.798424657534246,-5.040197397683695,-0.5852272598505515
2000-01-31,7.788619178082191,-5.053829852899712,-0.6537893251824798
2000-02-01,7.780706849315068,-5.10705057646838,-0.6096562728466886
2000-02-02,7.7737342465753425,-5.113554194311725,-0.6411800522636177
2000-02-03,7.766690410958905,-5.094958549773614,-0.7237318611852901
2000-02-04,7.754764383561644,-5.136538739446954,-0.7252256441146905
2000-02-05,7.742416438356164,-5.106476217494022,-0.7309402208621423
2000-02-06,7.736167123287672,-5.109231538884959,-0.7689355844027119
2000-02-07,7.71906301369863,-5.143588546261145,-0.7354744674374851
2000-02-08,7.704443835616438,-5.078912325678075,-0.6635315099383634
2000-02-09,7.629693150684932,-4.973080291958371,-0.2546128587265608
2000-02-10,7.611517808219178,-4.87918517429065,-0.6713326339285279
2000-02-11,7.5963232876712325,-5.180480643205296,-0.5078426444659367
2000-02-12,7.58326301369863,-4.978482118442388,-0.627780895256242
2000-02-13,7.570594520547946,-4.998999083668942,-0.7045954368790035
2000-02-14,7.557301369863014,-5.13942612968229,-0.5208752401807235
2000-02-15,7.540939726027398,-5.207620017985767,-0.45931970804163047
2000-02-16,7.527227397260274,-5.142672845523527,-0.5265545517367469
2000-02-17,7.5126,-5.178863783352821,0.869263783352821
2000-02-18,7.497945205479452,-5.177917594381974,0.4429723889025219
2000-02-19,7.484821917808219,-5.063111763682993,-0.22871015412522588
2000-02-20,7.474687671232877,-5.087591285987172,4.850903614754296
2000-02-21,7.46838904109589,-5.229912536426231,1.1415234953303406
2000-02-22,7.461753424657534,-5.2726325223763535,-0.5041209022811799
2000-02-23,7.44721095890411,-5.268173372393916,-0.5150375865101946
2000-02-24,7.440709589041096,-5.256746396629954,-0.5589631924111416
2000-02-25,7.437273972602739,-5.118069052056719,-0.63320492054602
2000-02-26,7.431994520547946,-5.222948504111514,-0.5280460164364316
2000-02-27,7.439873972602739,-5.2823230738340285,-0.5075508987687112
2000-02-28,7.441372602739726,-5.27592454907112,-0.5444480536686056
2000-02-29,7.437509589041095,-5.284829150405858,-0.5376804386352374
2000-03-01,7.434882191780821,-5.28737077316666,-0.48451141861416147
2000-03-02,7.4334630136986295,-5.306462729612041,-0.14600028408658883
2000-03-03,7.429890410958904,-5.205065469338068,-0.5998249416208354
2000-03-04,7.42604109589041,-5.193543375906385,-0.5924977199840251
2000-03-05,7.4213506849315065,-5.243241654796445,-0.3751090301350617
2000-03-06,7.415534246575342,-5.084042568038454,-0.7584916785368883
2000-03-07,7.40891506849315,-5.229053807940105,-0.5868612605530448
2000-03-08,7.4014849315068485,-5.1583109909397535,-0.6301739405670954
2000-03-09,7.396739726027397,-5.19122507594151,0.6104853499141134
2000-03-10,7.390641095890411,-5.205810534318749,0.8701694384283378
2000-03-11,7.385454794520547,-5.021683101933783,0.587228307413235
2000-03-12,7.381347945205479,-5.183144640395321,0.9787966951898426
2000-03-13,7.377553424657535,-4.976675234002627,0.6761218093450925
2000-03-14,7.375065753424657,-5.064484858168416,0.6674191047437583
2000-03-15,7.373810958904109,-5.0856064598544,0.6927955009502913
2000-03-16,7.373720547945205,-5.098743375906385,0.3900228279611797
2000-03-17,7.374632876712329,-5.035867225572701,0.15623434886037213
2000-03-18,7.375320547945205,-4.912216786514042,-0.04110376143116312
2000-03-19,7.375421917808219,-4.818694131087277,-0.2537277867209422
2000-03-20,7.369997260273973,-4.665782715562163,-0.46521454471180945
2000-03-21,7.212008219178083,-4.699931012014569,-0.1640772071635137
2000-03-22,7.270216438356165,-4.6509270780489915,0.012710639692826042
2000-03-23,7.29401095890411,-4.63719191823164,0.16518095932752974
2000-03-24,7.295356164383562,-4.551629150405859,0.07027298602229681
2000-03-25,7.293016438356165,-4.468462799861426,0.21544636150526042
2000-03-26,7.283742465753425,-4.547610042573052,0.31686757681962696
2000-03-27,7.250057534246576,-4.395444043275546,-0.041613490971029066
2000-03-28,7.22788493150685,-4.372053175695637,-0.26383175581121243
2000-03-29,7.203783561643835,-4.333039406816114,-0.3007441548277203
2000-03-30,7.18872602739726,-4.334229220655244,-0.4364968067420163
2000-03-31,7.187654794520548,-4.34338201306831,-0.5402727814522388
2000-04-01,7.255279452054795,-4.30185043596961,-0.659429016085185
2000-04-02,7.291687671232877,-4.169860551881096,-0.9098271193517808
2000-04-03,7.283035616438356,-3.9009337517405975,-1.2011018646977587
2000-04-04,7.278841095890411,-3.61181636501773,-1.3480247308726812
2000-04-05,7.278912328767123,-3.636727499545303,-1.3291848292218202
2000-04-06,7.280967123287671,-3.6336877383932134,-1.3672793848944576
2000-04-07,7.283978082191781,-3.751478043978039,-1.272500038213742
2000-04-08,7.285408219178082,-3.692365785460302,-1.11304243371778
2000-04-09,7.2853945205479445,-3.5797138009151666,-1.1856807196327783
2000-04-10,7.286084931506849,-3.537783347806631,-1.253301583700218
2000-04-11,7.287769863013699,-3.6093682441887878,-1.104401618824911
2000-04-12,7.293487671232877,-3.589510428944671,-1.0879772422882055
2000-04-13,7.325805479452055,-3.46416206224288,-1.298643417209175
2000-04-14,7.49832602739726,-3.311106284230938,-1.1242197431663215
2000-04-15,7.7788958904109595,-3.244348433862128,-0.937547456548832
2000-04-16,8.028372602739726,-2.975595852197218,-1.9857767505425077
2000-04-17,8.13408493150685,-2.6407631159836598,-2.28832181552319
2000-04-18,8.186068493150685,-2.581964380472596,-2.5991041126780896
2000-04-19,8.219865753424656,-2.3740142575361713,-3.0868514958884847
2000-04-20,8.246205479452055,-1.708426972674914,-2.83377850677714
2000-04-21,8.266402739726027,-1.4544225469636387,-1.4399801927623888
2000-04-22,8.282542465753425,-1.4598808539534525,1.151338388200028
2000-04-23,8.286290410958905,-1.2709152761522584,5.535624865193354
2000-04-24,8.293578082191782,-0.9407757608730171,6.426197678681235
2000-04-25,8.25242191780822,-0.6231576365316049,2.1727357187233842
2000-04-26,8.23932602739726,0.02735209300826165,3.2483218795944793
2000-04-27,8.238676712328767,0.18785557035283496,4.188467717318399
2000-04-28,8.24181095890411,0.6329583452035549,10.595230695892333
2000-04-29,8.246232876712329,1.3081709198435265,11.660596203444145
2000-04-30,8.24981095890411,2.3344008460816723,6.249788195014217
2000-05-01,8.25485205479452,2.1017542707392063,6.522393674466274
2000-05-02,8.282824657534245,3.1048546571108258,5.84032068535493
2000-05-03,8.295323287671234,4.309413561220415,6.692263151108351
2000-05-04,8.303183561643834,4.10853291492607,4.907283523430094
2000-05-05,8.311279452054796,3.0496698309780546,4.867050716967151
2000-05-06,8.318583561643836,2.6788828973637235,4.4755335409924415
2000-05-07,8.321523287671234,2.8937458408129677,4.019730871515798
2000-05-08,8.326134246575343,3.498809065259754,2.755056688164903
2000-05-09,8.332682191780822,4.160799862590277,3.3295179456289006
2000-05-10,8.337895890410959,4.789499265470503,6.170604844118537
2000-05-11,8.342282191780821,5.381327013977703,10.694390794241475
2000-05-12,8.346339726027399,5.204383845730425,5.942276428242175
2000-05-13,8.350167123287672,5.530811032242544,2.0960218444697842
2000-05-14,8.353912328767123,5.560187779696003,3.037899891536876
2000-05-15,8.362175342465754,6.052165299892701,4.144659357641546
2000-05-16,8.382060273972602,6.63473979936583,3.7871999266615664
2000-05-17,8.3934301369863,6.534478120405521,3.9760917426081788
2000-05-18,8.401561643835617,6.515019110921855,3.336419245242528
2000-05-19,8.410668493150686,5.188028664838258,1.7223028420110555
2000-05-20,8.417383561643836,4.778967196626105,-0.1483507582699417
2000-05-21,8.424509589041095,4.64032076178241,-1.231830350823505
2000-05-22,8.430408219178084,5.6091405018596845,-1.5545487210377686
2000-05-23,8.436008219178081,6.616472921951009,-3.169481141129091
2000-05-24,8.440802739726028,6.825103901929934,-1.564906641655961
2000-05-25,8.445791780821919,6.7739253279924565,-0.31571710881437554
2000-05-26,8.452205479452054,7.400311348364778,-0.8485168278168329
2000-05-27,8.45772602739726,7.336999722091508,0.7402742505112316
2000-05-28,8.462627397260274,8.26541018924992,-2.7060375865101935
2000-05-29,8.467334246575343,8.43693396866685,-3.9762682152421913
2000-05-30,8.47258904109589,9.658998808849498,-6.944587849945389
2000-05-31,8.477649315068494,11.973274748435026,-7.96592406350352
2000-06-01,8.482361643835617,10.39584756192291,-6.076209205758527
2000-06-02,8.487547945205478,9.516288587563933,-2.5298365327694103
2000-06-03,8.493723287671234,8.904502356443455,0.5887743558853096
2000-06-04,8.50027397260274,8.934643627957332,4.711082399439929
2000-06-05,8.505778082191782,10.530866178010019,6.680355739798198
2000-06-06,8.510550684931506,10.956606185034957,1.0998431300335376
2000-06-07,8.51529589041096,10.505431826060596,-3.8867277164715546
2000-06-08,8.520706849315069,10.47053172068652,-3.6152385700015888
2000-06-09,8.527405479452055,10.192893364522135,-1.0142988439741902
2000-06-10,8.534589041095892,10.779224239126984,-0.5638132802228757
2000-06-11,8.540232876712327,12.416004850296636,10.346762272991038
2000-06-12,8.545638356164384,10.470772114083077,0.14458952975254036
2000-06-13,8.55048493150685,11.096265826763092,-0.6527507582699421
2000-06-14,8.55523287671233,11.505619813415707,-3.459852690128038
2000-06-15,8.55954794520548,11.663248264416762,-4.042796209622242
2000-06-16,8.56235890410959,12.145723642007207,-5.265082546116798
2000-06-17,8.56481095890411,11.588645384191963,-6.249456343096073
2000-06-18,8.567375342465755,11.291264140777843,-6.514639483243599
2000-06-19,8.569967123287672,12.035223606882514,-6.615190730170186
2000-06-20,8.572260273972603,13.100672711202852,-6.982932985175456
2000-06-21,8.574794520547945,12.883870041726212,-7.357664562274156
2000-06-22,8.577104109589042,11.686961506425893,-6.800065616014935
2000-06-23,8.578698630136987,11.324662033296283,-6.20236066343327
2000-06-24,8.581038356164385,10.540313807093263,-7.317352163257647
2000-06-25,8.583805479452057,10.035217214188451,-8.262022693640509
2000-06-26,8.586405479452056,9.93424004523868,-9.465645524690736
2000-06-27,8.588786301369865,9.816529247908157,-9.128315549278023
2000-06-28,8.59093698630137,12.900007398593086,-9.739944384894457
2000-06-29,8.591621917808219,10.913703699962952,-8.67732561777117
2000-06-30,8.590967123287673,10.071884247908157,-8.798851371195829
2000-07-01,8.589542465753425,10.157063220510896,-8.57160568626432
2000-07-02,8.589252054794521,12.014701165716376,-9.390953220510898
2000-07-03,8.590024657534247,10.63415383694925,-6.6031784944834975
2000-07-04,8.59107397260274,10.006386097223224,-3.383460069825963
2000-07-05,8.591819178082194,10.888141782154731,-8.295960960236926
2000-07-06,8.592572602739727,9.105684795853362,-7.57825739859309
2000-07-07,8.593463013698631,9.207311028730073,-6.789774042428705
2000-07-08,8.594556164383562,7.952552655003343,-5.625108819386904
2000-07-09,8.59564109589041,7.925656764592385,-7.518297860482796
2000-07-10,8.597115068493151,7.327076926165971,-4.8281919946591225
2000-07-11,8.598323287671233,6.9038262061097715,-2.6641494937810055
2000-07-12,8.599780821917808,6.26082683835424,-5.928607660272047
2000-07-13,8.601389041095892,5.884137410886731,-7.158526451982623
2000-07-14,8.60282191780822,6.320840747732532,-6.206662665540751
2000-07-15,8.604197260273974,7.43471879479962,-7.266916055073594
2000-07-16,8.60486301369863,6.324650933893403,-7.756513947592032
2000-07-17,8.605958904109588,4.968738534876895,-7.265697438986483
2000-07-18,8.606882191780823,4.885113877342649,-7.5179960691234715
2000-07-19,8.606953424657535,5.722986163960141,-8.170939588617676
2000-07-20,8.604068493150685,5.177009908252378,-7.677078401403063
2000-07-21,8.604476712328767,4.636426206109771,-7.064902918438538
2000-07-22,8.605158904109588,3.992448334666147,-6.2846072387757355
2000-07-23,8.605602739726027,3.6898545868614403,-5.210457326587468
2000-07-24,8.60589589041096,3.6678314045642852,0.8482727050247552
2000-07-25,8.606501369863015,3.6802502313995507,-2.2387516012625652
2000-07-26,8.607668493150685,4.13114640280805,-0.5798148959587346
2000-07-27,8.60844109589041,3.334073905442403,-4.0735150013328125
2000-07-28,8.609156164383561,2.991736286896565,-3.0498924512801264
2000-07-29,8.609876712328767,2.9441608039320406,-4.157037516260807
2000-07-30,8.610427397260274,2.334894699260457,-3.1893220965207307
2000-07-31,8.610753424657535,2.31483779725835,-3.6805912219158845
2000-08-01,8.61121095890411,3.7990474916735235,-5.052258450577634
2000-08-02,8.611572602739727,2.364048826411844,-3.6646214291515715
2000-08-03,8.612178082191782,2.5136675829977237,-3.5068456651895064
2000-08-04,8.612991780821918,2.921965159393931,-4.802956940215849
2000-08-05,8.613849315068494,1.7372281730925607,-3.275077488161055
2000-08-06,8.614520547945206,1.9569758373004993,1.8215036147542951
2000-08-07,8.615254794520549,1.5063648783963894,-1.915619672916939
2000-08-08,8.615890410958905,1.8695638949049949,-3.0874543058638997
2000-08-09,8.616238356164384,2.6149441548277204,-3.915182510992105
2000-08-10,8.615868493150685,1.9049685313644256,-3.1448370245151107
2000-08-11,8.616054794520549,2.6122580290813207,-4.10031282360187
2000-08-12,8.616364383561645,1.7342658267630913,-3.334630210324737
2000-08-13,8.616660273972602,0.9894446816981107,-2.495104955670713
2000-08-14,8.617161643835617,0.9020908355442644,-2.6692524793798817
2000-08-15,8.617498630136986,0.886244822196881,-3.074743452333866
2000-08-16,8.617854794520547,1.259361506425894,-3.3022163009464407
2000-08-17,8.618295890410959,1.1944667400051003,-3.838762630416059
2000-08-18,8.615071232876712,0.6013667048804077,-3.3914379377571198
2000-08-19,8.613038356164385,0.7922628060395225,-2.491301162203907
2000-08-20,8.612468493150686,2.2287738703177107,-4.357242363468397
2000-08-21,8.59808493150685,3.354036954265726,-3.909121885772577
2000-08-22,8.594260273972603,1.2482092057585252,-2.384469479731128
2000-08-23,8.595046575342465,0.9993504772723991,-3.5493970526148644
2000-08-24,8.59607397260274,0.7687433820844819,-1.3738173546872225
2000-08-25,8.597295890410958,0.259629297082726,0.04707481250631573
2000-08-26,8.598471232876713,0.1009574319615455,0.10657133516174022
2000-08-27,8.599104109589042,0.6401830027378013,2.730712887673157
2000-08-28,8.600164383561644,0.5913782257796,0.6834573906587559
2000-08-29,8.601375342465754,0.525896525744475,0.4167281317897711
2000-08-30,8.602126027397262,0.17609575300123667,-0.36522178039849795
2000-08-31,8.602767123287672,-0.153389038006842,-1.3873780852808295
2000-09-01,8.602468493150685,0.35586252504198124,-2.6193310181926655
2000-09-02,8.603183561643835,-0.03891422241147837,-2.7812693392323564
2000-09-03,8.603895890410957,-0.7042099020742814,-2.8966859883366753
2000-09-04,8.604197260273972,-0.2398114475607586,-3.6943858127132136
2000-09-05,8.605073972602739,-0.8398243734476568,-3.502249599155082
2000-09-06,8.605964383561643,-0.46818742227097965,-3.997776961290664
2000-09-07,8.607128767123287,-0.9488720025309024,-2.8862567645923844
2000-09-08,8.604947945205478,-0.7858629403601964,-3.620085004845281
2000-09-09,8.602076712328767,0.24485486785898164,-4.487931580187748
2000-09-10,8.59971506849315,-0.014948433862128177,-3.9457666346310223
2000-09-11,8.597506849315067,0.8344826866155677,-4.634989535930635
2000-09-12,8.595594520547946,0.8062904140479524,-4.3118849345958985
2000-09-13,8.593520547945204,-0.6135197018635332,-2.6660008460816704
2000-09-14,8.591257534246576,-0.8763186481227537,-2.3339388861238226
2000-09-15,8.5901698630137,-0.5380771307360307,-2.362092732277668
2000-09-16,8.590038356164383,-0.5926495929769859,-2.0673887631873975
2000-09-17,8.590090410958904,-0.42636782269247625,-2.7187225882664277
2000-09-18,8.590416438356163,0.8555477375463716,-4.226964175902534
2000-09-19,8.591068493150683,1.2257669858779492,-4.433835479028632
2000-09-20,8.593369863013699,2.25379157316281,34.73583856382349
2000-09-21,8.597509589041096,3.456872359955926,9.921618051002977
2000-09-22,8.600523287671233,4.805581457251325,-2.4091047449225584
2000-09-23,8.60815890410959,1.7907576427097018,-1.5559165468192921
2000-09-24,8.620282191780822,-0.21786813881470982,-0.7194140529661123
2000-09-25,8.626287671232877,-0.5600064598544008,-1.2962812113784765
2000-09-26,8.630123287671232,-0.13804741524604108,-2.234075872425191
2000-09-27,8.63352602739726,0.7205788580240677,-3.3431048854213268
2000-09-28,8.636243835616439,-0.6241622729910359,-2.4000815626254024
2000-09-29,8.638723287671233,-0.1704941310872775,3.8197708434160447
2000-09-30,8.640778082191781,0.565321464276263,26.78690045353196
2000-10-01,8.642605479452055,-0.6838547914314995,15.347249311979446
2000-10-02,8.645145205479452,-0.822216365017731,7.3880711595382795
2000-10-03,8.648301369863013,-1.115946537128725,5.591645167265712
2000-10-04,8.652104109589041,-0.8068088483335015,3.9327047387444605
2000-10-05,8.65576712328767,-0.9873477313682752,3.1995806080806046
2000-10-06,8.658797260273971,-0.5040292909046292,2.0672320306306577
2000-10-07,8.662391780821917,0.06496818011749941,0.16364003906058375
2000-10-08,8.664493150684931,-0.6844379315790233,-0.01605521910590768
2000-10-09,8.666167123287671,0.6683882714417001,-1.567555394729371
2000-10-10,8.668068493150685,0.5542709549682197,-1.5533394481189047
2000-10-11,8.669523287671232,0.40454169609923435,-0.2320649837704663
2000-10-12,8.670545205479453,0.8116482644167619,8.768806530103786
2000-10-13,8.671575342465754,0.7429811060043977,59.64144355152984
2000-10-14,8.670942465753424,1.1747488615365362,98.52230867271003
2000-10-15,8.668668493150685,0.6746058337880295,87.41472567306127
2000-10-16,8.667594520547945,-0.5330746720075444,35.8734801514596
2000-10-17,8.665904109589041,-1.0708397580630418,16.697935648474
2000-10-18,8.66470410958904,-1.631827956166308,10.402123846577267
2000-10-19,8.664150684931506,-1.5952414440482892,7.444090759116783
2000-10-20,8.660898630136984,-1.8444273941712255,7.142528764034241
2000-10-21,8.652945205479451,-1.8281763931174846,6.091231187638034
2000-10-22,8.637575342465754,-2.183875304252012,5.453299961786259
2000-10-23,8.609583561643834,-2.4297708434160445,4.799187281772209
2000-10-24,8.57851506849315,-1.7278406010556653,3.316325532562515
2000-10-25,8.559487671232876,-0.927450365720225,2.0049626944873493
2000-10-26,8.536164383561644,-0.8294849986671863,1.6003206151055425
2000-10-27,8.510131506849314,-1.6844847176696447,2.2023532108203314
2000-10-28,8.466534246575343,-2.101494482334204,2.6889602357588616
2000-10-29,8.423580821917808,-2.365311623184222,2.334730801266415
2000-10-30,8.401035616438357,-2.477579975836136,2.5795443593977794
2000-10-31,8.390172602739726,-2.345209550827355,10.386036948087629
2000-11-01,8.388539726027396,-0.7437475908695045,2.7152078648421076
2000-11-02,8.396613698630137,-1.2823447106447066,1.9737310120145686
2000-11-03,8.391167123287673,-1.3678422167915276,2.5316750935038543
2000-11-04,8.383739726027397,-1.9435487148596695,2.283808988832273
2000-11-05,8.377013698630137,-2.3033020692678186,1.6762883706376819
2000-11-06,8.369542465753426,-2.322721458098166,1.59917899234474
2000-11-07,8.369438356164384,-1.7834255676872073,1.3139872115228237
2000-11-08,8.3721698630137,-2.298801542397429,1.1076316793837298
2000-11-09,8.367819178082193,-2.338684085425177,0.7788649073429834
2000-11-10,8.347723287671233,-2.533999505165254,0.5832762174940216
2000-11-11,8.341939726027398,-2.2414702462962697,0.053530520268871395
2000-11-12,8.348238356164384,-2.1839770253619526,-0.19626133080243102
2000-11-13,8.349906849315069,-2.7666846474202593,2.01677779810519
2000-11-14,8.34217808219178,-2.588360516756403,5.966182434564624
2000-11-15,8.33078904109589,-1.9672856309116542,2.0224965898157627
2000-11-16,8.338084931506849,-2.008954896805578,0.8638699652987287
2000-11-17,8.341901369863013,-2.6619219498438635,1.7700205799808506
2000-11-18,8.337597260273972,-2.898953562067257,1.6183563017932854
2000-11-19,8.339005479452055,-3.1399230035846433,1.260917524132588
2000-11-20,8.343838356164383,-3.3360941310872776,1.0482557749228945
2000-11-21,8.352465753424658,-3.516784612295567,0.9953188588709092
2000-11-22,8.365734246575343,-3.5870806432052964,0.7553463966299532
2000-11-23,8.372808219178083,-3.652757144785908,0.7729489256078255
2000-11-24,8.384961643835616,-3.6451825048140076,1.1092208609783913
2000-11-25,8.393980821917808,-3.515585806535117,0.7106049846173099
2000-11-26,8.401994520547944,-3.578732136004734,0.4697376154567898
2000-11-27,8.425356164383562,-3.5522589361452335,0.2509027717616714
2000-11-28,8.459641095890412,-3.5584796597139023,0.36183856382349067
2000-11-29,8.50234520547945,-3.676716259643653,0.3193710541642023
2000-11-30,8.544575342465754,-3.859165434213376,0.27659009174762206
2000-12-01,8.575646575342464,-3.980515135653488,0.46886856031102386
2000-12-02,8.578142465753425,-3.959714152162093,0.7875716864086679
2000-12-03,8.567098630136986,-3.9901487851090556,0.8720501549720696
2000-12-04,8.543945205479453,-4.043876568740948,0.8689313632614946
2000-12-05,8.507101369863014,-4.1491310120145695,0.693029642151556
2000-12-06,8.490838356164383,-4.226475655498939,0.6526372993345557
2000-12-07,8.49054794520548,-4.245750892590614,0.6412029473851346
2000-12-08,8.493112328767126,-4.240996695189842,1.1878843664227166
2000-12-09,8.50684383561644,-4.271360938252715,1.3855171026362756
2000-12-10,8.559471232876714,-4.170112114929919,0.6316408820532056
2000-12-11,8.53374794520548,-4.374036877838243,0.6702889326327632
2000-12-12,8.523953424657535,-4.4451302392713306,0.6041768146137958
2000-12-13,8.511986301369864,-4.427773442643302,0.5577871412734376
2000-12-14,8.507268493150686,-3.6821667689516966,-0.3521017241989899
2000-12-15,8.50809589041096,-4.134770773166659,0.08567488275569879
2000-12-16,8.54493698630137,-4.235678395224966,0.03874140892359623
2000-12-17,8.563317808219178,-4.381357355534064,0.01703954731488544
2000-12-18,8.574731506849314,-4.330535297227073,-0.21819620962224118
2000-12-19,8.577378082191782,-3.66584277878661,-0.9395353034051723
2000-12-20,8.575416438356164,-3.824306775976635,-0.8761096623795295
2000-12-21,8.579019178082191,-4.028131082263955,-0.7588880958182367
2000-12-22,8.592112328767122,-4.030494131087277,-0.9066181976798457
2000-12-23,8.607843835616439,-3.891943867652082,-1.1088999679643567
2000-12-24,8.629123287671234,-4.0024626593626556,-1.0676606283085786
2000-12-25,8.657849315068495,-3.9912474152460407,-1.0106018998224533
2000-12-26,8.691063013698631,-4.187782364315237,-0.9392806493833943
2000-12-27,8.739276712328769,-4.269164239973825,-0.9781124723549439
2000-12-28,8.792139726027397,-4.3168335058677485,-1.006306220159649
2000-12-29,8.828876712328768,-4.117749979348605,-1.2661267329801627
2000-12-30,8.864904109589041,-4.2888382828259495,-1.170065826763091
2000-12-31,8.898372602739727,-4.674010745066906,-1.0633618576728212
2001-01-01,8.923619178082191,-4.671347450370734,-1.4172717277114568
2001-01-02,8.945879452054795,-4.653324549071121,-1.5205549029836742
2001-01-03,8.960893150684932,-4.797623249457492,-1.42426990122744
2001-01-04,8.98568493150685,-4.843358128277302,-1.4473268032295472
2001-01-05,9.018520547945206,-4.928491883106948,-1.403028664838259
2001-01-06,9.09909589041096,-4.928287878891985,-1.4608080115189743
2001-01-07,9.127512328767123,-4.850736491466624,-1.593775837300499
2001-01-08,9.15091506849315,-4.290862237866343,-2.129052830626807
2001-01-09,9.171030136986301,-4.428815100528795,-2.0832150364575064
2001-01-10,9.190509589041095,-4.6178294314034,-1.9276801576376963
2001-01-11,9.21666301369863,-4.770564942467678,-1.8490980712309524
2001-01-12,9.248660273972604,-4.872420509731464,-1.78923976424114
2001-01-13,9.279550684931507,-4.709624092450116,-1.9789265924813915
2001-01-14,9.422057534246576,-4.695508672710039,-2.254548861536538
2001-01-15,9.551224657534247,-4.881104738744461,-2.281119918789787
2001-01-16,9.604517808219178,-4.97155651254144,-2.2509612956777385
2001-01-17,9.663120547945205,-5.011596414192301,-2.223524133752904
2001-01-18,9.71128493150685,-4.949678746471893,-2.1736061850349566
2001-01-19,9.753457534246575,-5.0033148546559465,-2.371142679590629
2001-01-20,9.785980821917809,-4.691527640044074,-2.7304531818737345
2001-01-21,9.817813698630136,-4.555471791782747,-2.961341906847389
2001-01-22,9.854054794520547,-4.608951595084467,-2.9551031994360795
2001-01-23,9.875271232876713,-4.9558035796296025,-2.6374676532471106
2001-01-24,9.900189041095889,-5.077918648122754,-2.5462703929731347
2001-01-25,9.917342465753425,-4.920008778084116,-2.727333687669309
2001-01-26,9.944460273972602,-4.770048820233748,-2.9084114537388546
2001-01-27,9.96925205479452,-4.9742438325273906,-2.7260082222671294
2001-01-28,9.998528767123286,-5.0319649424676784,-2.7505638246556074
2001-01-29,10.027219178082191,-5.040197397683695,-2.6950217803984966
2001-01-30,10.056652054794519,-5.053829852899712,-2.7548222018948065
2001-01-31,10.086019178082193,-5.10705057646838,-2.7829686016138133
2001-02-01,10.118027397260274,-5.113554194311725,-2.7644732029485493
2001-02-02,10.163868493150684,-5.094958549773614,-2.8239099433770694
2001-02-03,10.270575342465754,-5.136538739446954,-2.9280366030188008
2001-02-04,10.30295890410959,-5.106476217494022,-3.046482686615567
2001-02-05,10.30984109589041,-5.109231538884959,-3.074609557005452
2001-02-06,10.32588219178082,-5.143588546261145,-3.1102936455196764
2001-02-07,10.349772602739726,-5.078912325678075,-3.1818602770616513
2001-02-08,10.370041095890413,-4.973080291958371,-3.1299608039320423
2001-02-09,10.387758904109589,-4.87918517429065,-3.379573729818939
2001-02-10,10.399550684931507,-5.180480643205296,-3.1980700417262113
2001-02-11,10.408345205479453,-4.978482118442388,-3.344863087037064
2001-02-12,10.415287671232877,-4.998999083668942,-3.3662885875639352
2001-02-13,10.423923287671233,-5.13942612968229,-3.2644971579889432
2001-02-14,10.433106849315068,-5.207620017985767,-3.221486831329302
2001-02-15,10.443646575342466,-5.142672845523527,-3.2819737298189393
2001-02-16,10.474942465753426,-5.178863783352821,-3.270078682400605
2001-02-17,10.490495890410958,-5.177917594381974,-3.291578296028984
2001-02-18,10.500841095890411,-5.063111763682993,-3.4527293322074186
2001-02-19,10.519369863013699,-5.087591285987172,-3.443778577026527
2001-02-20,10.5256,-5.229912536426231,-3.3116874635737696
2001-02-21,10.527186301369863,-5.2726325223763535,-3.2825537789935098
2001-02-22,10.531410958904111,-5.268173372393916,-3.2242375865101955
2001-02-23,10.529427397260275,-5.256746396629954,-3.2016810006303205
2001-02-24,10.525350684931507,-5.118069052056719,-3.2922816328747873
2001-02-25,10.521646575342466,-5.222948504111514,-3.3866980712309527
2001-02-26,10.509320547945205,-5.2823230738340285,-3.189997474111177
2001-02-27,10.501808219178082,-5.27592454907112,-3.162883670106962
2001-02-28,10.493983561643836,-5.284829150405858,-3.3201544112379784
2001-03-01,10.492882191780822,-5.28737077316666,-3.308511418614162
2001-03-02,10.496942465753424,-5.306462729612041,-3.3184797361413834
2001-03-03,10.497575342465753,-5.205065469338068,-3.4065098731276855
2001-03-04,10.496868493150686,-5.193543375906385,-3.4033251172443
2001-03-05,10.497509589041098,-5.243241654796445,-3.3412679342446525
2001-03-06,10.500328767123289,-5.084042568038454,-3.5232861990848345
2001-03-07,10.503819178082193,-5.229053807940105,-3.356765370142088
2001-03-08,10.506128767123288,-5.1583109909397535,-3.309817776183534
2001-03-09,10.509580821917808,-5.19122507594151,-3.2983557459762984
2001-03-10,10.514471232876712,-5.205810534318749,-3.3016606985579635
2001-03-11,10.525805479452053,-5.021683101933783,-3.41512237751827
2001-03-12,10.531350684931507,-5.183144640395321,-2.977206044536185
2001-03-13,10.534208219178081,-4.976675234002627,-3.1785329851754547
2001-03-14,10.535227397260273,-5.064484858168416,-3.2497425390918577
2001-03-15,10.535150684931505,-5.0856064598544,-3.2945442250771055
2001-03-16,10.535860273972602,-5.098743375906385,-3.1691168980662168
2001-03-17,10.534994520547944,-5.035867225572701,-3.052127294975244
2001-03-18,10.534849315068493,-4.912216786514042,-3.1816325285544504
2001-03-19,10.53612602739726,-4.818694131087277,-3.2954318963099833
2001-03-20,10.5364301369863,-4.665782715562163,-3.393647421424137
2001-03-21,10.535915068493152,-4.699931012014569,-2.647984056478582
2001-03-22,10.425010958904108,-4.6509270780489915,-1.6310838808551171
2001-03-23,10.379169863013699,-4.63719191823164,-1.8199779447820585
2001-03-24,10.362695890410958,-4.551629150405859,-0.21006674000509928
2001-03-25,10.354517808219178,-4.468462799861426,1.5789449916422473
2001-03-26,10.350230136986301,-4.547610042573052,-0.5576200944132488
2001-03-27,10.354301369863013,-4.395444043275546,-1.7458573265874664
2001-03-28,10.356531506849315,-4.372053175695637,-2.1504783311536784
2001-03-29,10.35681095890411,-4.333039406816114,-2.4617715520879955
2001-03-30,10.35690410958904,-4.334229220655244,-2.699674888933796
2001-03-31,10.338257534246575,-4.34338201306831,-2.9408755211782642
2001-04-01,10.254126027397259,-4.30185043596961,-2.991275591427649
2001-04-02,10.204326027397261,-4.169860551881096,-2.8954654755161657
2001-04-03,10.176723287671233,-3.9009337517405975,-2.9427895359306357
2001-04-04,10.154912328767125,-3.61181636501773,-2.836095963749395
2001-04-05,10.137728767123289,-3.636727499545303,-2.851001267577985
2001-04-06,10.121668493150684,-3.6336877383932134,-3.101980754757471
2001-04-07,10.106961643835616,-3.751478043978039,-2.783483599857577
2001-04-08,10.116649315068493,-3.692365785460302,-3.177283529608191
2001-04-09,10.12628219178082,-3.5797138009151666,-3.4155683908656536
2001-04-10,10.14535616438356,-3.537783347806631,-3.4185728165769294
2001-04-11,10.153021917808218,-3.6093682441887878,-3.4386536736194295
2001-04-12,10.150210958904111,-3.589510428944671,-3.57170052995944
2001-04-13,10.118693150684932,-3.46416206224288,-3.7155310884420514
2001-04-14,9.946619178082193,-3.311106284230938,-3.803512893851255
2001-04-15,9.665539726027397,-3.244348433862128,-3.6541912921652697
2001-04-16,9.415539726027397,-2.975595852197218,-3.7649438738301795
2001-04-17,9.309353424657534,-2.6407631159836598,-4.080590308673874
2001-04-18,9.256597260273974,-2.581964380472596,-4.107632879801378
2001-04-19,9.222197260273973,-2.3740142575361713,-4.291183002737801
2001-04-20,9.195361643835618,-1.708426972674914,-4.969934671160704
2001-04-21,9.17662191780822,-1.4544225469636387,-5.253199370844581
2001-04-22,9.186906849315069,-1.4598808539534525,-5.363025995361616
2001-04-23,9.176504109589041,-1.2709152761522584,-5.571588833436783
2001-04-24,9.16447397260274,-0.9407757608730171,-5.784698211729723
2001-04-25,9.153454794520549,-0.6231576365316049,-5.6732971579889435
2001-04-26,9.143120547945205,0.02735209300826165,-6.168472640953468
2001-04-27,9.132471232876714,0.18785557035283496,-6.20732680322955
2001-04-28,9.121816438356166,0.6329583452035549,-6.197774783559721
2001-04-29,9.110246575342467,1.3081709198435265,-4.881417495185993
2001-04-30,9.100052054794523,2.3344008460816723,-2.8294529008761944
2001-05-01,9.089060273972603,2.1017542707392063,1.7231854552881907
2001-05-02,9.055904109589042,3.1048546571108258,4.471241233300134
2001-05-03,9.039282191780824,4.309413561220415,8.89530424699876
2001-05-04,9.025520547945208,4.10853291492607,2.1969465371287216
2001-05-05,9.010290410958905,3.0496698309780546,1.4570397580630394
2001-05-06,8.99721095890411,2.6788828973637235,1.3419061437321664
2001-05-07,8.986789041095893,2.8937458408129677,0.6274651180911386
2001-05-08,8.976030136986303,3.498809065259754,2.067160797753943
2001-05-09,8.965150684931508,4.160799862590277,3.6940494524782146
2001-05-10,8.956271232876714,4.789499265470503,3.9642295016527838
2001-05-11,8.947586301369865,5.381327013977703,2.75408668465243
2001-05-12,8.939964383561644,5.204383845730425,3.2376517707079318
2001-05-13,8.933490410958907,5.530811032242544,3.8116985567985493
2001-05-14,8.928350684931509,5.560187779696003,3.0724615353724882
2001-05-15,8.917934246575342,6.052165299892701,0.767900453531956
2001-05-16,8.895383561643836,6.63473979936583,-0.883123361009666
2001-05-17,8.881539726027398,6.534478120405521,6.150982153567081
2001-05-18,8.87078082191781,6.515019110921855,4.260200067160335
2001-05-19,8.859189041095892,5.188028664838258,-0.2972177059341501
2001-05-20,8.848534246575344,4.778967196626105,-0.06550144320145002
2001-05-21,8.839320547945206,4.64032076178241,0.11735869027238355
2001-05-22,8.830756164383562,5.6091405018596845,1.194103333756754
2001-05-23,8.822487671232878,6.616472921951009,1.2870394068161124
2001-05-24,8.814969863013701,6.825103901929934,0.6429262350563665
2001-05-25,8.80834794520548,6.7739253279924565,3.7577267268020638
2001-05-26,8.800731506849315,7.400311348364778,2.094957144785906
2001-05-27,8.793783561643835,7.336999722091508,3.329216716264658
2001-05-28,8.787221917808221,8.26541018924992,5.4963678929418585
2001-05-29,8.78095616438356,8.43693396866685,8.22410986694959
2001-05-30,8.774232876712329,9.658998808849498,8.340768314438174
2001-05-31,8.767690410958904,11.973274748435026,7.158034840606069
2001-06-01,8.762098630136986,10.39584756192291,4.985053807940105
2001-06-02,8.756339726027397,9.516288587563933,-1.8876283135913283
2001-06-03,8.749405479452054,8.904502356443455,-3.69790783589551
2001-06-04,8.742093150684932,8.934643627957332,-3.9817367786422633
2001-06-05,8.734786301369864,10.530866178010019,-6.9966524793798825
2001-06-06,8.728501369863015,10.956606185034957,-5.054107554897971
2001-06-07,8.722693150684933,10.505431826060596,-4.200124976745528
2001-06-08,8.716526027397261,10.47053172068652,-2.87505774808378
2001-06-09,8.708254794520549,10.192893364522135,3.816851840957316
2001-06-10,8.699654794520548,10.779224239126984,18.480120966352473
2001-06-11,8.692326027397261,12.416004850296636,0.8056691223061048
2001-06-12,8.685750684931506,10.470772114083077,-3.570522799014583
2001-06-13,8.679465753424658,11.096265826763092,-5.149731580187751
2001-06-14,8.673413698630139,11.505619813415707,-5.300033512045847
2001-06-15,8.667871232876713,11.663248264416762,-3.8491194972934757
2001-06-16,8.66142191780822,12.145723642007207,8.082854440184574
2001-06-17,8.655139726027397,11.588645384191963,0.36921488978063977
2001-06-18,8.649290410958905,11.291264140777843,-2.430554551736746
2001-06-19,8.644032876712329,12.035223606882514,-5.723256483594843
2001-06-20,8.638980821917809,13.100672711202852,-7.765653533120661
2001-06-21,8.634167123287671,12.883870041726212,-6.102037165013883
2001-06-22,8.629495890410958,11.686961506425893,-2.0734573968368526
2001-06-23,8.625534246575342,11.324662033296283,-0.5071962798716232
2001-06-24,8.62148219178082,10.540313807093263,0.4092040011259179
2001-06-25,8.616879452054794,10.035217214188451,2.189903333756753
2001-06-26,8.612873972602738,9.93424004523868,2.630885982158583
2001-06-27,8.609361643835616,9.816529247908157,8.449109108256227
2001-06-28,8.605758904109589,12.900007398593086,9.540233697297325
2001-06-29,8.602586301369863,10.913703699962952,4.720709998667184
2001-06-30,8.599712328767122,10.071884247908157,4.34240342332472
2001-07-01,8.598328767123288,10.157063220510896,3.6356080123658145
2001-07-02,8.596104109589042,12.014701165716376,-0.18280527530541768
2001-07-03,8.593405479452056,10.63415383694925,1.5184406835986923
2001-07-04,8.59104383561644,10.006386097223224,2.096570067160336
2001-07-05,8.589043835616438,10.888141782154731,0.7558143822288308
2001-07-06,8.587057534246576,9.105684795853362,4.412257669900063
2001-07-07,8.585013698630137,9.207311028730073,22.62867527263979
2001-07-08,8.582657534246575,7.952552655003343,4.758789810750082
2001-07-09,8.580523287671234,7.925656764592385,1.0388199477363829
2001-07-10,8.578090410958904,7.327076926165971,2.5328326628751237
2001-07-11,8.57570410958904,6.9038262061097715,4.468469684301189
2001-07-12,8.573449315068492,6.26082683835424,3.643723846577269
2001-07-13,8.571282191780822,5.884137410886731,4.550580397332447
2001-07-14,8.569093150684932,6.320840747732532,5.102066101582537
2001-07-15,8.56682191780822,7.43471879479962,44.78545928739216
2001-07-16,8.564947945205478,6.324650933893403,39.429401120901126
2001-07-17,8.56306301369863,4.968738534876895,12.229198451424477
2001-07-18,8.561227397260273,4.885113877342649,13.91765872539708
2001-07-19,8.5594301369863,5.722986163960141,9.45658369905356
2001-07-20,8.557043835616438,5.177009908252378,7.762946256131183
2001-07-21,8.555216438356164,4.636426206109771,4.855357355534066
2001-07-22,8.5532301369863,3.992448334666147,5.386321528347551
2001-07-23,8.551490410958902,3.6898545868614403,8.071655002179657
2001-07-24,8.54997808219178,3.6678314045642852,8.648190513243934
2001-07-25,8.548408219178082,3.6802502313995507,6.9143415494223675
2001-07-26,8.546923287671234,4.13114640280805,5.7419303095207175
2001-07-27,8.546339726027398,3.334073905442403,5.886586368530199
2001-07-28,8.545728767123286,2.991736286896565,6.0625349459801505
2001-07-29,8.545915068493152,2.9441608039320406,6.592924127574806
2001-07-30,8.547268493150684,2.334894699260457,7.345836807588861
2001-07-31,8.547213698630136,2.31483779725835,7.125948504111514
2001-08-01,8.547,3.7990474916735235,5.730952508326478
2001-08-02,8.546802739726028,2.364048826411844,8.083148433862128
2001-08-03,8.546427397260274,2.5136675829977237,13.290905019742002
2001-08-04,8.546060273972602,2.921965159393931,34.21197456663347
2001-08-05,8.545706849315067,1.7372281730925607,8.613064977592373
2001-08-06,8.545569863013698,1.9569758373004993,4.402454299685802
2001-08-07,8.544994520547945,1.5063648783963894,4.009640601055665
2001-08-08,8.544287671232876,1.8695638949049949,5.7041484338621276
2001-08-09,8.543569863013698,2.6149441548277204,3.5554859821585825
2001-08-10,8.541942465753424,1.9049685313644256,3.3960890028821504
2001-08-11,8.54081095890411,2.6122580290813207,0.2789310120145694
2001-08-12,8.53987397260274,1.7342658267630913,-0.04813979936583013
2001-08-13,8.538819178082191,0.9894446816981107,0.11673614021969791
2001-08-14,8.537731506849315,0.9020908355442644,0.5621776576064209
2001-08-15,8.536816438356164,0.886244822196881,0.35793873944695576
2001-08-16,8.535983561643835,1.259361506425894,0.6266549319302712
2001-08-17,8.535054794520548,1.1944667400051003,7.667478465474351
2001-08-18,8.534065753424658,0.6013667048804077,2.366567541694935
2001-08-19,8.5328301369863,0.7922628060395225,1.3649070569741768
2001-08-20,8.53192602739726,2.2287738703177107,2.4863001022850293
2001-08-21,8.53095616438356,3.354036954265726,-1.5679931186492864
2001-08-22,8.529972602739726,1.2482092057585252,-1.74118180849825
2001-08-23,8.529663013698631,0.9993504772723991,-1.9420134909710303
2001-08-24,8.528479452054796,0.7687433820844819,-2.030222834139278
2001-08-25,8.527238356164384,0.259629297082726,-1.3708676532471094
2001-08-26,8.53127397260274,0.1009574319615455,-1.1782314045642859
2001-08-27,8.530997260273972,0.6401830027378013,-1.7001802630117735
2001-08-28,8.52952602739726,0.5913782257796,-1.9879042531768603
2001-08-29,8.52847397260274,0.525896525744475,-2.366370498347215
2001-08-30,8.52785205479452,0.17609575300123667,-0.6929478077957577
2001-08-31,8.526931506849316,-0.153389038006842,0.17045753115752682
2001-09-01,8.526095890410957,0.35586252504198124,-2.311958415452938
2001-09-02,8.524961643835617,-0.03891422241147837,-2.9610474214241385
2001-09-03,8.523947945205478,-0.7042099020742814,-2.5827380431311964
2001-09-04,8.522917808219177,-0.2398114475607586,-2.584106360658418
2001-09-05,8.52234520547945,-0.8398243734476568,-2.145520832031793
2001-09-06,8.522254794520546,-0.46818742227097965,-3.0710673722495665
2001-09-07,8.522265753424657,-0.9488720025309024,-1.5413937508937545
2001-09-08,8.522350684931506,-0.7858629403601964,-1.75248774457131
2001-09-09,8.522435616438354,0.24485486785898164,-0.27129048429733554
2001-09-10,8.522295890410959,-0.014948433862128177,-1.8443474565488305
2001-09-11,8.521498630136985,0.8344826866155677,-3.515981316752553
2001-09-12,8.520994520547944,0.8062904140479524,-3.865284934595897
2001-09-13,8.520898630136985,-0.6135197018635332,-2.6213789282734523
2001-09-14,8.52098082191781,-0.8763186481227537,-2.0046621737950567
2001-09-15,8.520764383561644,-0.5380771307360307,-2.608687252825614
2001-09-16,8.520197260273973,-0.5926495929769859,-2.050547667296987
2001-09-17,8.519942465753424,-0.42636782269247625,-2.182574643060948
2001-09-18,8.528232876712329,0.8555477375463716,-4.0537806142587005
2001-09-19,8.548293150684932,1.2257669858779492,-4.579060136562881
2001-09-20,8.557849315068493,2.25379157316281,-5.708640888231304
2001-09-21,8.563682191780822,3.456872359955926,-6.776554551736749
2001-09-22,8.563824657534246,4.805581457251325,-8.385406114785571
2001-09-23,8.5576,1.7907576427097018,-4.490357642709703
2001-09-24,8.545339726027397,-0.21786813881470982,-2.2094715872126867
2001-09-25,8.538394520547945,-0.5600064598544008,0.27761193930645645
2001-09-26,8.53386301369863,-0.13804741524604108,-1.3238155984525888
2001-09-27,8.53015616438356,0.7205788580240677,-3.137735022407628
2001-09-28,8.527038356164384,-0.6241622729910359,-2.2568760831733483
2001-09-29,8.524315068493152,-0.1704941310872775,-2.8718209374058743
2001-09-30,8.522260273972602,0.565321464276263,-3.8025817382488647
2001-10-01,8.52113698630137,-0.6838547914314995,-2.7082821948698705
2001-10-02,8.520172602739727,-0.822216365017731,-2.561956237721996
2001-10-03,8.518953424657536,-1.115946537128725,-2.2400068875288106
2001-10-04,8.517112328767123,-0.8068088483335015,-2.2043034804336212
2001-10-05,8.516301369863013,-0.9873477313682752,-2.522953638494738
2001-10-06,8.516468493150686,-0.5040292909046292,-3.158439202246057
2001-10-07,8.515493150684932,0.06496818011749941,3.846538669197568
2001-10-08,8.51534794520548,-0.6844379315790233,3.6490899863735433
2001-10-09,8.515890410958905,0.6683882714417001,5.544721317599394
2001-10-10,8.516304109589042,0.5542709549682197,1.3964249354427392
2001-10-11,8.516030136986302,0.40454169609923435,-1.1045718330855365
2001-10-12,8.516449315068494,0.8116482644167619,-2.5810975794852555
2001-10-13,8.518997260273974,0.7429811060043977,-3.0129783662783716
2001-10-14,8.520830136986302,1.1747488615365362,-3.921578998522838
2001-10-15,8.52171780821918,0.6746058337880295,-3.6883236420072087
2001-10-16,8.522375342465754,-0.5330746720075444,-2.7393006704582095
2001-10-17,8.523046575342466,-1.0708397580630418,-2.415206817279424
2001-10-18,8.52415890410959,-1.631827956166308,-2.013330947943283
2001-10-19,8.526279452054796,-1.5952414440482892,-2.2130380080065066
2001-10-20,8.528301369863014,-1.8444273941712255,0.43512602430821135
2001-10-21,8.530378082191781,-1.8281763931174846,9.967798310925705
2001-10-22,8.53559178082192,-2.183875304252012,1.7582835234300922
2001-10-23,8.542931506849317,-2.4297708434160445,0.47483933656672717
2001-10-24,8.550742465753427,-1.7278406010556653,-0.6779018646977617
2001-10-25,8.561216438356166,-0.927450365720225,-1.7687660726359402
2001-10-26,8.574249315068494,-0.8294849986671863,-2.324764316401308
2001-10-27,8.589282191780821,-1.6844847176696447,-1.7657974741111764
2001-10-28,8.5944,-2.101494482334204,-1.661905517665796
2001-10-29,8.592238356164383,-2.365311623184222,-1.5549267329801615
2001-10-30,8.582772602739725,-2.477579975836136,-1.6141926269035896
2001-10-31,8.568230136986303,-2.345209550827355,-1.8940205861589483
2001-11-01,8.56081095890411,-0.7437475908695045,-3.5240633680346054
2001-11-02,8.551479452054796,-1.2823447106447066,-3.2041347414100887
2001-11-03,8.544419178082192,-1.3678422167915276,-3.1805769612906643
2001-11-04,8.528430136986302,-1.9435487148596695,-2.634881422126632
2001-11-05,8.510802739726028,-2.3033020692678186,-2.2615006704582097
2001-11-06,8.49495890410959,-2.322721458098166,-2.453237446011424
2001-11-07,8.481904109589042,-1.7834255676872073,-2.7694785419018344
2001-11-08,8.488887671232877,-2.298801542397429,-2.250086128835449
2001-11-09,8.487315068493151,-2.338684085425177,-2.5106309830679745
2001-11-10,8.475824657534247,-2.533999505165254,-2.3268251523689925
2001-11-11,8.462810958904111,-2.2414702462962697,-2.430340712607841
2001-11-12,8.45308493150685,-2.1839770253619526,-2.1771079061448986
2001-11-13,8.450345205479454,-2.7666846474202593,-1.885660558059195
2001-11-14,8.444068493150686,-2.588360516756403,-2.366707976394283
2001-11-15,8.443542465753424,-1.9672856309116542,-3.14325683484177
2001-11-16,8.436978082191782,-2.008954896805578,-3.162023185386204
2001-11-17,8.433298630136989,-2.6619219498438635,-2.5523766802931256
2001-11-18,8.43841369863014,-2.898953562067257,-2.3714601365628822
2001-11-19,8.441506849315068,-3.1399230035846433,-2.2045838457304257
2001-11-20,8.447646575342468,-3.3360941310872776,-2.1815524442551903
2001-11-21,8.448791780821919,-3.516784612295567,-2.1190071685263514
2001-11-22,8.463030136986303,-3.5870806432052964,-2.0859494937810066
2001-11-23,8.466775342465755,-3.652757144785908,-1.738018197679847
2001-11-24,8.450660273972604,-3.6451825048140076,-1.7364777691585962
2001-11-25,8.433709589041097,-3.515585806535117,-1.86512378250598
2001-11-26,8.414726027397261,-3.578732136004734,-1.9379938913925274
2001-11-27,8.380561643835618,-3.5522589361452335,-1.9913027076903846
2001-11-28,8.341452054794521,-3.5584796597139023,-1.9739723950806187
2001-11-29,8.308890410958904,-3.676716259643653,-1.8751741513152513
2001-11-30,8.278520547945206,-3.859165434213376,-1.4983551137318307
2001-12-01,8.25978904109589,-3.980515135653488,-1.317273905442403
2001-12-02,8.266726027397262,-3.959714152162093,-1.4320118752351685
2001-12-03,8.282493150684934,-3.9901487851090556,-1.5123443655758786
2001-12-04,8.301238356164385,-4.043876568740948,-1.5553617874234371
2001-12-05,8.494397260273974,-4.1491310120145695,-1.588266248259405
2001-12-06,8.584923287671234,-4.226475655498939,-1.5614476321722943
2001-12-07,8.60466301369863,-4.245750892590614,-1.7239121211080164
2001-12-08,8.61328493150685,-4.240996695189842,-1.9512882363170094
2001-12-09,8.598169863013698,-4.271360938252715,-1.844808924760983
2001-12-10,8.540594520547945,-4.170112114929919,-2.0244824056180253
2001-12-11,8.527057534246577,-4.374036877838243,-1.723020656408334
2001-12-12,8.533816438356165,-4.4451302392713306,-1.6996861990848355
2001-12-13,8.547232876712329,-4.427773442643302,-1.686459434069027
2001-12-14,8.56202191780822,-3.6821667689516966,-2.4298551488565234
2001-12-15,8.577317808219178,-4.134770773166659,-2.337547035052518
2001-12-16,8.565065753424658,-4.235678395224966,-2.274387358199693
2001-12-17,8.578556164383563,-4.381357355534064,-2.1331988088494995
2001-12-18,8.60930684931507,-4.330535297227073,-2.1717715520879963
2001-12-19,8.649671232876713,-3.66584277878661,-2.855828454090103
2001-12-20,8.693041095890411,-3.824306775976635,-2.750734319913776
2001-12-21,8.725523287671233,-4.028131082263955,-2.610392205407279
2001-12-22,8.74325479452055,-4.030494131087277,-2.5037606634332725
2001-12-23,8.76319178082192,-3.891943867652082,-2.7432479131698377
2001-12-24,8.77990684931507,-4.0024626593626556,-2.898444189952415
2001-12-25,8.777805479452056,-3.9912474152460407,-2.592558064206015
2001-12-26,8.768380821917809,-4.187782364315237,-2.298598457602572
2001-12-27,8.74059178082192,-4.269164239973825,-2.294427540848095
2001-12-28,8.735205479452055,-4.3168335058677485,-2.107371973584307
2001-12-29,8.716104109589043,-4.117749979348605,-2.2023541302404386
2001-12-30,8.691824657534248,-4.2888382828259495,-1.5019863747082987
2001-12-31,8.6637698630137,-4.674010745066906,-1.6407591179467937
2002-01-01,8.649687671232877,-4.671347450370734,-2.1283402208621434
2002-01-02,8.634871232876714,-4.653324549071121,-2.071546683805593
2002-01-03,8.617008219178082,-4.797623249457492,-1.81038496972059
2002-01-04,8.59229589041096,-4.843358128277302,-1.7789377621336575
2002-01-05,8.5757698630137,-4.928491883106948,-1.7062779799067531
2002-01-06,8.500238356164385,-4.928287878891985,-1.7219504772724
2002-01-07,8.477136986301371,-4.850736491466624,-1.7224004948347469
2002-01-08,8.464167123287671,-4.290862237866343,-2.330304885421328
2002-01-09,8.451265753424657,-4.428815100528795,-2.2344506528958616
2002-01-10,8.429794520547945,-4.6178294314034,-1.9899650891445457
2002-01-11,8.408257534246575,-4.770564942467678,-1.8316925917788964
2002-01-12,8.399882191780822,-4.872420509731464,-1.7394616820493578
2002-01-13,8.375323287671234,-4.709624092450116,-1.903699195221118
2002-01-14,8.239509589041095,-4.695508672710039,-1.7560009163310557
2002-01-15,8.128983561643835,-4.881104738744461,-1.546878822899374
2002-01-16,8.092630136986301,-4.97155651254144,-1.4090736244448614
2002-01-17,8.05377808219178,-5.011596414192301,-1.2701816679994788
2002-01-18,8.017,-4.949678746471893,-1.3503212535281062
2002-01-19,7.984342465753424,-5.0033148546559465,-1.2690276110974779
2002-01-20,7.961468493150685,-4.691527640044074,-1.63094085310661
2002-01-21,7.939087671232876,-4.555471791782747,-1.717615879450129
2002-01-22,7.907701369863013,-4.608951595084467,-1.5607497747785457
2002-01-23,7.873002739726026,-4.9558035796296025,-1.2081991600964237
2002-01-24,7.841263013698629,-5.077918648122754,-1.0293443655758754
2002-01-25,7.810536986301369,-4.920008778084116,-0.8335282082172535
2002-01-26,7.7824328767123285,-4.770048820233748,-0.9693840564785807
2002-01-27,7.755265753424657,-4.9742438325273906,-0.4440219208972671
2002-01-28,7.726780821917808,-5.0319649424676784,0.015184120549870173
2002-01-29,7.6989095890410955,-5.040197397683695,-0.3867121913574003
2002-01-30,7.674210958904109,-5.053829852899712,-0.4503811060043974
2002-01-31,7.659610958904109,-5.10705057646838,-0.42856038243572847
2002-02-01,7.632676712328767,-5.113554194311725,-0.41612251801704225
2002-02-02,7.587320547945206,-5.094958549773614,-0.3813619981715908
2002-02-03,7.489567123287671,-5.136538739446954,-0.2760283838407167
2002-02-04,7.459109589041095,-5.106476217494022,-0.25263337154707344
2002-02-05,7.4397013698630134,-5.109231538884959,-0.4144698309780548
2002-02-06,7.422153424657534,-5.143588546261145,-0.4645648783963887
2002-02-07,7.396408219178082,-5.078912325678075,-0.49049589350000744
2002-02-08,7.374405479452054,-4.973080291958371,-0.7283251874936836
2002-02-09,7.377975342465753,-4.87918517429065,-0.7827901681751026
2002-02-10,7.3841178082191785,-5.180480643205296,-0.5246371650138819
2002-02-11,7.401364383561644,-4.978482118442388,-0.7228822651192557
2002-02-12,7.4059835616438345,-4.998999083668942,-0.7539844779748917
2002-02-13,7.404161643835616,-5.13942612968229,-0.5787355141533261
2002-02-14,7.400312328767123,-5.207620017985767,-0.4926923107813561
2002-02-15,7.394038356164383,-5.142672845523527,-0.5713655106408568
2002-02-16,7.3669013698630135,-5.178863783352821,-0.5230375865101928
2002-02-17,7.354827397260275,-5.177917594381974,-0.6069098028783007
2002-02-18,7.34597808219178,-5.063111763682993,-0.6278663185087865
2002-02-19,7.334739726027397,-5.087591285987172,-0.6131484400402245
2002-02-20,7.334745205479452,-5.229912536426231,-0.47983266905322086
2002-02-21,7.334643835616438,-5.2726325223763535,-0.2030113132400846
2002-02-22,7.335802739726027,-5.268173372393916,-0.46062936733211135
2002-02-23,7.337172602739726,-5.256746396629954,-0.4624262061097717
2002-02-24,7.337249315068493,-5.118069052056719,1.3688197369882262
2002-02-25,7.339821917808219,-5.222948504111514,-0.3058734136967054
2002-02-26,7.34193698630137,-5.2823230738340285,-0.5596139124673414
2002-02-27,7.342249315068493,-5.27592454907112,-0.38732476599737264
2002-02-28,7.343506849315069,-5.284829150405858,-0.3966776989092109
2002-03-01,7.340082191780821,-5.28737077316666,-0.49171141861416157
2002-03-02,7.335791780821918,-5.306462729612041,-0.4623290512098768
2002-03-03,7.337931506849316,-5.205065469338068,-0.6608660375112478
2002-03-04,7.3414383561643834,-5.193543375906385,-0.617894980257998
2002-03-05,7.34578904109589,-5.243241654796445,-0.5655473862994453
2002-03-06,7.3486958904109585,-5.084042568038454,-0.5806533223725046
2002-03-07,7.350808219178082,-5.229053807940105,-0.23675441123797647
2002-03-08,7.353575342465753,-5.1583109909397535,-0.1532643515259995
2002-03-09,7.35285205479452,-5.19122507594151,-0.1106269788530101
2002-03-10,7.351868493150684,-5.205810534318749,-0.10805795883193525
2002-03-11,7.344213698630137,-5.021683101933783,-0.28453059669635383
2002-03-12,7.346679452054794,-5.183144640395321,-0.0835348116594723
2002-03-13,7.3461479452054785,-4.976675234002627,-0.17447271120285102
2002-03-14,7.345846575342465,-5.064484858168416,-0.09536171717404951
2002-03-15,7.345783561643836,-5.0856064598544,-0.0751771017894356
2002-03-16,7.343780821917807,-5.098743375906385,-0.056037446011422354
2002-03-17,7.341775342465754,-5.035867225572701,-0.06590811689305287
2002-03-18,7.337824657534247,-4.912216786514042,-0.07760787102020483
2002-03-19,7.3335917808219175,-4.818694131087277,2.9331023502653597
2002-03-20,7.330564383561644,-4.665782715562163,7.134218332000519
2002-03-21,7.328367123287672,-4.699931012014569,4.047563888726898
2002-03-22,7.327654794520548,-4.6509270780489915,3.595272283528444
2002-03-23,7.326350684931507,-4.63719191823164,1.2848412333001331
2002-03-24,7.326547945205479,-4.551629150405859,0.5540812052003798
2002-03-25,7.323312328767123,-4.468462799861426,0.13515047109430256
2002-03-26,7.318841095890411,-4.547610042573052,-0.061231053317358786
2002-03-27,7.307676712328767,-4.395444043275546,-0.35323266905322104
2002-03-28,7.299471232876712,-4.372053175695637,-0.4464180571810754
2002-03-29,7.294673972602739,-4.333039406816114,-0.5376345657866253
2002-03-30,7.291301369863014,-4.334229220655244,-0.6280721492077692
2002-03-31,7.287391780821919,-4.34338201306831,-0.6400097677536083
2002-04-01,7.283476712328767,-4.30185043596961,-0.43062627635915707
2002-04-02,7.279728767123288,-4.169860551881096,-0.3228682152421918
2002-04-03,7.275687671232876,-3.9009337517405975,-0.48675391949227853
2002-04-04,7.271375342465753,-3.61181636501773,-0.6245589774480225
2002-04-05,7.26606301369863,-3.636727499545303,-0.2753355141533267
2002-04-06,7.262249315068493,-3.6336877383932134,-0.1815615766752794
2002-04-07,7.2601068493150684,-3.751478043978039,-0.2926288053370292
2002-04-08,7.2368356164383565,-3.692365785460302,-0.35046983097805473
2002-04-09,7.215386301369863,-3.5797138009151666,-0.3066725004546962
2002-04-10,7.184720547945204,-3.537783347806631,-0.3069372001385733
2002-04-11,7.166027397260274,-3.6093682441887878,-0.5516591530714865
2002-04-12,7.157232876712328,-3.589510428944671,-0.42572244776765755
2002-04-13,7.149849315068494,-3.46416206224288,0.18331274717438673
2002-04-14,7.143095890410959,-3.311106284230938,-0.33098960618002105
2002-04-15,7.137747945205479,-3.244348433862128,-0.8023995113433511
2002-04-16,7.132709589041096,-2.975595852197218,-1.2421137368438782
2002-04-17,7.128361643835617,-2.6407631159836598,-1.6545985278519568
2002-04-18,7.141257534246575,-2.581964380472596,-1.5862931537739797
2002-04-19,7.145052054794521,-2.3740142575361713,-1.4400377972583494
2002-04-20,7.145983561643836,-1.708426972674914,-2.1825565889689216
2002-04-21,7.138999999999999,-1.4544225469636387,-2.457577453036361
2002-04-22,7.1060547945205474,-1.4598808539534525,-1.3791739405670946
2002-04-23,7.097106849315068,-1.2709152761522584,-0.8131915731628099
2002-04-24,7.093367123287671,-0.9407757608730171,-0.8625913624146543
2002-04-25,7.088945205479452,-0.6231576365316049,0.2142124310521527
2002-04-26,7.084906849315068,0.02735209300826165,0.6467410576766704
2002-04-27,7.082358904109589,0.18785557035283496,1.3297855255375755
2002-04-28,7.079550684931506,0.6329583452035549,-2.2875090301350616
2002-04-29,7.076972602739726,1.3081709198435265,-3.6371435225832522
2002-04-30,7.07426301369863,2.3344008460816723,-4.258663859780302
2002-05-01,7.071805479452054,2.1017542707392063,-1.5675597501912608
2002-05-02,7.069506849315069,3.1048546571108258,3.749638493574105
2002-05-03,7.067019178082191,4.309413561220415,7.461567260697395
2002-05-04,7.068468493150685,4.10853291492607,1.5769985919232443
2002-05-05,7.079328767123288,3.0496698309780546,-2.4479985981013423
2002-05-06,7.085750684931506,2.6788828973637235,-3.18063358229523
2002-05-07,7.088841095890411,2.8937458408129677,-3.2575869367033787
2002-05-08,7.090684931506849,3.498809065259754,-0.8124939967666038
2002-05-09,7.091712328767123,4.160799862590277,8.1164878086426
2002-05-10,7.09228493150685,4.789499265470503,5.254215803022647
2002-05-11,7.093802739726027,5.381327013977703,0.4138702462962689
2002-05-12,7.0954575342465755,5.204383845730425,0.3321586200229989
2002-05-13,7.099654794520548,5.530811032242544,2.095534173236909
2002-05-14,7.101320547945206,5.560187779696003,3.8994916723587902
2002-05-15,7.102972602739726,6.052165299892701,0.29186209736757185
2002-05-16,7.115326027397259,6.63473979936583,0.7049341732369108
2002-05-17,7.194013698630137,6.534478120405521,5.442508180964341
2002-05-18,7.311405479452054,6.515019110921855,4.476575409626092
2002-05-19,7.358621917808218,5.188028664838258,3.0703494173535244
2002-05-20,7.383334246575342,4.778967196626105,2.5286985567985534
2002-05-21,7.4006,4.64032076178241,3.7970792382175906
2002-05-22,7.413857534246575,5.6091405018596845,3.029001963893741
2002-05-23,7.427216438356164,6.616472921951009,7.879310639692824
2002-05-24,7.4398,6.825103901929934,3.385096098070065
2002-05-25,7.448660273972602,6.7739253279924565,-0.7645856019650585
2002-05-26,7.457402739726027,7.400311348364778,-2.7487140880908054
2002-05-27,7.487271232876712,7.336999722091508,-2.2932709549682198
2002-05-28,7.511106849315068,8.26541018924992,-5.697517038564987
2002-05-29,7.535528767123287,8.43693396866685,-4.805462735790137
2002-05-30,7.559323287671233,9.658998808849498,-2.3293220965207313
2002-05-31,7.579410958904109,11.973274748435026,-2.738685707339135
2002-06-01,7.5930986301369865,10.39584756192291,-0.6829461920598945
2002-06-02,7.603046575342465,9.516288587563933,1.7976648370936044
2002-06-03,7.612139726027397,8.904502356443455,3.194357917529146
2002-06-04,7.620293150684931,8.934643627957332,3.982063221357736
2002-06-05,7.627353424657533,10.530866178010019,64.61378039733246
2002-06-06,7.633679452054794,10.956606185034957,29.082714362910252
2002-06-07,7.639139726027397,10.505431826060596,4.0884284479120065
2002-06-08,7.644397260273973,10.47053172068652,1.3440710190395073
2002-06-09,7.649580821917809,10.192893364522135,-0.6414741864399431
2002-06-10,7.654301369863013,10.779224239126984,-1.4895256089899984
2002-06-11,7.6585397260273975,12.416004850296636,-3.1015445763240344
2002-06-12,7.662550684931507,10.470772114083077,-0.08032279901458317
2002-06-13,7.6664082191780825,11.096265826763092,0.7603259540588247
2002-06-14,7.669849315068493,11.505619813415707,1.1015308715158003
2002-06-15,7.673276712328767,11.663248264416762,2.7284750232544717
2002-06-16,7.677134246575342,12.145723642007207,4.59514211141745
2002-06-17,7.68105205479452,11.588645384191963,6.267302561013516
2002-06-18,7.684939726027396,11.291264140777843,9.757796133194764
2002-06-19,7.688369863013699,12.035223606882514,9.965406530103788
2002-06-20,7.691301369863013,13.100672711202852,9.012025918934134
2002-06-21,7.6945643835616435,12.883870041726212,6.693565574712142
2002-06-22,7.697871232876713,11.686961506425893,5.3301672606973955
2002-06-23,7.700923287671233,11.324662033296283,7.694414679032482
2002-06-24,7.704410958904109,10.540313807093263,7.427275234002629
2002-06-25,7.708180821917808,10.035217214188451,2.331601963893741
2002-06-26,7.710693150684932,9.93424004523868,0.09306680407638801
2002-06-27,7.712846575342466,9.816529247908157,-0.7973758232506238
2002-06-28,7.715027397260274,12.900007398593086,8.46496520414664
2002-06-29,7.7171808219178075,10.913703699962952,-1.3658845218807585
2002-06-30,7.719098630136985,10.071884247908157,-3.6389828780451428
2002-07-01,7.719421917808218,10.157063220510896,-5.725485138319114
2002-07-02,7.721290410958904,12.014701165716376,-4.44799157667528
2002-07-03,7.724219178082192,10.63415383694925,-3.020373015031444
2002-07-04,7.727695890410959,10.006386097223224,-3.5600819876341836
2002-07-05,7.73066301369863,10.888141782154731,-7.405804795853362
2002-07-06,7.733534246575342,9.105684795853362,-0.7662190424287036
2002-07-07,7.736378082191781,9.207311028730073,-4.091689110921854
2002-07-08,7.739336986301369,7.952552655003343,-2.829889641304712
2002-07-09,7.74234794520548,7.925656764592385,-2.857004709797865
2002-07-10,7.744378082191781,7.327076926165971,-1.3424550083577529
2002-07-11,7.746808219178082,6.9038262061097715,-2.5396344252878524
2002-07-12,7.748679452054795,6.26082683835424,-3.3925062904090337
2002-07-13,7.750646575342465,5.884137410886731,2.314216013770804
2002-07-14,7.752090410958903,6.320840747732532,-3.044931158691435
2002-07-15,7.754013698630137,7.43471879479962,-3.9737324934297575
2002-07-16,7.756024657534246,6.324650933893403,-0.10367559142764815
2002-07-17,7.758019178082192,4.968738534876895,-0.23475771295908565
2002-07-18,7.760052054794521,4.885113877342649,0.5378340678628302
2002-07-19,7.7617232876712325,5.722986163960141,-3.169709451631374
2002-07-20,7.763728767123288,5.177009908252378,-3.363738675375666
2002-07-21,7.765517808219178,4.636426206109771,-2.7039440143289486
2002-07-22,7.767534246575343,3.992448334666147,-1.9969825812414896
2002-07-23,7.769564383561644,3.6898545868614403,-2.6024189704230847
2002-07-24,7.7715287671232876,3.6678314045642852,-3.2383601716875723
2002-07-25,7.773504109589041,3.6802502313995507,-3.8957543409885917
2002-07-26,7.775676712328767,4.13114640280805,-4.7018231151368175
2002-07-27,7.776523287671233,3.334073905442403,-3.6015971931136352
2002-07-28,7.777139726027397,2.991736286896565,-3.0848760129239623
2002-07-29,7.777205479452054,2.9441608039320406,-3.035366283384095
2002-07-30,7.776342465753425,2.334894699260457,-2.056237165013882
2002-07-31,7.776539726027397,2.31483779725835,-1.118377523285746
2002-08-01,7.777391780821917,3.7990474916735235,1.1715607275045588
2002-08-02,7.778002739726027,2.364048826411844,-0.9790515661378709
2002-08-03,7.780268493150684,2.5136675829977237,-2.4979360761484077
2002-08-04,7.782019178082192,2.921965159393931,-0.7039843374761228
2002-08-05,7.782909589041096,1.7372281730925607,-1.7411377621336568
2002-08-06,7.783912328767123,1.9569758373004993,-1.9198881660676224
2002-08-07,7.7864219178082195,1.5063648783963894,-1.6367867962046092
2002-08-08,7.788945205479452,1.8695638949049949,-2.937509100384447
2002-08-09,7.791167123287671,2.6149441548277204,-3.723111278115392
2002-08-10,7.793542465753425,1.9049685313644256,5.4474890028821505
2002-08-11,7.7951643835616435,2.6122580290813207,3.2665775873570353
2002-08-12,7.796890410958904,1.7342658267630913,6.989843762278006
2002-08-13,7.798131506849315,0.9894446816981107,2.543423811452574
2002-08-14,7.799263013698631,0.9020908355442644,0.635646150757104
2002-08-15,7.800202739726028,0.886244822196881,-0.31044756192290923
2002-08-16,7.80107397260274,1.259361506425894,-0.9284354790286347
2002-08-17,7.801983561643836,1.1944667400051003,-1.5044503016489366
2002-08-18,7.802668493150685,0.6013667048804077,-1.3090351980310933
2002-08-19,7.803668493150685,0.7922628060395225,-1.1359312991902073
2002-08-20,7.80445205479452,2.2287738703177107,-0.8882259251122315
2002-08-21,7.805298630136987,3.354036954265726,-0.8403355844027116
2002-08-22,7.806175342465753,1.2482092057585252,-1.0543845482242784
2002-08-23,7.8064109589041095,0.9993504772723991,-0.7957614361765089
2002-08-24,7.8073999999999995,0.7687433820844819,-0.809143382084481
2002-08-25,7.808057534246576,0.259629297082726,-0.6236868313293017
2002-08-26,7.803465753424657,0.1009574319615455,0.4885768146137982
2002-08-27,7.803690410958904,0.6401830027378013,-0.20087341369670475
2002-08-28,7.8047506849315065,0.5913782257796,-1.1491289107111067
2002-08-29,7.8052821917808215,0.525896525744475,-1.1841787175252962
2002-08-30,7.805846575342465,0.17609575300123667,-1.2209423283437015
2002-08-31,7.806805479452054,-0.153389038006842,-0.6754164414452121
2002-09-01,7.807649315068493,0.35586252504198124,-0.812511840110474
2002-09-02,7.80878904109589,-0.03891422241147837,-0.9648748186844122
2002-09-03,7.809728767123287,-0.7042099020742814,-0.2805188650490058
2002-09-04,7.810649315068493,-0.2398114475607586,-0.8108378675077345
2002-09-05,7.811298630136986,-0.8398243734476568,-0.6634742566893294
2002-09-06,7.811350684931507,-0.46818742227097965,-1.350163262660527
2002-09-07,7.810945205479452,-0.9488720025309024,-1.0940732029485503
2002-09-08,7.810345205479452,-0.7858629403601964,-1.3994822651192556
2002-09-09,7.809893150684932,0.24485486785898164,-2.3527480185439136
2002-09-10,7.809769863013699,-0.014948433862128177,-0.231821429151571
2002-09-11,7.8100136986301365,0.8344826866155677,-2.998496385245704
2002-09-12,7.8100575342465755,0.8062904140479524,-3.2643479482945277
2002-09-13,7.809890410958904,-0.6135197018635332,-1.9333707090953705
2002-09-14,7.809682191780821,-0.8763186481227537,-2.0243635436580676
2002-09-15,7.809186301369863,-0.5380771307360307,-2.6291091706338316
2002-09-16,7.808687671232876,-0.5926495929769859,-2.7810380782558908
2002-09-17,7.807950684931506,-0.42636782269247625,-3.01558286223903
2002-09-18,7.798819178082191,0.8555477375463716,-4.429366915628563
2002-09-19,7.777931506849314,1.2257669858779492,-4.610698492727264
2002-09-20,7.765723287671232,2.25379157316281,-5.176514860834042
2002-09-21,7.754832876712328,3.456872359955926,-6.443705236668254
2002-09-22,7.7503232876712325,4.805581457251325,-7.499904744922557
2002-09-23,7.747999999999999,1.7907576427097018,-4.861757642709701
2002-09-24,7.7472438356164375,-0.21786813881470982,-3.043375696801728
2002-09-25,7.7479287671232875,-0.5600064598544008,-3.0069223072688867
2002-09-26,7.74957808219178,-0.13804741524604108,-3.5345306669457393
2002-09-27,7.751627397260274,0.7205788580240677,-4.110206255284341
2002-09-28,7.7546630136986305,-0.6241622729910359,-2.7155007407075944
2002-09-29,7.758895890410958,-0.1704941310872775,-3.533401759323681
2002-09-30,7.763024657534245,0.565321464276263,-4.472346121810508
2002-10-01,7.766435616438355,-0.6838547914314995,-3.3215808250068553
2002-10-02,7.769887671232876,-0.822216365017731,-3.286671306215146
2002-10-03,7.77166301369863,-1.115946537128725,-3.066716476569905
2002-10-04,7.771956164383561,-0.8068088483335015,-3.3981473160500597
2002-10-05,7.77117808219178,-0.9873477313682752,-3.1698303508235055
2002-10-06,7.770054794520547,-0.5040292909046292,-3.1940255036159177
2002-10-07,7.769334246575342,0.06496818011749941,-3.9013024266928418
2002-10-08,7.768082191780822,-0.6844379315790233,-3.432644260201799
2002-10-09,7.76624109589041,0.6683882714417001,-4.89862936733211
2002-10-10,7.764120547945206,0.5542709549682197,-4.6743915029134255
2002-10-11,7.762728767123288,0.40454169609923435,-3.561270463222522
2002-10-12,7.760928767123287,0.8116482644167619,-4.52057703154005
2002-10-13,7.757386301369863,0.7429811060043977,-4.7163674073742605
2002-10-14,7.756021917808219,1.1747488615365362,-5.108770779344756
2002-10-15,7.757531506849315,0.6746058337880295,-4.763137340637344
2002-10-16,7.761797260273972,-0.5330746720075444,-3.565722588266428
2002-10-17,7.769054794520548,-1.0708397580630418,3.045784963542494
2002-10-18,7.7780575342465745,-1.631827956166308,0.11777042191973375
2002-10-19,7.784794520547944,-1.5952414440482892,-1.131553076499655
2002-10-20,7.788602739726027,-1.8444273941712255,-1.3741753455548014
2002-10-21,7.791334246575342,-1.8281763931174846,-1.3181578534578582
2002-10-22,7.791561643835616,-2.183875304252012,-0.7636863395836033
2002-10-23,7.792638356164383,-2.4297708434160445,-0.1398675127483382
2002-10-24,7.795717808219177,-1.7278406010556653,-1.5368772071635117
2002-10-25,7.797421917808219,-0.927450365720225,-2.4789715520879936
2002-10-26,7.804073972602739,-0.8294849986671863,-2.4845889739355522
2002-10-27,7.80597808219178,-1.6844847176696447,-2.0074933645221353
2002-10-28,7.815106849315068,-2.101494482334204,-1.8236123669808642
2002-10-29,7.8314876712328765,-2.365311623184222,-1.7831760480486545
2002-10-30,7.882410958904108,-2.477579975836136,-1.810830983067973
2002-10-31,7.914323287671232,-2.345209550827355,-2.079113736843877
2002-11-01,7.9202219178082185,-0.7437475908695045,-3.7914743269387143
2002-11-02,7.914531506849315,-1.2823447106447066,-2.0381867962046076
2002-11-03,7.91732602739726,-1.3678422167915276,1.410516189394268
2002-11-04,7.943547945205479,-1.9435487148596695,0.2940007696541902
2002-11-05,7.974758904109588,-2.3033020692678186,-0.5974568348417693
2002-11-06,7.997671232876711,-2.322721458098166,-1.2829497747785448
2002-11-07,8.019621917808218,-1.7834255676872073,-1.9321963501210102
2002-11-08,8.010698630136986,-2.298801542397429,-1.562897087739557
2002-11-09,7.995709589041095,-2.338684085425177,-1.4650255036159177
2002-11-10,7.9927589041095874,-2.533999505165254,-1.239759398944333
2002-11-11,8.001054794520547,-2.2414702462962697,-0.43658454822427695
2002-11-12,8.001528767123286,-2.1839770253619526,-1.1175517417613334
2002-11-13,7.988224657534246,-2.7666846474202593,-0.8205400101139873
2002-11-14,7.977041095890411,-2.588360516756403,2.6093194208659924
2002-11-15,7.961410958904109,-1.9672856309116542,26.059874672007545
2002-11-16,7.93217808219178,-2.008954896805578,40.19077681461379
2002-11-17,7.9061287671232865,-2.6619219498438635,15.208793182720576
2002-11-18,7.897361643835616,-2.898953562067257,7.189591918231642
2002-11-19,7.896082191780821,-3.1399230035846433,4.642840811803821
2002-11-20,7.874057534246575,-3.3360941310872776,3.231036596840703
2002-11-21,7.853778082191781,-3.516784612295567,3.3520065301037865
2002-11-22,7.822232876712328,-3.5870806432052964,3.1478477664929683
2002-11-23,7.809394520547945,-3.652757144785908,2.153362624237962
2002-11-24,7.810849315068493,-3.6451825048140076,2.094333189745514
2002-11-25,7.8163397260273975,-3.515585806535117,9.65424608050772
2002-11-26,7.821520547945205,-3.578732136004734,7.35521158805953
2002-11-27,7.834569863013698,-3.5522589361452335,7.468689073131535
2002-11-28,7.856342465753425,-3.5584796597139023,7.196137193960477
2002-11-29,7.868791780821917,-3.676716259643653,5.896924478821736
2002-11-30,7.87865205479452,-3.859165434213376,3.897513379418856
2002-12-01,7.895772602739726,-3.980515135653488,2.6777425329137623
2002-12-02,7.908049315068493,-3.959714152162093,2.2456648370936
2002-12-03,7.910394520547945,-3.9901487851090556,1.8357542645611105
2002-12-04,7.913986301369864,-4.043876568740948,1.408890267371084
2002-12-05,7.752643835616437,-4.1491310120145695,1.462487176398132
2002-12-06,7.687326027397259,-4.226475655498939,1.3291496281016801
2002-12-07,7.68858904109589,-4.245750892590614,1.1111618514947246
2002-12-08,7.707320547945205,-4.240996695189842,0.8466761472446365
2002-12-09,7.724542465753424,-4.271360938252715,0.7518184724992913
2002-12-10,7.740498630136986,-4.170112114929919,0.3226134847929334
2002-12-11,7.7576301369863,-4.374036877838243,0.510406740851943
2002-12-12,7.770556164383561,-4.4451302392713306,0.4715740748877697
2002-12-13,7.77830410958904,-4.427773442643302,0.3384693330542614
2002-12-14,7.7808164383561635,-3.6821667689516966,-0.39764966940446644
2002-12-15,7.779295890410959,-4.134770773166659,-0.1315251172442995
2002-12-16,7.765432876712328,-4.235678395224966,-0.04475448148736305
2002-12-17,7.749386301369862,-4.381357355534064,0.11497105416420261
2002-12-18,7.7135561643835615,-4.330535297227073,-0.0240208671564881
2002-12-19,7.66966301369863,-3.66584277878661,-0.8058202349120194
2002-12-20,7.627120547945204,-3.824306775976635,-0.49381377196856935
2002-12-21,7.590676712328767,-4.028131082263955,-0.26854563006481147
2002-12-22,7.557487671232876,-4.030494131087277,-0.20399354014559812
2002-12-23,7.5221534246575334,-3.891943867652082,-0.22920955700545154
2002-12-24,7.488175342465754,-4.0024626593626556,-0.23071268310309812
2002-12-25,7.466986301369863,-3.9912474152460407,-0.36473888612382144
2002-12-26,7.45508493150685,-4.187782364315237,-0.1993025671916131
2002-12-27,7.442706849315068,-4.269164239973825,-0.20054260934124368
2002-12-28,7.392843835616438,-4.3168335058677485,0.0209896702513106
2002-12-29,7.373027397260274,-4.117749979348605,-0.15927741791166916
2002-12-30,7.362726027397261,-4.2888382828259495,-0.05488774457131118
2002-12-31,7.369032876712329,-4.674010745066906,0.33597786835457644
2003-01-01,7.354482191780822,-4.671347450370734,0.2358652585899117
2003-01-02,7.335556164383561,-4.653324549071121,0.49676838468755946
2003-01-03,7.318753424657534,-4.797623249457492,0.5708698247999573
2003-01-04,7.308490410958904,-4.843358128277302,0.5528677173183976
2003-01-05,7.2842,-4.928491883106948,0.6232918831069476
2003-01-06,7.269547945205479,-4.928287878891985,0.5887399336865053
2003-01-07,7.255268493150686,-4.850736491466624,0.5984679983159387
2003-01-08,7.240427397260274,-4.290862237866343,-0.3655651593939302
2003-01-09,7.222797260273973,-4.428815100528795,-0.1189821597451779
2003-01-10,7.209457534246575,-4.6178294314034,-0.0866281028431759
2003-01-11,7.200353424657535,-4.770564942467678,0.0942115178101437
2003-01-12,7.1765698630136985,-4.872420509731464,0.010850646717765144
2003-01-13,7.165438356164383,-4.709624092450116,0.008185736285732936
2003-01-14,7.156693150684932,-4.695508672710039,0.06081552202510743
2003-01-15,7.141120547945206,-4.881104738744461,0.16898419079925464
2003-01-16,7.126745205479452,-4.97155651254144,0.2988113070619889
2003-01-17,7.109131506849315,-5.011596414192301,0.28446490734298635
2003-01-18,7.0989369863013705,-4.949678746471893,0.2997417601705221
2003-01-19,7.0905150684931515,-5.0033148546559465,0.2777997861627952
2003-01-20,7.091052054794521,-4.691527640044074,-0.024524414750446866
2003-01-21,7.093564383561645,-4.555471791782747,-0.13109259177889854
2003-01-22,7.094191780821919,-4.608951595084467,-0.03024018573745124
2003-01-23,7.091043835616439,-4.9558035796296025,0.29475974401316307
2003-01-24,7.088701369863014,-5.077918648122754,0.5162172782597398
2003-01-25,7.085849315068494,-4.920008778084116,0.20015946301562249
2003-01-26,7.08854794520548,-4.770048820233748,-0.05049912497173281
2003-01-27,7.086320547945206,-4.9742438325273906,0.24892328458218493
2003-01-28,7.079569863013699,-5.0319649424676784,0.34739507945397907
2003-01-29,7.071838356164385,-5.040197397683695,0.3123590415193096
2003-01-30,7.063241095890411,-5.053829852899712,0.47158875700930114
2003-01-31,7.044430136986302,-5.10705057646838,0.4096204394820777
2003-02-01,7.0360876712328775,-5.113554194311725,1.0074665230788469
2003-02-02,7.03166301369863,-5.094958549773614,0.8132955360749845
2003-02-03,7.0212301369863015,-5.136538739446954,0.5173086024606528
2003-02-04,7.016495890410959,-5.106476217494022,0.5559803270830628
2003-02-05,7.012424657534247,-5.109231538884959,0.9288068813507122
2003-02-06,7.009386301369863,-5.143588546261145,0.8692022448912811
2003-02-07,7.008043835616439,-5.078912325678075,0.7088684900616355
2003-02-08,7.006786301369864,-4.973080291958371,0.5062939905885067
2003-02-09,6.982019178082192,-4.87918517429065,0.205165996208458
2003-02-10,6.962068493150685,-5.180480643205296,0.5274121500546114
2003-02-11,6.933767123287672,-4.978482118442388,0.19771499515471547
2003-02-12,6.919134246575343,-4.998999083668942,0.14586483709359932
2003-02-13,6.910194520547946,-5.13942612968229,0.2582316091343442
2003-02-14,6.902293150684931,-5.207620017985767,0.3233268673008354
2003-02-15,6.899293150684932,-5.142672845523527,0.25537969483859424
2003-02-16,6.905665753424659,-5.178863783352821,0.18819802992816204
2003-02-17,6.911186301369863,-5.177917594381974,0.20173129301211112
2003-02-18,6.910065753424658,-5.063111763682993,0.09404601025833514
2003-02-19,6.899,-5.087591285987172,0.13159128598717285
2003-02-20,6.886241095890411,-5.229912536426231,0.28867144053582017
2003-02-21,6.879093150684932,-5.2726325223763535,0.33853937169142156
2003-02-22,6.873254794520547,-5.268173372393916,0.36291857787336834
2003-02-23,6.870523287671233,-5.256746396629954,0.2442231089587219
2003-02-24,6.864991780821917,-5.118069052056719,0.16507727123480187
2003-02-25,6.859501369863014,-5.222948504111514,0.25644713424849996
2003-02-26,6.850772602739727,-5.2823230738340285,0.31855047109430146
2003-02-27,6.844624657534247,-5.27592454907112,0.3042998915368731
2003-02-28,6.845120547945205,-5.284829150405858,0.3077086024606528
2003-03-01,6.841783561643836,-5.28737077316666,0.35658721152282435
2003-03-02,6.838797260273973,-5.306462729612041,0.3426654693380682
2003-03-03,6.830589041095891,-5.205065469338068,0.2624764282421772
2003-03-04,6.822909589041096,-5.193543375906385,0.24363378686528936
2003-03-05,6.814090410958904,-5.243241654796445,0.30215124383754066
2003-03-06,6.805616438356164,-5.084042568038454,0.19942612968228968
2003-03-07,6.798402739726027,-5.229053807940105,0.334651068214078
2003-03-08,6.792060273972602,-5.1583109909397535,0.2602507169671515
2003-03-09,6.786556164383562,-5.19122507594151,0.23666891155794811
2003-03-10,6.790000000000001,-5.205810534318749,0.28881053431874815
2003-03-11,6.787756164383563,-5.021683101933783,0.2269269375502203
2003-03-12,6.779408219178082,-5.183144640395321,0.5727364212172397
2003-03-13,6.776715068493151,-4.976675234002627,0.4109601655094757
2003-03-14,6.773517808219179,-5.064484858168416,0.41596704994923694
2003-03-15,6.769405479452056,-5.0856064598544,0.42520098040234444
2003-03-16,6.765920547945206,-5.098743375906385,0.3408228279611789
2003-03-17,6.763164383561644,-5.035867225572701,0.33070284201105604
2003-03-18,6.7630849315068495,-4.912216786514042,0.22813185500719335
2003-03-19,6.763520547945206,-4.818694131087277,0.17017358314207076
2003-03-20,6.765306849315069,-4.665782715562163,0.07547586624709446
2003-03-21,6.767463013698631,-4.699931012014569,0.15246799831593894
2003-03-22,6.767320547945206,-4.6509270780489915,0.1806065301037849
2003-03-23,6.763282191780823,-4.63719191823164,0.2019097264508165
2003-03-24,6.758090410958905,-4.551629150405859,0.2745387394469532
2003-03-25,6.755027397260275,-4.468462799861426,0.42743540260115154
2003-03-26,6.751863013698631,-4.547610042573052,0.7557470288744215
2003-03-27,6.748501369863014,-4.395444043275546,0.8079426734125321
2003-03-28,6.745079452054795,-4.372053175695637,0.855973723640842
2003-03-29,6.741010958904111,-4.333039406816114,1.1240284479120035
2003-03-30,6.736712328767124,-4.334229220655244,1.4715168918881205
2003-03-31,6.733106849315069,-4.34338201306831,1.4212751637532408
2003-04-01,6.72963287671233,-4.30185043596961,1.3682175592572796
2003-04-02,6.7275917808219186,-4.169860551881096,1.4892687710591774
2003-04-03,6.726046575342466,-3.9009337517405975,0.7108871763981313
2003-04-04,6.725802739726028,-3.61181636501773,0.028013625291702038
2003-04-05,6.728183561643837,-3.636727499545303,-0.021456062098534012
2003-04-06,6.729005479452056,-3.6336877383932134,-0.058317741058842465
2003-04-07,6.727024657534248,-3.751478043978039,-0.022546613556208683
2003-04-08,6.725369863013699,-3.692365785460302,-0.2960040775533974
2003-04-09,6.72447397260274,-3.5797138009151666,-0.4877601716875737
2003-04-10,6.736731506849315,-3.537783347806631,-0.6329481590426842
2003-04-11,6.743408219178082,-3.6093682441887878,-0.6370399749892948
2003-04-12,6.743375342465754,-3.589510428944671,-0.6688649135210833
2003-04-13,6.743180821917809,-3.46416206224288,-0.7030187596749284
2003-04-14,6.74322191780822,-3.311106284230938,-0.42911563357728166
2003-04-15,6.742531506849316,-3.244348433862128,0.143816927012812
2003-04-16,6.741805479452055,-2.975595852197218,0.7057903727451631
2003-04-17,6.740446575342467,-2.6407631159836598,1.3823165406411926
2003-04-18,6.721923287671234,-2.581964380472596,2.1190410928013623
2003-04-19,6.712380821917809,-2.3740142575361713,1.4516334356183624
2003-04-20,6.7063863013698635,-1.708426972674914,-0.35295932869494995
2003-04-21,6.702156164383562,-1.4544225469636387,-1.0237336174199234
2003-04-22,6.698238356164384,-1.4598808539534525,-0.888357502210932
2003-04-23,6.692887671232878,-1.2709152761522584,-0.015972395080619872
2003-04-24,6.685183561643836,-0.9407757608730171,0.669592199229181
2003-04-25,6.679389041095891,-0.6231576365316049,1.2457685954357138
2003-04-26,6.673915068493152,0.02735209300826165,3.485732838498586
2003-04-27,6.66794794520548,0.18785557035283496,2.439196484441685
2003-04-28,6.6631698630136995,0.6329583452035549,1.4608717917827452
2003-04-29,6.658978082191782,1.3081709198435265,2.7598509979646924
2003-04-30,6.655243835616439,2.3344008460816723,14.747355318301887
2003-05-01,6.65194794520548,2.1017542707392063,10.500297784055315
2003-05-02,6.649676712328768,3.1048546571108258,6.322468630560408
2003-05-03,6.653126027397261,4.309413561220415,5.798460411382324
2003-05-04,6.649046575342466,4.10853291492607,3.0164205097314625
2003-05-05,6.634915068493152,3.0496698309780546,7.567415100528793
2003-05-06,6.6249972602739735,2.6788828973637235,8.672119842362303
2003-05-07,6.618210958904111,2.8937458408129677,5.57604320028292
2003-05-08,6.613293150684933,3.498809065259754,7.676897784055315
2003-05-09,6.608501369863015,4.160799862590277,5.342698767546706
2003-05-10,6.604013698630139,4.789499265470503,0.27148703589935774
2003-05-11,6.599465753424658,5.381327013977703,-0.16879276740236193
2003-05-12,6.59466301369863,5.204383845730425,3.8609531405709445
2003-05-13,6.5866794520547955,5.530811032242544,2.78150951570266
2003-05-14,6.580304109589043,5.560187779696003,-0.43549188928504545
2003-05-15,6.575041095890413,6.052165299892701,-3.2622063957831138
2003-05-16,6.559624657534247,6.63473979936583,-4.444364456900077
2003-05-17,6.478186301369863,6.534478120405521,-4.511664421775385
2003-05-18,6.358260273972603,6.515019110921855,-4.078279384894459
2003-05-19,6.308742465753426,5.188028664838258,0.9202288694083158
2003-05-20,6.281693150684933,4.778967196626105,3.163339652688962
2003-05-21,6.262400000000001,4.64032076178241,-3.1037207617824105
2003-05-22,6.2476602739726035,5.6091405018596845,-3.2068007758322876
2003-05-23,6.233167123287672,6.616472921951009,-2.4406400452386805
2003-05-24,6.220890410958905,6.825103901929934,-0.0819943128888383
2003-05-25,6.212608219178083,6.7739253279924565,1.0024664528294611
2003-05-26,6.2054328767123295,7.400311348364778,0.5072557749228919
2003-05-27,6.176063013698631,7.336999722091508,0.9089372642098619
2003-05-28,6.152290410958905,8.26541018924992,0.4242993997911757
2003-05-29,6.127989041095891,8.43693396866685,4.5490769902372605
2003-05-30,6.107912328767124,9.658998808849498,3.6660888623833774
2003-05-31,6.087454794520549,11.973274748435026,2.3522704570444244
2003-06-01,6.072490410958905,10.39584756192291,7.086662027118184
2003-06-02,6.060942465753426,9.516288587563933,7.820768946682643
2003-06-03,6.051810958904111,8.904502356443455,5.610686684652434
2003-06-04,6.045679452054795,8.934643627957332,6.867676919987872
2003-06-05,6.039695890410959,10.530866178010019,7.311437931579025
2003-06-06,6.0333726027397265,10.956606185034957,6.842021212225319
2003-06-07,6.027175342465755,10.505431826060596,6.161392831473647
2003-06-08,6.020991780821919,10.47053172068652,9.80447649849156
2003-06-09,6.014923287671234,10.192893364522135,7.2791833478066295
2003-06-10,6.009410958904111,10.779224239126984,5.979364801968904
2003-06-11,6.004550684931507,12.416004850296636,4.805444464771854
2003-06-12,5.999772602739727,10.470772114083077,6.3004552831771985
2003-06-13,5.995230136986303,11.096265826763092,5.259504036250606
2003-06-14,5.990775342465755,11.505619813415707,3.697604844118537
2003-06-15,5.986520547945206,11.663248264416762,3.8602311876380337
2003-06-16,5.984594520547946,12.145723642007207,1.2276818374448482
2003-06-17,5.9888082191780825,11.588645384191963,2.102546396629954
2003-06-18,5.990893150684933,11.291264140777843,-1.6261572914627749
2003-06-19,5.99282191780822,12.035223606882514,-4.360045524690735
2003-06-20,5.992931506849316,13.100672711202852,-4.817604218052169
2003-06-21,5.990578082191782,12.883870041726212,-4.904448123917993
2003-06-22,5.9868356164383565,11.686961506425893,-5.072797122864249
2003-06-23,5.983257534246576,11.324662033296283,-3.4849195675428586
2003-06-24,5.980887671232877,10.540313807093263,-3.2512014783261405
2003-06-25,5.980942465753426,10.035217214188451,-3.6751596799418778
2003-06-26,5.983063013698631,9.93424004523868,-2.5233030589373104
2003-06-27,5.984517808219179,9.816529247908157,-3.5870470561273358
2003-06-28,5.9844986301369865,12.900007398593086,-8.004506028730072
2003-06-29,5.983002739726028,10.913703699962952,-6.864706439688979
2003-06-30,5.980589041095891,10.071884247908157,-5.660473289004049
2003-07-01,5.977764383561644,10.157063220510896,-1.6818276040725415
2003-07-02,5.97442191780822,12.014701165716376,-8.012123083524596
2003-07-03,5.971186301369864,10.63415383694925,-8.175340138319115
2003-07-04,5.967378082191781,10.006386097223224,-7.932764179415004
2003-07-05,5.963383561643836,10.888141782154731,-9.384525343798568
2003-07-06,5.959646575342466,9.105684795853362,-7.8583313711958285
2003-07-07,5.956257534246576,9.207311028730073,-7.6595685629766495
2003-07-08,5.952808219178083,7.952552655003343,-6.2553608741814255
2003-07-09,5.949178082191781,7.925656764592385,-6.480834846784166
2003-07-10,5.946512328767124,7.327076926165971,-5.979589254933096
2003-07-11,5.943824657534247,6.9038262061097715,-5.605650863644018
2003-07-12,5.941542465753425,6.26082683835424,-4.908369304107666
2003-07-13,5.939293150684932,5.884137410886731,-4.555430561571663
2003-07-14,5.937676712328767,6.320840747732532,-5.2935174600613
2003-07-15,5.9362301369863015,7.43471879479962,-5.347948931785922
2003-07-16,5.935893150684931,6.324650933893403,-3.9675440845783347
2003-07-17,5.9384575342465755,4.968738534876895,-3.6621960691234703
2003-07-18,5.942241095890411,4.885113877342649,-4.0733549732330605
2003-07-19,5.943263013698631,5.722986163960141,-5.0722491776587715
2003-07-20,5.942778082191781,5.177009908252378,-4.616787990444159
2003-07-21,5.941624657534247,4.636426206109771,-0.6840508636440177
2003-07-22,5.940556164383562,3.992448334666147,0.7469955009502911
2003-07-23,5.941139726027398,3.6898545868614403,-0.5449943128888379
2003-07-24,5.941717808219178,3.6678314045642852,-2.557549212783464
2003-07-25,5.942030136986302,3.6802502313995507,-2.9192803683858526
2003-07-26,5.940780821917809,4.13114640280805,-3.907927224725859
2003-07-27,5.94032602739726,3.334073905442403,-0.7803999328396634
2003-07-28,5.938695890410959,2.991736286896565,-2.059432177307524
2003-07-29,5.936767123287671,2.9441608039320406,-3.6589279272197115
2003-07-30,5.934846575342466,2.334894699260457,-3.0367412746029236
2003-07-31,5.932717808219178,2.31483779725835,-2.412555605477528
2003-08-01,5.929978082191782,3.7990474916735235,-3.8470255738653054
2003-08-02,5.9289945205479455,2.364048826411844,-2.1750433469597894
2003-08-03,5.926498630136987,2.5136675829977237,-2.2591662131347103
2003-08-04,5.923342465753425,2.921965159393931,-2.653307625147356
2003-08-05,5.921158904109589,1.7372281730925607,-1.6073870772021497
2003-08-06,5.918613698630137,1.9569758373004993,-1.5405895359306367
2003-08-07,5.9150109589041096,1.5063648783963894,-0.8743758373004993
2003-08-08,5.911753424657534,1.8695638949049949,-1.550317319562529
2003-08-09,5.908742465753425,2.6149441548277204,-2.2996866205811455
2003-08-10,5.90586301369863,1.9049685313644256,-1.7048315450630556
2003-08-11,5.903764383561644,2.6122580290813207,-2.124022412642964
2003-08-12,5.901509589041096,1.7342658267630913,-1.4447754158041872
2003-08-13,5.90281095890411,0.9894446816981107,-0.9022556406022201
2003-08-14,5.901246575342466,0.9020908355442644,-0.7293374108867302
2003-08-15,5.899712328767123,0.886244822196881,-1.293957150964004
2003-08-16,5.898213698630137,1.259361506425894,-0.12057520505603114
2003-08-17,5.896665753424657,1.1944667400051003,2.726867506570242
2003-08-18,5.895383561643836,0.6013667048804077,2.6132497334757554
2003-08-19,5.894101369863014,0.7922628060395225,0.36463582409746365
2003-08-20,5.892731506849316,2.2287738703177107,-3.0155053771670266
2003-08-21,5.891421917808219,3.354036954265726,-3.583458872073945
2003-08-22,5.890101369863014,1.2482092057585252,-1.7473105756215388
2003-08-23,5.888698630136986,0.9993504772723991,-1.0090491074093855
2003-08-24,5.88786301369863,0.7687433820844819,0.1133936042168876
2003-08-25,5.887260273972602,0.259629297082726,-0.7218895710553285
2003-08-26,5.895657534246576,0.1009574319615455,0.39238503379187895
2003-08-27,5.895698630136986,0.6401830027378013,-1.4788816328747865
2003-08-28,5.895142465753425,0.5913782257796,-1.483520691533025
2003-08-29,5.894287671232877,0.525896525744475,0.9078158030226486
2003-08-30,5.893087671232877,0.17609575300123667,-0.5261834242341134
2003-08-31,5.8918547945205475,-0.153389038006842,0.1495342434862944
2003-09-01,5.89065205479452,0.35586252504198124,-1.891514579836501
2003-09-02,5.889312328767123,-0.03891422241147837,-1.848398106355645
2003-09-03,5.887934246575343,-0.7042099020742814,-1.5777243445010616
2003-09-04,5.886539726027397,-0.2398114475607586,-1.9797282784666388
2003-09-05,5.885087671232878,-0.8398243734476568,-1.370263297785221
2003-09-06,5.883613698630137,-0.46818742227097965,-1.7374262763591577
2003-09-07,5.881972602739726,-0.9488720025309024,-1.1741006002088237
2003-09-08,5.8804,-0.7858629403601964,1.7874629403601963
2003-09-09,5.878936986301371,0.24485486785898164,-1.2407918541603524
2003-09-10,5.877098630136986,-0.014948433862128177,-1.346150196274858
2003-09-11,5.875652054794521,0.8344826866155677,-2.0471347414100878
2003-09-12,5.87313698630137,0.8062904140479524,-2.494427400349323
2003-09-13,5.870917808219179,-0.6135197018635332,-1.4953981063556459
2003-09-14,5.868898630136986,-0.8763186481227537,-1.3555799820142322
2003-09-15,5.867134246575342,-0.5380771307360307,-1.6930571158393115
2003-09-16,5.865493150684932,-0.5926495929769859,-0.8668435577079463
2003-09-17,5.864364383561645,-0.42636782269247625,-0.9129965608691681
2003-09-18,5.8638383561643845,0.8555477375463716,-1.8423860937107563
2003-09-19,5.863791780821918,1.2257669858779492,-1.9095587666998677
2003-09-20,5.864230136986302,2.25379157316281,-3.327021710149112
2003-09-21,5.86601095890411,3.456872359955926,-6.028883318860036
2003-09-22,5.867613698630137,4.805581457251325,-7.512195155881463
2003-09-23,5.867430136986302,1.7907576427097018,-4.0991877796960035
2003-09-24,5.865761643835617,-0.21786813881470982,-2.316893505020907
2003-09-25,5.862723287671233,-0.5600064598544008,-2.3487168278168324
2003-09-26,5.858854794520548,-0.13804741524604108,-2.8928073792745073
2003-09-27,5.854528767123288,0.7205788580240677,-3.6981076251473555
2003-09-28,5.849865753424657,-0.6241622729910359,-2.379703480433621
2003-09-29,5.844506849315069,-0.1704941310872775,-2.9350127182277914
2003-09-30,5.83958904109589,0.565321464276263,-3.816910505372153
2003-10-01,5.835224657534246,-0.6838547914314995,-2.1353698661027463
2003-10-02,5.831079452054794,-0.822216365017731,-1.9118630870370634
2003-10-03,5.828997260273972,-1.115946537128725,-1.2130507231452474
2003-10-04,5.828635616438357,-0.8068088483335015,-0.5858267681048551
2003-10-05,5.8289479452054795,-0.9873477313682752,-0.9276002138372041
2003-10-06,5.829786301369864,-0.5040292909046292,-1.976757010465234
2003-10-07,5.830306849315068,0.06496818011749941,-2.5662750294325676
2003-10-08,5.830736986301369,-0.6844379315790233,-1.8222990547223463
2003-10-09,5.830660273972603,0.6683882714417001,1.510951454585697
2003-10-10,5.830473972602739,0.5542709549682197,-0.3037449275709585
2003-10-11,5.830120547945206,0.40454169609923435,-1.6406622440444396
2003-10-12,5.829756164383562,0.8116482644167619,-2.6604044288003235
2003-10-13,5.829087671232877,0.7429811060043977,-2.7730687772372744
2003-10-14,5.8272657534246575,1.1747488615365362,-3.4320146149611936
2003-10-15,5.823750684931507,0.6746058337880295,-3.094356518719536
2003-10-16,5.818397260273972,-0.5330746720075444,-2.118322588266428
2003-10-17,5.810353424657534,-1.0708397580630418,-1.7565136665944923
2003-10-18,5.801093150684931,-1.631827956166308,-1.3882651945186228
2003-10-19,5.79507397260274,-1.5952414440482892,-1.3298325285544508
2003-10-20,5.79252602739726,-1.8444273941712255,-0.9220986332260348
2003-10-21,5.789065753424658,-1.8281763931174846,-0.7458893603071732
2003-10-22,5.785698630136986,-2.183875304252012,-0.7108233258849741
2003-10-23,5.781690410958904,-2.4297708434160445,-0.940919567542859
2003-10-24,5.779019178082192,-1.7278406010556653,-1.6351785770265264
2003-10-25,5.7771479452054795,-0.927450365720225,-2.4566975794852546
2003-10-26,5.765876712328767,-0.8294849986671863,-2.624391713661581
2003-10-27,5.756424657534247,-1.6844847176696447,-1.7019399398646018
2003-10-28,5.749824657534246,-2.101494482334204,-1.2883301752000422
2003-10-29,5.738435616438355,-2.365311623184222,-1.0531239932541334
2003-10-30,5.692041095890411,-2.477579975836136,-0.823461120054275
2003-10-31,5.660350684931506,-2.345209550827355,-0.6541411341041514
2003-11-01,5.6361479452054795,-0.7437475908695045,-0.24840035433597485
2003-11-02,5.608621917808219,-1.2823447106447066,-1.2212772071635125
2003-11-03,5.588435616438356,-1.3678422167915276,-1.4185933996468283
2003-11-04,5.559079452054794,-1.9435487148596695,-0.9415307371951247
2003-11-05,5.529416438356164,-2.3033020692678186,-0.6291143690883456
2003-11-06,5.503964383561644,-2.322721458098166,-0.5842429254634776
2003-11-07,5.467961643835616,-1.7834255676872073,-1.1295360761484083
2003-11-08,5.435608219178081,-2.298801542397429,-0.6258066767806523
2003-11-09,5.41471506849315,-2.338684085425177,-0.544030983067973
2003-11-10,5.394134246575343,-2.533999505165254,-0.3941347414100882
2003-11-11,5.3645205479452045,-2.2414702462962697,-0.714050301648935
2003-11-12,5.339235616438356,-2.1839770253619526,-0.782258591076403
2003-11-13,5.324413698630137,-2.7666846474202593,-0.07772905120987739
2003-11-14,5.315857534246575,-2.588360516756403,-0.35649701749017204
2003-11-15,5.311671232876712,-1.9672856309116542,-1.0153856019650578
2003-11-16,5.311265753424657,-2.008954896805578,-0.9613108566190784
2003-11-17,5.311775342465753,-2.6619219498438635,-0.270853392621889
2003-11-18,5.304676712328767,-2.898953562067257,-0.09072315026151045
2003-11-19,5.295824657534246,-3.1399230035846433,0.20109834605039723
2003-11-20,5.307230136986301,-3.3360941310872776,0.4178639941009763
2003-11-21,5.318671232876712,-3.516784612295567,0.5971133794188552
2003-11-22,5.320197260273972,-3.5870806432052964,1.168883382931324
2003-11-23,5.307901369863013,-3.652757144785908,1.6318557749228946
2003-11-24,5.291260273972602,-3.6451825048140076,1.9949222308414054
2003-11-25,5.275676712328767,-3.515585806535117,1.4749090942063496
2003-11-26,5.26185205479452,-3.578732136004734,1.2378800812102138
2003-11-27,5.248386301369863,-3.5522589361452335,1.18487263477537
2003-11-28,5.224898630136986,-3.5584796597139023,2.499581029576917
2003-11-29,5.198323287671233,-3.676716259643653,1.1003929719724201
2003-11-30,5.169095890410959,-3.859165434213376,1.1450695438024172
2003-12-01,5.131813698630137,-3.980515135653488,1.226701437023351
2003-12-02,5.095375342465754,-3.959714152162093,1.7253388096963391
2003-12-03,5.085035616438357,-3.9901487851090556,2.4231131686706986
2003-12-04,5.0598246575342465,-4.043876568740948,2.0790519112067014
2003-12-05,5.025142465753425,-4.1491310120145695,1.8819885462611445
2003-12-06,4.992021917808219,-4.226475655498939,1.7624537376907203
2003-12-07,4.965246575342466,-4.245750892590614,1.5775043172481484
2003-12-08,4.927838356164384,-4.240996695189842,1.4111583390254578
2003-12-09,4.900827397260274,-4.271360938252715,1.5635335409924411
2003-12-10,4.88066301369863,-4.170112114929919,1.4084491012312896
2003-12-11,4.868613698630137,-4.374036877838243,1.6554231792081064
2003-12-12,4.858271232876712,-4.4451302392713306,1.7258590063946184
2003-12-13,4.847934246575343,-4.427773442643302,1.6428391960679591
2003-12-14,4.832246575342466,-3.6821667689516966,0.997920193609231
2003-12-15,4.806169863013698,-4.134770773166659,2.138600910152961
2003-12-16,4.787709589041096,-4.235678395224966,4.470968806183869
2003-12-17,4.769342465753425,-4.381357355534064,3.8560148897806386
2003-12-18,4.765342465753425,-4.330535297227073,3.6281928314736485
2003-12-19,4.771430136986302,-3.66584277878661,2.132412641800308
2003-12-20,4.774421917808219,-3.824306775976635,1.499884858168416
2003-12-21,4.769035616438357,-4.028131082263955,1.1870954658255979
2003-12-22,4.762868493150685,-4.030494131087277,1.2846256379365921
2003-12-23,4.7544958904109595,-3.891943867652082,1.6734479772411226
2003-12-24,4.755304109589041,-4.0024626593626556,2.5221585497736148
2003-12-25,4.766561643835617,-3.9912474152460407,3.1096857714104233
2003-12-26,4.771515068493151,-4.187782364315237,3.0152672958220865
2003-12-27,4.775646575342465,-4.269164239973825,2.4595176646313597
2003-12-28,4.786024657534247,-4.3168335058677485,2.0818088483335018
2003-12-29,4.81868493150685,-4.117749979348605,1.514065047841755
2003-12-30,4.840860273972604,-4.2888382828259495,1.4359780088533456
2003-12-31,4.846282191780823,-4.674010745066906,1.6387285532860831
2004-01-01,4.863824657534247,-4.671347450370734,1.5455227928364876
2004-01-02,4.87901095890411,-4.653324549071121,1.5633135901670103
2004-01-03,4.891312328767124,-4.797623249457492,1.5403109206903678
2004-01-04,4.906446575342466,-4.843358128277302,1.5909115529348359
2004-01-05,4.924769863013699,-4.928491883106948,1.7457220200932486
2004-01-06,4.945021917808219,-4.928287878891985,1.654265961083766
2004-01-07,4.965202739726028,-4.850736491466624,1.5635337517405965
2004-01-08,5.011980821917808,-4.290862237866343,0.8898814159485351
2004-01-09,5.043986301369864,-4.428815100528795,1.0788287991589316
2004-01-10,5.058720547945207,-4.6178294314034,1.2311088834581927
2004-01-11,5.068235616438356,-4.770564942467678,1.4053293260293227
2004-01-12,5.074695890410959,-4.872420509731464,1.5227246193205048
2004-01-13,5.080638356164384,-4.709624092450116,1.564985736285732
2004-01-14,5.082950684931507,-4.695508672710039,2.0115579877785317
2004-01-15,5.087134246575343,-4.881104738744461,3.158970492169118
2004-01-16,5.097575342465754,-4.97155651254144,3.7089811700756856
2004-01-17,5.113205479452056,-5.011596414192301,2.653390934740245
2004-01-18,5.130756164383562,-4.949678746471893,2.090922582088331
2004-01-19,5.147013698630138,-5.0033148546559465,1.8003011560258084
2004-01-20,5.152046575342466,-4.691527640044074,1.5244810647016092
2004-01-21,5.153978082191781,-4.555471791782747,2.021493709590966
2004-01-22,5.162279452054795,-4.608951595084467,2.112672143029672
2004-01-23,5.175898630136986,-4.9558035796296025,2.3239049494926163
2004-01-24,5.189594520547946,-5.077918648122754,1.9593241275748086
2004-01-25,5.20273698630137,-4.920008778084116,1.9172717917827464
2004-01-26,5.20693698630137,-4.770048820233748,1.2361118339323776
2004-01-27,5.215052054794521,-4.9742438325273906,1.4161917777328696
2004-01-28,5.2254438356164385,-5.0319649424676784,1.5005211068512398
2004-01-29,5.235490410958904,-5.040197397683695,1.3717069867247913
2004-01-30,5.244076712328767,-5.053829852899712,1.2907531405709447
2004-01-31,5.251780821917809,-5.10705057646838,1.8432697545505712
2004-02-01,5.258443835616439,-5.113554194311725,1.8741103586952859
2004-02-02,5.265786301369864,-5.094958549773614,1.4271722484037506
2004-02-03,5.271753424657534,-5.136538739446954,1.4697853147894198
2004-02-04,5.27912602739726,-5.106476217494022,1.3643501900967614
2004-02-05,5.288731506849316,-5.109231538884959,1.3375000320356434
2004-02-06,5.293287671232877,-5.143588546261145,1.3963008750282686
2004-02-07,5.299438356164384,-5.078912325678075,1.3184739695136907
2004-02-08,5.303772602739727,-4.973080291958371,1.1583076892186437
2004-02-09,5.30727397260274,-4.87918517429065,1.1139112016879098
2004-02-10,5.309769863013699,-5.180480643205296,1.3567107801915972
2004-02-11,5.317030136986301,-4.978482118442388,2.2894519814560867
2004-02-12,5.323791780821917,-4.998999083668942,1.1702073028470252
2004-02-13,5.330241095890411,-5.13942612968229,1.2781850337918792
2004-02-14,5.333438356164383,-5.207620017985767,1.3451816618213837
2004-02-15,5.330731506849315,-5.142672845523527,1.2589413386742123
2004-02-16,5.321191780821918,-5.178863783352821,1.3046720025309027
2004-02-17,5.315945205479451,-5.177917594381974,1.3289723889025225
2004-02-18,5.328879452054794,-5.063111763682993,1.175232311628199
2004-02-19,5.338882191780822,-5.087591285987172,1.21370909420635
2004-02-20,5.359504109589041,-5.229912536426231,1.33340842683719
2004-02-21,5.366690410958904,-5.2726325223763535,1.338942111417449
2004-02-22,5.368323287671233,-5.268173372393916,1.5628500847226832
2004-02-23,5.3665589041095885,-5.256746396629954,1.5281874925203658
2004-02-24,5.3758547945205475,-5.118069052056719,4.719214257536172
2004-02-25,5.379241095890411,-5.222948504111514,1.7517074082211033
2004-02-26,5.389684931506849,-5.2823230738340285,1.5766381423271794
2004-02-27,5.396575342465754,-5.27592454907112,1.440349206605366
2004-02-28,5.394816438356164,-5.284829150405858,1.3200127120496932
2004-02-29,5.398356164383561,-5.28737077316666,1.3500146087830993
2004-03-01,5.401490410958903,-5.306462729612041,1.3409723186531375
2004-03-02,5.407838356164383,-5.205065469338068,1.196227113173685
2004-03-03,5.414608219178081,-5.193543375906385,1.148935156728304
2004-03-04,5.421972602739726,-5.243241654796445,1.1852690520567188
2004-03-05,5.42831506849315,-5.084042568038454,1.0467274995453035
2004-03-06,5.435093150684931,-5.229053807940105,1.1599606572551737
2004-03-07,5.441254794520548,-5.1583109909397535,1.0120561964192056
2004-03-08,5.446830136986302,-5.19122507594151,1.0023949389552085
2004-03-09,5.443350684931507,-5.205810534318749,1.1014598493872416
2004-03-10,5.444531506849314,-5.021683101933783,0.8991515950844686
2004-03-11,5.446287671232877,-5.183144640395321,1.377856969162444
2004-03-12,5.447665753424657,-4.976675234002627,0.8220094805779707
2004-03-13,5.451246575342465,-5.064484858168416,0.9282382828259506
2004-03-14,5.457134246575341,-5.0856064598544,1.0004722132790587
2004-03-15,5.46074794520548,-5.098743375906385,1.0019954307009051
2004-03-16,5.466728767123287,-5.035867225572701,1.0281384584494129
2004-03-17,5.47101095890411,-4.912216786514042,1.1082058276099325
2004-03-18,5.471934246575342,-4.818694131087277,1.2697598845119344
2004-03-19,5.4707041095890405,-4.665782715562163,1.3530786059731228
2004-03-20,5.468356164383561,-4.699931012014569,1.6115748476310081
2004-03-21,5.466920547945206,-4.6509270780489915,2.131006530103786
2004-03-22,5.469934246575342,-4.63719191823164,2.0802576716562977
2004-03-23,5.473260273972603,-4.551629150405859,1.492368876433256
2004-03-24,5.474493150684932,-4.468462799861426,1.0989696491764938
2004-03-25,5.479112328767123,-4.547610042573052,0.9194977138059297
2004-03-26,5.49205205479452,-4.395444043275546,0.6523919884810261
2004-03-27,5.497890410958904,-4.372053175695637,0.5241627647367326
2004-03-28,5.502490410958904,-4.333039406816114,0.6605489958572104
2004-03-29,5.507038356164383,-4.334229220655244,0.7451908644908611
2004-03-30,5.511471232876712,-4.34338201306831,0.8479107801915982
2004-03-31,5.515794520547945,-4.30185043596961,0.9890559154216647
2004-04-01,5.5188,-4.169860551881096,1.1850605518810964
2004-04-02,5.521556164383561,-3.9009337517405975,1.155377587357036
2004-04-03,5.522772602739726,-3.61181636501773,1.0990437622780034
2004-04-04,5.521013698630137,-3.636727499545303,1.2997138009151663
2004-04-05,5.520372602739726,-3.6336877383932134,1.4563151356534876
2004-04-06,5.520912328767123,-3.751478043978039,1.373565715210916
2004-04-07,5.522928767123288,-3.692365785460302,1.063437018337014
2004-04-08,5.528238356164383,-3.5797138009151666,0.6804754447507833
2004-04-09,5.518345205479452,-3.537783347806631,0.5174381423271792
2004-04-10,5.513306849315068,-3.6093682441887878,0.46406139487371956
2004-04-11,5.51352602739726,-3.589510428944671,0.4279844015474108
2004-04-12,5.513161643835616,-3.46416206224288,0.28300041840726387
2004-04-13,5.511684931506849,-3.311106284230938,0.13742135272408884
2004-04-14,5.510512328767123,-3.244348433862128,0.09283610509500484
2004-04-15,5.509775342465753,-2.975595852197218,-0.016179490268535268
2004-04-16,5.509920547945205,-2.6407631159836598,-0.32315743196154534
2004-04-17,5.511506849315069,-2.581964380472596,-0.05054246884247293
2004-04-18,5.513057534246576,-2.3740142575361713,0.4539567232895956
2004-04-19,5.514145205479452,-1.708426972674914,-0.09071823280453839
2004-04-20,5.5149698630136985,-1.4544225469636387,-1.09954731605006
2004-04-21,5.517005479452054,-1.4598808539534525,-0.9361246254986018
2004-04-22,5.521786301369863,-1.2709152761522584,-0.30787102521760445
2004-04-23,5.526635616438356,-0.9407757608730171,0.853140144434661
2004-04-24,5.530301369863014,-0.6231576365316049,1.711856266668591
2004-04-25,5.5331534246575345,0.02735209300826165,0.5124944823342042
2004-04-26,5.536043835616438,0.18785557035283496,0.12110059403072715
2004-04-27,5.595989041095891,0.6329583452035549,0.11905261370055442
2004-04-28,5.6315616438356155,1.3081709198435265,-0.36973256367914176
2004-04-29,5.6560931506849315,2.3344008460816723,-1.1874939967666038
2004-04-30,5.680884931506849,2.1017542707392063,-0.09563920224605527
2004-05-01,5.699090410958904,3.1048546571108258,-1.5609450680697297
2004-05-02,5.705671232876712,4.309413561220415,-3.301084794097127
2004-05-03,5.771030136986301,4.10853291492607,-3.4735630519123717
2004-05-04,5.8688383561643835,3.0496698309780546,-2.381508187142438
2004-05-05,5.922975342465754,2.6788828973637235,-1.4528582398294771
2004-05-06,5.9548136986301365,2.8937458408129677,-3.050559539443104
2004-05-07,5.977002739726027,3.498809065259754,-4.827811804985782
2004-05-08,5.994939726027398,4.160799862590277,-5.852739588617675
2004-05-09,6.009227397260274,4.789499265470503,-6.759726662730777
2004-05-10,6.021769863013699,5.381327013977703,-7.103096876991402
2004-05-11,6.032791780821917,5.204383845730425,-6.386175626552342
2004-05-12,6.042895890410959,5.530811032242544,-5.903706922653503
2004-05-13,6.052460273972603,5.560187779696003,-5.317648053668606
2004-05-14,6.061443835616439,6.052165299892701,-5.87160913550914
2004-05-15,6.069490410958904,6.63473979936583,-5.482230210324734
2004-05-16,6.076967123287671,6.534478120405521,-4.258445243693193
2004-05-17,6.083750684931506,6.515019110921855,-3.617769795853362
2004-05-18,6.090183561643835,5.188028664838258,-1.452212226482093
2004-05-19,6.096638356164384,4.778967196626105,0.1173944472095112
2004-05-20,6.102646575342465,4.64032076178241,1.219032662875125
2004-05-21,6.1084136986301365,5.6091405018596845,1.1084457995101795
2004-05-22,6.114038356164383,6.616472921951009,-1.7645112781153927
2004-05-23,6.118309589041095,6.825103901929934,-4.467413490971028
2004-05-24,6.120643835616438,6.7739253279924565,-4.979569163608894
2004-05-25,6.121808219178082,7.400311348364778,-5.097119567542859
2004-05-26,6.123821917808218,7.336999722091508,-4.084821639899727
2004-05-27,6.1261095890410955,8.26541018924992,-4.464519778291016
2004-05-28,6.128441095890411,8.43693396866685,-4.02437506455726
2004-05-29,6.127035616438356,9.658998808849498,-6.053034425287853
2004-05-30,6.129531506849315,11.973274748435026,-8.357806255284341
2004-05-31,6.132673972602739,10.39584756192291,-6.58152153452565
2004-06-01,6.136010958904109,9.516288587563933,-5.554299546468041
2004-06-02,6.137706849315068,8.904502356443455,1.7507907942414764
2004-06-03,6.1375534246575345,8.934643627957332,-2.4261970526148655
2004-06-04,6.138460273972602,10.530866178010019,-5.44632645198262
2004-06-05,6.1399698630136985,10.956606185034957,-5.353576048048655
2004-06-06,6.141668493150684,10.505431826060596,-3.7261003192112803
2004-06-07,6.1440821917808215,10.47053172068652,-3.9726139124673416
2004-06-08,6.147104109589041,10.192893364522135,-2.7119974741111754
2004-06-09,6.149830136986301,10.779224239126984,-1.5210543761132858
2004-06-10,6.152657534246575,12.416004850296636,0.25933761545678813
2004-06-11,6.155131506849314,10.470772114083077,2.370096379067606
2004-06-12,6.157372602739725,11.096265826763092,1.3243615704971816
2004-06-13,6.159635616438356,11.505619813415707,-2.1972554298540636
2004-06-14,6.161501369863013,11.663248264416762,-5.832749634279773
2004-06-15,6.161430136986301,12.145723642007207,-5.687153778993508
2004-06-16,6.15541095890411,11.588645384191963,-4.768056343096072
2004-06-17,6.15152602739726,11.291264140777843,-3.246790168175103
2004-06-18,6.1481945205479445,12.035223606882514,-2.293418127430458
2004-06-19,6.147690410958904,13.100672711202852,-3.8803631221617554
2004-06-20,6.149909589041096,12.883870041726212,-7.029779630767308
2004-06-21,6.152079452054795,11.686961506425893,-7.489040958480689
2004-06-22,6.151838356164383,11.324662033296283,-6.709500389460667
2004-06-23,6.150345205479452,10.540313807093263,-3.125659012572715
2004-06-24,6.147002739726028,10.035217214188451,0.2677800460855213
2004-06-25,6.142169863013699,9.93424004523868,-0.8744099082523782
2004-06-26,6.139008219178082,9.816529247908157,-2.23353746708624
2004-06-27,6.137958904109589,12.900007398593086,-4.369966302702675
2004-06-28,6.138016438356164,10.913703699962952,4.901279861680884
2004-06-29,6.138810958904109,10.071884247908157,2.2753047931877344
2004-06-30,6.140336986301369,10.157063220510896,0.13459979318773385
2004-07-01,6.141676712328767,12.014701165716376,-1.7763778780451442
2004-07-02,6.143394520547945,10.63415383694925,-2.804548357497195
2004-07-03,6.144698630136986,10.006386097223224,-3.6200847273602097
2004-07-04,6.1461424657534245,10.888141782154731,-4.043284247908156
2004-07-05,6.14730410958904,9.105684795853362,-1.3579889054424026
2004-07-06,6.147980821917808,9.207311028730073,-0.45929185064788136
2004-07-07,6.149054794520548,7.952552655003343,0.9143925504761103
2004-07-08,6.150219178082192,7.925656764592385,10.392124057325422
2004-07-09,6.151597260273972,7.327076926165971,5.497325813560056
2004-07-10,6.152830136986301,6.9038262061097715,-0.4366563430960735
2004-07-11,6.153958904109588,6.26082683835424,-1.647785742463829
2004-07-12,6.155027397260273,5.884137410886731,-2.4131648081470045
2004-07-13,6.1555835616438355,6.320840747732532,-3.3424243093763675
2004-07-14,6.15567397260274,7.43471879479962,-4.723392767402359
2004-07-15,6.154663013698629,6.324650933893403,-2.6593139475920315
2004-07-16,6.150369863013698,4.968738534876895,-0.06310839789059397
2004-07-17,6.144517808219177,4.885113877342649,1.4293683144381735
2004-07-18,6.141701369863013,5.722986163960141,1.1353124661768454
2004-07-19,6.140372602739726,5.177009908252378,1.1196174890078954
2004-07-20,6.140383561643835,4.636426206109771,0.9541902322463933
2004-07-21,6.140706849315068,3.992448334666147,1.2518448160187852
2004-07-22,6.139276712328767,3.6898545868614403,2.286868700809792
2004-07-23,6.137797260273972,3.6678314045642852,2.2173713351617423
2004-07-24,6.136528767123288,3.6802502313995507,1.8852210014771615
2004-07-25,6.136517808219178,4.13114640280805,0.6933357889727718
2004-07-26,6.136115068493151,3.334073905442403,0.5568110260644454
2004-07-27,6.137117808219179,2.991736286896565,0.7041459048842564
2004-07-28,6.13812602739726,2.9441608039320406,-0.06728683132930025
2004-07-29,6.138994520547945,2.334894699260457,0.42611078019159887
2004-07-30,6.140175342465753,2.31483779725835,0.5139868602758968
2004-07-31,6.141553424657534,3.7990474916735235,-1.2466009163310567
2004-08-01,6.14221095890411,2.364048826411844,0.04374021468404621
2004-08-02,6.142260273972603,2.5136675829977237,0.2050721430296738
2004-08-03,6.143890410958904,2.921965159393931,-0.695855570352836
2004-08-04,6.144841095890412,1.7372281730925607,0.8599307310170285
2004-08-05,6.145832876712328,1.9569758373004993,1.738191285987172
2004-08-06,6.146638356164384,1.5063648783963894,0.5569967654392278
2004-08-07,6.1474602739726025,1.8695638949049949,0.4589758311224035
2004-08-08,6.1482821917808215,2.6149441548277204,-0.9572263466085418
2004-08-09,6.1492136986301364,1.9049685313644256,-0.6701822299945617
2004-08-10,6.150002739726027,2.6122580290813207,-1.4592607688073476
2004-08-11,6.150863013698631,1.7342658267630913,0.9558711595382772
2004-08-12,6.148556164383562,0.9894446816981107,1.3199991539183276
2004-08-13,6.149643835616438,0.9020908355442644,1.376265328839299
2004-08-14,6.1511068493150685,0.886244822196881,-0.3783516715119497
2004-08-15,6.1526712328767115,1.259361506425894,-1.3630327393026052
2004-08-16,6.161586301369863,1.1944667400051003,-1.020053041374963
2004-08-17,6.166863013698631,0.6013667048804077,0.42677028142096174
2004-08-18,6.17078904109589,0.7922628060395225,4.808948152864588
2004-08-19,6.171413698630138,2.2287738703177107,0.356812431052151
2004-08-20,6.171846575342466,3.354036954265726,3.6631164703918087
2004-08-21,6.171920547945206,1.2482092057585252,0.5938702462962684
2004-08-22,6.172416438356164,0.9993504772723991,-0.6967669156285634
2004-08-23,6.172172602739726,0.7687433820844819,-0.8149159848242079
2004-08-24,6.171920547945206,0.259629297082726,2.386450154972068
2004-08-25,6.161769863013699,0.1009574319615455,1.3622727050247554
2004-08-26,6.160205479452054,0.6401830027378013,2.068611517810144
2004-08-27,6.160243835616438,0.5913782257796,0.7663779386039621
2004-08-28,6.15968493150685,0.525896525744475,0.00041854274867514363
2004-08-29,6.1604465753424655,0.17609575300123667,0.49845767165629773
2004-08-30,6.161476712328767,-0.153389038006842,1.0239123256780749
2004-08-31,6.161591780821917,0.35586252504198124,0.15454569413610153
2004-09-01,6.161438356164384,-0.03891422241147837,0.3504758662470945
2004-09-02,6.161432876712329,-0.7042099020742814,0.836777025361952
2004-09-03,6.161484931506849,-0.2398114475607586,0.06032651605390962
2004-09-04,6.161528767123288,-0.8398243734476568,0.8272956063243687
2004-09-05,6.161893150684931,-0.46818742227097965,0.23329427158604799
2004-09-06,6.162838356164384,-0.9488720025309024,0.580033646366518
2004-09-07,6.163758904109589,-0.7858629403601964,0.23410403625060794
2004-09-08,6.164235616438356,0.24485486785898164,-1.0950904842973377
2004-09-09,6.164868493150685,-0.014948433862128177,-0.9929200592885568
2004-09-10,6.164268493150685,0.8344826866155677,-1.832751179766252
2004-09-11,6.164602739726027,0.8062904140479524,-1.4788931537739791
2004-09-12,6.165320547945205,-0.6135197018635332,0.3591991539183277
2004-09-13,6.165336986301369,-0.8763186481227537,-0.33301833817861526
2004-09-14,6.1655205479452055,-0.5380771307360307,0.1915565827908251
2004-09-15,6.165712328767123,-0.5926495929769859,0.3959372642098633
2004-09-16,6.165701369863013,-0.42636782269247625,-0.877333547170537
2004-09-17,6.165783561643835,0.8555477375463716,-2.5933312991902064
2004-09-18,6.166035616438355,1.2257669858779492,-3.068802602316304
2004-09-19,6.166208219178082,2.25379157316281,-4.152999792340892
2004-09-20,6.165523287671233,3.456872359955926,-5.228395647627159
2004-09-21,6.16552602739726,4.805581457251325,-6.596107484648585
2004-09-22,6.168605479452054,1.7907576427097018,-3.9503631221617557
2004-09-23,6.175260273972603,-0.21786813881470982,-0.9403921351578924
2004-09-24,6.184273972602739,-0.5600064598544008,2.0527324872516615
2004-09-25,6.193926027397261,-0.13804741524604108,-1.09687861215122
2004-09-26,6.203953424657534,0.7205788580240677,-2.3685322826816018
2004-09-27,6.213134246575342,-0.6241622729910359,-1.0829719735843055
2004-09-28,6.221890410958904,-0.1704941310872775,-1.6943962798716266
2004-09-29,6.2294684931506845,0.565321464276263,-2.628789957426947
2004-09-30,6.235506849315068,-0.6838547914314995,-1.438652057883568
2004-10-01,6.24144109589041,-0.822216365017731,-1.3162247308726795
2004-10-02,6.246756164383561,-1.115946537128725,-1.1868096272548365
2004-10-03,6.249958904109588,-0.8068088483335015,-1.649150055776087
2004-10-04,6.2522,-0.9873477313682752,-1.5848522686317248
2004-10-05,6.253915068493151,-0.5040292909046292,-2.2038857775885217
2004-10-06,6.257002739726027,0.06496818011749941,-2.256970919843526
2004-10-07,6.261101369863014,-0.6844379315790233,-0.3146634382839911
2004-10-08,6.265271232876712,0.6683882714417001,-2.534659504318412
2004-10-09,6.268367123287671,0.5542709549682197,-2.580638078255891
2004-10-10,6.270375342465753,0.40454169609923435,-2.000917038564987
2004-10-11,6.272597260273972,0.8116482644167619,-3.2362455246907342
2004-10-12,6.275279452054795,0.7429811060043977,-3.7582605580591926
2004-10-13,6.279076712328767,1.1747488615365362,-4.3118255738653035
2004-10-14,6.283378082191781,0.6746058337880295,-3.822983915979811
2004-10-15,6.288112328767124,-0.5330746720075444,-2.535037656759579
2004-10-16,6.294504109589042,-1.0708397580630418,-1.6616643515260001
2004-10-17,6.297876712328767,-1.631827956166308,-1.319048756162459
2004-10-18,6.299213698630138,-1.5952414440482892,-1.4369722545818486
2004-10-19,6.300416438356165,-1.8444273941712255,-1.1289890441849395
2004-10-20,6.3028958904109595,-1.8281763931174846,-0.5167194972934748
2004-10-21,6.304717808219179,-2.183875304252012,0.5151574960328333
2004-10-22,6.304268493150685,-2.4297708434160445,0.30650235026535944
2004-10-23,6.299890410958904,-1.7278406010556653,-0.8180498099032385
2004-10-24,6.292605479452055,-0.927450365720225,-1.9311551137318297
2004-10-25,6.287175342465753,-0.8294849986671863,-2.090690343798567
2004-10-26,6.283142465753425,-1.6844847176696447,19.65134225191622
2004-10-27,6.279583561643836,-2.101494482334204,11.165910920690367
2004-10-28,6.278457534246575,-2.365311623184222,7.360854088937646
2004-10-29,6.2788876712328765,-2.477579975836136,7.638692304603259
2004-10-30,6.280756164383561,-2.345209550827355,5.370453386443793
2004-10-31,6.291687671232877,-0.7437475908695045,1.4980599196366278
2004-11-01,6.310120547945205,-1.2823447106447066,21.933224162699503
2004-11-02,6.332654794520549,-1.3678422167915276,33.53718742227098
2004-11-03,6.347246575342465,-1.9435487148596695,18.030302139517207
2004-11-04,6.350868493150685,-2.3033020692678186,10.170433576117134
2004-11-05,6.35352602739726,-2.322721458098166,6.665195430700906
2004-11-06,6.357386301369863,-1.7834255676872073,4.528039266317345
2004-11-07,6.362950684931507,-2.298801542397429,3.661850857465922
2004-11-08,6.367452054794521,-2.338684085425177,3.081232030630656
2004-11-09,6.369961643835616,-2.533999505165254,2.653037861329638
2004-11-10,6.370161643835616,-2.2414702462962697,1.9683086024606538
2004-11-11,6.368528767123287,-2.1839770253619526,1.6794482582386654
2004-11-12,6.365591780821918,-2.7666846474202593,2.160092866598342
2004-11-13,6.36412602739726,-2.588360516756403,1.5322344893591429
2004-11-14,6.361887671232877,-1.9672856309116542,0.6633979596787773
2004-11-15,6.36168493150685,-2.008954896805578,0.4642699652987283
2004-11-16,6.356660273972603,-2.6619219498438635,1.0322616758712613
2004-11-17,6.349172602739726,-2.898953562067257,1.2207809593275312
2004-11-18,6.3369479452054795,-3.1399230035846433,1.3529750583791635
2004-11-19,6.324495890410959,-3.3360941310872776,1.5055982406763184
2004-11-20,6.321057534246576,-3.516784612295567,1.6477270780489914
2004-11-21,6.333172602739726,-3.5870806432052964,1.7149080404655708
2004-11-22,6.352397260273973,-3.652757144785908,1.4393598845119353
2004-11-23,6.356421917808219,-3.6451825048140076,1.3547605870057886
2004-11-24,6.3594,-3.515585806535117,1.1261858065351174
2004-11-25,6.366495890410959,-3.578732136004734,0.9682362455937752
2004-11-26,6.379301369863014,-3.5522589361452335,0.9049575662822198
2004-11-27,6.402882191780822,-3.5584796597139023,0.8085974679330801
2004-11-28,6.443389041095891,-3.676716259643653,0.7663272185477621
2004-11-29,6.468846575342466,-3.859165434213376,0.9923188588709095
2004-11-30,6.482873972602739,-3.980515135653488,1.0936411630507488
2004-12-01,6.4878328767123286,-3.959714152162093,0.9518812754497645
2004-12-02,6.474093150684931,-3.9901487851090556,0.9780556344241247
2004-12-03,6.4742712328767125,-4.043876568740948,0.9956053358642354
2004-12-04,6.486350684931507,-4.1491310120145695,0.9717803270830627
2004-12-05,6.485394520547945,-4.226475655498939,0.8890811349509948
2004-12-06,6.477169863013699,-4.245750892590614,0.9465810295769153
2004-12-07,6.46751506849315,-4.240996695189842,0.9744816266966914
2004-12-08,6.451520547945205,-4.271360938252715,1.0078403903075102
2004-12-09,6.4302164383561635,-4.170112114929919,0.8908956765737557
2004-12-10,6.39951506849315,-4.374036877838243,1.0275218093450933
2004-12-11,6.370273972602739,-4.4451302392713306,1.0318562666685915
2004-12-12,6.342528767123287,-4.427773442643302,0.9742446755200143
2004-12-13,6.3252712328767124,-3.6821667689516966,0.18589553607498432
2004-12-14,6.3297917808219175,-4.134770773166659,0.5889789923447415
2004-12-15,6.323038356164384,-4.235678395224966,0.7386400390605821
2004-12-16,6.315802739726027,-4.381357355534064,0.8915546158080372
2004-12-17,6.305235616438356,-4.330535297227073,0.8722996807887173
2004-12-18,6.293495890410958,-3.66584277878661,0.4263468883756514
2004-12-19,6.28245205479452,-3.824306775976635,0.8018547211821145
2004-12-20,6.279602739726027,-4.028131082263955,0.4685283425379283
2004-12-21,6.279449315068493,-4.030494131087277,-0.31995518398121536
2004-12-22,6.276999999999999,-3.891943867652082,-0.3940561323479175
2004-12-23,6.27071506849315,-4.0024626593626556,-0.2132524091304946
2004-12-24,6.257150684931506,-3.9912474152460407,-0.1449032696854653
2004-12-25,6.252523287671233,-4.187782364315237,0.38025907664400416
2004-12-26,6.246419178082192,-4.269164239973825,0.6057450618916329
2004-12-27,6.234558904109589,-4.3168335058677485,0.6542746017581598
2004-12-28,6.201597260273973,-4.117749979348605,0.42115271907463203
2004-12-29,6.180364383561644,-4.2888382828259495,0.6534738992643057
2004-12-30,6.1655561643835615,-4.674010745066906,0.8084545806833443
2004-12-31,6.146169863013699,-4.671347450370734,0.8901775873570354
2005-01-01,6.128991780821918,-4.653324549071121,0.7893327682492024
2005-01-02,6.1169671232876714,-4.797623249457492,0.8416561261698203
2005-01-03,6.105126027397261,-4.843358128277302,0.8162321008800415
2005-01-04,6.09367397260274,-4.928491883106948,0.823817910504208
2005-01-05,6.072621917808219,-4.928287878891985,0.9186659610837671
2005-01-06,6.050882191780822,-4.850736491466624,0.9028542996858024
2005-01-07,6.001205479452055,-4.290862237866343,0.4036567584142885
2005-01-08,5.9660602739726025,-4.428815100528795,0.6067548265561928
2005-01-09,5.949224657534247,-4.6178294314034,0.752604773869153
2005-01-10,5.937197260273972,-4.770564942467678,0.9263676821937059
2005-01-11,5.92813698630137,-4.872420509731464,0.8722835234300943
2005-01-12,5.9211835616438355,-4.709624092450116,0.7574405308062806
2005-01-13,5.914986301369863,-4.695508672710039,0.8105223713401757
2005-01-14,5.905887671232876,-4.881104738744461,0.7732170675115846
2005-01-15,5.894139726027397,-4.97155651254144,0.7764167865140426
2005-01-16,5.878035616438356,-5.011596414192301,0.8605607977539451
2005-01-17,5.864657534246575,-4.949678746471893,0.8720212122253175
2005-01-18,5.853583561643836,-5.0033148546559465,1.0977312930121106
2005-01-19,5.839361643835616,-4.691527640044074,0.9551659962084584
2005-01-20,5.82532602739726,-4.555471791782747,0.8281457643854866
2005-01-21,5.812432876712329,-4.608951595084467,0.9225187183721384
2005-01-22,5.801394520547945,-4.9558035796296025,1.235409059081657
2005-01-23,5.788753424657535,-5.077918648122754,1.3561652234652195
2005-01-24,5.782024657534246,-4.920008778084116,1.19098412054987
2005-01-25,5.772490410958905,-4.770048820233748,1.0365584092748432
2005-01-26,5.762394520547945,-4.9742438325273906,1.2368493119794457
2005-01-27,5.755534246575342,-5.0319649424676784,1.2874306958923363
2005-01-28,5.751019178082192,-5.040197397683695,1.2871782196015031
2005-01-29,5.750898630136986,-5.053829852899712,1.2869312227627256
2005-01-30,5.744641095890411,-5.10705057646838,1.5904094805779692
2005-01-31,5.738049315068494,-5.113554194311725,1.4125048792432304
2005-02-01,5.8010904109589045,-5.094958549773614,1.4868681388147098
2005-02-02,5.8239397260273975,-5.136538739446954,1.2645990134195566
2005-02-03,5.826049315068493,-5.106476217494022,1.1794269024255284
2005-02-04,5.821539726027398,-5.109231538884959,1.0986918128575613
2005-02-05,5.8218575342465755,-5.143588546261145,1.1677310120145696
2005-02-06,5.81938904109589,-5.078912325678075,1.0985232845821842
2005-02-07,5.818791780821918,-4.973080291958371,0.9832885111364522
2005-02-08,5.818539726027398,-4.87918517429065,0.8906454482632524
2005-02-09,5.818473972602741,-5.180480643205296,1.1620066706025556
2005-02-10,5.813939726027398,-4.978482118442388,0.9505423924149898
2005-02-11,5.810169863013699,-4.998999083668942,1.0808292206552435
2005-02-12,5.803712328767123,-5.13942612968229,1.3387138009151673
2005-02-13,5.8009506849315065,-5.207620017985767,1.4486693330542604
2005-02-14,5.802838356164383,-5.142672845523527,4.040834489359144
2005-02-15,5.801756164383562,-5.178863783352821,2.750107618969259
2005-02-16,5.797071232876712,-5.177917594381974,2.280846361505261
2005-02-17,5.7804958904109585,-5.063111763682993,0.9516158732720346
2005-02-18,5.772906849315069,-5.087591285987172,0.9376844366721038
2005-02-19,5.757213698630137,-5.229912536426231,0.9626988377960943
2005-02-20,5.767358904109589,-5.2726325223763535,1.1192736182667646
2005-02-21,5.802342465753425,-5.268173372393916,1.039830906640491
2005-02-22,5.824679452054795,-5.256746396629954,0.9780669445751595
2005-02-23,5.827202739726028,-5.118069052056719,0.5628663123306916
2005-02-24,5.829950684931507,-5.222948504111514,0.7299978191800065
2005-02-25,5.828693150684932,-5.2823230738340285,1.1516299231490965
2005-02-26,5.829073972602739,-5.27592454907112,0.8038505764683812
2005-02-27,5.831334246575342,-5.284829150405858,1.1614949038305156
2005-02-28,5.831772602739726,-5.28737077316666,1.2925981704269338
2005-03-01,5.831106849315068,-5.306462729612041,0.9533558802969724
2005-03-02,5.830994520547946,-5.205065469338068,0.7170709487901226
2005-03-03,5.830991780821918,-5.193543375906385,0.7305515950844672
2005-03-04,5.832071232876713,-5.243241654796445,0.7941704219197323
2005-03-05,5.8341013698630135,-5.084042568038454,0.6569411981754403
2005-03-06,5.8342767123287675,-5.229053807940105,0.8937770956113384
2005-03-07,5.835386301369863,-5.1583109909397535,0.9629246895698902
2005-03-08,5.835438356164384,-5.19122507594151,0.9497867197771264
2005-03-09,5.83531506849315,-5.205810534318749,0.8834954658255985
2005-03-10,5.836309589041096,-5.021683101933783,0.7383735128926867
2005-03-11,5.84866301369863,-5.183144640395321,0.756481626696691
2005-03-12,5.8552986301369865,-4.976675234002627,0.5363766038656408
2005-03-13,5.872216438356165,-5.064484858168416,0.769268419812251
2005-03-14,5.881775342465753,-5.0856064598544,0.5818311173886475
2005-03-15,5.887753424657534,-5.098743375906385,0.6419899512488509
2005-03-16,5.889602739726027,-5.035867225572701,0.6752644858466734
2005-03-17,5.890465753424658,-4.912216786514042,0.6847510330893849
2005-03-18,5.893671232876712,-4.818694131087277,0.8780228982105651
2005-03-19,5.898372602739726,-4.665782715562163,1.0174101128224375
2005-03-20,5.900890410958904,-4.699931012014569,1.2420406010556655
2005-03-21,5.903687671232877,-4.6509270780489915,1.4442394068161146
2005-03-22,5.905816438356164,-4.63719191823164,1.6453754798754754
2005-03-23,5.907495890410958,-4.551629150405859,2.1821332599949
2005-03-24,5.910205479452054,-4.468462799861426,3.092257320409371
2005-03-25,5.909627397260274,-4.547610042573052,3.7789826453127784
2005-03-26,5.901101369863014,-4.395444043275546,3.7663426734125327
2005-03-27,5.899912328767123,-4.372053175695637,3.782140846928513
2005-03-28,5.899923287671233,-4.333039406816114,3.6141161191448816
2005-03-29,5.900030136986301,-4.334229220655244,3.548199083668943
2005-03-30,5.900257534246575,-4.34338201306831,3.2251244788217353
2005-03-31,5.902021917808218,-4.30185043596961,2.8068285181613915
2005-04-01,5.902558904109588,-4.169860551881096,2.9673016477715084
2005-04-02,5.903104109589041,-3.9009337517405975,2.713829642151557
2005-04-03,5.907175342465753,-3.61181636501773,1.883641022551977
2005-04-04,5.910178082191781,-3.636727499545303,1.728549417353522
2005-04-05,5.914008219178082,-3.6336877383932134,1.6886795192151314
2005-04-06,5.918210958904109,-3.751478043978039,2.1032670850739295
2005-04-07,5.920671232876712,-3.692365785460302,2.1616945525835893
2005-04-08,5.920087671232877,-3.5797138009151666,1.8106261296822894
2005-04-09,5.92158904109589,-3.537783347806631,1.244194306710741
2005-04-10,5.922367123287671,-3.6093682441887878,0.7880011209011166
2005-04-11,5.921534246575343,-3.589510428944671,0.8309761823693282
2005-04-12,5.9228356164383555,-3.46416206224288,0.8523264458045245
2005-04-13,5.925487671232877,-3.311106284230938,1.1096186129980614
2005-04-14,5.927849315068492,-3.244348433862128,1.2454991187936355
2005-04-15,5.929876712328767,-2.975595852197218,1.2917191398684515
2005-04-16,5.931282191780822,-2.6407631159836598,1.5884809242028375
2005-04-17,5.931364383561643,-2.581964380472596,0.7605999969109529
2005-04-18,5.932,-2.3740142575361713,0.5230142575361714
2005-04-19,5.932684931506849,-1.708426972674914,-0.07025795883193475
2005-04-20,5.9331506849315065,-1.4544225469636387,-0.6127281379678677
2005-04-21,5.931802739726027,-1.4598808539534525,-0.6859218857725748
2005-04-22,5.928471232876712,-1.2709152761522584,-0.8785559567244534
2005-04-23,5.926219178082192,-0.9407757608730171,-1.144443417209175
2005-04-24,5.9254,-0.6231576365316049,-1.3422423634683949
2005-04-25,5.925364383561643,0.02735209300826165,-1.8617164765699044
2005-04-26,5.925191780821917,0.18785557035283496,-1.740047351174752
2005-04-27,5.867624657534246,0.6329583452035549,-1.4515830027378005
2005-04-28,5.834265753424657,1.3081709198435265,-0.9834366732681838
2005-04-29,5.811923287671232,2.3344008460816723,-1.1863241337529042
2005-04-30,5.788945205479451,2.1017542707392063,0.47830052378134225
2005-05-01,5.771547945205479,3.1048546571108258,2.3565973976836956
2005-05-02,5.760435616438356,4.309413561220415,3.3721508223412293
2005-05-03,5.694750684931506,4.10853291492607,4.827716400142424
2005-05-04,5.5971232876712325,3.0496698309780546,3.2162068813507125
2005-05-05,5.543128767123287,2.6788828973637235,0.2489883355129896
2005-05-06,5.511704109589041,2.8937458408129677,-1.6374499504020088
2005-05-07,5.490591780821918,3.498809065259754,-2.9324008460816713
2005-05-08,5.473402739726026,4.160799862590277,-3.300202602316304
2005-05-09,5.45978904109589,4.789499265470503,-4.567288306566392
2005-05-10,5.447539726027396,5.381327013977703,-5.612866740005099
2005-05-11,5.4370520547945205,5.204383845730425,-5.717435900524945
2005-05-12,5.427293150684932,5.530811032242544,-5.884104182927476
2005-05-13,5.417909589041096,5.560187779696003,-5.755097368737099
2005-05-14,5.408808219178082,6.052165299892701,-5.753973519070784
2005-05-15,5.400923287671232,6.63473979936583,-5.630663087037062
2005-05-16,5.393643835616437,6.534478120405521,-3.6491219560219585
2005-05-17,5.387002739726027,6.515019110921855,-4.755021850647882
2005-05-18,5.380553424657534,5.188028664838258,-3.4755820894957923
2005-05-19,5.3741150684931505,4.778967196626105,-3.622082265119256
2005-05-20,5.367873972602739,4.64032076178241,-2.591194734385149
2005-05-21,5.361298630136986,5.6091405018596845,0.6005608680033294
2005-05-22,5.354435616438356,6.616472921951009,3.4170914616106343
2005-05-23,5.348589041095891,6.825103901929934,3.3193070569741767
2005-05-24,5.343465753424658,6.7739253279924565,-2.733391081417114
2005-05-25,5.3383890410958905,7.400311348364778,-3.2267003894606683
2005-05-26,5.333200000000001,7.336999722091508,-0.7041997220915093
2005-05-27,5.328854794520549,8.26541018924992,1.0067350162295323
2005-05-28,5.324139726027397,8.43693396866685,5.386926305305753
2005-05-29,5.319257534246576,9.658998808849498,9.539743656903928
2005-05-30,5.315383561643836,11.973274748435026,1.748341689921137
2005-05-31,5.311252054794521,10.39584756192291,-0.6400996167174302
2005-06-01,5.307057534246575,9.516288587563933,-2.915346121810509
2005-06-02,5.302849315068493,8.904502356443455,-2.429351671511948
2005-06-03,5.298758904109588,8.934643627957332,-1.52240253206692
2005-06-04,5.294950684931507,10.530866178010019,-0.19381686294152622
2005-06-05,5.291356164383561,10.956606185034957,-4.853962349418518
2005-06-06,5.288515068493151,10.505431826060596,-5.874946894553746
2005-06-07,5.285430136986302,10.47053172068652,-6.637961857672821
2005-06-08,5.282252054794521,10.192893364522135,-7.6851454193166555
2005-06-09,5.278912328767124,10.779224239126984,-8.426136567894108
2005-06-10,5.275194520547945,12.416004850296636,-10.069199370844581
2005-06-11,5.271180821917809,10.470772114083077,-7.418952936000886
2005-06-12,5.267643835616438,11.096265826763092,-7.91290966237953
2005-06-13,5.264734246575342,11.505619813415707,-7.601354059991049
2005-06-14,5.262227397260274,11.663248264416762,-3.283475661677036
2005-06-15,5.259498630136987,12.145723642007207,-7.250222272144194
2005-06-16,5.256180821917808,11.588645384191963,-6.5098262061097705
2005-06-17,5.253912328767123,11.291264140777843,-6.206176469544966
2005-06-18,5.252293150684931,12.035223606882514,-5.682516757567445
2005-06-19,5.25052602739726,13.100672711202852,-7.014198738600113
2005-06-20,5.247852054794521,12.883870041726212,-7.167722096520732
2005-06-21,5.247150684931507,11.686961506425893,-6.6401121913573995
2005-06-22,5.248120547945206,11.324662033296283,-6.6997825812414895
2005-06-23,5.248200000000001,10.540313807093263,-4.517513807093263
2005-06-24,5.247400000000001,10.035217214188451,-3.7836172141884514
2005-06-25,5.246345205479453,9.93424004523868,-1.6675852507181315
2005-06-26,5.244430136986303,9.816529247908157,-3.56695938489446
2005-06-27,5.242035616438357,12.900007398593086,-7.8030430150314425
2005-06-28,5.239898630136987,10.913703699962952,-6.231602330099938
2005-06-29,5.238460273972604,10.071884247908157,-4.57434452188076
2005-06-30,5.2362684931506855,10.157063220510896,-4.366331713661582
2005-07-01,5.234197260273974,12.014701165716376,-7.94489842599035
2005-07-02,5.232728767123288,10.63415383694925,-8.163882604072539
2005-07-03,5.231780821917809,10.006386097223224,-7.096166919141034
2005-07-04,5.230657534246577,10.888141782154731,-7.449799316401307
2005-07-05,5.229852054794522,9.105684795853362,-4.620536850647884
2005-07-06,5.229430136986302,9.207311028730073,-7.224741165716376
2005-07-07,5.228997260273974,7.952552655003343,-6.100549915277316
2005-07-08,5.228432876712329,7.925656764592385,-6.818089641304714
2005-07-09,5.227638356164384,7.327076926165971,-6.406715282330356
2005-07-10,5.226487671232878,6.9038262061097715,-5.65531387734265
2005-07-11,5.22555890410959,6.26082683835424,-5.1093857424638305
2005-07-12,5.22449589041096,5.884137410886731,-4.789633301297691
2005-07-13,5.224041095890412,6.320840747732532,-4.948881843622944
2005-07-14,5.223764383561644,7.43471879479962,-6.0534831783612635
2005-07-15,5.223249315068494,6.324650933893403,-5.048900248961897
2005-07-16,5.223235616438357,4.968738534876895,-3.423974151315252
2005-07-17,5.22327397260274,4.885113877342649,-3.527387849945389
2005-07-18,5.223383561643836,5.722986163960141,-2.8293697256039767
2005-07-19,5.223457534246576,5.177009908252378,-2.0054674424989543
2005-07-20,5.223408219178083,4.636426206109771,-3.319834425287854
2005-07-21,5.222731506849316,3.992448334666147,-2.953179841515463
2005-07-22,5.221909589041097,3.6898545868614403,-1.501764175902537
2005-07-23,5.22089589041096,3.6678314045642852,-0.8947272949752452
2005-07-24,5.220000000000001,3.6802502313995507,-1.8122502313995512
2005-07-25,5.219252054794521,4.13114640280805,-0.8453984576025704
2005-07-26,5.218057534246576,3.334073905442403,-2.005131439688979
2005-07-27,5.217380821917809,2.991736286896565,-2.0611171088143743
2005-07-28,5.216493150684932,2.9441608039320406,-1.6496539546169724
2005-07-29,5.21607397260274,2.334894699260457,-0.2989686718631974
2005-07-30,5.215547945205481,2.31483779725835,1.39461425753617
2005-07-31,5.215054794520548,3.7990474916735235,-2.6041022861940717
2005-08-01,5.2141534246575345,2.364048826411844,-1.4342022510693786
2005-08-02,5.213687671232877,2.5136675829977237,24.1436447457694
2005-08-03,5.212731506849316,2.921965159393931,8.575303333756754
2005-08-04,5.212295890410959,1.7372281730925607,2.5624759364964804
2005-08-05,5.2121369863013705,1.9569758373004993,1.0258871763981305
2005-08-06,5.211767123287672,1.5063648783963894,1.6078679983159394
2005-08-07,5.211169863013699,1.8695638949049949,0.49426624208130665
2005-08-08,5.211049315068493,2.6149441548277204,-0.2379934698962134
2005-08-09,5.210832876712329,1.9049685313644256,0.17619859192324494
2005-08-10,5.210452054794521,2.6122580290813207,-0.5437100838758417
2005-08-11,5.210635616438356,1.7342658267630913,0.2410985567985524
2005-08-12,5.210783561643836,0.9894446816981107,0.8817717566580535
2005-08-13,5.209972602739727,0.9020908355442644,-0.04106343828399173
2005-08-14,5.208967123287671,0.886244822196881,-0.44421194548455234
2005-08-15,5.207939726027398,1.259361506425894,0.2706987675467085
2005-08-16,5.199663013698631,1.1944667400051003,-0.4531297537037313
2005-08-17,5.194942465753424,0.6013667048804077,-0.3113091706338318
2005-08-18,5.1916,0.7922628060395225,-0.2618628060395223
2005-08-19,5.191835616438357,2.2287738703177107,-1.4336094867560671
2005-08-20,5.1920027397260275,3.354036954265726,-1.085039693991753
2005-08-21,5.192561643835617,1.2482092057585252,5.276229150405858
2005-08-22,5.192671232876713,0.9993504772723991,13.051978289850888
2005-08-23,5.192553424657535,0.7687433820844819,8.317703193257982
2005-08-24,5.193460273972604,0.259629297082726,4.285910428944671
2005-08-25,5.194871232876713,0.1009574319615455,3.332171335161742
2005-08-26,5.19542191780822,0.6401830027378013,2.5743950794539785
2005-08-27,5.19487397260274,0.5913782257796,1.87074780161766
2005-08-28,5.195161643835617,0.525896525744475,1.7899418304199077
2005-08-29,5.194526027397261,0.17609575300123667,1.6243782196015024
2005-08-30,5.193304109589041,-0.153389038006842,1.7490849284178003
2005-08-31,5.193158904109589,0.35586252504198124,1.0819785708484297
2005-09-01,5.193427397260274,-0.03891422241147837,1.3174868251512046
2005-09-02,5.193493150684932,-0.7042099020742814,2.198716751389349
2005-09-03,5.193624657534247,-0.2398114475607586,1.7691867900265112
2005-09-04,5.194616438356165,-0.8398243734476568,1.8582079350914924
2005-09-05,5.1946301369863015,-0.46818742227097965,1.605557285284678
2005-09-06,5.201687671232877,-0.9488720025309024,1.560184331298025
2005-09-07,5.201627397260275,-0.7858629403601964,1.151235543099922
2005-09-08,5.201671232876713,0.24485486785898164,0.23047389926430523
2005-09-09,5.201331506849316,-0.014948433862128177,4.479616927012812
2005-09-10,5.200961643835617,0.8344826866155677,1.5525556695488152
2005-09-11,5.2186,0.8062904140479524,5.642109585952047
2005-09-12,5.223734246575344,-0.6135197018635332,4.7897854552881896
2005-09-13,5.225852054794521,-0.8763186481227537,2.788466593328233
2005-09-14,5.226024657534247,-0.5380771307360307,1.8060524732017833
2005-09-15,5.225665753424658,-0.5926495929769859,1.6509838395523277
2005-09-16,5.2248904109589045,-0.42636782269247625,1.2334774117335718
2005-09-17,5.223071232876713,0.8555477375463716,0.06538102957691594
2005-09-18,5.220605479452056,1.2257669858779492,-1.204372465330005
2005-09-19,5.2179698630137,2.25379157316281,-2.1837614361765096
2005-09-20,5.214643835616439,3.456872359955926,-3.5005161955723647
2005-09-21,5.210723287671234,4.805581457251325,-5.028304744922559
2005-09-22,5.205101369863014,1.7907576427097018,-1.9978590125727156
2005-09-23,5.1967561643835625,-0.21786813881470982,-0.1728880255688526
2005-09-24,5.1869068493150685,-0.5600064598544008,-0.06190038946066734
2005-09-25,5.177956164383563,-0.13804741524604108,-0.5149087491375213
2005-09-26,5.1714,0.7205788580240677,-1.3319788580240683
2005-09-27,5.165597260273973,-0.6241622729910359,0.0035650127170627766
2005-09-28,5.158246575342467,-0.1704941310872775,-0.5477524442551892
2005-09-29,5.151230136986302,0.565321464276263,-0.9065516012625656
2005-09-30,5.148076712328768,-0.6838547914314995,-0.15522192089726838
2005-10-01,5.143515068493151,-0.822216365017731,-0.019298703475420842
2005-10-02,5.138641095890412,-1.115946537128725,1.4073054412383128
2005-10-03,5.135536986301371,-0.8068088483335015,0.5612718620321299
2005-10-04,5.132397260273973,-0.9873477313682752,0.9329504710943024
2005-10-05,5.129068493150685,-0.5040292909046292,0.4549607977539444
2005-10-06,5.124224657534247,0.06496818011749941,-0.22619283765174672
2005-10-07,5.118745205479452,-0.6844379315790233,0.6146927260995719
2005-10-08,5.114205479452055,0.6683882714417001,-0.8355937508937551
2005-10-09,5.111531506849316,0.5542709549682197,-1.1398024618175355
2005-10-10,5.1109260273972605,0.40454169609923435,-1.1454677234964947
2005-10-11,5.109531506849315,0.8116482644167619,-1.5981797712660764
2005-10-12,5.10687397260274,0.7429811060043977,-1.6218550786071377
2005-10-13,5.102731506849316,1.1747488615365362,-2.2734803683858527
2005-10-14,5.098364383561644,0.6746058337880295,-1.8979702173496733
2005-10-15,5.094791780821918,-0.5330746720075444,-0.8287171088143735
2005-10-16,5.092512328767123,-1.0708397580630418,-0.42967257070408116
2005-10-17,5.092917808219179,-1.631827956166308,0.11791014794712962
2005-10-18,5.093961643835617,-1.5952414440482892,0.01827980021267206
2005-10-19,5.095882191780822,-1.8444273941712255,0.24554520239040345
2005-10-20,5.099663013698631,-1.8281763931174846,0.1945133794188536
2005-10-21,5.105191780821919,-2.183875304252012,0.49868352343009326
2005-10-22,5.112726027397261,-2.4297708434160445,0.6760448160187837
2005-10-23,5.122676712328768,-1.7278406010556653,0.060163888726897596
2005-10-24,5.134167123287673,-0.927450365720225,-0.7857167575674483
2005-10-25,5.147389041095892,-0.8294849986671863,-1.0139040424287056
2005-10-26,5.157654794520548,-1.6844847176696447,-0.2351700768509033
2005-10-27,5.166786301369863,-2.101494482334204,0.10270818096434065
2005-10-28,5.173715068493152,-2.365311623184222,0.3105965546910703
2005-10-29,5.1741835616438365,-2.477579975836136,0.3563964141922993
2005-10-30,5.166509589041096,-2.345209550827355,0.13469996178625854
2005-10-31,5.1505972602739725,-0.7437475908695045,-1.4168496694044679
2005-11-01,5.130868493150685,-1.2823447106447066,-0.8625237825059784
2005-11-02,5.111309589041096,-1.3678422167915276,-0.8754673722495687
2005-11-03,5.105306849315069,-1.9435487148596695,-0.4357581344553991
2005-11-04,5.109169863013699,-2.3033020692678186,-0.05786779374588047
2005-11-05,5.116339726027398,-2.322721458098166,0.19638173207076814
2005-11-06,5.123002739726028,-1.7834255676872073,-0.5115771720388205
2005-11-07,5.129208219178082,-2.298801542397429,-0.07340667678065316
2005-11-08,5.137002739726027,-2.338684085425177,-0.15931865430085024
2005-11-09,5.140539726027397,-2.533999505165254,0.05445977913785738
2005-11-10,5.145928767123287,-2.2414702462962697,-0.36945852082701736
2005-11-11,5.154556164383561,-2.1839770253619526,-0.5315791390216087
2005-11-12,5.167742465753425,-2.7666846474202593,0.03594218166683438
2005-11-13,5.185967123287671,-2.588360516756403,-0.16760660653126802
2005-11-14,5.195180821917809,-1.9672856309116542,-0.826895191006155
2005-11-15,5.2023315068493154,-2.008954896805578,-0.8003766100437377
2005-11-16,5.221443835616439,-2.6619219498438635,-0.18652188577257522
2005-11-17,5.248019178082192,-2.898953562067257,-0.028065616014934847
2005-11-18,5.283594520547945,-3.1399230035846433,0.12832848303669797
2005-11-19,5.300186301369863,-3.3360941310872776,0.1299078297174141
2005-11-20,5.297679452054795,-3.516784612295567,0.16610516024077215
2005-11-21,5.290304109589041,-3.5870806432052964,0.6237765336162555
2005-11-22,5.293882191780822,-3.652757144785908,0.6278749530050858
2005-11-23,5.297038356164384,-3.6451825048140076,0.5611441486496238
2005-11-24,5.296657534246575,-3.515585806535117,0.29492827228854246
2005-11-25,5.290569863013698,-3.578732136004734,0.45816227299103574
2005-11-26,5.295646575342466,-3.5522589361452335,0.26761236080276785
2005-11-27,5.289271232876712,-3.5584796597139023,0.14020842683719037
2005-11-28,5.279739726027397,-3.676716259643653,0.5159765336162567
2005-11-29,5.264660273972602,-3.859165434213376,0.6885051602407737
2005-11-30,5.2499890410958905,-3.980515135653488,0.7955260945575975
2005-12-01,5.240504109589041,-3.959714152162093,0.6632100425730525
2005-12-02,5.230380821917808,-3.9901487851090556,0.728767963191248
2005-12-03,5.216906849315068,-4.043876568740948,0.8629697194258799
2005-12-04,5.19438904109589,-4.1491310120145695,0.951741970918679
2005-12-05,5.183306849315068,-4.226475655498939,1.1541688061838715
2005-12-06,5.177172602739725,-4.245750892590614,1.1205782898508887
2005-12-07,5.174534246575342,-4.240996695189842,1.1074624486144997
2005-12-08,5.179194520547945,-4.271360938252715,1.0611664177047704
2005-12-09,5.187139726027397,-4.170112114929919,0.7769723889025228
2005-12-10,5.196567123287671,-4.374036877838243,0.7654697545505726
2005-12-11,5.205117808219178,-4.4451302392713306,0.9060124310521522
2005-12-12,5.216983561643836,-4.427773442643302,1.0377898809994655
2005-12-13,5.2293890410958905,-3.6821667689516966,0.36677772785580576
2005-12-14,5.230794520547945,-4.134770773166659,0.6919762526187148
2005-12-15,5.244054794520547,-4.235678395224966,0.6066236007044186
2005-12-16,5.2637534246575335,-4.381357355534064,1.1156039308765306
2005-12-17,5.278397260273972,-4.330535297227073,1.308138036953101
2005-12-18,5.289306849315068,-3.66584277878661,0.7855359294715418
2005-12-19,5.301676712328767,-3.824306775976635,0.8066300636478676
2005-12-20,5.319038356164382,-4.028131082263955,1.1730927260995725
2005-12-21,5.35150410958904,-4.030494131087277,0.9619900214982366
2005-12-22,5.373783561643835,-3.891943867652082,0.5381603060082472
2005-12-23,5.376939726027397,-4.0024626593626556,0.3885229333352589
2005-12-24,5.386917808219177,-3.9912474152460407,0.3403296070268631
2005-12-25,5.394350684931506,-4.187782364315237,0.5394316793837306
2005-12-26,5.403238356164383,-4.269164239973825,0.5749258838094415
2005-12-27,5.410578082191781,-4.3168335058677485,0.6982554236759677
2005-12-28,5.429824657534247,-4.117749979348605,0.6679253218143582
2005-12-29,5.4337041095890415,-4.2888382828259495,0.6001341732369081
2005-12-30,5.433369863013699,-4.674010745066906,0.7846408820532074
2005-12-31,5.437739726027397,-4.671347450370734,1.0626077243433372
2006-01-01,5.443594520547945,-4.653324549071121,1.1287300285231754
2006-01-02,5.447482191780821,-4.797623249457492,1.1011410576766703
2006-01-03,5.4486,-4.843358128277302,1.1787581282773019
2006-01-04,5.447276712328767,-4.928491883106948,1.3162151707781806
2006-01-05,5.4516,-4.928287878891985,1.3816878788919853
2006-01-06,5.458493150684932,-4.850736491466624,1.2892433407816926
2006-01-07,5.462715068493151,-4.290862237866343,0.6521471693731922
2006-01-08,5.466389041095891,-4.428815100528795,0.6864260594329048
2006-01-09,5.468723287671233,-4.6178294314034,0.8941061437321665
2006-01-10,5.472227397260275,-4.770564942467678,1.0033375452074038
2006-01-11,5.475013698630137,-4.872420509731464,1.1594068111013267
2006-01-12,5.476268493150686,-4.709624092450116,1.1013555992994304
2006-01-13,5.476679452054794,-4.695508672710039,1.0608292206552448
2006-01-14,5.47693698630137,-4.881104738744461,1.1971677524430913
2006-01-15,5.47627397260274,-4.97155651254144,1.2082825399387005
2006-01-16,5.475038356164383,-5.011596414192301,1.3035580580279178
2006-01-17,5.469126027397261,-4.949678746471893,1.2945527190746322
2006-01-18,5.462816438356164,-5.0033148546559465,1.4704984162997823
2006-01-19,5.462230136986301,-4.691527640044074,1.085297503057773
2006-01-20,5.4638904109589035,-4.555471791782747,0.8895813808238433
2006-01-21,5.463027397260274,-4.608951595084467,0.9019241978241936
2006-01-22,5.459564383561643,-4.9558035796296025,1.2502391960679593
2006-01-23,5.457698630136987,-5.077918648122754,1.4142200179857674
2006-01-24,5.451657534246575,-4.920008778084116,1.0853512438375414
2006-01-25,5.450545205479452,-4.770048820233748,1.1115036147542954
2006-01-26,5.4501698630136985,-4.9742438325273906,1.225073969513692
2006-01-27,5.450928767123288,-5.0319649424676784,1.4390361753443908
2006-01-28,5.44573698630137,-5.040197397683695,1.4004604113823254
2006-01-29,5.43566301369863,-5.053829852899712,1.4221668392010827
2006-01-30,5.433172602739726,-5.10705057646838,1.5728779737286542
2006-01-31,5.432909589041095,-5.113554194311725,1.5476446052706292
2006-02-01,5.361035616438356,-5.094958549773614,1.577922933335259
2006-02-02,5.329641095890411,-5.136538739446954,1.5998976435565435
2006-02-03,5.315660273972602,-5.106476217494022,1.6318159435214197
2006-02-04,5.306098630136986,-5.109231538884959,1.4791329087479737
2006-02-05,5.294824657534246,-5.143588546261145,1.4767638887268992
2006-02-06,5.28565205479452,-5.078912325678075,1.5882602708835547
2006-02-07,5.276624657534247,-4.973080291958371,1.4464556344241242
2006-02-08,5.2684931506849315,-4.87918517429065,1.3016920236057183
2006-02-09,5.259399999999999,-5.180480643205296,1.788080643205297
2006-02-10,5.25045205479452,-4.978482118442388,1.5680300636478677
2006-02-11,5.241887671232877,-4.998999083668942,1.353111412436066
2006-02-12,5.235216438356164,-5.13942612968229,1.540209691326126
2006-02-13,5.229602739726028,-5.207620017985767,1.645017278259739
2006-02-14,5.220495890410959,-5.142672845523527,1.6021769551125677
2006-02-15,5.222117808219178,-5.178863783352821,1.6067459751336428
2006-02-16,5.236334246575343,-5.177917594381974,1.6215833478066308
2006-02-17,5.270501369863014,-5.063111763682993,1.547610393819979
2006-02-18,5.2761369863013705,-5.087591285987172,1.495454299685802
2006-02-19,5.277057534246575,-5.229912536426231,1.646855002179656
2006-02-20,5.262098630136986,-5.2726325223763535,1.6645338922393673
2006-02-21,5.224386301369863,-5.268173372393916,1.5747870710240521
2006-02-22,5.199490410958904,-5.256746396629954,1.93425598567105
2006-02-23,5.187361643835617,-5.118069052056719,1.7177074082211021
2006-02-24,5.177224657534247,-5.222948504111514,1.583723846577267
2006-02-25,5.1669178082191785,-5.2823230738340285,1.6134052656148503
2006-02-26,5.1588821917808225,-5.27592454907112,1.5790423572902972
2006-02-27,5.153794520547946,-5.284829150405858,1.6070346298579121
2006-02-28,5.1562684931506855,-5.28737077316666,1.5221022800159743
2006-03-01,5.158397260273973,-5.306462729612041,1.5730654693380677
2006-03-02,5.1583863013698625,-5.205065469338068,1.4876791679682055
2006-03-03,5.157479452054795,-5.193543375906385,1.4280639238515902
2006-03-04,5.154819178082192,-5.243241654796445,1.5194224767142526
2006-03-05,5.152997260273972,-5.084042568038454,1.7000453077644817
2006-03-06,5.153252054794521,-5.229053807940105,1.5798017531455844
2006-03-07,5.151728767123288,-5.1583109909397535,4.222582223816466
2006-03-08,5.154569863013699,-5.19122507594151,1.608655212927811
2006-03-09,5.1580301369863015,-5.205810534318749,1.5767803973324472
2006-03-10,5.158997260273972,-5.021683101933783,1.2916858416598105
2006-03-11,5.146983561643836,-5.183144640395321,1.3231610787514851
2006-03-12,5.139994520547946,-4.976675234002627,7.689680713454681
2006-03-13,5.121980821917808,-5.064484858168416,3.3935040362506075
2006-03-14,5.109783561643836,-5.0856064598544,2.1268228982105644
2006-03-15,5.103082191780821,-5.098743375906385,1.4896611841255636
2006-03-16,5.100416438356165,-5.035867225572701,1.3334507872165355
2006-03-17,5.130032876712328,-4.912216786514042,1.1621839098017137
2006-03-18,5.1427287671232875,-4.818694131087277,0.964965363963989
2006-03-19,5.159364383561644,-4.665782715562163,0.8564183320005196
2006-03-20,5.168750684931507,-4.699931012014569,1.0121803270830618
2006-03-21,5.172515068493151,-4.6509270780489915,0.9614120095558403
2006-03-22,5.175769863013699,-4.63719191823164,0.9444220552179412
2006-03-23,5.179386301369863,-4.551629150405859,0.858242849035995
2006-03-24,5.182164383561644,-4.468462799861426,0.7742984162997817
2006-03-25,5.184016438356165,-4.547610042573052,0.9095936042168873
2006-03-26,5.187868493150685,-4.395444043275546,1.2125755501248614
2006-03-27,5.193602739726027,-4.372053175695637,2.0954504359696093
2006-03-28,5.200709589041096,-4.333039406816114,2.195329817775019
2006-03-29,5.203317808219178,-4.334229220655244,1.561911412436066
2006-03-30,5.205860273972602,-4.34338201306831,1.3585217390957078
2006-03-31,5.207693150684932,-4.30185043596961,2.3501572852846775
2006-04-01,5.210169863013699,-4.169860551881096,1.9946906888673972
2006-04-02,5.2142109589041095,-3.9009337517405975,1.623722792836488
2006-04-03,5.217019178082191,-3.61181636501773,1.4407971869355385
2006-04-04,5.227391780821918,-3.636727499545303,1.2653357187233847
2006-04-05,5.232950684931507,-3.6336877383932134,1.1547370534617065
2006-04-06,5.23527397260274,-3.751478043978039,1.018204071375299
2006-04-07,5.236235616438357,-3.692365785460302,0.8461301690219449
2006-04-08,5.236583561643836,-3.5797138009151666,0.8371302392713309
2006-04-09,5.236002739726027,-3.537783347806631,0.9537806080806042
2006-04-10,5.23647397260274,-3.6093682441887878,1.2528942715860478
2006-04-11,5.236597260273973,-3.589510428944671,1.0069131686706982
2006-04-12,5.236443835616439,-3.46416206224288,0.5687182266264417
2006-04-13,5.236013698630137,-3.311106284230938,0.28709258560080153
2006-04-14,5.236082191780822,-3.244348433862128,0.34326624208130596
2006-04-15,5.236150684931507,-2.975595852197218,0.6814451672657107
2006-04-16,5.236441095890411,-2.6407631159836598,1.4513220200932482
2006-04-17,5.2368575342465755,-2.581964380472596,1.6031068462260203
2006-04-18,5.23694794520548,-2.3740142575361713,1.5990663123306912
2006-04-19,5.236816438356165,-1.708426972674914,1.3266105343187495
2006-04-20,5.2368136986301375,-1.4544225469636387,1.4636088483335017
2006-04-21,5.237860273972603,-1.4598808539534525,2.0260205799808495
2006-04-22,5.238775342465754,-1.2709152761522584,2.5611399336865044
2006-04-23,5.239301369863014,-0.9407757608730171,3.1744743910100026
2006-04-24,5.240468493150685,-0.6231576365316049,3.5366891433809204
2006-04-25,5.250813698630138,0.02735209300826165,3.6388342083616005
2006-04-26,5.254112328767123,0.18785557035283496,2.678032100880041
2006-04-27,5.255991780821918,0.6329583452035549,2.4930498739745266
2006-04-28,5.257627397260274,1.3081709198435265,2.1222016828962005
2006-04-29,5.259098630136986,2.3344008460816723,-0.46249947621865806
2006-04-30,5.26178904109589,2.1017542707392063,-1.7955433118350963
2006-05-01,5.264339726027398,3.1048546571108258,-2.944194383138224
2006-05-02,5.265728767123288,4.309413561220415,-3.3341423283437033
2006-05-03,5.26682191780822,4.10853291492607,-1.8833548327342902
2006-05-04,5.2674958904109594,3.0496698309780546,1.3548342786109866
2006-05-05,5.26865205479452,2.6788828973637235,1.9334650478417563
2006-05-06,5.269465753424657,2.8937458408129677,1.221788405762375
2006-05-07,5.269460273972603,3.498809065259754,-0.27926933923235664
2006-05-08,5.270082191780822,4.160799862590277,-0.831882054371099
2006-05-09,5.270353424657534,4.789499265470503,-1.5328526901280375
2006-05-10,5.270767123287671,5.381327013977703,-4.1450941372653745
2006-05-11,5.271605479452055,5.204383845730425,-3.5849893251824803
2006-05-12,5.272827397260274,5.530811032242544,-2.580638429502817
2006-05-13,5.2740109589041095,5.560187779696003,-0.7981987386001128
2006-05-14,5.275268493150685,6.052165299892701,1.0315662069566134
2006-05-15,5.276306849315069,6.63473979936583,-2.1430466486808983
2006-05-16,5.279000000000001,6.534478120405521,-0.9244781204055226
2006-05-17,5.280778082191781,6.515019110921855,2.327202806886362
2006-05-18,5.283095890410959,5.188028664838258,6.321875444750782
2006-05-19,5.288695890410958,4.778967196626105,9.448336912962935
2006-05-20,5.293797260273973,4.64032076178241,3.5388819779436185
2006-05-21,5.297090410958904,5.6091405018596845,-0.250230912818588
2006-05-22,5.300720547945206,6.616472921951009,0.7788065301037852
2006-05-23,5.302430136986302,6.825103901929934,4.671465961083763
2006-05-24,5.304035616438357,6.7739253279924565,-1.541960944430814
2006-05-25,5.305695890410959,7.400311348364778,-3.333007238775738
2006-05-26,5.307797260273973,7.336999722091508,-2.900796982365481
2006-05-27,5.312931506849315,8.26541018924992,2.8756583039007655
2006-05-28,5.319397260273973,8.43693396866685,3.0646687710591785
2006-05-29,5.32325205479452,9.658998808849498,6.056749136355984
2006-05-30,5.325734246575342,11.973274748435026,-3.7660089950103686
2006-05-31,5.327895890410959,10.39584756192291,-6.011743452333869
2006-06-01,5.3299589041095885,9.516288587563933,-6.400247491673522
2006-06-02,5.332117808219179,8.904502356443455,-6.153620164662634
2006-06-03,5.333843835616438,8.934643627957332,-6.47548746357377
2006-06-04,5.335115068493151,10.530866178010019,-8.45298124650317
2006-06-05,5.336728767123288,10.956606185034957,-8.944334952158245
2006-06-06,5.338202739726027,10.505431826060596,-8.163634565786623
2006-06-07,5.340208219178082,10.47053172068652,-7.655739939864603
2006-06-08,5.342271232876712,10.192893364522135,-6.044164597398847
2006-06-09,5.347482191780822,10.779224239126984,-5.594706430907806
2006-06-10,5.370005479452056,12.416004850296636,-6.723010329748691
2006-06-11,5.374317808219178,10.470772114083077,-4.401089922302255
2006-06-12,5.3776904109589045,11.096265826763092,-3.691956237721997
2006-06-13,5.380260273972603,11.505619813415707,-3.188880087388311
2006-06-14,5.3821150684931505,11.663248264416762,-2.8903633329099137
2006-06-15,5.384386301369863,12.145723642007207,-2.535109943377071
2006-06-16,5.3870438356164385,11.588645384191963,0.5493107801915968
2006-06-17,5.388753424657534,11.291264140777843,-0.9960175654353787
2006-06-18,5.389569863013699,12.035223606882514,-1.8377934698962122
2006-06-19,5.389783561643836,13.100672711202852,-2.638456272846687
2006-06-20,5.3895835616438355,12.883870041726212,-0.9724536033700488
2006-06-21,5.388523287671232,11.686961506425893,5.068515205902871
2006-06-22,5.387969863013698,11.324662033296283,1.292368103690018
2006-06-23,5.38791506849315,10.540313807093263,-3.505228875586413
2006-06-24,5.388753424657534,10.035217214188451,-0.2829706388459865
2006-06-25,5.389695890410959,9.93424004523868,0.9020640643503608
2006-06-26,5.390608219178082,9.816529247908157,-0.4691374670862398
2006-06-27,5.391364383561644,12.900007398593086,-5.2733717821547295
2006-06-28,5.391895890410959,10.913703699962952,0.6414004096260886
2006-06-29,5.391967123287672,10.071884247908157,-3.3118513711958295
2006-06-30,5.392641095890411,10.157063220510896,-4.644704316401308
2006-07-01,5.3939808219178085,12.014701165716376,-6.509681987634186
2006-07-02,5.39464109589041,10.63415383694925,-6.188794932839661
2006-07-03,5.39532602739726,10.006386097223224,-5.8407121246204845
2006-07-04,5.3973506849315065,10.888141782154731,-7.208492467086238
2006-07-05,5.40252602739726,9.105684795853362,-5.276210823250623
2006-07-06,5.403556164383562,9.207311028730073,-5.820867193113636
2006-07-07,5.404216438356165,7.952552655003343,-3.759769093359508
2006-07-08,5.404586301369863,7.925656764592385,-5.453243065962249
2006-07-09,5.405060273972603,7.327076926165971,-5.243137200138574
2006-07-10,5.405835616438356,6.9038262061097715,-4.982661822548128
2006-07-11,5.407419178082192,6.26082683835424,-4.012246016436432
2006-07-12,5.409095890410959,5.884137410886731,-3.9572333012976895
2006-07-13,5.410460273972603,6.320840747732532,-4.677301021705135
2006-07-14,5.411712328767123,7.43471879479962,-6.0914311235667435
2006-07-15,5.412687671232877,6.324650933893403,-5.14433860512628
2006-07-16,5.413449315068493,4.968738534876895,-3.856187849945388
2006-07-17,5.414509589041096,4.885113877342649,-4.169623466383745
2006-07-18,5.415364383561644,5.722986163960141,-5.179350547521786
2006-07-19,5.416082191780823,5.177009908252378,-4.501092100033201
2006-07-20,5.4165835616438365,4.636426206109771,-3.727009767753608
2006-07-21,5.42427397260274,3.992448334666147,-2.5487223072688865
2006-07-22,5.429610958904109,3.6898545868614403,-2.02446554576555
2006-07-23,5.432756164383562,3.6678314045642852,-2.370587568947847
2006-07-24,5.435164383561643,3.6802502313995507,-2.708414614961194
2006-07-25,5.437282191780822,4.13114640280805,-3.2684285945888725
2006-07-26,5.439657534246575,3.334073905442403,-2.6327314396889783
2006-07-27,5.440841095890411,2.991736286896565,-2.421577382786976
2006-07-28,5.442679452054795,2.9441608039320406,-1.5988402559868358
2006-07-29,5.443780821917809,2.334894699260457,-2.4216755211782655
2006-07-30,5.444802739726027,2.31483779725835,-2.511640536984377
2006-07-31,5.4459260273972605,3.7990474916735235,-3.7439735190707837
2006-08-01,5.446608219178082,2.364048826411844,-1.7626570455899264
2006-08-02,5.4471342465753425,2.5136675829977237,-2.3238018295730667
2006-08-03,5.447734246575343,2.921965159393931,-3.1186994059692736
2006-08-04,5.448490410958905,1.7372281730925607,-2.7767185840514657
2006-08-05,5.449095890410959,1.9569758373004993,-2.701071727711458
2006-08-06,5.449975342465754,1.5063648783963894,-2.745340220862143
2006-08-07,5.451027397260274,1.8695638949049949,-3.093591292165269
2006-08-08,5.451632876712329,2.6149441548277204,-3.7735770315400496
2006-08-09,5.452369863013699,1.9049685313644256,-3.0333383943781245
2006-08-10,5.453175342465753,2.6122580290813207,-4.105433371547074
2006-08-11,5.4535397260273974,1.7342658267630913,-3.267805552790489
2006-08-12,5.453786301369863,0.9894446816981107,-2.487230983067974
2006-08-13,5.454665753424658,0.9020908355442644,-2.7207565889689223
2006-08-14,5.4557013698630135,0.886244822196881,-2.739946192059895
2006-08-15,5.45658904109589,1.259361506425894,-3.301950547521784
2006-08-16,5.457189041095891,1.1944667400051003,-0.11865578110099073
2006-08-17,5.4580246575342475,0.6013667048804077,4.614608637585344
2006-08-18,5.45869589041096,0.7922628060395225,11.94204130354952
2006-08-19,5.458986301369864,2.2287738703177107,0.3562398283124262
2006-08-20,5.4595013698630135,3.354036954265726,-1.0165383241287396
2006-08-21,5.460194520547946,1.2482092057585252,-0.4514037263064712
2006-08-22,5.460961643835616,0.9993504772723991,-0.9813121211080151
2006-08-23,5.462345205479452,0.7687433820844819,-1.039088587563934
2006-08-24,5.462435616438356,0.259629297082726,-0.4100649135210813
2006-08-25,5.46266301369863,0.1009574319615455,-0.6356204456601754
2006-08-26,5.46344109589041,0.6401830027378013,-1.4556240986282114
2006-08-27,5.464156164383561,0.5913782257796,-1.3315343901631609
2006-08-28,5.465304109589042,0.525896525744475,-0.33720063533351663
2006-08-29,5.466364383561643,0.17609575300123667,2.2555398634371198
2006-08-30,5.468750684931507,-0.153389038006842,2.2506383530753347
2006-08-31,5.470843835616438,0.35586252504198124,0.8002936393415808
2006-09-01,5.472805479452054,-0.03891422241147837,0.7071087429594242
2006-09-02,5.475786301369863,-0.7042099020742814,0.9454236007044183
2006-09-03,5.477912328767124,-0.2398114475607586,0.8198991187936348
2006-09-04,5.478931506849316,-0.8398243734476568,1.6668928665983413
2006-09-05,5.480580821917808,-0.46818742227097965,0.7636066003531712
2006-09-06,5.4761123287671225,-0.9488720025309024,2.3227596737637795
2006-09-07,5.478016438356164,-0.7858629403601964,2.1378465020040327
2006-09-08,5.4800219178082195,0.24485486785898164,0.30512321433279915
2006-09-09,5.48186301369863,-0.014948433862128177,-0.1859145798365025
2006-09-10,5.483980821917808,0.8344826866155677,-1.281463508533376
2006-09-11,5.468323287671232,0.8062904140479524,-1.1826137017191853
2006-09-12,5.464723287671234,-0.6135197018635332,0.0967964141922999
2006-09-13,5.464854794520548,-0.8763186481227537,0.103463853602206
2006-09-14,5.467087671232877,-0.5380771307360307,0.591989459503154
2006-09-15,5.470106849315068,-0.5926495929769859,12.216542743661918
2006-09-16,5.473208219178082,-0.42636782269247625,5.619159603514394
2006-09-17,5.476958904109589,0.8555477375463716,5.8834933583440385
2006-09-18,5.480739726027397,1.2257669858779492,1.961493288094653
2006-09-19,5.483375342465753,2.25379157316281,-1.0751669156285635
2006-09-20,5.485846575342466,3.456872359955926,-2.583718935298392
2006-09-21,5.487873972602738,4.805581457251325,-3.9854554298540634
2006-09-22,5.489824657534246,1.7907576427097018,-1.2685823002439485
2006-09-23,5.491460273972603,-0.21786813881470982,0.2084078648421072
2006-09-24,5.492761643835616,-0.5600064598544008,1.0382448160187852
2006-09-25,5.493101369863013,-0.13804741524604108,1.2629460453830281
2006-09-26,5.4909917808219175,0.7205788580240677,0.9424293611540147
2006-09-27,5.488879452054794,-0.6241622729910359,0.6322828209362414
2006-09-28,5.488397260273972,-0.1704941310872775,0.050096870813305716
2006-09-29,5.488753424657535,0.565321464276263,-0.5750748889337978
2006-09-30,5.486191780821917,-0.6838547914314995,0.41066301060958244
2006-10-01,5.484016438356164,-0.822216365017731,1.1151999266615669
2006-10-02,5.4834219178082195,-1.115946537128725,2.0875246193205053
2006-10-03,5.4830136986301365,-0.8068088483335015,3.999795149703365
2006-10-04,5.483131506849315,-0.9873477313682752,2.6112162245189605
2006-10-05,5.483654794520548,-0.5040292909046292,0.9483744963840816
2006-10-06,5.485679452054795,0.06496818011749941,-0.23664763217229404
2006-10-07,5.489090410958904,-0.6844379315790233,0.3713475206201192
2006-10-08,5.493282191780821,0.6683882714417001,-1.426670463222521
2006-10-09,5.497802739726026,0.5542709549682197,-1.3540736946942455
2006-10-10,5.502093150684931,0.40454169609923435,-1.491634846784165
2006-10-11,5.508701369863013,0.8116482644167619,-2.053349634279775
2006-10-12,5.518501369863014,0.7429811060043977,-2.1904824758674115
2006-10-13,5.530232876712329,1.1747488615365362,-2.6759817382488658
2006-10-14,5.543219178082191,0.6746058337880295,-2.317825011870221
2006-10-15,5.555624657534246,-0.5330746720075444,-1.1835499855267013
2006-10-16,5.567087671232876,-1.0708397580630418,-0.7522479131698343
2006-10-17,5.57912602739726,-1.631827956166308,-0.3352980712309519
2006-10-18,5.589082191780822,-1.5952414440482892,-0.5248407477325328
2006-10-19,5.597819178082191,-1.8444273941712255,-0.2573917839109656
2006-10-20,5.6059972602739725,-1.8281763931174846,0.07017913284351196
2006-10-21,5.612915068493151,-2.183875304252012,0.32496023575886124
2006-10-22,5.617830136986301,-2.4297708434160445,0.36294070642974363
2006-10-23,5.620463013698629,-1.7278406010556653,-0.01162241264296382
2006-10-24,5.621580821917808,-0.927450365720225,2.502869543802417
2006-10-25,5.620578082191781,-0.8294849986671863,-0.2830930835245943
2006-10-26,5.624019178082191,-1.6844847176696447,-0.015534460412546691
2006-10-27,5.626936986301369,-2.101494482334204,0.23955749603283483
2006-10-28,5.625386301369863,-2.365311623184222,0.39592532181435924
2006-10-29,5.6263945205479455,-2.477579975836136,0.8861854552881905
2006-10-30,5.63270410958904,-2.345209550827355,0.5995054412383145
2006-10-31,5.63878904109589,-0.7437475908695045,-1.398041450226386
2006-11-01,5.642172602739726,-1.2823447106447066,-0.9748278920950197
2006-11-02,5.638301369863013,-1.3678422167915276,-1.1564591530714858
2006-11-03,5.6286136986301365,-1.9435487148596695,-0.5370649837704669
2006-11-04,5.618802739726028,-2.3033020692678186,-0.27050067045820914
2006-11-05,5.6102849315068495,-2.322721458098166,-0.2995634734086834
2006-11-06,5.6029835616438355,-1.7834255676872073,-0.764557993956628
2006-11-07,5.5967013698630135,-2.298801542397429,-0.44189982746558476
2006-11-08,5.593326027397261,-2.338684085425177,-0.46464194197208375
2006-11-09,5.594260273972603,-2.533999505165254,-0.09326076880734879
2006-11-10,5.593408219178082,-2.2414702462962697,-0.3709379728818125
2006-11-11,5.589068493150685,-2.1839770253619526,-0.5340914677887323
2006-11-12,5.582964383561643,-2.7666846474202593,0.07972026385861586
2006-11-13,5.598452054794521,-2.588360516756403,-0.20109153803811752
2006-11-14,5.609167123287671,-1.9672856309116542,-0.2578814923760169
2006-11-15,5.60378904109589,-2.008954896805578,-0.5528341442903124
2006-11-16,5.591706849315068,-2.6619219498438635,0.28921510052879507
2006-11-17,5.577589041095891,-2.898953562067257,1.6863645209713662
2006-11-18,5.5495534246575335,-3.1399230035846433,1.72436957892711
2006-11-19,5.538227397260274,-3.3360941310872776,1.0938667338270038
2006-11-20,5.538024657534247,-3.516784612295567,1.2507599547613202
2006-11-21,5.534901369863013,-3.5870806432052964,1.0031792733422837
2006-11-22,5.520150684931506,-3.652757144785908,0.9876064598544017
2006-11-23,5.522953424657534,-3.6451825048140076,0.9412290801564733
2006-11-24,5.533279452054794,-3.515585806535117,0.8253063544803232
2006-11-25,5.544331506849315,-3.578732136004734,2.0784006291554187
2006-11-26,5.535572602739727,-3.5522589361452335,2.387686333405507
2006-11-27,5.5243671232876705,-3.5584796597139023,1.3121125364262318
2006-11-28,5.492161643835616,-3.676716259643653,1.2095546158080368
2006-11-29,5.479561643835616,-3.859165434213376,1.2626037903777596
2006-11-30,5.479030136986301,-3.980515135653488,1.3194849986671868
2006-12-01,5.4893178082191785,-3.959714152162093,1.2023963439429148
2006-12-02,5.495342465753425,-3.9901487851090556,1.0938063193556307
2006-12-03,5.503432876712329,-4.043876568740948,1.040443692028619
2006-12-04,5.51368493150685,-4.1491310120145695,1.2214460805077194
2006-12-05,5.5266383561643835,-4.226475655498939,1.3488372993345559
2006-12-06,5.544446575342466,-4.245750892590614,1.485304317248148
2006-12-07,5.566367123287671,-4.240996695189842,1.4686295719021705
2006-12-08,5.5857835616438365,-4.271360938252715,2.5565773766088786
2006-12-09,5.598693150684932,-4.170112114929919,8.586418964244988
2006-12-10,5.607797260273973,-4.374036877838243,1.9282396175642704
2006-12-11,5.615643835616439,-4.4451302392713306,1.7264864036548917
2006-12-12,5.621049315068493,-4.427773442643302,1.5717241275748086
2006-12-13,5.621876712328767,-3.6821667689516966,0.6512900566229298
2006-12-14,5.62021095890411,-4.134770773166659,1.1315598142625491
2006-12-15,5.7034246575342475,-4.235678395224966,1.1172537376907181
2006-12-16,5.709389041095891,-4.381357355534064,1.2939683144381728
2006-12-17,5.702679452054794,-4.330535297227073,1.181855845172279
2006-12-18,5.696808219178083,-3.66584277878661,0.45603455960852735
2006-12-19,5.687356164383562,-3.824306775976635,0.3479506115930726
2006-12-20,5.6743205479452055,-4.028131082263955,0.4308105343187494
2006-12-21,5.653353424657534,-4.030494131087277,0.4581407064297429
2006-12-22,5.640698630136987,-3.891943867652082,0.25124523751509553
2006-12-23,5.638534246575342,-4.0024626593626556,0.4329284127873132
2006-12-24,5.62438904109589,-3.9912474152460407,0.4468583741501506
2006-12-25,5.6212410958904115,-4.187782364315237,0.6455412684248256
2006-12-26,5.618830136986301,-4.269164239973825,0.6353341029875237
2006-12-27,5.60974794520548,-4.3168335058677485,0.6930855606622686
2006-12-28,5.586865753424657,-4.117749979348605,0.5368842259239472
2006-12-29,5.576449315068493,-4.2888382828259495,0.7033889677574563
2006-12-30,5.5696301369863015,-4.674010745066906,1.1373806080806044
2006-12-31,5.563832876712329,-4.671347450370734,1.1775145736584052
2007-01-01,5.569619178082192,-4.653324549071121,1.2527053709889286
2007-01-02,5.569221917808219,-4.797623249457492,1.7184013316492726
2007-01-03,5.572649315068492,-4.843358128277302,2.9437088132088096
2007-01-04,5.568830136986302,-4.928491883106948,1.570661746120646
2007-01-05,5.564432876712329,-4.928287878891985,1.5098550021796564
2007-01-06,5.558830136986301,-4.850736491466624,1.3239063544803233
2007-01-07,5.559923287671232,-4.290862237866343,0.727938950195111
2007-01-08,5.569599999999999,-4.428815100528795,0.8662151005287959
2007-01-09,5.572909589041096,-4.6178294314034,1.3679198423623036
2007-01-10,5.572178082191781,-4.770564942467678,1.515386860275898
2007-01-11,5.570819178082192,-4.872420509731464,1.561601331649272
2007-01-12,5.570221917808219,-4.709624092450116,1.4644021746418971
2007-01-13,5.5717917808219175,-4.695508672710039,1.3217168918881215
2007-01-14,5.57406301369863,-4.881104738744461,1.3780417250458306
2007-01-15,5.57627397260274,-4.97155651254144,1.4952825399387
2007-01-16,5.578950684931507,-5.011596414192301,1.511645729260794
2007-01-17,5.581709589041097,-4.949678746471893,1.443969157430796
2007-01-18,5.583630136986302,-5.0033148546559465,1.5326847176696448
2007-01-19,5.5852301369863016,-4.691527640044074,3.769297503057773
2007-01-20,5.585452054794521,-4.555471791782747,2.7160197369882257
2007-01-21,5.588832876712329,-4.608951595084467,1.9241187183721378
2007-01-22,5.588912328767123,-4.9558035796296025,1.999891250862479
2007-01-23,5.597865753424658,-5.077918648122754,2.047052894698096
2007-01-24,5.598504109589042,-4.920008778084116,1.8055046684950744
2007-01-25,5.598695890410959,-4.770048820233748,1.3953529298227885
2007-01-26,5.599052054794521,-4.9742438325273906,1.7471917777328692
2007-01-27,5.596893150684932,-5.0319649424676784,1.6950717917827465
2007-01-28,5.597509589041096,-5.040197397683695,1.6216878086425983
2007-01-29,5.599838356164383,-5.053829852899712,1.6679914967353286
2007-01-30,5.599931506849316,-5.10705057646838,1.6551190696190639
2007-01-31,5.599071232876712,-5.113554194311725,1.5734829614350128
2007-02-01,5.602383561643835,-5.094958549773614,1.5555749881297793
2007-02-02,5.604890410958904,-5.136538739446954,1.6006483284880497
2007-02-03,5.608331506849316,-5.106476217494022,1.5601447106447055
2007-02-04,5.61089589041096,-5.109231538884959,1.4953356484739988
2007-02-05,5.615197260273973,-5.143588546261145,1.5403912859871718
2007-02-06,5.620098630136987,-5.078912325678075,1.474813695541088
2007-02-07,5.649550684931508,-4.973080291958371,1.3425296070268633
2007-02-08,5.678432876712329,-4.87918517429065,1.185752297578321
2007-02-09,5.689567123287672,-5.180480643205296,1.4909135199176244
2007-02-10,5.6975643835616445,-4.978482118442388,1.2109177348807432
2007-02-11,5.70401095890411,-4.998999083668942,1.211988124764832
2007-02-12,5.712326027397261,-5.13942612968229,1.4411001022850285
2007-02-13,5.720890410958904,-5.207620017985767,1.477729607026863
2007-02-14,5.730082191780823,-5.142672845523527,1.3115906537427042
2007-02-15,5.7333561643835615,-5.178863783352821,1.4005076189692591
2007-02-16,5.72253698630137,-5.177917594381974,1.3803806080806034
2007-02-17,5.6897972602739735,-5.063111763682993,1.2343145034090197
2007-02-18,5.684972602739727,-5.087591285987172,1.2746186832474455
2007-02-19,5.680808219178083,-5.229912536426231,1.4961043172481485
2007-02-20,5.684282191780822,-5.2726325223763535,1.5223503305955317
2007-02-21,5.690687671232878,-5.268173372393916,1.613485701161038
2007-02-22,5.697750684931507,-5.256746396629954,1.4689957116984473
2007-02-23,5.701076712328767,-5.118069052056719,1.2869923397279521
2007-02-24,5.703898630136987,-5.222948504111514,1.3410498739745274
2007-02-25,5.707306849315069,-5.2823230738340285,1.3340162245189595
2007-02-26,5.711268493150685,-5.27592454907112,1.445656055920435
2007-02-27,5.717052054794522,-5.284829150405858,1.4307770956113361
2007-02-28,5.724309589041097,-5.28737077316666,1.825061184125563
2007-03-01,5.735490410958905,-5.306462729612041,1.7599723186531362
2007-03-02,5.738391780821918,-5.205065469338068,1.62367368851615
2007-03-03,5.7395945205479455,-5.193543375906385,1.9339488553584396
2007-03-04,5.74122191780822,-5.243241654796445,1.7090197369882247
2007-03-05,5.741876712328767,-5.084042568038454,1.4831658557096867
2007-03-06,5.7420547945205485,-5.229053807940105,1.5929990134195569
2007-03-07,5.741284931506849,-5.1583109909397535,2.0020260594329047
2007-03-08,5.736326027397261,-5.19122507594151,1.7218990485442487
2007-03-09,5.731120547945206,-5.205810534318749,1.7356899863735427
2007-03-10,5.728315068493151,-5.021683101933783,1.3943680334406316
2007-03-11,5.727501369863014,-5.183144640395321,1.515643270532307
2007-03-12,5.727180821917808,-4.976675234002627,1.387494412084819
2007-03-13,5.726249315068494,-5.064484858168416,1.4752355430999216
2007-03-14,5.7255890410958905,-5.0856064598544,1.5590174187585095
2007-03-15,5.725558904109589,-5.098743375906385,1.6821844717967958
2007-03-16,5.722978082191782,-5.035867225572701,1.8128891433809189
2007-03-17,5.688871232876712,-4.912216786514042,1.73534555363733
2007-03-18,5.671775342465754,-4.818694131087277,1.804918788621523
2007-03-19,5.6517917808219185,-4.665782715562163,1.743990934740245
2007-03-20,5.646857534246576,-4.699931012014569,1.4960734777679936
2007-03-21,5.6409753424657545,-4.6509270780489915,1.3949517355832368
2007-03-22,5.634975342465754,-4.63719191823164,1.2252165757658853
2007-03-23,5.629219178082192,-4.551629150405859,1.120409972323667
2007-03-24,5.624180821917808,-4.468462799861426,0.9292819779436172
2007-03-25,5.620186301369863,-4.547610042573052,0.9484237412031895
2007-03-26,5.615153424657535,-4.395444043275546,0.909290618618011
2007-03-27,5.609323287671233,-4.372053175695637,0.9097298880244034
2007-03-28,5.60243287671233,-4.333039406816114,1.0226065301037846
2007-03-29,5.599520547945206,-4.334229220655244,0.9897086727100382
2007-03-30,5.597,-4.34338201306831,1.0973820130683096
2007-03-31,5.594780821917809,-4.30185043596961,1.0280696140518013
2007-04-01,5.594254794520548,-4.169860551881096,0.8166057573605481
2007-04-02,5.594556164383562,-3.9009337517405975,1.026377587357036
2007-04-03,5.59352602739726,-3.61181636501773,0.9152903376204695
2007-04-04,5.585876712328767,-3.636727499545303,0.9498507872165356
2007-04-05,5.594586301369864,-3.6336877383932134,0.9841014370233494
2007-04-06,5.599624657534247,-3.751478043978039,1.3928533864437922
2007-04-07,5.603695890410959,-3.692365785460302,1.7236698950493423
2007-04-08,5.603934246575343,-3.5797138009151666,1.9997795543398236
2007-04-09,5.603745205479452,-3.537783347806631,2.2360381423271787
2007-04-10,5.602556164383562,-3.6093682441887878,2.4528120798052258
2007-04-11,5.601621917808219,-3.589510428944671,3.0538885111364515
2007-04-12,5.600575342465754,-3.46416206224288,3.7815867197771267
2007-04-13,5.599720547945206,-3.311106284230938,4.205385736285732
2007-04-14,5.598619178082192,-3.244348433862128,4.720729255779936
2007-04-15,5.597372602739727,-2.975595852197218,4.848223249457491
2007-04-16,5.59627397260274,-2.6407631159836598,5.27548914338092
2007-04-17,5.595128767123288,-2.581964380472596,5.638835613349307
2007-04-18,5.5941178082191785,-2.3740142575361713,4.875896449316993
2007-04-19,5.593720547945205,-1.708426972674914,4.15870642472971
2007-04-20,5.592893150684932,-1.4544225469636387,4.092529396278707
2007-04-21,5.590547945205479,-1.4598808539534525,4.1983329087479735
2007-04-22,5.588063013698631,-1.2709152761522584,4.005852262453628
2007-04-23,5.58655890410959,-0.9407757608730171,3.7882168567634262
2007-04-24,5.583747945205481,-0.6231576365316049,3.6014096913261238
2007-04-25,5.57187397260274,0.02735209300826165,2.951773934388999
2007-04-26,5.567279452054795,0.18785557035283496,3.62086497759237
2007-04-27,5.5643013698630135,0.6329583452035549,3.2497402849334307
2007-04-28,5.561468493150685,1.3081709198435265,1.2523605870057881
2007-04-29,5.558841095890411,2.3344008460816723,-0.39424194197208395
2007-04-30,5.555238356164384,2.1017542707392063,0.21400737309640983
2007-05-01,5.5519205479452065,3.1048546571108258,-1.0107752050560324
2007-05-02,5.549564383561645,4.309413561220415,-2.38297794478206
2007-05-03,5.5470356164383565,4.10853291492607,-3.576568531364427
2007-05-04,5.545331506849315,3.0496698309780546,-2.45900133782737
2007-05-05,5.543531506849315,2.6788828973637235,-1.9224144042130389
2007-05-06,5.541884931506849,2.8937458408129677,-2.159630772319817
2007-05-07,5.540369863013699,3.498809065259754,-3.215178928273453
2007-05-08,5.538079452054795,4.160799862590277,-3.3928793146450724
2007-05-09,5.536419178082192,4.789499265470503,-3.030918443552695
2007-05-10,5.53507397260274,5.381327013977703,-4.068400986580444
2007-05-11,5.533005479452054,5.204383845730425,-4.157389325182479
2007-05-12,5.531265753424657,5.530811032242544,-4.423076785667201
2007-05-13,5.529813698630138,5.560187779696003,-3.2820014783261406
2007-05-14,5.528282191780822,6.052165299892701,6.431552508326478
2007-05-15,5.52697808219178,6.63473979936583,1.51728211844239
2007-05-16,5.524087671232877,6.534478120405521,-3.132565791638398
2007-05-17,5.522123287671233,6.515019110921855,-2.3241423985930894
2007-05-18,5.519663013698631,5.188028664838258,0.9323083214631112
2007-05-19,5.51405205479452,4.778967196626105,-1.0100192514206263
2007-05-20,5.509063013698631,4.64032076178241,-0.8103837754810401
2007-05-21,5.5063589041095895,5.6091405018596845,-0.5334994059692733
2007-05-22,5.503638356164384,6.616472921951009,-0.5641112781153934
2007-05-23,5.50148493150685,6.825103901929934,-0.9115888334367845
2007-05-24,5.500090410958904,6.7739253279924565,-0.7150157389513616
2007-05-25,5.500257534246575,7.400311348364778,0.24143111738864587
2007-05-26,5.499745205479452,7.336999722091508,0.9412550724290414
2007-05-27,5.494975342465754,8.26541018924992,-0.5033855317156739
2007-05-28,5.488953424657534,8.43693396866685,-1.1948873933243842
2007-05-29,5.485898630136987,9.658998808849498,-5.860897438986484
2007-05-30,5.483484931506849,11.973274748435026,-8.522759679941876
2007-05-31,5.4814273972602745,10.39584756192291,-6.359274959183184
2007-06-01,5.479463013698631,9.516288587563933,-2.794751601262563
2007-06-02,5.4775616438356165,8.904502356443455,-4.100064000279072
2007-06-03,5.4759095890410965,8.934643627957332,-3.664553216998428
2007-06-04,5.474791780821919,10.530866178010019,-4.850657958831938
2007-06-05,5.473898630136986,10.956606185034957,-4.353504815171943
2007-06-06,5.4722767123287674,10.505431826060596,-1.7977085383893634
2007-06-07,5.470161643835618,10.47053172068652,0.21530663547786233
2007-06-08,5.468808219178083,10.192893364522135,0.9162984162997816
2007-06-09,5.464032876712329,10.779224239126984,-0.9992571158393133
2007-06-10,5.442131506849315,12.416004850296636,-3.472136357145951
2007-06-11,5.439139726027397,10.470772114083077,-1.6019118401104748
2007-06-12,5.436912328767123,11.096265826763092,-1.778178155530215
2007-06-13,5.434690410958905,11.505619813415707,-2.9413102243746128
2007-06-14,5.432813698630137,11.663248264416762,-3.549061963046899
2007-06-15,5.430868493150685,12.145723642007207,27.791407864842114
2007-06-16,5.4284630136986305,11.588645384191963,2.684891602109408
2007-06-17,5.425767123287672,11.291264140777843,-3.4820312640655153
2007-06-18,5.423649315068493,12.035223606882514,-4.014872921951007
2007-06-19,5.421769863013699,13.100672711202852,-6.120442574216552
2007-06-20,5.420654794520548,12.883870041726212,-5.76152483624676
2007-06-21,5.419789041095891,11.686961506425893,-2.6157505475217846
2007-06-22,5.419128767123288,11.324662033296283,-3.357790800419572
2007-06-23,5.418356164383562,10.540313807093263,-4.325669971476826
2007-06-24,5.417389041095891,10.035217214188451,-5.474606255284343
2007-06-25,5.416123287671233,9.93424004523868,-0.27336333290991277
2007-06-26,5.414676712328767,9.816529247908157,-1.3732059602369233
2007-06-27,5.413786301369863,12.900007398593086,-8.61079369996295
2007-06-28,5.412767123287672,10.913703699962952,-7.731470823250623
2007-06-29,5.411654794520548,10.071884247908157,-7.133539042428706
2007-06-30,5.410528767123288,10.157063220510896,-7.151591987634183
2007-07-01,5.409397260273972,12.014701165716376,-8.64109842599035
2007-07-02,5.408216438356165,10.63415383694925,-4.090370275305416
2007-07-03,5.406520547945206,10.006386097223224,-5.99690664516843
2007-07-04,5.404019178082192,10.888141782154731,-5.964160960236923
2007-07-05,5.398235616438357,9.105684795853362,-6.665920412291719
2007-07-06,5.39654794520548,9.207311028730073,-7.418858973935554
2007-07-07,5.395008219178083,7.952552655003343,-5.795560874181426
2007-07-08,5.39388493150685,7.925656764592385,-5.043541696099235
2007-07-09,5.3932,7.327076926165971,-1.6992769261659708
2007-07-10,5.39241095890411,6.9038262061097715,-3.761237165013881
2007-07-11,5.390723287671234,6.26082683835424,-4.262550126025474
2007-07-12,5.388909589041097,5.884137410886731,-4.433046999927828
2007-07-13,5.387194520547945,6.320840747732532,-4.872035268280477
2007-07-14,5.396276712328767,7.43471879479962,-5.502995507128387
2007-07-15,5.41048493150685,6.324650933893403,-4.313135865400253
2007-07-16,5.411005479452056,4.968738534876895,-3.046744014328951
2007-07-17,5.409830136986302,4.885113877342649,-3.1879440143289504
2007-07-18,5.408572602739726,5.722986163960141,-4.165558766699867
2007-07-19,5.407372602739727,5.177009908252378,-3.791382510992105
2007-07-20,5.4060575342465755,4.636426206109771,-3.1324837403563466
2007-07-21,5.397463013698631,3.992448334666147,-2.4409113483647777
2007-07-22,5.391254794520549,3.6898545868614403,-0.7521093813819886
2007-07-23,5.387717808219179,3.6678314045642852,-2.296549212783464
2007-07-24,5.384893150684932,3.6802502313995507,0.609856617915518
2007-07-25,5.381819178082193,4.13114640280805,-2.9799655808902425
2007-07-26,5.3791534246575345,3.334073905442403,-2.502227330099937
2007-07-27,5.3773835616438355,2.991736286896565,-2.2281198485404006
2007-07-28,5.37488493150685,2.9441608039320406,-2.3190457354388907
2007-07-29,5.372641095890412,2.334894699260457,-2.125535795150869
2007-07-30,5.371076712328767,2.31483779725835,-1.587914509587117
2007-07-31,5.369424657534246,3.7990474916735235,-3.6334721492077695
2007-08-01,5.367824657534246,2.364048826411844,-1.9978734839460905
2007-08-02,5.366394520547946,2.5136675829977237,-1.0340621035456694
2007-08-03,5.3648493150684935,2.921965159393931,-2.120814474462424
2007-08-04,5.362942465753425,1.7372281730925607,-1.4351706388459853
2007-08-05,5.361158904109589,1.9569758373004993,-1.677134741410088
2007-08-06,5.359887671232876,1.5063648783963894,-1.0852525496292658
2007-08-07,5.3586986301369866,1.8695638949049949,-1.2122625250419814
2007-08-08,5.357427397260275,2.6149441548277204,7.070628447912005
2007-08-09,5.356164383561644,1.9049685313644256,7.60486708507393
2007-08-10,5.355,2.6122580290813207,0.05674197091867805
2007-08-11,5.353367123287672,1.7342658267630913,-0.2486329500507629
2007-08-12,5.351852054794521,0.9894446816981107,-0.03229673649263154
2007-08-13,5.350621917808219,0.9020908355442644,0.4182872466475168
2007-08-14,5.349112328767124,0.886244822196881,0.4926428490359951
2007-08-15,5.3476410958904115,1.259361506425894,0.1619973976836946
2007-08-16,5.346350684931506,1.1944667400051003,1.187182575063393
2007-08-17,5.344868493150685,0.6013667048804077,0.7787648019689073
2007-08-18,5.343252054794521,0.7922628060395225,0.10748513916595726
2007-08-19,5.341783561643836,2.2287738703177107,-1.2875574319615462
2007-08-20,5.340512328767123,3.354036954265726,-2.417549283032849
2007-08-21,5.338986301369863,1.2482092057585252,0.9378044928716125
2007-08-22,5.337567123287671,0.9993504772723991,1.4800823994399304
2007-08-23,5.335945205479452,0.7687433820844819,1.6653114124360657
2007-08-24,5.334687671232876,0.259629297082726,0.9316830316843977
2007-08-25,5.333567123287671,0.1009574319615455,0.5234754447507836
2007-08-26,5.333,0.6401830027378013,-0.0811830027378011
2007-08-27,5.332961643835617,0.5913782257796,0.24566013038478307
2007-08-28,5.332723287671232,0.525896525744475,1.9063801865842924
2007-08-29,5.33257808219178,0.17609575300123667,5.038326164806984
2007-08-30,5.331389041095891,-0.153389038006842,6.468999996910951
2007-08-31,5.330408219178082,0.35586252504198124,1.9997292557799367
2007-09-01,5.33013698630137,-0.03891422241147837,1.2887772361101086
2007-09-02,5.329668493150685,-0.7042099020742814,1.6855414089235967
2007-09-03,5.330098630136986,-0.2398114475607586,1.2067128174237727
2007-09-04,5.330232876712329,-0.8398243734476568,1.8805914967353283
2007-09-05,5.329758904109589,-0.46818742227097965,0.6334285181613908
2007-09-06,5.327846575342466,-0.9488720025309024,0.6610254271884363
2007-09-07,5.3277095890410955,-0.7858629403601964,0.38815335131910067
2007-09-08,5.326498630136986,0.24485486785898164,-0.5653534979959676
2007-09-09,5.325364383561643,-0.014948433862128177,-0.32641594969951515
2007-09-10,5.324328767123287,0.8344826866155677,-1.2388114537388548
2007-09-11,5.323216438356164,0.8062904140479524,-1.377506852404117
2007-09-12,5.322605479452054,-0.6135197018635332,-0.0020857775885212426
2007-09-13,5.3216301369863,-0.8763186481227537,0.2356885111364534
2007-09-14,5.32051506849315,-0.5380771307360307,-0.2034379377571197
2007-09-15,5.318865753424657,-0.5926495929769859,-0.0812161604476711
2007-09-16,5.317860273972602,-0.42636782269247625,-0.465492451280126
2007-09-17,5.316410958904109,0.8555477375463716,-1.2499586964504812
2007-09-18,5.314197260273972,1.2257669858779492,0.3270357538480786
2007-09-19,5.312542465753424,2.25379157316281,-3.0513340389162344
2007-09-20,5.310999999999999,3.456872359955926,-4.598872359955926
2007-09-21,5.309717808219178,4.805581457251325,-5.908299265470503
2007-09-22,5.308534246575342,1.7907576427097018,-2.926291889285044
2007-09-23,5.30726301369863,-0.21786813881470982,-1.0653948748839197
2007-09-24,5.306175342465753,-0.5600064598544008,-0.612168882611352
2007-09-25,5.315030136986302,-0.13804741524604108,-0.6869827217402602
2007-09-26,5.313739726027397,0.7205788580240677,-1.3953185840514648
2007-09-27,5.31185205479452,-0.6241622729910359,-0.253689781803484
2007-09-28,5.310221917808218,-0.1704941310872775,-0.6917277867209403
2007-09-29,5.308134246575342,0.565321464276263,-1.2044557108516056
2007-09-30,5.306194520547945,-0.6838547914314995,0.3986602708835546
2007-10-01,5.304961643835616,-0.822216365017731,1.4042547211821141
2007-10-02,5.302567123287671,-1.115946537128725,1.8923794138410532
2007-10-03,5.299841095890411,-0.8068088483335015,1.3909677524430908
2007-10-04,5.296665753424657,-0.9873477313682752,5.976681977943618
2007-10-05,5.293506849315068,-0.5040292909046292,2.977522441589562
2007-10-06,5.289410958904109,0.06496818011749941,1.4456208609783912
2007-10-07,5.284123287671233,-0.6844379315790233,0.6633146439077905
2007-10-08,5.277610958904109,0.6683882714417001,-1.2799992303458088
2007-10-09,5.270394520547946,0.5542709549682197,-1.560665475516165
2007-10-10,5.262936986301369,0.40454169609923435,-1.5934786824006038
2007-10-11,5.254569863013698,0.8116482644167619,-2.18121812743046
2007-10-12,5.246805479452055,0.7429811060043977,-2.230786585456453
2007-10-13,5.236750684931506,1.1747488615365362,-2.7844995464680427
2007-10-14,5.223791780821918,0.6746058337880295,-2.453397614609947
2007-10-15,5.209934246575342,-0.5330746720075444,-1.2388595745677975
2007-10-16,5.19331506849315,-1.0708397580630418,-0.7964753104301081
2007-10-17,5.17558904109589,-1.631827956166308,-0.30076108492958187
2007-10-18,5.159391780821917,-1.5952414440482892,-0.24015033677362774
2007-10-19,5.143791780821918,-1.8444273941712255,-0.10536438665069214
2007-10-20,5.128808219178082,-1.8281763931174846,-0.3086318260605976
2007-10-21,5.114356164383562,-2.183875304252012,-0.08348086013154976
2007-10-22,5.102260273972602,-2.4297708434160445,0.32951056944344215
2007-10-23,5.088934246575342,-1.7278406010556653,-0.5060936455196772
2007-10-24,5.074802739726028,-0.927450365720225,-1.284352374005803
2007-10-25,5.062975342465753,-0.8294849986671863,-1.4024903437985672
2007-10-26,5.0522904109589035,-1.6844847176696447,-0.5308056932892586
2007-10-27,5.041657534246575,-2.101494482334204,-0.20916305191237106
2007-10-28,5.03652602739726,-2.365311623184222,0.02578559578696238
2007-10-29,5.034745205479451,-2.477579975836136,0.1628347703566848
2007-10-30,5.031717808219177,-2.345209550827355,-0.010508257391822262
2007-10-31,5.0284575342465745,-0.7437475908695045,-1.64770994337707
2007-11-01,5.023805479452054,-1.2823447106447066,-1.2794607688073476
2007-11-02,5.022432876712328,-1.3678422167915276,-1.1625906599208002
2007-11-03,5.0226273972602735,-1.9435487148596695,-0.5880786824006039
2007-11-04,5.0260849315068485,-2.3033020692678186,-0.27878286223903004
2007-11-05,5.036087671232876,-2.322721458098166,-0.27836621313470955
2007-11-06,5.0478,-1.7834255676872073,-1.0453744323127925
2007-11-07,5.058008219178081,-2.298801542397429,-0.5092066767806522
2007-11-08,5.067750684931506,-2.338684085425177,-0.4300665995063295
2007-11-09,5.0813999999999995,-2.533999505165254,-0.3354004948347451
2007-11-10,5.096147945205479,-2.2414702462962697,-0.5086776989092097
2007-11-11,5.112884931506849,-2.1839770253619526,-0.587907906144896
2007-11-12,5.124684931506849,-2.7666846474202593,-0.02100028408658927
2007-11-13,5.106868493150685,-2.588360516756403,-0.18550797639428174
2007-11-14,5.100090410958904,-1.9672856309116542,-0.8038047800472496
2007-11-15,5.104602739726026,-2.008954896805578,-0.770647842920448
2007-11-16,5.108438356164383,-2.6619219498438635,-0.1255164063205192
2007-11-17,5.113961643835616,-2.898953562067257,0.10199191823164133
2007-11-18,5.1203890410958905,-3.1399230035846433,0.3325339624887529
2007-11-19,5.121863013698629,-3.3360941310872776,0.5232311173886486
2007-11-20,5.118969863013698,-3.516784612295567,0.6768147492818692
2007-11-21,5.109704109589041,-3.5870806432052964,0.6423765336162557
2007-11-22,5.1024164383561645,-3.652757144785908,0.8963407064297435
2007-11-23,5.096597260273972,-3.6451825048140076,1.4285852445400353
2007-11-24,5.089649315068494,-3.515585806535117,1.0819364914666236
2007-11-25,5.085523287671233,-3.578732136004734,0.7962088483335013
2007-11-26,5.096076712328768,-3.5522589361452335,0.6291822238164659
2007-11-27,5.1231342465753436,-3.5584796597139023,0.5983454131385586
2007-11-28,5.276183561643835,-3.676716259643653,0.5445326979998182
2007-11-29,5.475375342465754,-3.859165434213376,0.5157900917476219
2007-11-30,5.583783561643836,-3.980515135653488,0.4977315740096522
2007-12-01,5.624676712328767,-3.959714152162093,0.37303743983332627
2007-12-02,5.660345205479452,-3.9901487851090556,0.32580357962960393
2007-12-03,5.696389041095891,-4.043876568740948,0.4394875276450567
2007-12-04,5.724898630136986,-4.1491310120145695,0.6842323818775835
2007-12-05,5.75626301369863,-4.226475655498939,0.5272126418003089
2007-12-06,5.771956164383562,-4.245750892590614,0.48579472820705183
2007-12-07,5.790342465753424,-4.240996695189842,0.7506542294364174
2007-12-08,5.806241095890411,-4.271360938252715,0.5931198423623041
2007-12-09,5.815838356164384,-4.170112114929919,0.3752737587655357
2007-12-10,5.828578082191782,-4.374036877838243,0.6154587956464614
2007-12-11,5.835750684931507,-4.4451302392713306,0.6933795543398236
2007-12-12,5.840589041095891,-4.427773442643302,0.5411844015474108
2007-12-13,5.848169863013699,-3.6821667689516966,-0.26000309406200284
2007-12-14,5.850739726027397,-4.134770773166659,0.191031047139262
2007-12-15,5.757704109589042,-4.235678395224966,0.18497428563592333
2007-12-16,5.732186301369864,-4.381357355534064,0.2871710541642001
2007-12-17,5.7232,-4.330535297227073,0.38833529722707283
2007-12-18,5.7182958904109595,-3.66584277878661,-0.25145311162434947
2007-12-19,5.716928767123289,-3.824306775976635,-0.08862199114665348
2007-12-20,5.720830136986302,-4.028131082263955,0.06830094527765329
2007-12-21,5.721909589041097,-4.030494131087277,0.14858454204618
2007-12-22,5.727520547945206,-3.891943867652082,-0.11757668029312374
2007-12-23,5.7435397260273975,-4.0024626593626556,-0.025077066664741743
2007-12-24,5.765901369863014,-3.9912474152460407,-0.1566539546169734
2007-12-25,5.77322191780822,-4.187782364315237,-0.03443955349298289
2007-12-26,5.784030136986302,-4.269164239973825,0.14513410298752305
2007-12-27,5.8090027397260275,-4.3168335058677485,0.12183076614172084
2007-12-28,5.826849315068493,-4.117749979348605,-0.10909933571988883
2007-12-29,5.840605479452055,-4.2888382828259495,0.028232803373894555
2007-12-30,5.860575342465754,-4.674010745066906,0.43343540260115176
2007-12-31,5.876235616438357,-4.671347450370734,0.43411183393237796
2008-01-01,5.879580821917808,-4.653324549071121,0.3237437271533121
2008-01-02,5.890013698630137,-4.797623249457492,0.48460955082735513
2008-01-03,5.91008493150685,-4.843358128277302,0.49527319677045245
2008-01-04,5.92661095890411,-4.928491883106948,0.5968809242028374
2008-01-05,5.937367123287672,-4.928287878891985,0.574920755604313
2008-01-06,5.948512328767124,-4.850736491466624,0.5242241626995003
2008-01-07,5.957906849315068,-4.290862237866343,0.07995538855127471
2008-01-08,5.954586301369863,-4.428815100528795,0.19322879915893232
2008-01-09,5.955926027397261,-4.6178294314034,0.3689034040061383
2008-01-10,5.960632876712329,-4.770564942467678,0.46493206575534973
2008-01-11,5.967172602739726,-4.872420509731464,0.5392479069917382
2008-01-12,5.984739726027398,-4.709624092450116,4.364884366422718
2008-01-13,6.010887671232878,-4.695508672710039,6.068621001477162
2008-01-14,6.027857534246576,-4.881104738744461,1.114247204497885
2008-01-15,6.035391780821919,-4.97155651254144,0.6071647317195215
2008-01-16,6.0417506849315075,-5.011596414192301,0.5898457292607935
2008-01-17,6.048569863013699,-4.949678746471893,0.5391088834581934
2008-01-18,6.054835616438357,-5.0033148546559465,0.5814792382175895
2008-01-19,6.059405479452056,-4.691527640044074,0.15812216059201845
2008-01-20,6.064589041095891,-4.555471791782747,-0.029117249313143745
2008-01-21,6.063449315068494,-4.608951595084467,0.15850228001597255
2008-01-22,6.064641095890412,-4.9558035796296025,0.4931624837391908
2008-01-23,6.057120547945205,-5.077918648122754,0.4657981001775493
2008-01-24,6.058235616438356,-4.920008778084116,0.37277316164576035
2008-01-25,6.05992602739726,-4.770048820233748,0.28812279283648756
2008-01-26,6.062550684931507,-4.9742438325273906,0.37169314759588357
2008-01-27,6.064208219178083,-5.0319649424676784,0.40875672328959567
2008-01-28,6.067553424657534,-5.040197397683695,0.5806439730261612
2008-01-29,6.070167123287671,-5.053829852899712,0.5946627296120406
2008-01-30,6.076413698630137,-5.10705057646838,0.5946368778382425
2008-01-31,6.082501369863014,-5.113554194311725,0.5680528244487109
2008-02-01,6.084695890410959,-5.094958549773614,0.5092626593626557
2008-02-02,6.097035616438356,-5.136538739446954,0.41250312300859804
2008-02-03,6.108073972602741,-5.106476217494022,0.40940224489128063
2008-02-04,6.11287397260274,-5.109231538884959,0.5293575662822185
2008-02-05,6.114671232876712,-5.143588546261145,0.6069173133844332
2008-02-06,6.118832876712329,-5.078912325678075,0.5120794489657454
2008-02-07,6.0989506849315065,-4.973080291958371,0.4321296070268641
2008-02-08,6.078517808219178,-4.87918517429065,0.3606673660714721
2008-02-09,6.0726876712328774,-5.180480643205296,0.5117929719724188
2008-02-10,6.069487671232877,-4.978482118442388,0.28599444720951084
2008-02-11,6.070446575342466,-4.998999083668942,0.3965525083264767
2008-02-12,6.0785616438356165,-5.13942612968229,0.5238644858466737
2008-02-13,6.12029589041096,-5.207620017985767,0.5413241275748071
2008-02-14,6.128095890410959,-5.142672845523527,0.44257695511256756
2008-02-15,6.134528767123287,-5.178863783352821,0.4583350162295332
2008-02-16,6.141342465753425,-5.177917594381974,0.3715751286285487
2008-02-17,6.144638356164384,-5.063111763682993,0.2434734075186098
2008-02-18,6.146723287671232,-5.087591285987172,0.3488679983159395
2008-02-19,6.150616438356165,-5.229912536426231,0.4692960980700658
2008-02-20,6.155846575342466,-5.2726325223763535,0.5327859470338883
2008-02-21,6.158430136986301,-5.268173372393916,0.553743235407615
2008-02-22,6.161243835616438,-5.256746396629954,0.5465025610135159
2008-02-23,6.166257534246575,-5.118069052056719,0.4128115178101446
2008-02-24,6.171769863013698,-5.222948504111514,0.6661786410978161
2008-02-25,6.17584109589041,-5.2823230738340285,0.8514819779436182
2008-02-26,6.179268493150685,-5.27592454907112,0.8906560559204353
2008-02-27,6.174715068493151,-5.284829150405858,0.9201140819127067
2008-02-28,6.162915068493151,-5.28737077316666,0.9524557046735094
2008-02-29,6.147391780821918,-5.306462729612041,0.9900709487901223
2008-03-01,6.142799999999999,-5.205065469338068,1.1202654693380687
2008-03-02,6.141668493150685,-5.193543375906385,1.3608748827557005
2008-03-03,6.144265753424658,-5.243241654796445,1.4629759013717871
2008-03-04,6.142095890410959,-5.084042568038454,1.1319466776274951
2008-03-05,6.1396493150684925,-5.229053807940105,1.0224044928716127
2008-03-06,6.149194520547946,-5.1583109909397535,0.8961164703918083
2008-03-07,6.164227397260275,-5.19122507594151,1.2439976786812355
2008-03-08,6.200013698630137,-5.205810534318749,0.8247968356886117
2008-03-09,6.339380821917808,-5.021683101933783,0.3693022800159751
2008-03-10,6.363827397260274,-5.183144640395321,0.5013172431350466
2008-03-11,6.380915068493151,-4.976675234002627,0.32776016550947684
2008-03-12,6.402073972602739,-5.064484858168416,0.576410885565676
2008-03-13,6.418901369863014,-5.0856064598544,0.5097050899913862
2008-03-14,6.438334246575343,-5.098743375906385,0.5624091293310425
2008-03-15,6.5102,-5.035867225572701,0.4236672255727001
2008-03-16,6.5494520547945205,-4.912216786514042,0.5077647317195222
2008-03-17,6.575342465753424,-4.818694131087277,0.3723516653338521
2008-03-18,6.594671232876712,-4.665782715562163,-0.006888517314548537
2008-03-19,6.607057534246575,-4.699931012014569,-0.06812652223200555
2008-03-20,6.623986301369863,-4.6509270780489915,-0.15105922332087118
2008-03-21,6.639427397260274,-4.63719191823164,-0.2472354790286344
2008-03-22,6.653063013698629,-4.551629150405859,-0.3354338632927707
2008-03-23,6.665010958904109,-4.468462799861426,-0.5755481590426825
2008-03-24,6.676142465753424,-4.547610042573052,-0.504532423180371
2008-03-25,6.6857205479452055,-4.395444043275546,3.0707234953303404
2008-03-26,6.693904109589041,-4.372053175695637,-0.6458509338934038
2008-03-27,6.701295890410959,-4.333039406816114,-0.765256483594845
2008-03-28,6.707964383561643,-4.334229220655244,-0.7137351629063993
2008-03-29,6.713528767123288,-4.34338201306831,-0.7811467540549772
2008-03-30,6.717863013698629,-4.30185043596961,-0.80301257772902
2008-03-31,6.7213232876712325,-4.169860551881096,-0.7604627357901359
2008-04-01,6.721342465753425,-3.9009337517405975,-0.9744087140128275
2008-04-02,6.720643835616439,-3.61181636501773,-1.206827470598709
2008-04-03,6.720109589041096,-3.636727499545303,-1.3433820894957926
2008-04-04,6.707547945205479,-3.6336877383932134,-1.281860206812266
2008-04-05,6.7016684931506845,-3.751478043978039,-1.204190449172645
2008-04-06,6.69785205479452,-3.692365785460302,-1.3004862693342183
2008-04-07,6.698380821917809,-3.5797138009151666,-1.471667021002642
2008-04-08,6.700164383561644,-3.537783347806631,-1.4943810357550125
2008-04-09,6.702742465753424,-3.6093682441887878,-1.369374221564636
2008-04-10,6.705484931506849,-3.589510428944671,-1.1039745025621772
2008-04-11,6.708449315068493,-3.46416206224288,-0.16028725282561274
2008-04-12,6.711320547945205,-3.311106284230938,-0.5762142637142675
2008-04-13,6.714279452054795,-3.244348433862128,-1.1249310181926662
2008-04-14,6.717816438356165,-2.975595852197218,-1.330220586158947
2008-04-15,6.721158904109589,-2.6407631159836598,-1.9153957881259291
2008-04-16,6.724550684931506,-2.581964380472596,-1.9605863044589098
2008-04-17,6.729178082191781,-2.3740142575361713,-2.171163824655609
2008-04-18,6.734964383561644,-1.708426972674914,-2.6765374108867306
2008-04-19,6.739279452054794,-1.4544225469636387,-2.522856905091156
2008-04-20,6.7436,-1.4598808539534525,-2.2297191460465475
2008-04-21,6.748019178082192,-1.2709152761522584,-1.5691039019299335
2008-04-22,6.751731506849315,-0.9407757608730171,-2.240955745976298
2008-04-23,6.755846575342465,-0.6231576365316049,-2.72868893881086
2008-04-24,6.760027397260274,0.02735209300826165,-2.553379490268535
2008-04-25,6.764172602739726,0.18785557035283496,-1.476028173092561
2008-04-26,6.767791780821918,0.6329583452035549,-1.8347501260254733
2008-04-27,6.771356164383562,1.3081709198435265,-1.8305270842270887
2008-04-28,6.775104109589041,2.3344008460816723,-2.260504955670713
2008-04-29,6.781684931506849,2.1017542707392063,-2.117439202246055
2008-04-30,6.788564383561644,3.1048546571108258,-3.437419040672469
2008-05-01,6.965257534246575,4.309413561220415,-5.496671095466991
2008-05-02,7.0450328767123285,4.10853291492607,-5.5755657916383985
2008-05-03,7.0552,3.0496698309780546,-3.897869830978055
2008-05-04,7.070928767123288,2.6788828973637235,-2.187811664487011
2008-05-05,7.099446575342466,2.8937458408129677,-0.0661924161554337
2008-05-06,7.12186301369863,3.498809065259754,-0.521672078958384
2008-05-07,7.172068493150686,4.160799862590277,-1.3008683557409633
2008-05-08,7.196586301369863,4.789499265470503,-1.135085566840365
2008-05-09,7.213501369863014,5.381327013977703,-0.764828383840717
2008-05-10,7.226868493150685,5.204383845730425,-0.4682523388811113
2008-05-11,7.238260273972603,5.530811032242544,-0.021071306215147523
2008-05-12,7.248441095890411,5.560187779696003,-0.6936288755864135
2008-05-13,7.257980821917808,6.052165299892701,-1.8011461218105094
2008-05-14,7.267232876712328,6.63473979936583,-2.6969726760781585
2008-05-15,7.275909589041096,6.534478120405521,-3.237387709446617
2008-05-16,7.283972602739726,6.515019110921855,-2.685991713661582
2008-05-17,7.291556164383561,5.188028664838258,1.1764151707781814
2008-05-18,7.298638356164384,4.778967196626105,-0.4486055527904895
2008-05-19,7.305720547945205,4.64032076178241,-2.0690413097276137
2008-05-20,7.312509589041095,5.6091405018596845,-3.39565009090078
2008-05-21,7.31905205479452,6.616472921951009,-5.761524976745529
2008-05-22,7.32558904109589,6.825103901929934,-5.395692943025823
2008-05-23,7.331476712328767,6.7739253279924565,-4.670402040321223
2008-05-24,7.336016438356165,7.400311348364778,-4.130327786720943
2008-05-25,7.340942465753425,7.336999722091508,-2.405942187844933
2008-05-26,7.346608219178082,8.26541018924992,1.4969815915720002
2008-05-27,7.352405479452054,8.43693396866685,6.8176605518810955
2008-05-28,7.358010958904109,9.658998808849498,48.1299902322464
2008-05-29,7.363712328767123,11.973274748435026,62.30201292279785
2008-05-30,7.368950684931507,10.39584756192291,31.32220175314559
2008-05-31,7.373986301369863,9.516288587563933,10.236725111066201
2008-06-01,7.379052054794521,8.904502356443455,7.017445588762023
2008-06-02,7.384345205479452,8.934643627957332,7.583011166563217
2008-06-03,7.388909589041095,10.530866178010019,3.641224232948886
2008-06-04,7.392849315068492,10.956606185034957,5.175544499896549
2008-06-05,7.397246575342465,10.505431826060596,2.0053215985969413
2008-06-06,7.401739726027397,10.47053172068652,4.994728553286084
2008-06-07,7.405487671232876,10.192893364522135,4.782618964244989
2008-06-08,7.409547945205479,10.779224239126984,0.5582278156675375
2008-06-09,7.413717808219178,12.416004850296636,-0.7937226585158133
2008-06-10,7.417402739726027,10.470772114083077,-0.9621748538091062
2008-06-11,7.421205479452054,11.096265826763092,-1.9964713062151453
2008-06-12,7.4260301369863,11.505619813415707,-2.1656499504020097
2008-06-13,7.430794520547945,11.663248264416762,-4.609042784964707
2008-06-14,7.434895890410958,12.145723642007207,-8.170619532418165
2008-06-15,7.439216438356164,11.588645384191963,-8.639861822548127
2008-06-16,7.444087671232876,11.291264140777843,-8.780351812010718
2008-06-17,7.448460273972602,12.035223606882514,-7.829683880855116
2008-06-18,7.452506849315068,13.100672711202852,-8.65017956051792
2008-06-19,7.456394520547946,12.883870041726212,-6.373264562274157
2008-06-20,7.460358904109588,11.686961506425893,-4.262320410535482
2008-06-21,7.464101369863013,11.324662033296283,-3.354763403159297
2008-06-22,7.467994520547945,10.540313807093263,-0.5283083276412075
2008-06-23,7.472194520547946,10.035217214188451,0.6325882652636032
2008-06-24,7.476471232876713,9.93424004523868,0.33828872188460757
2008-06-25,7.480558904109589,9.816529247908157,0.5059118479822544
2008-06-26,7.484271232876713,12.900007398593086,-1.5662786314697978
2008-06-27,7.488019178082192,10.913703699962952,-3.2927228780451436
2008-06-28,7.491221917808219,10.071884247908157,-4.192106165716376
2008-06-29,7.494490410958904,10.157063220510896,-1.9465536314698006
2008-06-30,7.498301369863013,12.014701165716376,-5.0140025355793885
2008-07-01,7.501665753424657,10.63415383694925,-4.962819590373908
2008-07-02,7.505260273972603,10.006386097223224,-4.287646371195827
2008-07-03,7.508684931506849,10.888141782154731,-0.7428267136615805
2008-07-04,7.511893150684932,9.105684795853362,-2.7475779465382946
2008-07-05,7.513887671232876,9.207311028730073,-5.6101986999629485
2008-07-06,7.515586301369863,7.952552655003343,-3.848138956373207
2008-07-07,7.516460273972602,7.925656764592385,-3.7371170385649872
2008-07-08,7.517369863013698,7.327076926165971,-5.03544678917967
2008-07-09,7.519449315068493,6.9038262061097715,-5.399275521178265
2008-07-10,7.522295890410959,6.26082683835424,-4.6761227287652
2008-07-11,7.525238356164383,5.884137410886731,-4.182375767051114
2008-07-12,7.5280136986301365,6.320840747732532,-0.6008544463626695
2008-07-13,7.519676712328767,7.43471879479962,1.9176044928716127
2008-07-14,7.506783561643836,6.324650933893403,-0.21543449553723892
2008-07-15,7.507980821917808,4.968738534876895,-2.393719356794703
2008-07-16,7.510430136986301,4.885113877342649,-2.967544014328949
2008-07-17,7.513087671232876,5.722986163960141,-3.781073835193017
2008-07-18,7.515717808219177,5.177009908252378,-3.6127277164715554
2008-07-19,7.517950684931506,4.636426206109771,-3.576376891041278
2008-07-20,7.52067397260274,3.992448334666147,-2.6721223072688876
2008-07-21,7.523709589041095,3.6898545868614403,-3.3005641759025353
2008-07-22,7.526364383561644,3.6678314045642852,-4.000195788125929
2008-07-23,7.529153424657534,3.6802502313995507,-4.2794036560570845
2008-07-24,7.532106849315069,4.13114640280805,-4.7232532521231185
2008-07-25,7.535200000000001,3.334073905442403,-4.041273905442403
2008-07-26,7.5381835616438355,2.991736286896565,-3.4309198485404004
2008-07-27,7.541183561643836,2.9441608039320406,-3.880344365575876
2008-07-28,7.544246575342466,2.334894699260457,-3.0761412746029233
2008-07-29,7.54658904109589,2.31483779725835,-2.8094268383542405
2008-07-30,7.5489643835616445,3.7990474916735235,-3.5330118752351676
2008-07-31,7.551315068493151,2.364048826411844,-1.9593638949049952
2008-08-01,7.5529095890410956,2.5136675829977237,-2.419577172038819
2008-08-02,7.554460273972603,2.921965159393931,0.19357456663346628
2008-08-03,7.556769863013699,1.7372281730925607,0.4000019638937413
2008-08-04,7.559487671232876,1.9569758373004993,-2.1234635085333755
2008-08-05,7.561983561643835,1.5063648783963894,-2.6313484400402243
2008-08-06,7.5643232876712325,1.8695638949049949,-1.8988871825762272
2008-08-07,7.566580821917808,2.6149441548277204,-2.3955249767455284
2008-08-08,7.569093150684932,1.9049685313644256,-2.066061682049357
2008-08-09,7.571575342465753,2.6122580290813207,-4.287833371547073
2008-08-10,7.574564383561643,1.7342658267630913,-3.6378302103247346
2008-08-11,7.577583561643836,0.9894446816981107,-1.9080282433419469
2008-08-12,7.580038356164383,0.9020908355442644,1.1508708082913515
2008-08-13,7.583345205479452,0.886244822196881,13.491409972323666
2008-08-14,7.586361643835616,1.259361506425894,0.7702768497384895
2008-08-15,7.589098630136986,1.1944667400051003,1.2924346298579141
2008-08-16,7.591983561643835,0.6013667048804077,1.0186497334757567
2008-08-17,7.595183561643836,0.7922628060395225,-0.9414463676833587
2008-08-18,7.598405479452055,2.2287738703177107,-2.7831793497697657
2008-08-19,7.601320547945205,3.354036954265726,-3.2573575022109305
2008-08-20,7.604731506849315,1.2482092057585252,0.5810592873921594
2008-08-21,7.608054794520547,0.9993504772723991,0.15259472820705344
2008-08-22,7.61112602739726,0.7687433820844819,0.4171305905182586
2008-08-23,7.613506849315067,0.259629297082726,0.4828638536022066
2008-08-24,7.615865753424657,0.1009574319615455,0.25317681461379704
2008-08-25,7.617572602739726,0.6401830027378013,-0.8797556054775268
2008-08-26,7.618813698630136,0.5913782257796,-0.789191924409736
2008-08-27,7.620008219178081,0.525896525744475,-2.0429047449225566
2008-08-28,7.620950684931506,0.17609575300123667,-1.5570464379327422
2008-08-29,7.621816438356164,-0.153389038006842,-1.487427400349322
2008-08-30,7.622956164383561,0.35586252504198124,-1.9688186894255426
2008-08-31,7.623512328767122,-0.03891422241147837,-1.4175981063556435
2008-09-01,7.623356164383561,-0.7042099020742814,0.33985373769072047
2008-09-02,7.6229287671232875,-0.2398114475607586,-1.878117319562529
2008-09-03,7.6229506849315065,-0.8398243734476568,-1.3051263114838498
2008-09-04,7.624134246575341,-0.46818742227097965,1.8230531756956376
2008-09-05,7.625019178082191,-0.9488720025309024,3.850852824448711
2008-09-06,7.625509589041095,-0.7858629403601964,11.152353351319103
2008-09-07,7.626556164383561,0.24485486785898164,48.00358896775746
2008-09-08,7.627934246575341,-0.014948433862128177,6.294014187286787
2008-09-09,7.62938904109589,0.8344826866155677,2.6931282722885426
2008-09-10,7.630920547945205,0.8062904140479524,4.037789038006842
2008-09-11,7.631613698630137,-0.6135197018635332,3.830906003233397
2008-09-12,7.632553424657534,-0.8763186481227537,5.0177652234652195
2008-09-13,7.633369863013698,-0.5380771307360307,23.714707267722332
2008-09-14,7.63406301369863,-0.5926495929769859,11.930586579278359
2008-09-15,7.6343068493150685,-0.42636782269247625,6.668060973377407
2008-09-16,7.634649315068493,0.8555477375463716,3.486802947385136
2008-09-17,7.635706849315069,1.2257669858779492,2.526526164806982
2008-09-18,7.636917808219177,2.25379157316281,0.8032906186180133
2008-09-19,7.638112328767123,3.456872359955926,-1.2899846887230497
2008-09-20,7.639446575342466,4.805581457251325,-3.2610280325937913
2008-09-21,7.640778082191781,1.7907576427097018,-0.8975357249014817
2008-09-22,7.642624657534246,-0.21786813881470982,0.6622434812804633
2008-09-23,7.64571506849315,-0.5600064598544008,0.5442913913612508
2008-09-24,7.637980821917807,-0.13804741524604108,-0.022933406671765966
2008-09-25,7.642358904109589,0.7205788580240677,-1.0259377621336567
2008-09-26,7.644334246575342,-0.6241622729910359,-0.1521719735843059
2008-09-27,7.646249315068493,-0.1704941310872775,-0.9967551839812155
2008-09-28,7.648312328767123,0.565321464276263,-1.9626337930433853
2008-09-29,7.650208219178081,-0.6838547914314995,-0.6823534277465818
2008-09-30,7.651830136986301,-0.822216365017731,-0.9356137719685698
2008-10-01,7.655079452054794,-1.115946537128725,-0.7151329149260695
2008-10-02,7.660515068493151,-0.8068088483335015,-1.1647062201596494
2008-10-03,7.668413698630136,-0.9873477313682752,-0.9800659672618612
2008-10-04,7.675635616438356,-0.5040292909046292,-1.5506063255337263
2008-10-05,7.682884931506848,0.06496818011749941,-2.3408531116243476
2008-10-06,7.690980821917808,-0.6844379315790233,-1.5505428903387846
2008-10-07,7.699465753424657,0.6683882714417001,-3.0508540248663567
2008-10-08,7.7081178082191775,0.5542709549682197,-3.0573887631873973
2008-10-09,7.717679452054794,0.40454169609923435,-3.047221148154028
2008-10-10,7.727413698630136,0.8116482644167619,-3.5720619630468984
2008-10-11,7.735380821917808,0.7429811060043977,-3.671361927922205
2008-10-12,7.74485205479452,1.1747488615365362,-4.2126009163310565
2008-10-13,7.756128767123286,0.6746058337880295,-3.694734600911316
2008-10-14,7.768613698630135,-0.5330746720075444,-2.5775390266225906
2008-10-15,7.7837205479452045,-1.0708397580630418,-2.1488807898821625
2008-10-16,7.800476712328766,-1.631827956166308,-1.236648756162458
2008-10-17,7.814210958904109,-1.5952414440482892,-0.78296951485582
2008-10-18,7.825728767123287,-1.8444273941712255,-1.2123013729520618
2008-10-19,7.836268493150684,-1.8281763931174846,-1.4390921000331998
2008-10-20,7.847136986301369,-2.183875304252012,-1.2032616820493574
2008-10-21,7.857142465753424,-2.4297708434160445,-1.0703716223373791
2008-10-22,7.872309589041095,-1.7278406010556653,-1.787468987985429
2008-10-23,7.890939726027397,-0.927450365720225,-2.5744893603071715
2008-10-24,7.903846575342465,-0.8294849986671863,-2.7303615766752785
2008-10-25,7.911706849315067,-1.6844847176696447,-2.0692221316454216
2008-10-26,7.918339726027396,-2.101494482334204,-1.784845243693192
2008-10-27,7.930446575342465,-2.365311623184222,-1.5001349521582426
2008-10-28,7.945832876712328,-2.477579975836136,-0.3462529008761921
2008-10-29,7.950720547945204,-2.345209550827355,-0.4185109971178491
2008-10-30,7.952317808219178,-0.7437475908695045,59.92142978265032
2008-10-31,7.955257534246574,-1.2823447106447066,24.907087176398132
2008-11-01,7.961068493150684,-1.3678422167915276,-0.39022627635915597
2008-11-02,7.968654794520547,-1.9435487148596695,2.206893920339122
2008-11-03,7.975024657534245,-2.3033020692678186,7.181277411733573
2008-11-04,7.972295890410958,-2.322721458098166,4.967425567687209
2008-11-05,7.969427397260273,-1.7834255676872073,14.357998170426935
2008-11-06,7.970345205479451,-2.298801542397429,5.527456336917977
2008-11-07,7.9798986301369865,-2.338684085425177,2.831785455288191
2008-11-08,7.9950904109589045,-2.533999505165254,1.6299090942063499
2008-11-09,8.014109589041096,-2.2414702462962697,0.731360657255173
2008-11-10,8.030117808219178,-2.1839770253619526,0.21085921714277545
2008-11-11,8.046712328767123,-2.7666846474202593,0.5389723186531361
2008-11-12,8.070599999999999,-2.588360516756403,0.2277605167564043
2008-11-13,8.094624657534247,-1.9672856309116542,-0.6313390266225924
2008-11-14,8.115391780821916,-2.008954896805578,-0.8384368840163385
2008-11-15,8.132764383561643,-2.6619219498438635,-0.3818424337177788
2008-11-16,8.143569863013699,-2.898953562067257,-0.342616300946442
2008-11-17,8.15772602739726,-3.1399230035846433,-0.11980302381261687
2008-11-18,8.17925479452055,-3.3360941310872776,-0.05616066343327164
2008-11-19,8.206150684931508,-3.516784612295567,-0.022366072635941148
2008-11-20,8.24701095890411,-3.5870806432052964,-0.10893031569881284
2008-11-21,8.306279452054795,-3.652757144785908,-0.15852230726888727
2008-11-22,8.362219178082192,-3.6451825048140076,-0.18003667326818462
2008-11-23,8.428687671232876,-3.515585806535117,-0.4591018646977587
2008-11-24,8.500660273972603,-3.578732136004734,-0.5509281379678681
2008-11-25,8.557873972602739,-3.5522589361452335,-0.7166150364575055
2008-11-26,8.577827397260274,-3.5584796597139023,-0.8103477375463717
2008-11-27,8.454545205479452,-3.676716259643653,-0.5528289458357989
2008-11-28,8.284799999999999,-3.859165434213376,-0.38163456578662336
2008-11-29,8.199175342465754,-3.980515135653488,-0.2796602068122658
2008-11-30,8.167953424657533,-3.959714152162093,-0.3212392724954394
2008-12-01,8.14647397260274,-3.9901487851090556,-0.22832518749368447
2008-12-02,8.126208219178082,-4.043876568740948,-0.3243316504371343
2008-12-03,8.117010958904109,-4.1491310120145695,-0.26987994688953876
2008-12-04,8.100904109589042,-4.226475655498939,-0.21242845409010247
2008-12-05,8.093454794520547,-4.245750892590614,-0.19570390192993248
2008-12-06,8.122213698630137,-4.240996695189842,-0.21321700344029537
2008-12-07,8.117238356164384,-4.271360938252715,-0.23587741791166916
2008-12-08,8.114586301369863,-4.170112114929919,-0.4014741864399438
2008-12-09,8.121890410958905,-4.374036877838243,-0.33285353312066146
2008-12-10,8.127090410958905,-4.4451302392713306,-0.20996017168757497
2008-12-11,8.13725479452055,-4.427773442643302,0.005518648122752268
2008-12-12,8.142493150684931,-3.6821667689516966,-0.815326381733235
2008-12-13,8.15425205479452,-4.134770773166659,-0.6154812816278614
2008-12-14,8.18094794520548,-4.235678395224966,-0.6612695499805143
2008-12-15,8.238498630136988,-4.381357355534064,-0.4411412746029235
2008-12-16,8.325021917808218,-4.330535297227073,-0.6174866205811451
2008-12-17,8.374923287671233,-3.66584277878661,-1.431080508884623
2008-12-18,8.420180821917807,-3.824306775976635,-1.3728740459411721
2008-12-19,8.464704109589041,-4.028131082263955,-1.228573027325086
2008-12-20,8.498213698630138,-4.030494131087277,-1.2617195675428619
2008-12-21,8.503879452054797,-3.891943867652082,-1.4729355844027152
2008-12-22,8.497430136986303,-4.0024626593626556,-1.2459674776236467
2008-12-23,8.48504383561644,-3.9912474152460407,-1.3147964203703983
2008-12-24,8.473112328767122,-4.187782364315237,-1.2423299644518853
2008-12-25,8.466093150684932,-4.269164239973825,-1.1819289107111066
2008-12-26,8.460208219178082,-4.3168335058677485,-1.161374713310333
2008-12-27,8.463660273972604,-4.117749979348605,-1.5769102946239988
2008-12-28,8.4754,-4.2888382828259495,-1.4135617171740513
2008-12-29,8.485263013698631,-4.674010745066906,-0.8002522686317253
2008-12-30,8.499454794520549,-4.671347450370734,-0.9611073441498146
2008-12-31,8.523167123287672,-4.653324549071121,-1.0078425742165518
2009-01-01,8.550232876712329,-4.797623249457492,-0.9256096272548371
2009-01-02,8.564101369863014,-4.843358128277302,-0.9877432415857115
2009-01-03,8.587539726027398,-4.928491883106948,-1.3360478429204496
2009-01-04,8.615205479452055,-4.928287878891985,-1.4829176005600688
2009-01-05,8.636200000000002,-4.850736491466624,-1.8444635085333783
2009-01-06,8.649123287671234,-4.290862237866343,-2.27926104980489
2009-01-07,8.663123287671233,-4.428815100528795,-1.7563081871424382
2009-01-08,8.674506849315069,-4.6178294314034,-1.310677417911669
2009-01-09,8.685131506849316,-4.770564942467678,-1.185566564381638
2009-01-10,8.693079452054796,-4.872420509731464,-1.173658942323332
2009-01-11,8.689750684931507,-4.709624092450116,-1.3831265924813918
2009-01-12,8.683183561643837,-4.695508672710039,-1.309674888933798
2009-01-13,8.691402739726026,-4.881104738744461,-1.112298000981565
2009-01-14,8.712734246575343,-4.97155651254144,-1.176177734033903
2009-01-15,8.73121095890411,-5.011596414192301,-1.12961454471181
2009-01-16,8.785575342465753,-4.949678746471893,-1.2378965959938606
2009-01-17,8.83485205479452,-5.0033148546559465,-1.3835372001385737
2009-01-18,8.850391780821917,-4.691527640044074,-1.6388641407778435
2009-01-19,8.861254794520548,-4.555471791782747,-1.717783002737801
2009-01-20,8.877879452054795,-4.608951595084467,-1.6869278569703283
2009-01-21,8.897290410958906,-4.9558035796296025,-1.3214868313293033
2009-01-22,8.916550684931508,-5.077918648122754,-1.3156320368087542
2009-01-23,8.934986301369863,-4.920008778084116,-1.3749775232857457
2009-01-24,8.94934794520548,-4.770048820233748,-1.5122991249717321
2009-01-25,8.95862191780822,-4.9742438325273906,-1.4293780852808293
2009-01-26,8.96985205479452,-5.0319649424676784,-1.3788871123268418
2009-01-27,8.988912328767125,-5.040197397683695,-1.4857149310834297
2009-01-28,9.001153424657534,-5.053829852899712,-1.4693235717578226
2009-01-29,9.010997260273973,-5.10705057646838,-1.4819466838055924
2009-01-30,9.019134246575343,-5.113554194311725,-1.7865800522636182
2009-01-31,9.028512328767125,-5.094958549773614,-1.868553778993511
2009-02-01,9.04004109589041,-5.136538739446954,-1.6875023564434564
2009-02-02,9.047942465753424,-5.106476217494022,-1.538466248259402
2009-02-03,9.058334246575342,-5.109231538884959,-1.5051027076903827
2009-02-04,9.067627397260274,-5.143588546261145,-1.492038850999129
2009-02-05,9.073049315068493,-5.078912325678075,-1.6181369893904192
2009-02-06,9.077572602739727,-4.973080291958371,-1.6294923107813561
2009-02-07,9.082871232876712,-4.87918517429065,-1.7376860585860623
2009-02-08,9.091304109589041,-5.180480643205296,-1.4158234663837446
2009-02-09,9.104580821917807,-4.978482118442388,-1.647098703475419
2009-02-10,9.115235616438355,-4.998999083668942,-1.7522365327694125
2009-02-11,9.113202739726027,-5.13942612968229,-1.3037766100437373
2009-02-12,9.075975342465753,-5.207620017985767,-1.3133553244799865
2009-02-13,9.071909589041097,-5.142672845523527,-1.50223674351757
2009-02-14,9.065849315068494,-5.178863783352821,-1.4199855317156729
2009-02-15,9.061643835616438,-5.177917594381974,-1.3807262412344645
2009-02-16,9.061353424657534,-5.063111763682993,-1.4972416609745416
2009-02-17,9.062219178082191,-5.087591285987172,-1.5026278920950196
2009-02-18,9.061523287671232,-5.229912536426231,-1.196610751245001
2009-02-19,9.056139726027396,-5.2726325223763535,-1.1545072036510433
2009-02-20,9.05494794520548,-5.268173372393916,-1.2217745728115652
2009-02-21,9.052761643835616,-5.256746396629954,-1.4760152472056616
2009-02-22,9.050635616438356,-5.118069052056719,-1.610566564381637
2009-02-23,9.050846575342465,-5.222948504111514,-1.5898980712309516
2009-02-24,9.054380821917809,-5.2823230738340285,-1.5740577480837796
2009-02-25,9.061375342465753,-5.27592454907112,-1.555450793394633
2009-02-26,9.065621917808219,-5.284829150405858,-1.6267927674023612
2009-02-27,9.069506849315069,-5.28737077316666,-1.6381360761484087
2009-02-28,9.072616438356164,-5.306462729612041,-1.5191537087441231
2009-03-01,9.073315068493152,-5.205065469338068,-1.6072495991550833
2009-03-02,9.07321095890411,-5.193543375906385,-1.6276675829977245
2009-03-03,9.07089589041096,-5.243241654796445,-1.6196542356145143
2009-03-04,9.07731506849315,-5.084042568038454,-1.7952725004546952
2009-03-05,9.083876712328767,-5.229053807940105,-1.489822904388661
2009-03-06,9.077736986301371,-5.1583109909397535,-1.7094259953616175
2009-03-07,9.064126027397261,-5.19122507594151,-1.4769009514557512
2009-03-08,9.02879178082192,-5.205810534318749,-1.6219812465031698
2009-03-09,8.889054794520547,-5.021683101933783,-1.6773716925867648
2009-03-10,8.864183561643836,-5.183144640395321,-1.4680389212485148
2009-03-11,8.846802739726026,-4.976675234002627,-1.5791275057233989
2009-03-12,8.825312328767122,-5.064484858168416,-1.5938274705987068
2009-03-13,8.808487671232879,-5.0856064598544,-1.5368812113784784
2009-03-14,8.788926027397261,-5.098743375906385,-1.4901826514908763
2009-03-15,8.716704109589042,-5.035867225572701,-1.5298368840163414
2009-03-16,8.67695890410959,-4.912216786514042,-1.5307421175955476
2009-03-17,8.654591780821917,-4.818694131087277,-1.5818976497346409
2009-03-18,8.651961643835616,-4.665782715562163,-1.6781789282734527
2009-03-19,8.641865753424657,-4.699931012014569,-1.6609347414100872
2009-03-20,8.629920547945206,-4.6509270780489915,-1.7209934698962144
2009-03-21,8.619712328767124,-4.63719191823164,-1.740520410535484
2009-03-22,8.609857534246576,-4.551629150405859,-1.8062283838407174
2009-03-23,8.600394520547944,-4.468462799861426,-1.8369317206865183
2009-03-24,8.591536986301369,-4.547610042573052,-1.291926943728317
2009-03-25,8.583306849315068,-4.395444043275546,-1.649862806039522
2009-03-26,8.575120547945206,-4.372053175695637,-0.9290673722495688
2009-03-27,8.567287671232878,-4.333039406816114,-1.9102482644167633
2009-03-28,8.560580821917808,-4.334229220655244,-1.8673516012625644
2009-03-29,8.55478904109589,-4.34338201306831,-1.86940702802758
2009-03-30,8.548871232876712,-4.30185043596961,-1.9420207969071024
2009-03-31,8.54254520547945,-4.169860551881096,-1.9896846535983546
2009-04-01,8.537073972602741,-3.9009337517405975,-1.6041402208621434
2009-04-02,8.531786301369863,-3.61181636501773,-1.0339699363521326
2009-04-03,8.526416438356165,-3.636727499545303,-0.26668893881086175
2009-04-04,8.5206,-3.6336877383932134,-0.45891226160678666
2009-04-05,8.514775342465754,-3.751478043978039,-0.3712972984877143
2009-04-06,8.509479452054794,-3.692365785460302,-0.15711366659449233
2009-04-07,8.505361643835617,-3.5797138009151666,-0.18164784292045022
2009-04-08,8.501786301369863,-3.537783347806631,-0.13800295356323256
2009-04-09,8.498435616438357,-3.6093682441887878,0.3249326277504312
2009-04-10,8.498276712328767,-3.589510428944671,0.6562337166159042
2009-04-11,8.496339726027397,-3.46416206224288,0.959822336215483
2009-04-12,8.493060273972603,-3.311106284230938,1.099046010258335
2009-04-13,8.490945205479452,-3.244348433862128,1.2144032283826762
2009-04-14,8.488131506849314,-2.975595852197218,1.4564643453479045
2009-04-15,8.485093150684932,-2.6407631159836598,1.834669965298728
2009-04-16,8.481832876712328,-2.581964380472596,2.3981315037602675
2009-04-17,8.477260273972604,-2.3740142575361713,1.0937539835635675
2009-04-18,8.471216438356164,-1.708426972674914,-0.20878946568124968
2009-04-19,8.46685205479452,-1.4544225469636387,-0.4034295078308816
2009-04-20,8.463038356164384,-1.4598808539534525,0.0178424977890681
2009-04-21,8.459769863013697,-1.2709152761522584,0.37114541313856053
2009-04-22,8.45718904109589,-0.9407757608730171,1.589586719777126
2009-04-23,8.458484931506849,-0.6231576365316049,2.368672705024757
2009-04-24,8.45658082191781,0.02735209300826165,0.4610670850739295
2009-04-25,8.454183561643838,0.18785557035283496,-0.297039131996672
2009-04-26,8.452419178082192,0.6329583452035549,-1.0983775232857464
2009-04-27,8.451306849315069,1.3081709198435265,0.908522230841404
2009-04-28,8.449819178082192,2.3344008460816723,1.6807799758361353
2009-04-29,8.4449397260274,2.1017542707392063,-1.9966939967666053
2009-04-30,8.439013698630138,3.1048546571108258,-4.504868355740964
2009-05-01,8.26313698630137,4.309413561220415,-5.721550547521786
2009-05-02,8.184657534246575,4.10853291492607,-4.594190449172646
2009-05-03,8.176049315068493,3.0496698309780546,-2.2497191460465467
2009-05-04,8.162224657534246,2.6788828973637235,-0.954107554897969
2009-05-05,8.135287671232877,2.8937458408129677,-2.0980335120458458
2009-05-06,8.1149698630137,3.498809065259754,-2.5617789282734544
2009-05-07,8.067194520547947,4.160799862590277,-1.8609943831382232
2009-05-08,8.044556164383563,4.789499265470503,1.5039445701459337
2009-05-09,8.02878904109589,5.381327013977703,3.964883944926406
2009-05-10,8.016663013698631,5.204383845730425,5.683953140570945
2009-05-11,8.00638904109589,5.530811032242544,5.053799926661568
2009-05-12,7.997115068493151,5.560187779696003,4.614697151810846
2009-05-13,7.988539726027398,6.052165299892701,6.187294974079903
2009-05-14,7.980123287671234,6.63473979936583,5.359136912962937
2009-05-15,7.972435616438357,6.534478120405521,3.6460862631561204
2009-05-16,7.966263013698631,6.515019110921855,2.972717875379514
2009-05-17,7.960526027397261,5.188028664838258,4.451445307764482
2009-05-18,7.956443835616438,4.778967196626105,4.060588967757456
2009-05-19,7.952326027397261,4.64032076178241,5.142353210820329
2009-05-20,7.95082191780822,5.6091405018596845,5.7830375803320955
2009-05-21,7.947715068493151,6.616472921951009,8.52381200955584
2009-05-22,7.944304109589041,6.825103901929934,15.618591988481027
2009-05-23,7.940542465753424,6.7739253279924565,15.138532206254121
2009-05-24,7.93638904109589,7.400311348364778,19.53029961053933
2009-05-25,7.932172602739726,7.336999722091508,23.272827675168767
2009-05-26,7.928542465753425,8.26541018924992,21.798047344996654
2009-05-27,7.924550684931507,8.43693396866685,13.528515346401644
2009-05-28,7.9206082191780816,9.658998808849498,2.5693929719724213
2009-05-29,7.916520547945206,11.973274748435026,-0.2077952963802332
2009-05-30,7.9124630136986305,10.39584756192291,-0.47431057562154066
2009-05-31,7.908652054794521,9.516288587563933,-1.693940642358454
2009-06-01,7.905030136986301,8.904502356443455,-1.3485324934297562
2009-06-02,7.901698630136986,8.934643627957332,-0.3313422580943186
2009-06-03,7.899158904109589,10.530866178010019,-0.22602508211960703
2009-06-04,7.897019178082192,10.956606185034957,-1.207625363117149
2009-06-05,7.894969863013699,10.505431826060596,-1.211401689074295
2009-06-06,7.892698630136986,10.47053172068652,15.00076964917649
2009-06-07,7.890043835616439,10.192893364522135,2.4820627998614277
2009-06-08,7.887323287671233,10.779224239126984,-0.8875475267982171
2009-06-09,7.88453698630137,12.416004850296636,1.4014581634019958
2009-06-10,7.881761643835617,10.470772114083077,0.4714662420813074
2009-06-11,7.878887671232876,11.096265826763092,1.255846502004033
2009-06-12,7.874983561643836,11.505619813415707,-0.7026033750595424
2009-06-13,7.8714876712328765,11.663248264416762,-0.757735935649638
2009-06-14,7.868802739726028,12.145723642007207,1.1394736182667646
2009-06-15,7.865975342465753,11.588645384191963,11.939379273342283
2009-06-16,7.8624465753424655,11.291264140777843,22.382289283879693
2009-06-17,7.858816438356165,12.035223606882514,9.97395995476132
2009-06-18,7.855756164383561,13.100672711202852,7.465571124413588
2009-06-19,7.8526493150684935,12.883870041726212,9.481480643205295
2009-06-20,7.850082191780822,11.686961506425893,7.578956301793285
2009-06-21,7.847602739726028,11.324662033296283,-1.6702647730223124
2009-06-22,7.845432876712328,10.540313807093263,-3.2597466838055915
2009-06-23,7.842772602739726,10.035217214188451,-4.258989816928177
2009-06-24,7.840323287671232,9.93424004523868,-4.380563332909912
2009-06-25,7.838608219178082,9.816529247908157,-2.414137467086239
2009-06-26,7.837912328767123,12.900007398593086,-4.0679197273602075
2009-06-27,7.8365178082191775,10.913703699962952,-2.3812215081821293
2009-06-28,7.835553424657534,10.071884247908157,-0.2514376725656913
2009-06-29,7.8344136986301365,10.157063220510896,1.3135230808589675
2009-06-30,7.832531506849316,12.014701165716376,-0.16823267256569352
2009-07-01,7.830945205479452,10.63415383694925,3.3629009575712967
2009-07-02,7.829315068493151,10.006386097223224,5.2672988342836256
2009-07-03,7.826509589041096,10.888141782154731,4.001348628804175
2009-07-04,7.824487671232877,9.105684795853362,5.494827532913762
2009-07-05,7.823068493150686,9.207311028730073,4.178620478119241
2009-07-06,7.822602739726028,7.952552655003343,3.5078446052706305
2009-07-07,7.822317808219179,7.925656764592385,0.6740254271884369
2009-07-08,7.821331506849315,7.327076926165971,-0.22940843301528613
2009-07-09,7.819131506849315,6.9038262061097715,-1.5439577129590862
2009-07-10,7.816265753424657,6.26082683835424,-1.092092591778898
2009-07-11,7.81346301369863,5.884137410886731,-1.569600424585361
2009-07-12,7.810893150684932,6.320840747732532,-2.098733898417465
2009-07-13,7.808408219178083,7.43471879479962,-0.7681270139777032
2009-07-14,7.805619178082192,6.324650933893403,2.4857298880244043
2009-07-15,7.8028082191780825,4.968738534876895,5.097453245945022
2009-07-16,7.800246575342467,4.885113877342649,3.4866395473148852
2009-07-17,7.797682191780822,5.722986163960141,15.777331644259036
2009-07-18,7.795139726027397,5.177009908252378,14.093850365720224
2009-07-19,7.792887671232876,4.636426206109771,1.820686122657353
2009-07-20,7.790298630136986,3.992448334666147,1.0232530351968663
2009-07-21,7.787597260273973,3.6898545868614403,2.5035481528645867
2009-07-22,7.784846575342466,3.6678314045642852,2.8263220200932486
2009-07-23,7.781986301369863,3.6802502313995507,2.497763467230587
2009-07-24,7.77966301369863,4.13114640280805,1.7581905834933202
2009-07-25,7.776991780821918,3.334073905442403,0.9589343137356794
2009-07-26,7.774446575342465,2.991736286896565,-0.28218286223903055
2009-07-27,7.772041095890411,2.9441608039320406,-0.012201899822450901
2009-07-28,7.769531506849315,2.334894699260457,3.6555737938902277
2009-07-29,7.767419178082192,2.31483779725835,1.4377430246594578
2009-07-30,7.765493150684931,3.7990474916735235,-0.15654064235845544
2009-07-31,7.76386301369863,2.364048826411844,0.7980881598895255
2009-08-01,7.76474794520548,2.5136675829977237,0.7915844717967966
2009-08-02,7.765731506849315,2.921965159393931,4.190303333756754
2009-08-03,7.765805479452055,1.7372281730925607,3.0749663474553834
2009-08-04,7.765087671232877,1.9569758373004993,1.463936491466624
2009-08-05,7.7632082191780825,1.5063648783963894,0.5594269024255287
2009-08-06,7.760931506849316,1.8695638949049949,-0.11649540175431117
2009-08-07,7.758791780821918,2.6149441548277204,-0.9367359356496388
2009-08-08,7.756364383561644,1.9049685313644256,-0.3193329149260693
2009-08-09,7.753827397260274,2.6122580290813207,-1.3920854263415943
2009-08-10,7.751452054794521,1.7342658267630913,1.0312821184423868
2009-08-11,7.749104109589041,0.9894446816981107,1.8094512087128485
2009-08-12,7.747027397260274,0.9020908355442644,0.24188176719546195
2009-08-13,7.747794520547945,0.886244822196881,-0.26103934274482676
2009-08-14,7.74513698630137,1.259361506425894,-0.8724984927272643
2009-08-15,7.742879452054795,1.1944667400051003,-1.0733461920598952
2009-08-16,7.740443835616439,0.6013667048804077,-0.6648105404968472
2009-08-17,7.737928767123288,0.7922628060395225,-1.1901915731628103
2009-08-18,7.735339726027397,2.2287738703177107,-2.6041135963451074
2009-08-19,7.732745205479452,3.354036954265726,-3.6427821597451775
2009-08-20,7.729734246575342,1.2482092057585252,-1.508943452333867
2009-08-21,7.726649315068492,0.9993504772723991,-0.4009997923408921
2009-08-22,7.723953424657534,0.7687433820844819,-0.4936968067420161
2009-08-23,7.721706849315068,0.259629297082726,-0.40133614639779414
2009-08-24,7.7194,0.1009574319615455,0.22664256803845484
2009-08-25,7.717465753424658,0.6401830027378013,0.3103512438375404
2009-08-26,7.715632876712329,0.5913782257796,1.6669888975080713
2009-08-27,7.713728767123287,0.525896525744475,-0.5866252928677627
2009-08-28,7.712145205479452,0.17609575300123667,-0.230240958480688
2009-08-29,7.710558904109589,-0.153389038006842,-0.4411698661027471
2009-08-30,7.708646575342466,0.35586252504198124,-1.7995091003844474
2009-08-31,7.706665753424657,-0.03891422241147837,-1.538751531013179
2009-09-01,7.704715068493151,-0.7042099020742814,-0.5865051664188698
2009-09-02,7.702852054794521,-0.2398114475607586,0.3849593927662375
2009-09-03,7.700915068493151,-0.8398243734476568,1.0119093049545063
2009-09-04,7.699013698630138,-0.46818742227097965,-0.49282627635915754
2009-09-05,7.697468493150685,-0.9488720025309024,-1.189596490619783
2009-09-06,7.695186301369863,-0.7858629403601964,-1.8143233610096667
2009-09-07,7.69328493150685,0.24485486785898164,-3.067139799365831
2009-09-08,7.691345205479452,-0.014948433862128177,-2.8473967716173245
2009-09-09,7.689304109589042,0.8344826866155677,-3.7107867962046095
2009-09-10,7.686780821917809,0.8062904140479524,-3.8620712359657614
2009-09-11,7.684706849315069,-0.6135197018635332,-2.363187147451536
2009-09-12,7.682789041095891,-0.8763186481227537,-2.172470392973137
2009-09-13,7.6806904109589045,-0.5380771307360307,-2.693613280222874
2009-09-14,7.67855890410959,-0.5926495929769859,-2.620909311132604
2009-09-15,7.676134246575343,-0.42636782269247625,-1.5377664238828666
2009-09-16,7.673654794520548,0.8555477375463716,2.48779746793308
2009-09-17,7.671043835616438,1.2257669858779492,-1.1938108214943872
2009-09-18,7.668698630136986,2.25379157316281,-3.5884902032997967
2009-09-19,7.666747945205479,3.456872359955926,-5.044620305161406
2009-09-20,7.665613698630136,4.805581457251325,-6.884195155881462
2009-09-21,7.665416438356164,1.7907576427097018,-4.376174081065866
2009-09-22,7.665172602739726,-0.21786813881470982,-2.593304463925016
2009-09-23,7.6638,-0.5600064598544008,-2.477793540145599
2009-09-24,7.664619178082191,-0.13804741524604108,-3.03757176283615
2009-09-25,7.6677178082191775,0.7205788580240677,-3.9102966662432452
2009-09-26,7.669821917808219,-0.6241622729910359,-2.6256596448171834
2009-09-27,7.670413698630137,-0.1704941310872775,-3.134919567542859
2009-09-28,7.671098630136987,0.565321464276263,-4.145420094413249
2009-09-29,7.672682191780822,-0.6838547914314995,-3.0138274003493226
2009-09-30,7.6734684931506845,-0.822216365017731,-2.9542521281329535
2009-10-01,7.67193698630137,-1.115946537128725,-2.661990449172645
2009-10-02,7.667564383561643,-0.8068088483335015,-3.131755535228142
2009-10-03,7.66081095890411,-0.9873477313682752,-3.095463227535835
2009-10-04,7.654331506849315,-0.5040292909046292,-3.655302215944686
2009-10-05,7.6478602739726025,0.06496818011749941,-4.238828454090101
2009-10-06,7.640824657534246,-0.6844379315790233,-3.003386725955223
2009-10-07,7.634293150684932,0.6683882714417001,-4.2906814221266325
2009-10-08,7.628747945205479,0.5542709549682197,-4.201018900173699
2009-10-09,7.62434794520548,0.40454169609923435,-3.0118896413047143
2009-10-10,7.620632876712328,0.8116482644167619,-4.1722811411290905
2009-10-11,7.614824657534246,0.7429811060043977,-4.747805763538644
2009-10-12,7.606802739726027,1.1747488615365362,-4.846551601262563
2009-10-13,7.5975972602739725,0.6746058337880295,-4.563203094062002
2009-10-14,7.586619178082191,-0.5330746720075444,-3.5045445060746476
2009-10-15,7.573443835616438,-1.0708397580630418,-3.1286040775533968
2009-10-16,7.559016438356164,-1.631827956166308,-2.6641884821898563
2009-10-17,7.548772602739726,-1.5952414440482892,-2.7235311586914364
2009-10-18,7.54092602739726,-1.8444273941712255,-2.5204986332260346
2009-10-19,7.533635616438357,-1.8281763931174846,-2.5284592233208727
2009-10-20,7.52661095890411,-2.183875304252012,-2.075735654652098
2009-10-21,7.5196219178082195,-2.4297708434160445,-1.674851074392175
2009-10-22,7.509509589041096,-1.7278406010556653,-0.951668987985431
2009-10-23,7.499383561643835,-0.927450365720225,-2.8779331959236103
2009-10-24,7.496882191780822,-0.8294849986671863,-3.198397193113636
2009-10-25,7.49912602739726,-1.6844847176696447,-2.3006413097276157
2009-10-26,7.5012849315068495,-2.101494482334204,-1.7737904491726457
2009-10-27,7.494408219178082,-2.365311623184222,-1.60709659599386
2009-10-28,7.48392602739726,-2.477579975836136,-1.6653460515611238
2009-10-29,7.487728767123288,-2.345209550827355,-2.118519216295933
2009-10-30,7.498556164383562,-0.7437475908695045,-3.819808573514057
2009-10-31,7.514101369863013,-1.2823447106447066,-3.296756659218306
2009-11-01,7.523312328767123,-1.3678422167915276,-3.0944701119755953
2009-11-02,7.5225041095890415,-1.9435487148596695,-2.392955394729372
2009-11-03,7.5168191780821925,-2.3033020692678186,-2.192517108814374
2009-11-04,7.530276712328767,-2.322721458098166,-2.0065552542306007
2009-11-05,7.536950684931506,-1.7834255676872073,-2.647525117244299
2009-11-06,7.532139726027397,-2.298801542397429,-2.2973381836299684
2009-11-07,7.513983561643836,-2.338684085425177,-2.457299476218659
2009-11-08,7.4869671232876716,-2.533999505165254,-2.2879676181224173
2009-11-09,7.458287671232877,-2.2414702462962697,-2.4628174249366066
2009-11-10,7.435361643835616,-2.1839770253619526,-2.579384618473663
2009-11-11,7.411054794520548,-2.7666846474202593,-1.9553701471002887
2009-11-12,7.379306849315069,-2.588360516756403,-2.1529463325586655
2009-11-13,7.345106849315068,-1.9672856309116542,-2.687821218403414
2009-11-14,7.313849315068493,-2.008954896805578,-2.289894418262915
2009-11-15,7.282465753424657,-2.6619219498438635,-1.6255438035807934
2009-11-16,7.24961095890411,-2.898953562067257,-0.9386573968368528
2009-11-17,7.218432876712329,-3.1399230035846433,-0.6835098731276861
2009-11-18,7.184104109589041,-3.3360941310872776,0.3899900214982366
2009-11-19,7.145054794520547,-3.516784612295567,-0.09527018222498018
2009-11-20,7.098454794520547,-3.5870806432052964,-0.20537415131525094
2009-11-21,7.039767123287671,-3.652757144785908,-0.2650099785017632
2009-11-22,6.989465753424657,-3.6451825048140076,-0.3232832486106494
2009-11-23,6.92637808219178,-3.515585806535117,-0.49579227565666306
2009-11-24,6.859504109589041,-3.578732136004734,-0.23477197358430724
2009-11-25,6.800882191780822,-3.5522589361452335,-0.41662325563558866
2009-11-26,6.763473972602739,-3.5584796597139023,-0.4349943128888367
2009-11-27,6.742145205479452,-3.676716259643653,-0.3324289458357992
2009-11-28,6.721287671232877,-3.859165434213376,-0.299122237019501
2009-11-29,6.711186301369864,-3.980515135653488,-0.18267116571637576
2009-11-30,6.704898630136986,-3.959714152162093,-0.18018447797489356
2009-12-01,6.688701369863013,-3.9901487851090556,0.013447415246042649
2009-12-02,6.66752602739726,-4.043876568740948,0.20735054134368758
2009-12-03,6.64434794520548,-4.1491310120145695,0.4217830668090894
2009-12-04,6.628706849315069,-4.226475655498939,0.5117688061838703
2009-12-05,6.623238356164384,-4.245750892590614,0.44551253642623
2009-12-06,6.585356164383562,-4.240996695189842,0.35464053080627966
2009-12-07,6.6033260273972605,-4.271360938252715,0.2850349108554546
2009-12-08,6.618479452054794,-4.170112114929919,0.07763266287512494
2009-12-09,6.642383561643836,-4.374036877838243,0.13365331619440735
2009-12-10,6.664742465753424,-4.4451302392713306,0.20338777351790682
2009-12-11,6.727931506849315,-4.427773442643302,-0.010158064206013506
2009-12-12,6.811728767123288,-3.6821667689516966,-0.7605619981715916
2009-12-13,6.848342465753425,-4.134770773166659,-0.2895716925867653
2009-12-14,6.849298630136987,-4.235678395224966,-0.36162023491202167
2009-12-15,6.825304109589041,-4.381357355534064,-0.31594675405497696
2009-12-16,6.766800000000001,-4.330535297227073,-0.3842647027729269
2009-12-17,6.767408219178082,-3.66584277878661,-0.940565440391472
2009-12-18,6.73712602739726,-3.824306775976635,-0.823819251420626
2009-12-19,6.695112328767124,-4.028131082263955,-0.3959812465031689
2009-12-20,6.654824657534247,-4.030494131087277,-0.3233305264469699
2009-12-21,6.636265753424658,-3.891943867652082,-0.397321885772576
2009-12-22,6.6212410958904115,-4.0024626593626556,-0.3407784365277555
2009-12-23,6.610652054794522,-3.9912474152460407,-0.334404639548481
2009-12-24,6.604679452054795,-4.187782364315237,0.00010291226044145674
2009-12-25,6.597435616438357,-4.269164239973825,0.4327286235354677
2009-12-26,6.587978082191782,-4.3168335058677485,0.20185542367596643
2009-12-27,6.58182191780822,-4.117749979348605,-0.04707193845961566
2009-12-28,6.573739726027398,-4.2888382828259495,0.0720985567985517
2009-12-29,6.560460273972604,-4.674010745066906,0.4375504710943021
2009-12-30,6.546290410958904,-4.671347450370734,0.4130570394118296
2009-12-31,6.5259315068493144,-4.653324549071121,0.3943930422218056
2010-01-01,6.50364109589041,-4.797623249457492,0.0969821535670814
2010-01-02,6.485720547945205,-4.843358128277302,0.3526375803320967
2010-01-03,6.462739726027397,-4.928491883106948,0.27075215707955014
2010-01-04,6.440906849315069,-4.928287878891985,0.5213810295769159
2010-01-05,6.420712328767124,-4.850736491466624,0.26702416269950024
2010-01-06,6.405098630136987,-4.290862237866343,-0.3952363922706432
2010-01-07,6.395802739726028,-4.428815100528795,-0.2919876391972327
2010-01-08,6.390134246575343,-4.6178294314034,-0.0723048151719432
2010-01-09,6.384841095890411,-4.770564942467678,0.09172384657726784
2010-01-10,6.382345205479452,-4.872420509731464,0.19907530425201259
2010-01-11,6.3794438356164385,-4.709624092450116,0.020180256833676857
2010-01-12,6.37261095890411,-4.695508672710039,-0.017102286194070615
2010-01-13,6.354619178082192,-4.881104738744461,0.1984855606622684
2010-01-14,6.333153424657534,-4.97155651254144,0.26840308788390566
2010-01-15,6.314452054794521,-5.011596414192301,0.35114435939777966
2010-01-16,6.261695890410959,-4.949678746471893,0.35798285606093394
2010-01-17,6.212827397260274,-5.0033148546559465,0.4164874573956725
2010-01-18,6.195254794520548,-4.691527640044074,0.07127284552352631
2010-01-19,6.181104109589041,-4.555471791782747,-0.023632317806294267
2010-01-20,6.164709589041096,-4.608951595084467,0.022242006043371454
2010-01-21,6.151323287671233,-4.9558035796296025,0.38048029195836897
2010-01-22,6.144734246575343,-5.077918648122754,0.6081844015474109
2010-01-23,6.13027397260274,-4.920008778084116,0.454734805481376
2010-01-24,6.1156931506849315,-4.770048820233748,0.39235566954881573
2010-01-25,6.104164383561644,-4.9742438325273906,0.5470794489657465
2010-01-26,6.094739726027397,-5.0319649424676784,0.5802252164402812
2010-01-27,6.0743835616438355,-5.040197397683695,0.6578138360398595
2010-01-28,6.061835616438357,-5.053829852899712,0.7669942364613558
2010-01-29,6.051972602739726,-5.10705057646838,0.8820779737286539
2010-01-30,6.039482191780822,-5.113554194311725,1.516072002530903
2010-01-31,6.026561643835617,-5.094958549773614,1.4923969059379973
2010-02-01,6.012471232876713,-5.136538739446954,1.367067506570241
2010-02-02,6.000397260273973,-5.106476217494022,1.2470789572200491
2010-02-03,5.987915068493151,-5.109231538884959,0.8793164703918084
2010-02-04,5.982986301369863,-5.143588546261145,0.7616022448912823
2010-02-05,5.977602739726027,-5.078912325678075,0.6963095859520472
2010-02-06,5.968824657534247,-4.973080291958371,0.593255634424124
2010-02-07,5.959578082191781,-4.87918517429065,0.4596070920988691
2010-02-08,5.951539726027398,-5.180480643205296,0.8569409171778988
2010-02-09,5.939523287671233,-4.978482118442388,0.6609588307711549
2010-02-10,5.927432876712329,-4.998999083668942,0.6775662069566133
2010-02-11,5.924005479452055,-5.13942612968229,2.165420650230235
2010-02-12,5.9196547945205475,-5.207620017985767,0.8729652234652194
2010-02-13,5.929967123287671,-5.142672845523527,0.8157057222358555
2010-02-14,5.969328767123288,-5.178863783352821,0.7875350162295325
2010-02-15,5.978419178082192,-5.177917594381974,0.7844984162997815
2010-02-16,5.982550684931507,-5.063111763682993,0.6365610787514866
2010-02-17,5.984109589041097,-5.087591285987172,0.6284816969460758
2010-02-18,5.985249315068494,-5.229912536426231,0.7806632213577371
2010-02-19,5.98566301369863,-5.2726325223763535,0.7899695086777232
2010-02-20,5.984183561643835,-5.268173372393916,0.86498981075008
2010-02-21,5.983419178082192,-5.256746396629954,0.7733272185477622
2010-02-22,5.98328493150685,-5.118069052056719,0.6147841205498699
2010-02-23,5.981523287671234,-5.222948504111514,0.7734252164402804
2010-02-24,5.975802739726028,-5.2823230738340285,0.8355203341080006
2010-02-25,5.967320547945205,-5.27592454907112,0.8436040011259154
2010-02-26,5.969972602739726,-5.284829150405858,0.8908565476661314
2010-02-27,5.971328767123287,-5.28737077316666,0.8810420060433719
2010-02-28,5.969164383561644,-5.306462729612041,0.8862983460503964
2010-03-01,5.969536986301369,-5.205065469338068,0.7735284830366993
2010-03-02,5.972775342465754,-5.193543375906385,0.7607680334406313
2010-03-03,5.972838356164384,-5.243241654796445,0.7984032986320608
2010-03-04,5.967600000000001,-5.084042568038454,0.6074425680384525
2010-03-05,5.961630136986302,-5.229053807940105,0.9384236709538039
2010-03-06,5.958265753424658,-5.1583109909397535,0.8460452375150957
2010-03-07,5.95747397260274,-5.19122507594151,0.79675110333877
2010-03-08,5.957657534246576,-5.205810534318749,0.7551530000721725
2010-03-09,5.963791780821919,-5.021683101933783,0.5398913211118641
2010-03-10,6.0083095890410965,-5.183144640395321,0.6428350513542247
2010-03-11,6.0221260273972606,-4.976675234002627,0.3245492066053668
2010-03-12,6.031608219178082,-5.064484858168416,0.4428766389903336
2010-03-13,6.037613698630137,-5.0856064598544,0.5339927612242628
2010-03-14,6.042350684931507,-5.098743375906385,0.49039269097487814
2010-03-15,6.049391780821917,-5.035867225572701,0.3594754447507835
2010-03-16,6.05366301369863,-4.912216786514042,0.20755377281541243
2010-03-17,6.053876712328767,-4.818694131087277,0.1138174187585097
2010-03-18,6.03986301369863,-4.665782715562163,-0.01908029813646639
2010-03-19,6.034043835616439,-4.699931012014569,0.09088717639813026
2010-03-20,6.031364383561645,-4.6509270780489915,0.16556269448734717
2010-03-21,6.02846301369863,-4.63719191823164,0.43672890453300983
2010-03-22,6.027150684931508,-4.551629150405859,0.704478465474351
2010-03-23,6.0260273972602745,-4.468462799861426,0.6484354026011512
2010-03-24,6.025068493150686,-4.547610042573052,0.7735415494223665
2010-03-25,6.024304109589041,-4.395444043275546,1.2081399336865055
2010-03-26,6.024915068493151,-4.372053175695637,2.7521381072024864
2010-03-27,6.027852054794521,-4.333039406816114,1.3971873520215934
2010-03-28,6.028936986301369,-4.334229220655244,0.8802922343538748
2010-03-29,6.029693150684931,-4.34338201306831,0.905688862383379
2010-03-30,6.03066301369863,-4.30185043596961,1.1541874222709794
2010-03-31,6.0320109589041095,-4.169860551881096,0.8078495929769867
2010-04-01,6.033443835616438,-3.9009337517405975,0.340489916124159
2010-04-02,6.035506849315069,-3.61181636501773,-0.13369048429733876
2010-04-03,6.037698630136987,-3.636727499545303,-0.24297113059168396
2010-04-04,6.04012602739726,-3.6336877383932134,-0.3434382890040468
2010-04-05,6.049279452054795,-3.751478043978039,-0.26780140807675545
2010-04-06,6.091087671232877,-3.692365785460302,-0.3067218857725753
2010-04-07,6.101813698630137,-3.5797138009151666,-0.16209989771497035
2010-04-08,6.108854794520548,-3.537783347806631,0.2309285532860832
2010-04-09,6.113917808219178,-3.6093682441887878,1.1034504359696102
2010-04-10,6.114476712328767,-3.589510428944671,1.6840337166159034
2010-04-11,6.1163698630136984,-3.46416206224288,1.2197921992291816
2010-04-12,6.119142465753425,-3.311106284230938,0.544963818477513
2010-04-13,6.120564383561645,-3.244348433862128,0.22478405030048343
2010-04-14,6.1221945205479456,-2.975595852197218,-0.18459866835072747
2010-04-15,6.123684931506849,-2.6407631159836598,-0.6129218155231895
2010-04-16,6.125361643835617,-2.581964380472596,-0.5113972633630208
2010-04-17,6.127120547945205,-2.3740142575361713,-0.2951062904090338
2010-04-18,6.128835616438356,-1.708426972674914,-0.7304086437634421
2010-04-19,6.130430136986302,-1.4544225469636387,-0.7280075900226632
2010-04-20,6.13241095890411,-1.4598808539534525,-0.21553010495065772
2010-04-21,6.1347287671232875,-1.2709152761522584,0.14518650902897123
2010-04-22,6.136646575342466,-0.9407757608730171,0.21912918553055116
2010-04-23,6.134232876712328,-0.6231576365316049,0.9969247598192765
2010-04-24,6.133805479452056,0.02735209300826165,1.8708424275396829
2010-04-25,6.133961643835616,0.18785557035283496,2.8421827858115485
2010-04-26,6.13377808219178,0.6329583452035549,2.0082635726046654
2010-04-27,6.133309589041096,1.3081709198435265,0.7165194911153774
2010-04-28,6.13321095890411,2.3344008460816723,0.1713881950142171
2010-04-29,6.133290410958905,2.1017542707392063,1.7029553183018895
2010-04-30,6.1345397260273975,3.1048546571108258,1.7516056168617764
2010-05-01,6.136649315068493,4.309413561220415,2.078937123711092
2010-05-02,6.142260273972603,4.10853291492607,0.8102068111013265
2010-05-03,6.151205479452056,3.0496698309780546,-0.5198753104301113
2010-05-04,6.156413698630137,2.6788828973637235,-1.0232965959938607
2010-05-05,6.159887671232877,2.8937458408129677,4.7893664879541555
2010-05-06,6.161857534246575,3.498809065259754,1.82733340049367
2010-05-07,6.163786301369863,4.160799862590277,-1.71358616396014
2010-05-08,6.165947945205479,4.789499265470503,-3.2444472106759816
2010-05-09,6.16869589041096,5.381327013977703,-4.036022904388663
2010-05-10,6.171441095890412,5.204383845730425,-2.9388249416208376
2010-05-11,6.173865753424657,5.530811032242544,-1.4816767856672
2010-05-12,6.176320547945205,5.560187779696003,-2.4365083276412074
2010-05-13,6.178060273972603,6.052165299892701,-3.590225573865304
2010-05-14,6.1843589041095886,6.63473979936583,-5.328098703475419
2010-05-15,6.1911068493150685,6.534478120405521,-5.98158496972059
2010-05-16,6.197309589041096,6.515019110921855,-6.713328699962951
2010-05-17,6.217964383561644,5.188028664838258,-5.797993048399903
2010-05-18,6.2282383561643835,4.778967196626105,-5.5912055527904885
2010-05-19,6.234117808219178,4.64032076178241,-5.669438570001588
2010-05-20,6.235495890410959,5.6091405018596845,-6.754636392270644
2010-05-21,6.2376657534246585,6.616472921951009,-6.7751386753756675
2010-05-22,6.2400027397260285,6.825103901929934,-4.098106641655962
2010-05-23,6.242482191780822,6.7739253279924565,-1.5234075197732784
2010-05-24,6.244852054794521,7.400311348364778,-1.8051634031592991
2010-05-25,6.247065753424658,7.336999722091508,0.5489345244838333
2010-05-26,6.2486356164383565,8.26541018924992,2.0809541943117225
2010-05-27,6.250315068493151,8.43693396866685,1.5487509628399998
2010-05-28,6.251868493150686,9.658998808849498,-3.546867302000183
2010-05-29,6.253167123287671,11.973274748435026,-6.157441871722696
2010-05-30,6.255312328767124,10.39584756192291,-2.5041598906900333
2010-05-31,6.256961643835616,9.516288587563933,-2.3372502313995493
2010-06-01,6.258358904109589,8.904502356443455,-5.613861260553045
2010-06-02,6.2594821917808225,8.934643627957332,-6.4181258197381545
2010-06-03,6.25973698630137,10.530866178010019,-7.046603164311389
2010-06-04,6.259638356164384,10.956606185034957,-5.279244541199342
2010-06-05,6.259380821917809,10.505431826060596,-1.5718126479784047
2010-06-06,6.2591753424657535,10.47053172068652,2.807292936847727
2010-06-07,6.259350684931507,10.192893364522135,10.671755950546356
2010-06-08,6.259715068493151,10.779224239126984,6.271060692379864
2010-06-09,6.260632876712329,12.416004850296636,11.750362272991035
2010-06-10,6.262019178082191,10.470772114083077,10.25220870783473
2010-06-11,6.262835616438357,11.096265826763092,25.93589855679855
2010-06-12,6.263950684931507,11.505619813415707,31.49442950165279
2010-06-13,6.2645698630136994,11.663248264416762,14.213181872569539
2010-06-14,6.265306849315069,12.145723642007207,3.0919695086777246
2010-06-15,6.266043835616438,11.588645384191963,4.781310780191596
2010-06-16,6.267665753424659,11.291264140777843,2.623070105797497
2010-06-17,6.2689452054794526,12.035223606882514,11.785831187638035
2010-06-18,6.269632876712329,13.100672711202852,-2.0013055879151818
2010-06-19,6.27033698630137,12.883870041726212,-4.2712070280275825
2010-06-20,6.270079452054795,11.686961506425893,-5.546040958480689
2010-06-21,6.270186301369863,11.324662033296283,-6.866848334666146
2010-06-22,6.269808219178083,10.540313807093263,-7.168122026271346
2010-06-23,6.269821917808219,10.035217214188451,-6.551039131996671
2010-06-24,6.272361643835617,9.93424004523868,-4.992601689074296
2010-06-25,6.273487671232877,9.816529247908157,-3.4930169191410343
2010-06-26,6.274526027397261,12.900007398593086,-5.956533425990347
2010-06-27,6.27514794520548,10.913703699962952,-3.0668516451684313
2010-06-28,6.275454794520549,10.071884247908157,-1.6413390424287062
2010-06-29,6.275731506849316,10.157063220510896,-1.9747947273602122
2010-06-30,6.275693150684932,12.014701165716376,-3.783394316401308
2010-07-01,6.2755835616438365,10.63415383694925,-2.512737398593087
2010-07-02,6.275441095890411,10.006386097223224,-1.3148271931136346
2010-07-03,6.27635890410959,10.888141782154731,-0.9895006862643196
2010-07-04,6.276860273972603,9.105684795853362,-1.3455450698259641
2010-07-05,6.277334246575343,9.207311028730073,-2.244645275305416
2010-07-06,6.277427397260275,7.952552655003343,-2.317980052263617
2010-07-07,6.277701369863014,7.925656764592385,-3.4803581344553987
2010-07-08,6.278528767123289,7.327076926165971,-2.0796056932892606
2010-07-09,6.279441095890412,6.9038262061097715,-2.0732673020001844
2010-07-10,6.2802794520547955,6.26082683835424,-1.4881062904090347
2010-07-11,6.281008219178083,5.884137410886731,-0.948145630064813
2010-07-12,6.281619178082193,6.320840747732532,-1.6284599258147248
2010-07-13,6.282230136986302,7.43471879479962,-1.7359489317859218
2010-07-14,6.2831835616438365,6.324650933893403,-2.5588344955372397
2010-07-15,6.286076712328768,4.968738534876895,-1.2208152472056621
2010-07-16,6.2883671232876726,4.885113877342649,-1.8274810006303213
2010-07-17,6.290027397260275,5.722986163960141,-1.971013561220416
2010-07-18,6.291572602739727,5.177009908252378,-2.239582510992106
2010-07-19,6.293252054794522,4.636426206109771,-3.0936782609042925
2010-07-20,6.294945205479452,3.992448334666147,-2.646393540145599
2010-07-21,6.296652054794522,3.6898545868614403,-1.9895066416559621
2010-07-22,6.298076712328768,3.6678314045642852,-0.572908116893053
2010-07-23,6.299756164383562,3.6802502313995507,1.5749936042168868
2010-07-24,6.300408219178083,4.13114640280805,-2.040554621986133
2010-07-25,6.301287671232878,3.334073905442403,-2.8873615766752803
2010-07-26,6.302120547945206,2.991736286896565,-3.0178568348417714
2010-07-27,6.302994520547946,2.9441608039320406,-1.9831553244799864
2010-07-28,6.303890410958905,2.334894699260457,-2.308785110219362
2010-07-29,6.3044684931506865,2.31483779725835,-1.679306290409036
2010-07-30,6.304868493150686,3.7990474916735235,-2.29591598482421
2010-07-31,6.305027397260275,2.364048826411844,-2.3020762236721195
2010-08-01,6.303610958904111,2.5136675829977237,-2.4632785419018344
2010-08-02,6.302167123287672,2.921965159393931,0.510867717318396
2010-08-03,6.301161643835618,1.7372281730925607,0.1326101830718205
2010-08-04,6.300358904109591,1.9569758373004993,-1.6273347414100903
2010-08-05,6.300687671232878,1.5063648783963894,0.22294745037073183
2010-08-06,6.301468493150686,1.8695638949049949,-0.6220323880556808
2010-08-07,6.3020301369863025,2.6149441548277204,-2.6839742918140232
2010-08-08,6.302745205479454,1.9049685313644256,-2.2407137368438796
2010-08-09,6.303630136986303,2.6122580290813207,-2.875888166067624
2010-08-10,6.3042575342465765,1.7342658267630913,-1.9075233610096676
2010-08-11,6.304936986301371,0.9894446816981107,-1.1593816679994817
2010-08-12,6.305638356164385,0.9020908355442644,0.4322708082913501
2010-08-13,6.3027643835616445,0.886244822196881,-0.4040092057585254
2010-08-14,6.303476712328768,1.259361506425894,4.333161781245338
2010-08-15,6.304079452054796,1.1944667400051003,14.732453807940104
2010-08-16,6.304723287671234,0.6013667048804077,4.088910007448358
2010-08-17,6.30538082191781,0.7922628060395225,1.7503563720426685
2010-08-18,6.306057534246577,2.2287738703177107,-0.6058314045642872
2010-08-19,6.306731506849316,3.354036954265726,-1.8007684611150419
2010-08-20,6.307410958904111,1.2482092057585252,0.06437983533736413
2010-08-21,6.308194520547946,0.9993504772723991,0.47745500217965464
2010-08-22,6.308676712328769,0.7687433820844819,0.6425799055867493
2010-08-23,6.309306849315069,0.259629297082726,0.9620638536022045
2010-08-24,6.309961643835617,0.1009574319615455,0.9930809242028372
2010-08-25,6.310394520547947,0.6401830027378013,-0.3705775232857478
2010-08-26,6.310786301369864,0.5913782257796,-0.024164527149464265
2010-08-27,6.311035616438357,0.525896525744475,1.7840678578171687
2010-08-28,6.311109589041097,0.17609575300123667,1.665794657957667
2010-08-29,6.31123287671233,-0.153389038006842,0.16815616129451183
2010-08-30,6.311336986301371,0.35586252504198124,-0.2661995113433525
2010-08-31,6.311454794520548,-0.03891422241147837,1.03845942789093
2010-09-01,6.31162191780822,-0.7042099020742814,0.8295879842660614
2010-09-02,6.311824657534247,-0.2398114475607586,-0.13601320997348862
2010-09-03,6.312202739726028,-0.8398243734476568,0.22162163372162869
2010-09-04,6.312134246575343,-0.46818742227097965,-0.3339468243043633
2010-09-05,6.312183561643836,-0.9488720025309024,-0.09331155911293443
2010-09-06,6.312493150684933,-0.7858629403601964,-0.3646302103247365
2010-09-07,6.312841095890412,0.24485486785898164,0.5523040362506069
2010-09-08,6.313252054794521,-0.014948433862128177,14.779696379067607
2010-09-09,6.313742465753426,0.8344826866155677,2.707774847631007
2010-09-10,6.314649315068494,0.8062904140479524,0.971060270883554
2010-09-11,6.315361643835617,-0.6135197018635332,1.1981580580279165
2010-09-12,6.315742465753425,-0.8763186481227537,0.9235761823693288
2010-09-13,6.316446575342466,-0.5380771307360307,1.2406305553935648
2010-09-14,6.317901369863014,-0.5926495929769859,0.298748223113972
2010-09-15,6.320731506849317,-0.42636782269247625,-0.10436368415684033
2010-09-16,6.32350684931507,0.8555477375463716,-1.2770545868614414
2010-09-17,6.325967123287673,1.2257669858779492,-1.9727341091656223
2010-09-18,6.327728767123289,2.25379157316281,-3.2255203402860992
2010-09-19,6.328813698630139,3.456872359955926,-4.765686058586065
2010-09-20,6.329049315068493,4.805581457251325,-6.026630772319819
2010-09-21,6.328484931506851,1.7907576427097018,-3.4492425742165524
2010-09-22,6.328150684931508,-0.21786813881470982,-1.6062825461167984
2010-09-23,6.328356164383562,-0.5600064598544008,-1.421349704529161
2010-09-24,6.32743287671233,-0.13804741524604108,-1.4773854614662894
2010-09-25,6.322326027397262,0.7205788580240677,-1.4929048854213296
2010-09-26,6.3208246575342475,-0.6241622729910359,-0.8806623845432118
2010-09-27,6.320701369863015,-0.1704941310872775,-1.509207238775737
2010-09-28,6.320830136986302,0.565321464276263,-2.4411516012625647
2010-09-29,6.320572602739727,-0.6838547914314995,-1.1697178113082276
2010-09-30,6.3214794520547954,-0.822216365017731,-1.0792630870370645
2010-10-01,6.324920547945206,-1.115946537128725,-0.561974010816481
2010-10-02,6.330756164383563,-0.8068088483335015,-0.9949473160500614
2010-10-03,6.338901369863015,-0.9873477313682752,-0.8875536384947391
2010-10-04,6.3473287671232885,-0.5040292909046292,0.992700523781341
2010-10-05,6.353597260273974,0.06496818011749941,12.315434559608528
2010-10-06,6.361189041095892,-0.6844379315790233,2.191248890483132
2010-10-07,6.3720931506849325,0.6683882714417001,-0.4584814221266328
2010-10-08,6.3887260273972615,0.5542709549682197,-1.112996982365481
2010-10-09,6.402501369863015,0.40454169609923435,-1.586043065962249
2010-10-10,6.412104109589042,0.8116482644167619,-2.272752374005804
2010-10-11,6.421287671232879,0.7429811060043977,-2.5422687772372763
2010-10-12,6.430641095890412,1.1747488615365362,-3.1513899574269484
2010-10-13,6.437849315068494,0.6746058337880295,-2.808455148856523
2010-10-14,6.4430082191780835,-0.5330746720075444,-1.8169335471705392
2010-10-15,6.447197260273974,-1.0708397580630418,-1.390357502210932
2010-10-16,6.450293150684933,-1.631827956166308,-0.9134651945186254
2010-10-17,6.452175342465755,-1.5952414440482892,-1.0009338984174658
2010-10-18,6.453813698630138,-1.8444273941712255,-0.8513863044589125
2010-10-19,6.455147945205481,-1.8281763931174846,-0.7269715520879967
2010-10-20,6.456057534246577,-2.183875304252012,-0.15918222999456466
2010-10-21,6.455978082191782,-2.4297708434160445,0.0887927612242625
2010-10-22,6.4544438356164395,-1.7278406010556653,-0.7776032345607744
2010-10-23,6.449802739726028,-0.927450365720225,-1.984352374005803
2010-10-24,6.4408383561643845,-0.8294849986671863,-2.0853533574971985
2010-10-25,6.431983561643836,-1.6844847176696447,-1.3004988439741914
2010-10-26,6.425183561643837,-2.101494482334204,-0.8686890793096329
2010-10-27,6.419016438356165,-2.365311623184222,-0.5677048151719424
2010-10-28,6.410594520547946,-2.477579975836136,-0.5630145447118098
2010-10-29,6.397424657534247,-2.345209550827355,-0.5722151067068917
2010-10-30,6.381202739726028,-0.7437475908695045,-1.9324551488565236
2010-10-31,6.361145205479453,-1.2823447106447066,-0.0958004948347464
2010-11-01,6.345380821917809,-1.3678422167915276,1.3484613948737183
2010-11-02,6.336301369863015,-1.9435487148596695,0.6942473449966546
2010-11-03,6.3277397260273975,-2.3033020692678186,0.2645623432404207
2010-11-04,6.303227397260275,-2.322721458098166,-0.060505939162109
2010-11-05,6.286879452054796,-1.7834255676872073,-0.6934538843675888
2010-11-06,6.280556164383563,-2.298801542397429,-0.25675462198613364
2010-11-07,6.280638356164385,-2.338684085425177,-0.22095427073920781
2010-11-08,6.2814657534246585,-2.533999505165254,-0.08046624825940452
2010-11-09,6.279846575342466,-2.2414702462962697,-0.3993763290461967
2010-11-10,6.272843835616439,-2.1839770253619526,-0.5208668102544864
2010-11-11,6.266920547945206,-2.7666846474202593,-0.1762359005249472
2010-11-12,6.265126027397262,-2.588360516756403,1.2602344893591417
2010-11-13,6.272975342465754,-1.9672856309116542,0.8473102884458996
2010-11-14,6.275273972602741,-2.008954896805578,1.012680924202837
2010-11-15,6.273304109589041,-2.6619219498438635,6.922617840254823
2010-11-16,6.271057534246576,-2.898953562067257,3.789896027820681
2010-11-17,6.270643835616439,-3.1399230035846433,2.4102791679682047
2010-11-18,6.273397260273974,-3.3360941310872776,1.8036968708133032
2010-11-19,6.27725479452055,-3.516784612295567,1.5645298177750173
2010-11-20,6.27821095890411,-3.5870806432052964,1.4678696843011858
2010-11-21,6.273597260273974,-3.652757144785908,1.4061598845119345
2010-11-22,6.265375342465754,-3.6451825048140076,1.2658071623482536
2010-11-23,6.258778082191782,-3.515585806535117,0.9798077243433352
2010-11-24,6.246024657534248,-3.578732136004734,0.9517074784704866
2010-11-25,6.245526027397261,-3.5522589361452335,0.751732908747972
2010-11-26,6.230578082191782,-3.5584796597139023,0.6649015775221208
2010-11-27,6.216452054794521,-3.676716259643653,0.6672642048491317
2010-11-28,6.200830136986302,-3.859165434213376,1.0043352972270738
2010-11-29,6.182191780821919,-3.980515135653488,0.9483233548315693
2010-11-30,6.1662054794520555,-3.959714152162093,0.8685086727100377
2010-12-01,6.160331506849316,-3.9901487851090556,0.9518172782597398
2010-12-02,6.154169863013699,-4.043876568740948,0.8137067057272485
2010-12-03,6.149835616438358,-4.1491310120145695,0.8802953955762116
2010-12-04,6.140389041095891,-4.226475655498939,0.9060866144030482
2010-12-05,6.123175342465755,-4.245750892590614,0.8705755501248591
2010-12-06,6.0955890410958915,-4.240996695189842,0.9084076540939501
2010-12-07,6.043164383561645,-4.271360938252715,0.9781965546910705
2010-12-08,6.003043835616439,-4.170112114929919,1.0280682793134805
2010-12-09,5.941665753424658,-4.374036877838243,1.340371124413585
2010-12-10,5.886268493150686,-4.4451302392713306,1.2798617461206447
2010-12-11,5.785383561643835,-4.427773442643302,1.3393898809994669
2010-12-12,5.6671506849315065,-3.6821667689516966,0.6100160840201903
2010-12-13,5.598931506849315,-4.134770773166659,1.2288392663173444
2010-12-14,5.561068493150685,-4.235678395224966,1.1956099020742803
2010-12-15,5.520446575342466,-4.381357355534064,1.5809107801915983
2010-12-16,5.488150684931507,-4.330535297227073,1.3613846122955664
2010-12-17,5.433980821917808,-3.66584277878661,0.6438619568688022
2010-12-18,5.47244109589041,-3.824306775976635,0.6978656800862248
2010-12-19,5.467983561643835,-4.028131082263955,0.7371475206201201
2010-12-20,5.455723287671232,-4.030494131087277,0.9147708434160453
2010-12-21,5.449854794520547,-3.891943867652082,0.6510890731315349
2010-12-22,5.455238356164383,-4.0024626593626556,0.8302243031982726
2010-12-23,5.460558904109589,-3.9912474152460407,1.742688511136452
2010-12-24,5.452917808219178,-4.187782364315237,1.5628645560960588
2010-12-25,5.438484931506849,-4.269164239973825,1.9706793084669756
2010-12-26,5.424019178082192,-4.3168335058677485,1.5928143277855566
2010-12-27,5.40691506849315,-4.117749979348605,1.2398349108554543
2010-12-28,5.389487671232876,-4.2888382828259495,1.3573506115930734
2010-12-29,5.371635616438356,-4.674010745066906,1.6123751286285501
2010-12-30,5.355090410958903,-4.671347450370734,1.5642570394118316
2010-12-31,5.333764383561643,-4.653324549071121,1.5345601655094772
2011-01-01,5.308794520547945,-4.797623249457492,1.6268287289095467
2011-01-02,5.279816438356163,-4.843358128277302,1.7415416899211387
2011-01-03,5.2572301369863,-4.928491883106948,1.6492617461206471
2011-01-04,5.237621917808219,-4.928287878891985,1.7586659610837665
2011-01-05,5.220967123287671,-4.850736491466624,1.5667693681789538
2011-01-06,5.208821917808219,-4.290862237866343,1.103040320058124
2011-01-07,5.212112328767122,-4.428815100528795,1.224702771761673
2011-01-08,5.203506849315067,-4.6178294314034,1.4203225820883323
2011-01-09,5.200676712328766,-4.770564942467678,1.541888230138912
2011-01-10,5.189758904109588,-4.872420509731464,1.6146616056218757
2011-01-11,5.178208219178082,-4.709624092450116,1.4444158732720345
2011-01-12,5.231945205479452,-4.695508672710039,1.4715634672305873
2011-01-13,5.241942465753424,-4.881104738744461,2.367162272991037
2011-01-14,5.237684931506848,-4.97155651254144,2.199871581034592
2011-01-15,5.2319205479452044,-5.011596414192301,2.039675866247096
2011-01-16,5.2790301369863,-4.949678746471893,1.9046486094855926
2011-01-17,5.294665753424657,-5.0033148546559465,1.9476491012312893
2011-01-18,5.329169863013698,-4.691527640044074,1.5553577770303764
2011-01-19,5.353961643835616,-4.555471791782747,1.426510147947131
2011-01-20,5.364501369863013,-4.608951595084467,1.3424502252214543
2011-01-21,5.365147945205479,-4.9558035796296025,1.7796556344241239
2011-01-22,5.357416438356164,-5.077918648122754,1.6335022097665899
2011-01-23,5.35626301369863,-4.920008778084116,1.5497457643854862
2011-01-24,5.357832876712328,-4.770048820233748,1.4542159435214197
2011-01-25,5.359849315068493,-4.9742438325273906,1.6103945174588978
2011-01-26,5.358016438356163,-5.0319649424676784,1.6439485041115152
2011-01-27,5.35844109589041,-5.040197397683695,1.5847563017932846
2011-01-28,5.357397260273972,-5.053829852899712,1.6174325926257405
2011-01-29,5.352991780821917,-5.10705057646838,1.6390587956464628
2011-01-30,5.352643835616437,-5.113554194311725,1.6859103586952875
2011-01-31,5.352073972602739,-5.094958549773614,1.6398845771708759
2011-02-01,5.344542465753424,-5.136538739446954,1.66799627369353
2011-02-02,5.342063013698629,-5.106476217494022,1.6124132037953922
2011-02-03,5.344112328767123,-5.109231538884959,1.6431192101178365
2011-02-04,5.3451150684931505,-5.143588546261145,1.6844734777679946
2011-02-05,5.348583561643836,-5.078912325678075,1.5303287640342385
2011-02-06,5.3654602739726025,-4.973080291958371,1.4576200179857683
2011-02-07,5.368323287671233,-4.87918517429065,1.3738618866194172
2011-02-08,5.369016438356164,-5.180480643205296,1.6684642048491325
2011-02-09,5.369013698630137,-4.978482118442388,1.4794684198122514
2011-02-10,5.3717999999999995,-4.998999083668942,1.489199083668943
2011-02-11,5.367783561643835,-5.13942612968229,1.6726425680384551
2011-02-12,5.366142465753424,-5.207620017985767,1.6864775522323425
2011-02-13,5.349728767123287,-5.142672845523527,1.6159440784002395
2011-02-14,5.306498630136986,-5.178863783352821,1.6853651532158347
2011-02-15,5.292835616438356,-5.177917594381974,1.7100819779436183
2011-02-16,5.285643835616439,-5.063111763682993,1.5804679280665548
2011-02-17,5.280928767123287,-5.087591285987172,1.5776625188638853
2011-02-18,5.276358904109589,-5.229912536426231,1.7375536323166418
2011-02-19,5.272361643835616,-5.2726325223763535,1.7892708785407372
2011-02-20,5.26712602739726,-5.268173372393916,1.7580473449966556
2011-02-21,5.262158904109588,-5.256746396629954,1.724587492520366
2011-02-22,5.257745205479452,-5.118069052056719,1.5793238465772674
2011-02-23,5.253079452054795,-5.222948504111514,1.659869052056719
2011-02-24,5.250397260273973,-5.2823230738340285,1.7039258135600557
2011-02-25,5.248254794520548,-5.27592454907112,1.6536697545505716
2011-02-26,5.2623643835616445,-5.284829150405858,1.625464766844213
2011-02-27,5.258605479452054,-5.28737077316666,1.6387652937146058
2011-02-28,5.257041095890411,-5.306462729612041,1.6364216337216293
2011-03-01,5.253958904109589,-5.205065469338068,1.5321065652284793
2011-03-02,5.248216438356165,-5.193543375906385,1.5463269375502202
2011-03-03,5.244408219178082,-5.243241654796445,1.6008334356183633
2011-03-04,5.241884931506849,-5.084042568038454,1.4711576365316046
2011-03-05,5.239838356164384,-5.229053807940105,1.6352154517757214
2011-03-06,5.2558493150684935,-5.1583109909397535,1.5664616758712597
2011-03-07,5.2659315068493155,-5.19122507594151,1.6012935690921948
2011-03-08,5.267575342465754,-5.205810534318749,1.5722351918529944
2011-03-09,5.263065753424658,-5.021683101933783,1.3906173485091244
2011-03-10,5.220443835616439,-5.183144640395321,1.6097008047788828
2011-03-11,5.208550684931508,-4.976675234002627,1.4691245490711196
2011-03-12,5.200961643835617,-5.064484858168416,1.5335232143327984
2011-03-13,5.1968794520547945,-5.0856064598544,1.5137270077996057
2011-03-14,5.194624657534247,-5.098743375906385,1.595118718372138
2011-03-15,5.188742465753425,-5.035867225572701,1.7511247598192758
2011-03-16,5.185147945205479,-4.912216786514042,2.1090688413085634
2011-03-17,5.181471232876712,-4.818694131087277,1.999222898210565
2011-03-18,5.176835616438356,-4.665782715562163,1.7419470991238075
2011-03-19,5.173994520547946,-4.699931012014569,1.5939364914666236
2011-03-20,5.179290410958904,-4.6509270780489915,1.4136366670900875
2011-03-21,5.1823863013698634,-4.63719191823164,1.368805616861776
2011-03-22,5.186945205479452,-4.551629150405859,1.338683944926407
2011-03-23,5.1922575342465755,-4.468462799861426,1.3602052656148502
2011-03-24,5.196884931506849,-4.547610042573052,1.6767251110662031
2011-03-25,5.200386301369864,-4.395444043275546,1.695057741905682
2011-03-26,5.2020191780821925,-4.372053175695637,1.7110339976134443
2011-03-27,5.200334246575343,-4.333039406816114,1.6767051602407714
2011-03-28,5.1997616438356165,-4.334229220655244,1.6644675768196273
2011-03-29,5.198975342465754,-4.34338201306831,1.7834066706025555
2011-03-30,5.198271232876713,-4.30185043596961,1.8925792030928972
2011-03-31,5.197161643835617,-4.169860551881096,1.973698908045479
2011-04-01,5.195931506849315,-3.9009337517405975,2.4340022448912824
2011-04-02,5.193641095890412,-3.61181636501773,2.8381752691273183
2011-04-03,5.191317808219178,-3.636727499545303,3.5764096913261247
2011-04-04,5.1889890410958905,-3.6336877383932134,3.583698697297323
2011-04-05,5.1798684931506855,-3.751478043978039,2.889609550827353
2011-04-06,5.137868493150686,-3.692365785460302,3.4174972923096165
2011-04-07,5.125465753424658,-3.5797138009151666,4.794248047490509
2011-04-08,5.118334246575342,-3.537783347806631,7.292449101231288
2011-04-09,5.112550684931508,-3.6093682441887878,7.13281755925728
2011-04-10,5.108460273972603,-3.589510428944671,6.195050154972069
2011-04-11,5.145013698630137,-3.46416206224288,5.543148363612743
2011-04-12,5.157671232876712,-3.311106284230938,4.920435051354226
2011-04-13,5.1645150684931505,-3.244348433862128,3.8118333653689778
2011-04-14,5.17033698630137,-2.975595852197218,2.6502588658958475
2011-04-15,5.17477808219178,-2.6407631159836598,1.8649850337918794
2011-04-16,5.178175342465753,-2.581964380472596,1.5657890380068427
2011-04-17,5.1804794520547945,-2.3740142575361713,1.3385348054813764
2011-04-18,5.182227397260274,-1.708426972674914,0.8141995754146405
2011-04-19,5.183715068493151,-1.4544225469636387,0.7057074784704873
2011-04-20,5.184731506849315,-1.4598808539534525,1.0641493471041374
2011-04-21,5.184778082191782,-1.2709152761522584,1.066137193960477
2011-04-22,5.183783561643836,-0.9407757608730171,0.6119921992291811
2011-04-23,5.1827506849315075,-0.6231576365316049,0.2544069516000975
2011-04-24,5.182101369863014,0.02735209300826165,-0.44945346287127613
2011-04-25,5.180838356164384,0.18785557035283496,0.5633060734827816
2011-04-26,5.18126301369863,0.6329583452035549,0.4787786410978151
2011-04-27,5.183035616438357,1.3081709198435265,-0.5842065362818831
2011-04-28,5.183613698630137,2.3344008460816723,-1.953014544711809
2011-04-29,5.1843150684931505,2.1017542707392063,-2.1550693392323566
2011-04-30,5.184361643835617,3.1048546571108258,-3.2192163009464423
2011-05-01,5.183591780821917,4.309413561220415,-4.289005342042333
2011-05-02,5.17913698630137,4.10853291492607,-3.98066990122744
2011-05-03,5.170816438356164,3.0496698309780546,-2.8534862693342187
2011-05-04,5.165860273972603,2.6788828973637235,-3.1577431713363264
2011-05-05,5.162923287671234,2.8937458408129677,-3.1606691284842015
2011-05-06,5.166161643835617,3.498809065259754,-3.143970709095371
2011-05-07,5.2148958904109595,4.160799862590277,-3.072695753001237
2011-05-08,5.237728767123288,4.789499265470503,-2.286228032593791
2011-05-09,5.248523287671233,5.381327013977703,-2.8138503016489365
2011-05-10,5.256394520547945,5.204383845730425,-2.6147783662783706
2011-05-11,5.261909589041096,5.530811032242544,-3.12572062128364
2011-05-12,5.265857534246576,5.560187779696003,-3.6880453139425793
2011-05-13,5.269413698630137,6.052165299892701,-3.336578998522838
2011-05-14,5.2672630136986305,6.63473979936583,-1.5460028130644607
2011-05-15,5.264008219178082,6.534478120405521,-4.215486339583603
2011-05-16,5.259808219178082,6.515019110921855,-6.4948273300999375
2011-05-17,5.240641095890411,5.188028664838258,-5.640669760728669
2011-05-18,5.230350684931508,4.778967196626105,-4.744317881557613
2011-05-19,5.224123287671233,4.64032076178241,-3.6544440494536428
2011-05-20,5.219778082191781,5.6091405018596845,-4.3309185840514655
2011-05-21,5.216364383561643,6.616472921951009,-5.404837305512652
2011-05-22,5.213213698630137,6.825103901929934,-4.755317600560071
2011-05-23,5.210356164383562,6.7739253279924565,-3.4922814923760175
2011-05-24,5.207706849315069,7.400311348364778,-3.1760181976798467
2011-05-25,5.205402739726027,7.336999722091508,-3.0644024618175356
2011-05-26,5.203035616438357,8.26541018924992,2.944554194311724
2011-05-27,5.200989041095891,8.43693396866685,-2.8579230097627413
2011-05-28,5.199106849315069,9.658998808849498,-7.650105658164567
2011-05-29,5.19747397260274,11.973274748435026,-10.803748721037767
2011-05-30,5.195386301369863,10.39584756192291,-8.247233863292774
2011-05-31,5.193687671232878,9.516288587563933,-7.108976258796811
2011-06-01,5.19215890410959,8.904502356443455,-6.691661260553045
2011-06-02,5.190361643835617,8.934643627957332,-7.598005271792949
2011-06-03,5.188893150684931,10.530866178010019,-7.557759328694949
2011-06-04,5.187342465753425,10.956606185034957,-7.6549486507883815
2011-06-05,5.186021917808219,10.505431826060596,-6.7814537438688145
2011-06-06,5.18506301369863,10.47053172068652,-6.18759473438515
2011-06-07,5.183701369863014,10.192893364522135,-7.387594734385149
2011-06-08,5.182413698630137,10.779224239126984,-7.295637937757121
2011-06-09,5.180750684931507,12.416004850296636,-9.572755535228143
2011-06-10,5.178931506849315,10.470772114083077,-8.884703620932392
2011-06-11,5.177460273972603,11.096265826763092,-9.801726100735696
2011-06-12,5.175945205479453,11.505619813415707,-10.57256501889516
2011-06-13,5.174789041095891,11.663248264416762,-9.597037305512654
2011-06-14,5.173197260273973,12.145723642007207,-9.63592090228118
2011-06-15,5.172145205479453,11.588645384191963,-8.951790589671415
2011-06-16,5.170482191780822,11.291264140777843,-8.067746332558665
2011-06-17,5.169909589041096,12.035223606882514,-6.887133195923611
2011-06-18,5.233961643835617,13.100672711202852,13.07236564496153
2011-06-19,5.298276712328768,12.883870041726212,-4.9261467540549795
2011-06-20,5.354904109589041,11.686961506425893,-9.105865616014935
2011-06-21,5.4134465753424665,11.324662033296283,-8.152108608638748
2011-06-22,5.490515068493151,10.540313807093263,-4.423828875586414
2011-06-23,5.5575397260273975,10.035217214188451,-3.896756940215849
2011-06-24,5.621309589041097,9.93424004523868,-7.130549634279776
2011-06-25,5.667860273972603,9.816529247908157,-8.15538952188076
2011-06-26,5.708638356164384,12.900007398593086,-10.67064575475747
2011-06-27,5.739917808219179,10.913703699962952,-8.77462150818213
2011-06-28,5.758827397260275,10.071884247908157,-7.485711645168431
2011-06-29,5.769071232876713,10.157063220510896,-7.984134453387608
2011-06-30,5.7747315068493155,12.014701165716376,-9.321432672565692
2011-07-01,5.789830136986302,10.63415383694925,-9.810983973935553
2011-07-02,5.807260273972604,10.006386097223224,-9.960646371195828
2011-07-03,5.812246575342466,10.888141782154731,-11.102388357497198
2011-07-04,5.813254794520548,9.105684795853362,-9.12593959037391
2011-07-05,5.8126493150684935,9.207311028730073,-8.936960343798567
2011-07-06,5.811726027397261,7.952552655003343,-7.931278682400603
2011-07-07,5.818115068493151,7.925656764592385,-7.453771833085536
2011-07-08,5.870569863013699,7.327076926165971,-0.4706467891796704
2011-07-09,5.916594520547946,6.9038262061097715,-4.851420726657717
2011-07-10,5.946553424657535,6.26082683835424,-2.187380263011775
2011-07-11,5.9677643835616445,5.884137410886731,-4.619901794448375
2011-07-12,5.980205479452056,6.320840747732532,-5.543046227184588
2011-07-13,5.986394520547947,7.43471879479962,18.17388668465243
2011-07-14,5.991457534246576,6.324650933893403,1.3818915318600213
2011-07-15,5.993109589041097,4.968738534876895,-2.4818481239179917
2011-07-16,5.993520547945206,4.885113877342649,-3.6366344252878546
2011-07-17,5.994372602739727,5.722986163960141,15.519641233300131
2011-07-18,5.996,5.177009908252378,3.7629900917476213
2011-07-19,5.99582191780822,4.636426206109771,9.797751876082009
2011-07-20,5.995136986301371,3.992448334666147,6.702414679032483
2011-07-21,5.994367123287672,3.6898545868614403,2.159778289850887
2011-07-22,5.995112328767124,3.6678314045642852,-0.0339437333314101
2011-07-23,5.997643835616439,3.6802502313995507,-0.9448940670159893
2011-07-24,5.998145205479453,4.13114640280805,-2.1592916082875035
2011-07-25,5.997219178082193,3.334073905442403,-2.010293083524596
2011-07-26,5.997356164383563,2.991736286896565,-1.9770924512801282
2011-07-27,5.996871232876713,2.9441608039320406,-2.346032036808754
2011-07-28,5.995517808219179,2.334894699260457,-1.8454125074796357
2011-07-29,5.994728767123289,2.31483779725835,-1.7505665643816384
2011-07-30,5.993673972602741,3.7990474916735235,-3.592721464276264
2011-07-31,5.9925863013698635,2.364048826411844,-2.1166351277817075
2011-08-01,5.992224657534247,2.5136675829977237,-2.3598922405319707
2011-08-02,5.991564383561644,2.921965159393931,-1.9275295429555754
2011-08-03,5.9950109589041105,1.7372281730925607,-0.4662391319966712
2011-08-04,5.998756164383562,1.9569758373004993,-0.5777320016840612
2011-08-05,6.004616438356165,1.5063648783963894,0.8850186832474463
2011-08-06,6.0087616438356175,1.8695638949049949,0.9366744612593871
2011-08-07,6.011545205479453,2.6149441548277204,3.7665106396928274
2011-08-08,6.013413698630138,1.9049685313644256,-0.9063822299945636
2011-08-09,6.015235616438357,2.6122580290813207,-2.3344936455196774
2011-08-10,6.016802739726028,1.7342658267630913,-1.6210685664891196
2011-08-11,6.01874794520548,0.9894446816981107,0.143807373096409
2011-08-12,6.023452054794522,0.9020908355442644,-0.7515428903387856
2011-08-13,6.024394520547946,0.886244822196881,-0.7246393427448272
2011-08-14,6.025112328767124,1.259361506425894,-1.3794738351930176
2011-08-15,6.026131506849316,1.1944667400051003,-0.7685982468544161
2011-08-16,6.0281753424657545,0.6013667048804077,-0.6215420473461621
2011-08-17,6.034164383561644,0.7922628060395225,-0.6034271896011669
2011-08-18,6.0496712328767135,2.2287738703177107,-2.070445103194424
2011-08-19,6.056016438356165,3.354036954265726,-3.218053392621891
2011-08-20,6.057128767123288,1.2482092057585252,-1.1443379728818137
2011-08-21,6.057594520547945,0.9993504772723991,-1.1829449978203446
2011-08-22,6.0581506849315065,0.7687433820844819,-0.9198940670159884
2011-08-23,6.058926027397261,0.259629297082726,-0.398555324479987
2011-08-24,6.059271232876713,0.1009574319615455,-0.4592286648382592
2011-08-25,6.058947945205481,0.6401830027378013,-1.0981309479432821
2011-08-26,6.058468493150686,0.5913782257796,-0.5538467189302859
2011-08-27,6.058180821917809,0.525896525744475,7.186922652337717
2011-08-28,6.057594520547946,0.17609575300123667,0.547309726450817
2011-08-29,6.056789041095891,-0.153389038006842,-0.14840000308904944
2011-08-30,6.05613698630137,0.35586252504198124,-1.1359995113433512
2011-08-31,6.055372602739727,-0.03891422241147837,-0.8014583803282486
2011-09-01,6.0547808219178085,-0.7042099020742814,-0.30357091984352746
2011-09-02,6.0548164383561645,-0.2398114475607586,-0.8000049907954062
2011-09-03,6.054942465753426,-0.8398243734476568,-0.2681180923057688
2011-09-04,6.055005479452056,-0.46818742227097965,5.767181942818922
2011-09-05,6.0552027397260275,-0.9488720025309024,3.843669262804874
2011-09-06,6.054810958904111,-0.7858629403601964,0.4930519814560854
2011-09-07,6.054410958904111,0.24485486785898164,-0.8352658267630919
2011-09-08,6.0541397260273975,-0.014948433862128177,-0.5181912921652694
2011-09-09,6.053564383561644,0.8344826866155677,-1.3730470701772124
2011-09-10,6.052879452054795,0.8062904140479524,-1.5371698661027478
2011-09-11,6.052219178082193,-0.6135197018635332,-0.028699476218659203
2011-09-12,6.051726027397261,-0.8763186481227537,0.3645926207254929
2011-09-13,6.0513013698630145,-0.5380771307360307,-0.6412242391269839
2011-09-14,6.050668493150686,-0.5926495929769859,-0.7460189001736999
2011-09-15,6.049230136986302,-0.42636782269247625,-1.1748623142938253
2011-09-16,6.048512328767124,0.8555477375463716,-2.694060066313496
2011-09-17,6.048780821917809,1.2257669858779492,-2.7325478077957586
2011-09-18,6.049789041095891,2.25379157316281,-1.0145806142587013
2011-09-19,6.050731506849315,3.456872359955926,-3.357603866805241
2011-09-20,6.0509589041095895,4.805581457251325,-4.084540361360914
2011-09-21,6.050956164383562,1.7907576427097018,-1.232713807093264
2011-09-22,6.05129589041096,-0.21786813881470982,0.3595722484037497
2011-09-23,6.0516356164383565,-0.5600064598544008,0.13337084341604433
2011-09-24,6.05213698630137,-0.13804741524604108,-0.6060895710553293
2011-09-25,6.053139726027398,0.7205788580240677,-1.8387185840514662
2011-09-26,6.054871232876713,-0.6241622729910359,-0.8237089598856768
2011-09-27,6.057624657534247,-0.1704941310872775,-1.5331305264469695
2011-09-28,6.060887671232877,0.565321464276263,-2.4382091355091404
2011-09-29,6.065512328767124,-0.6838547914314995,-1.3196575373356239
2011-09-30,6.070556164383563,-0.822216365017731,-1.2773397993658315
2011-10-01,6.073600000000001,-1.115946537128725,-1.146653462871276
2011-10-02,6.075024657534247,-0.8068088483335015,-1.5872158092007451
2011-10-03,6.074816438356166,-0.9873477313682752,-1.4734687069878907
2011-10-04,6.074860273972603,-0.5040292909046292,-2.0638309830679735
2011-10-05,6.0782054794520555,0.06496818011749941,-2.739173659569555
2011-10-06,6.0816630136986305,-0.6844379315790233,-2.056225082119607
2011-10-07,6.0814657534246574,0.6683882714417001,-2.7708540248663573
2011-10-08,6.074230136986301,0.5542709549682197,-2.909501091954521
2011-10-09,6.064961643835617,0.40454169609923435,-2.741503339934851
2011-10-10,6.056060273972603,0.8116482644167619,11.425291461610634
2011-10-11,6.047980821917809,0.7429811060043977,2.451038072077794
2011-10-12,6.040523287671234,1.1747488615365362,-0.2632721492077701
2011-10-13,6.034786301369865,0.6746058337880295,-0.28039213515789385
2011-10-14,6.031183561643836,-0.5330746720075444,0.215891110363709
2011-10-15,6.028405479452055,-1.0708397580630418,0.26843427861098657
2011-10-16,6.026216438356165,-1.631827956166308,0.3516115178101431
2011-10-17,6.02355890410959,-1.5952414440482892,0.06568253993869866
2011-10-18,6.020312328767124,-1.8444273941712255,0.12511506540410133
2011-10-19,6.016865753424659,-1.8281763931174846,0.0823106396928257
2011-10-20,6.0118630136986315,-2.183875304252012,0.3020122905533804
2011-10-21,6.006183561643836,-2.4297708434160445,0.17558728177220795
2011-10-22,6.001082191780823,-1.7278406010556653,-0.7012415907251572
2011-10-23,5.996454794520549,-0.927450365720225,-1.7680044288003236
2011-10-24,5.992150684931508,-0.8294849986671863,-2.0976656862643215
2011-10-25,5.984736986301371,-1.6844847176696447,-0.6982522686317265
2011-10-26,5.975728767123288,-2.101494482334204,0.2277657152109165
2011-10-27,5.969136986301371,-2.365311623184222,0.09317463688285121
2011-10-28,5.971435616438357,-2.477579975836136,0.1321443593977789
2011-10-29,5.994079452054795,-2.345209550827355,-0.15186990122743982
2011-10-30,6.064715068493151,-0.7437475908695045,-1.896967477623647
2011-10-31,6.1114136986301375,-1.2823447106447066,-1.4720689879854307
2011-11-01,6.165490410958904,-1.3678422167915276,-1.5086481941673766
2011-11-02,6.196197260273973,-1.9435487148596695,-0.9746485454143032
2011-11-03,6.222657534246576,-2.3033020692678186,-0.7023554649787571
2011-11-04,6.2486712328767124,-2.322721458098166,1.176050225221454
2011-11-05,6.277536986301371,-1.7834255676872073,17.103888581385835
2011-11-06,6.296745205479453,-2.298801542397429,8.061056336917975
2011-11-07,6.308832876712329,-2.338684085425177,3.6908512087128473
2011-11-08,6.3220328767123295,-2.533999505165254,2.7519666284529247
2011-11-09,6.3414602739726025,-2.2414702462962697,1.5520099723236673
2011-11-10,6.365865753424658,-2.1839770253619526,0.8271112719372948
2011-11-11,6.398824657534247,-2.7666846474202593,0.9898599898860123
2011-11-12,6.434378082191781,-2.588360516756403,0.30598243456462226
2011-11-13,6.450715068493151,-1.9672856309116542,-0.5184294375814973
2011-11-14,6.46475890410959,-2.008954896805578,-0.7098040073040117
2011-11-15,6.482641095890411,-2.6619219498438635,-0.2827191460465479
2011-11-16,6.4983150684931505,-2.898953562067257,-0.19336150642589356
2011-11-17,6.507783561643835,-3.1399230035846433,-0.09986055805919225
2011-11-18,6.513482191780822,-3.3360941310872776,-0.02238806069354471
2011-11-19,6.520049315068494,-3.516784612295567,0.07573529722707306
2011-11-20,6.53332602739726,-3.5870806432052964,0.0627546158080361
2011-11-21,6.544961643835617,-3.652757144785908,0.09179550095029132
2011-11-22,6.553504109589042,-3.6451825048140076,0.010678395224965609
2011-11-23,6.570975342465754,-3.515585806535117,-0.173389535930637
2011-11-24,6.599901369863014,-3.578732136004734,-0.26616923385827995
2011-11-25,6.6136849315068496,-3.5522589361452335,-0.3634259953616161
2011-11-26,6.642775342465754,-3.5584796597139023,-0.4342956827518516
2011-11-27,6.67315890410959,-3.676716259643653,-0.385442644465936
2011-11-28,6.6996821917808225,-3.859165434213376,-0.2565167575674461
2011-11-29,6.723904109589041,-3.980515135653488,-0.21338897393555367
2011-11-30,6.751997260273972,-3.959714152162093,-0.27528310811187984
2011-12-01,6.78675890410959,-3.9901487851090556,-0.33061011900053394
2011-12-02,6.827980821917809,-4.043876568740948,-0.39610425317686104
2011-12-03,6.866794520547946,-4.1491310120145695,-0.40266350853337585
2011-12-04,6.959106849315068,-4.226475655498939,-0.3946311938161289
2011-12-05,7.058526027397261,-4.245750892590614,-0.4147751348066464
2011-12-06,7.080487671232877,-4.240996695189842,-0.5734909760430353
2011-12-07,7.103068493150685,-4.271360938252715,-0.5517075548979706
2011-12-08,7.128282191780823,-4.170112114929919,-0.7041700768509038
2011-12-09,7.201331506849316,-4.374036877838243,-0.583294629011073
2011-12-10,7.268320547945207,-4.4451302392713306,-0.6391903086738759
2011-12-11,7.31481095890411,-4.427773442643302,-0.7430375162608085
2011-12-12,7.347920547945206,-3.6821667689516966,-1.4927537789935093
2011-12-13,7.372167123287673,-4.134770773166659,-1.1253963501210134
2011-12-14,7.386416438356165,-4.235678395224966,-1.0137380431312
2011-12-15,7.398197260273973,-4.381357355534064,-0.9038399047399093
2011-12-16,7.419139726027398,-4.330535297227073,-0.7786044288003238
2011-12-17,7.453545205479452,-3.66584277878661,22.003297573307158
2011-12-18,7.424035616438356,-3.824306775976635,22.22127115953828
2011-12-19,7.449723287671233,-4.028131082263955,19.42440779459272
2011-12-20,7.4965972602739726,-4.030494131087277,20.241896870813303
2011-12-21,7.551953424657535,-3.891943867652082,26.678990442994547
2011-12-22,7.584578082191781,-4.0024626593626556,23.164884577170874
2011-12-23,7.6112547945205495,-3.9912474152460407,22.86799262072549
2011-12-24,7.637687671232877,-4.187782364315237,16.36909469308236
2011-12-25,7.665704109589042,-4.269164239973825,14.627460130384783
2011-12-26,7.701128767123288,-4.3168335058677485,10.732704738744461
2011-12-27,7.741317808219179,-4.117749979348605,5.807432171129425
2011-12-28,7.773446575342467,-4.2888382828259495,2.7123917074834827
2011-12-29,7.802810958904111,-4.674010745066906,1.2471997861627955
2011-12-30,7.832115068493151,-4.671347450370734,4.598232381877584
2011-12-31,7.868076712328767,-4.653324549071121,5.362247836742354
2012-01-01,7.906424657534247,-4.797623249457492,0.849198591923245
2012-01-02,8.04762191780822,-4.843358128277302,-0.6582637895309187
2012-01-03,8.088783561643837,-4.928491883106948,-1.4032916785368892
2012-01-04,8.112542465753425,-4.928287878891985,-1.4532545868614397
2012-01-05,8.133293150684931,-4.850736491466624,0.986443340781693
2012-01-06,8.161276712328768,-4.290862237866343,17.296585525537576
2012-01-07,8.167260273972603,-4.428815100528795,15.068554826556191
2012-01-08,8.181972602739727,-4.6178294314034,9.376856828663673
2012-01-09,8.189323287671233,-4.770564942467678,6.295241654796446
2012-01-10,8.201243835616438,-4.872420509731464,3.144176674115026
2012-01-11,8.212646575342466,-4.709624092450116,0.6689775171076491
2012-01-12,8.153520547945206,-4.695508672710039,0.3979881247648329
2012-01-13,8.142569863013698,-4.881104738744461,0.06953487573076256
2012-01-14,8.149391780821919,-4.97155651254144,-0.561835268280479
2012-01-15,8.15454794520548,-5.011596414192301,-0.5719515310131786
2012-01-16,8.10217808219178,-4.949678746471893,-0.32449933571988865
2012-01-17,8.08247397260274,-5.0033148546559465,-0.9051591179467939
2012-01-18,8.048824657534247,-4.691527640044074,-1.4142970174901732
2012-01-19,8.025109589041096,-4.555471791782747,-1.5256377972583488
2012-01-20,8.014013698630137,-4.608951595084467,-1.0350621035456697
2012-01-21,8.009334246575342,-4.9558035796296025,0.05946933305425972
2012-01-22,8.003643835616439,-5.077918648122754,-0.8297251874936844
2012-01-23,7.9988109589041105,-4.920008778084116,-1.4308021808199944
2012-01-24,7.996945205479452,-4.770048820233748,-1.1348963852457041
2012-01-25,7.996813698630137,-4.9742438325273906,-1.2035698661027467
2012-01-26,7.997232876712328,-5.0319649424676784,-1.4892679342446495
2012-01-27,7.999328767123288,-5.040197397683695,-1.3441313694395927
2012-01-28,8.006191780821919,-5.053829852899712,-1.4163619279222068
2012-01-29,8.01235890410959,-5.10705057646838,-1.4173083276412104
2012-01-30,8.013268493150687,-5.113554194311725,-1.1067142988389618
2012-01-31,8.013301369863013,-5.094958549773614,-1.2623428200893994
2012-02-01,8.01094794520548,-5.136538739446954,0.2595907942414746
2012-02-02,8.010342465753425,-5.106476217494022,0.31113375174059676
2012-02-03,8.00726301369863,-5.109231538884959,1.1189685251863297
2012-02-04,8.000849315068493,-5.143588546261145,0.5417392311926523
2012-02-05,7.998350684931507,-5.078912325678075,-0.10343835925343292
2012-02-06,8.000024657534247,-4.973080291958371,-0.4949443655758765
2012-02-07,8.00428219178082,-4.87918517429065,-0.59709701749017
2012-02-08,8.005901369863015,-5.180480643205296,-0.396420726657718
2012-02-09,8.005789041095891,-4.978482118442388,-0.44730692265350314
2012-02-10,8.003917808219178,-4.998999083668942,0.5740812754497648
2012-02-11,8.004271232876713,-5.13942612968229,-0.6198451031944225
2012-02-12,8.003643835616439,-5.207620017985767,-0.6890238176306713
2012-02-13,8.00306301369863,-5.142672845523527,-0.6653901681751035
2012-02-14,8.001846575342466,-5.178863783352821,-0.2639827919896449
2012-02-15,8.001449315068495,-5.177917594381974,1.187468279313479
2012-02-16,8.001975342465753,-5.063111763682993,4.52413642121724
2012-02-17,8.001087671232877,-5.087591285987172,1.1735036147542948
2012-02-18,7.99968493150685,-5.229912536426231,-0.5797723950806182
2012-02-19,7.998156164383563,-5.2726325223763535,-0.7665236420072095
2012-02-20,7.9991452054794525,-5.268173372393916,-0.7709718330855369
2012-02-21,7.9986712328767124,-5.256746396629954,-0.7289248362467582
2012-02-22,7.99824109589041,-5.118069052056719,-1.0351720438336915
2012-02-23,7.998873972602739,-5.222948504111514,-1.2039254684912253
2012-02-24,8.00355616438356,-5.2823230738340285,-1.2242330905495322
2012-02-25,8.011931506849315,-5.27592454907112,-1.2150069577781952
2012-02-26,7.996230136986302,-5.284829150405858,-1.322400986580444
2012-02-27,7.992180821917808,-5.28737077316666,-1.3888100487511483
2012-02-28,7.989920547945205,-5.306462729612041,-1.3344578183331643
2012-02-29,7.989665753424657,-5.205065469338068,-1.4826002840865886
2012-03-01,7.993487671232876,-5.193543375906385,-1.4149442953264915
2012-03-02,7.996882191780822,-5.243241654796445,-1.1386405369843766
2012-03-03,8.002156164383562,-5.084042568038454,-1.2431135963451085
2012-03-04,8.004983561643837,-5.229053807940105,-1.1069297537037306
2012-03-05,7.9888219178082185,-5.1583109909397535,-1.0945109268684652
2012-03-06,7.978531506849315,-5.19122507594151,-1.2543064309078051
2012-03-07,7.976224657534246,-5.205810534318749,-1.2824141232154975
2012-03-08,7.974421917808219,-5.021683101933783,-1.4197388158744362
2012-03-09,7.971479452054795,-5.183144640395321,-1.3513348116594734
2012-03-10,7.968098630136987,-4.976675234002627,-1.5404233961343596
2012-03-11,7.964778082191781,-5.064484858168416,-1.4712932240233654
2012-03-12,7.961076712328768,-5.0856064598544,-1.4304702524743673
2012-03-13,7.957052054794521,-5.098743375906385,-1.3223086788881355
2012-03-14,7.956452054794521,-5.035867225572701,-1.24758482922182
2012-03-15,7.954120547945205,-4.912216786514042,-1.1849037614311628
2012-03-16,7.951764383561644,-4.818694131087277,-1.0330702524743671
2012-03-17,7.9496383561643835,-4.665782715562163,-0.9328556406022201
2012-03-18,7.946227397260275,-4.699931012014569,-0.8102963852457057
2012-03-19,7.935298630136987,-4.6509270780489915,-0.9983715520879963
2012-03-20,7.927032876712329,-4.63719191823164,-1.2928409584806895
2012-03-21,7.925772602739727,-4.551629150405859,-1.4011434523338684
2012-03-22,7.926454794520548,-4.468462799861426,-1.2499919946591218
2012-03-23,7.926997260273973,-4.547610042573052,-0.9293872177009206
2012-03-24,7.935090410958905,-4.395444043275546,-0.8566463676833589
2012-03-25,7.940693150684932,-4.372053175695637,-0.6616399749892947
2012-03-26,7.953035616438356,-4.333039406816114,-0.4439962096222416
2012-03-27,7.962641095890412,-4.334229220655244,-0.09341187523516759
2012-03-28,8.066767123287672,-4.34338201306831,0.10661488978063804
2012-03-29,8.169430136986302,-4.30185043596961,0.6094202989833084
2012-03-30,8.186775342465753,-4.169860551881096,0.8250852094153434
2012-03-31,8.195227397260274,-3.9009337517405975,0.5457063544803238
2012-04-01,8.206997260273972,-3.61181636501773,0.3448191047437579
2012-04-02,8.213282191780822,-3.636727499545303,0.4784453077644808
2012-04-03,8.216849315068494,-3.6336877383932134,0.5718384233247198
2012-04-04,8.218484931506849,-3.751478043978039,1.0719931124711901
2012-04-05,8.219586301369862,-3.692365785460302,1.5977794840904398
2012-04-06,8.218832876712328,-3.5797138009151666,1.628880924202838
2012-04-07,8.215153424657535,-3.537783347806631,1.5546299231490965
2012-04-08,8.213016438356163,-3.6093682441887878,0.6493518058326244
2012-04-09,8.211523287671234,-3.589510428944671,-0.15701285872656312
2012-04-10,8.18725205479452,-3.46416206224288,-0.4480899925516395
2012-04-11,8.193583561643836,-3.311106284230938,-0.8374772774128978
2012-04-12,8.193534246575343,-3.244348433862128,-1.311185812713215
2012-04-13,8.190457534246574,-2.975595852197218,-1.6848616820493572
2012-04-14,8.186884931506848,-2.6407631159836598,-2.161121815523188
2012-04-15,8.183939726027397,-2.581964380472596,-2.2389753455548016
2012-04-16,8.185909589041096,-2.3740142575361713,-2.6368953315049244
2012-04-17,8.187890410958904,-1.708426972674914,-3.3764634382839898
2012-04-18,8.188084931506848,-1.4544225469636387,-3.55666238454321
2012-04-19,8.192276712328766,-1.4598808539534525,-3.7693958583753138
2012-04-20,8.19027397260274,-1.2709152761522584,-4.01235869645048
2012-04-21,8.186183561643835,-0.9407757608730171,-4.2524078007708175
2012-04-22,8.181802739726027,-0.6231576365316049,-4.433645103194422
2012-04-23,8.181345205479452,0.02735209300826165,-5.019697298487714
2012-04-24,8.191843835616439,0.18785557035283496,-5.153699405969274
2012-04-25,8.200906849315068,0.6329583452035549,-5.828865194518623
2012-04-26,8.205350684931506,1.3081709198435265,-6.012521604775033
2012-04-27,8.211863013698629,2.3344008460816723,-4.142263859780302
2012-04-28,8.222284931506849,2.1017542707392063,3.071960797753946
2012-04-29,8.227731506849315,3.1048546571108258,19.51941383603986
2012-04-30,8.233021917808218,4.309413561220415,9.706564520971366
2012-05-01,8.237032876712329,4.10853291492607,12.699434208361605
2012-05-02,8.239271232876712,3.0496698309780546,5.286058936145233
2012-05-03,8.244408219178082,2.6788828973637235,3.4217088834581952
2012-05-04,8.247794520547945,2.8937458408129677,3.2494596386390873
2012-05-05,8.244575342465753,3.498809065259754,4.313615592274491
2012-05-06,8.19711780821918,4.160799862590277,0.9560823291905436
2012-05-07,8.17873698630137,4.789499265470503,-0.8152362517718723
2012-05-08,8.170706849315069,5.381327013977703,-0.9180338632927718
2012-05-09,8.164621917808219,5.204383845730425,1.567994236461355
2012-05-10,8.160638356164384,5.530811032242544,2.883550611593072
2012-05-11,8.158271232876713,5.560187779696003,5.449540987427284
2012-05-12,8.15709589041096,6.052165299892701,6.752738809696339
2012-05-13,8.161994520547946,6.63473979936583,1.5222656800862229
2012-05-14,8.164923287671233,6.534478120405521,-1.990401408076754
2012-05-15,8.167161643835616,6.515019110921855,-2.875180754757471
2012-05-16,8.169183561643836,5.188028664838258,-2.8482122264820937
2012-05-17,8.171183561643836,4.778967196626105,-4.229150758269942
2012-05-18,8.17318904109589,4.64032076178241,-4.5235098028783005
2012-05-19,8.175150684931507,5.6091405018596845,-4.889291186791192
2012-05-20,8.176983561643837,6.616472921951009,-3.5194564835948468
2012-05-21,8.178882191780822,6.825103901929934,-3.4739860937107565
2012-05-22,8.180531506849315,6.7739253279924565,-3.344456834841772
2012-05-23,8.182019178082191,7.400311348364778,0.2266694735530299
2012-05-24,8.183484931506849,7.336999722091508,4.515515346401645
2012-05-25,8.185068493150684,8.26541018924992,4.993521317599395
2012-05-26,8.18671506849315,8.43693396866685,4.77435096284
2012-05-27,8.188594520547944,9.658998808849498,0.4504066706025558
2012-05-28,8.190446575342465,11.973274748435026,-4.115721323777493
2012-05-29,8.194180821917808,10.39584756192291,-2.405028383840719
2012-05-30,8.197254794520548,9.516288587563933,0.14145661791551944
2012-05-31,8.200413698630136,8.904502356443455,2.9880839449264087
2012-06-01,8.202961643835616,8.934643627957332,4.4353947282070525
2012-06-02,8.205509589041096,10.530866178010019,3.5926242329488858
2012-06-03,8.208093150684931,10.956606185034957,23.018300664280112
2012-06-04,8.210556164383561,10.505431826060596,26.482012009555845
2012-06-05,8.213079452054794,10.47053172068652,-1.199611172741312
2012-06-06,8.215668493150684,10.192893364522135,-2.177561857672817
2012-06-07,8.21824109589041,10.779224239126984,-1.1284653350173937
2012-06-08,8.220164383561643,12.416004850296636,14.050830766141717
2012-06-09,8.222580821917807,10.470772114083077,12.522647063999115
2012-06-10,8.224956164383562,11.096265826763092,4.119778008853345
2012-06-11,8.23058904109589,11.505619813415707,-1.542208854511598
2012-06-12,8.279517808219177,11.663248264416762,-3.8517660726359377
2012-06-13,8.295731506849314,12.145723642007207,-7.557455148856521
2012-06-14,8.303660273972602,11.588645384191963,-7.783305658164565
2012-06-15,8.3095698630137,11.291264140777843,-3.562834003791542
2012-06-16,8.313024657534246,12.035223606882514,2.527751735583241
2012-06-17,8.25034794520548,13.100672711202852,-0.715020656408333
2012-06-18,8.18687397260274,12.883870041726212,1.5612559856710497
2012-06-19,8.13144383561644,11.686961506425893,5.226594657957671
2012-06-20,8.07344383561644,11.324662033296283,9.392894131087276
2012-06-21,7.997528767123288,10.540313807093263,4.977157425783449
2012-06-22,7.93115890410959,10.035217214188451,3.466623881701958
2012-06-23,7.865517808219179,9.93424004523868,0.27324214654214174
2012-06-24,7.818682191780823,9.816529247908157,-0.08021143968898059
2012-06-25,7.776594520547946,12.900007398593086,0.19139808085896703
2012-06-26,7.745224657534248,10.913703699962952,3.889071642502799
2012-06-27,7.726504109589042,10.071884247908157,2.2736116425028
2012-06-28,7.716630136986302,10.157063220510896,0.7863066425028027
2012-06-29,7.711682191780822,12.014701165716376,-0.5623833574971968
2012-06-30,7.697419178082193,10.63415383694925,1.4074269849685574
2012-07-01,7.680726027397261,10.006386097223224,2.162887875379516
2012-07-02,7.676498630136987,10.888141782154731,38.57035958770828
2012-07-03,7.676246575342466,9.105684795853362,4.035068628804172
2012-07-04,7.6780410958904115,9.207311028730073,-2.130352124620484
2012-07-05,7.67975890410959,7.952552655003343,-2.2253115591129333
2012-07-06,7.674331506849316,7.925656764592385,0.9040117285582996
2012-07-07,7.622715068493152,7.327076926165971,-0.03879199465912375
2012-07-08,7.577304109589042,6.9038262061097715,-1.1421303156988127
2012-07-09,7.547950684931507,6.26082683835424,-1.1057775232857479
2012-07-10,7.527580821917809,5.884137410886731,-1.8287182328045395
2012-07-11,7.516030136986302,6.320840747732532,-2.9168708847188345
2012-07-12,7.510679452054795,7.43471879479962,-4.931398246854416
2012-07-13,7.506326027397261,6.324650933893403,-4.129976961290663
2012-07-14,7.5032575342465755,4.968738534876895,-1.5019960691234697
2012-07-15,7.50209589041096,4.885113877342649,-3.263209767753608
2012-07-16,7.5009287671232885,5.722986163960141,-5.10191493108343
2012-07-17,7.498997260273973,5.177009908252378,-4.932007168526352
2012-07-18,7.4991013698630145,4.636426206109771,-3.987527575972786
2012-07-19,7.5302273972602745,3.992448334666147,-3.4886757319264206
2012-07-20,7.555917808219179,3.6898545868614403,-3.4517723950806194
2012-07-21,7.565958904109589,3.6678314045642852,-3.312790308673874
2012-07-22,7.569024657534247,3.6802502313995507,-4.593274888933799
2012-07-23,7.570887671232877,4.13114640280805,-5.496034074040927
2012-07-24,7.572991780821919,3.334073905442403,-4.267065686264322
2012-07-25,7.57373698630137,2.991736286896565,-3.6014732731979344
2012-07-26,7.575194520547946,2.9441608039320406,-3.7713553244799862
2012-07-27,7.5775369863013715,2.334894699260457,-2.6624316855618284
2012-07-28,7.579498630136987,2.31483779725835,-0.8303364273953369
2012-07-29,7.5819835616438365,3.7990474916735235,-2.9300310533173595
2012-07-30,7.584230136986302,2.364048826411844,-3.3762789633981463
2012-07-31,7.5855589041095906,2.5136675829977237,-3.941226487107314
2012-08-01,7.5871890410958915,2.921965159393931,-4.382154200489823
2012-08-02,7.5852739726027405,1.7372281730925607,-2.2775021456953013
2012-08-03,7.582860273972604,1.9569758373004993,-3.2858361112731034
2012-08-04,7.578353424657535,1.5063648783963894,-3.0297183030539245
2012-08-05,7.575838356164384,1.8695638949049949,-1.5424022510693796
2012-08-06,7.574504109589042,2.6149441548277204,2.8145517355832372
2012-08-07,7.573619178082192,1.9049685313644256,-0.9125877094466173
2012-08-08,7.57274794520548,2.6122580290813207,-3.3010059742868
2012-08-09,7.572120547945206,1.7342658267630913,-3.2173863747082967
2012-08-10,7.571178082191781,0.9894446816981107,-2.0916227638898914
2012-08-11,7.567301369863014,0.9020908355442644,-2.166392205407278
2012-08-12,7.567024657534247,0.886244822196881,-2.4962694797311276
2012-08-13,7.567413698630137,1.259361506425894,-3.1337752050560317
2012-08-14,7.567405479452056,1.1944667400051003,-2.753872219457156
2012-08-15,7.566276712328768,0.6013667048804077,-2.304643417209175
2012-08-16,7.561271232876713,0.7922628060395225,-1.9385340389162355
2012-08-17,7.546630136986302,2.2287738703177107,-3.891404007304012
2012-08-18,7.541150684931507,3.354036954265726,-5.215187639197233
2012-08-19,7.540939726027398,1.2482092057585252,-3.1861489317859233
2012-08-20,7.541317808219179,0.9993504772723991,-2.3056682854915778
2012-08-21,7.5418602739726035,0.7687433820844819,-2.5766036560570855
2012-08-22,7.54195890410959,0.259629297082726,-2.038588201192316
2012-08-23,7.542460273972603,0.1009574319615455,-1.711417705934148
2012-08-24,7.543775342465754,0.6401830027378013,-0.8739583452035553
2012-08-25,7.545161643835616,0.5913782257796,1.0164601303847842
2012-08-26,7.547139726027398,0.525896525744475,-0.03303625177187364
2012-08-27,7.548843835616438,0.17609575300123667,-2.4219395886176747
2012-08-28,7.550712328767124,-0.153389038006842,-2.467323290760282
2012-08-29,7.552378082191781,0.35586252504198124,-2.7252406072337627
2012-08-30,7.554216438356164,-0.03891422241147837,-0.9053022159446854
2012-08-31,7.555780821917809,-0.7042099020742814,-0.5655709198435279
2012-09-01,7.556915068493151,-0.2398114475607586,-0.3771036209323918
2012-09-02,7.55787397260274,-0.8398243734476568,-0.7390495991550835
2012-09-03,7.558649315068493,-0.46818742227097965,-1.6354618927975133
2012-09-04,7.559224657534247,-0.9488720025309024,-1.4163526550033447
2012-09-05,7.560293150684932,-0.7858629403601964,-1.8544302103247354
2012-09-06,7.561813698630138,0.24485486785898164,-3.0006685664891193
2012-09-07,7.563342465753426,-0.014948433862128177,-3.1013940318912976
2012-09-08,7.565216438356165,0.8344826866155677,-4.118699124971733
2012-09-09,7.56701095890411,0.8062904140479524,-4.2633013729520615
2012-09-10,7.568884931506849,-0.6135197018635332,-2.8963652296433158
2012-09-11,7.570698630136986,-0.8763186481227537,-2.623379982014233
2012-09-12,7.572238356164384,-0.5380771307360307,-2.3811612254283534
2012-09-13,7.574717808219178,-0.5926495929769859,-3.1210682152421922
2012-09-14,7.581742465753425,-0.42636782269247625,-3.567374643060949
2012-09-15,7.582024657534246,0.8555477375463716,-5.003572395080617
2012-09-16,7.581027397260274,1.2257669858779492,-5.509794383138224
2012-09-17,7.57994794520548,2.25379157316281,-6.53373951836829
2012-09-18,7.579090410958905,3.456872359955926,-7.902962770914831
2012-09-19,7.578986301369863,4.805581457251325,-6.0725677586211875
2012-09-20,7.5789397260273965,1.7907576427097018,-2.5116973687370985
2012-09-21,7.578290410958903,-0.21786813881470982,-0.9694222721441935
2012-09-22,7.577158904109589,-0.5600064598544008,1.5618475557448126
2012-09-23,7.575356164383562,-0.13804741524604108,-0.08430874913752123
2012-09-24,7.573002739726027,0.7205788580240677,1.1464184022499049
2012-09-25,7.569805479452055,-0.6241622729910359,1.1673567935389808
2012-09-26,7.565775342465753,-0.1704941310872775,34.96471878862152
2012-09-27,7.560832876712329,0.565321464276263,33.533845659011405
2012-09-28,7.554131506849315,-0.6838547914314995,3.522723284582185
2012-09-29,7.546295890410959,-0.822216365017731,0.3319204746067721
2012-09-30,7.53846301369863,-1.115946537128725,1.6844835234300943
2012-10-01,7.53041095890411,-0.8068088483335015,-0.7486021105706085
2012-10-02,7.522117808219178,-0.9873477313682752,-1.6187700768509028
2012-10-03,7.513597260273973,-0.5040292909046292,-2.9055679693693435
2012-10-04,7.504082191780822,0.06496818011749941,-3.7630503718983213
2012-10-05,7.492975342465754,-0.6844379315790233,-3.742537410886731
2012-10-06,7.48148493150685,0.6683882714417001,-5.513873202948551
2012-10-07,7.470142465753425,0.5542709549682197,-5.085413420721645
2012-10-08,7.46162191780822,0.40454169609923435,-4.683163613907454
2012-10-09,7.455145205479452,0.8116482644167619,1.1672065301037855
2012-10-10,7.449545205479453,0.7429811060043977,3.3604736885161506
2012-10-11,7.445728767123288,1.1747488615365362,-1.6864776286598244
2012-10-12,7.445183561643836,0.6746058337880295,-2.813789395431866
2012-10-13,7.4448273972602745,-0.5330746720075444,-2.50175272525273
2012-10-14,7.447016438356165,-1.0708397580630418,-2.2251766802931234
2012-10-15,7.453608219178084,-1.631827956166308,-0.3567802630117758
2012-10-16,7.464778082191781,-1.5952414440482892,-0.6525366381434925
2012-10-17,7.4815369863013705,-1.8444273941712255,-1.2651095921301452
2012-10-18,7.50494794520548,-1.8281763931174846,0.12422844791200505
2012-10-19,7.5263123287671245,-2.183875304252012,-1.9434370245151125
2012-10-20,7.536997260273973,-2.4297708434160445,-2.8482264168579294
2012-10-21,7.5464027397260285,-1.7278406010556653,-3.8455621386703633
2012-10-22,7.554454794520549,-0.927450365720225,-3.4930044288003232
2012-10-23,7.56194794520548,-0.8294849986671863,0.16453705346170644
2012-10-24,7.573093150684932,-1.6844847176696447,1.0213915669847127
2012-10-25,7.587389041095891,-2.101494482334204,0.238105441238313
2012-10-26,7.611150684931507,-2.365311623184222,0.8281609382527146
2012-10-27,7.664665753424658,-2.477579975836136,2.2429142224114775
2012-10-28,7.682106849315069,-2.345209550827355,0.14810270151228622
2012-10-29,7.663323287671234,-0.7437475908695045,-1.5645756968017288
2012-10-30,7.69378904109589,-1.2823447106447066,-1.5904443304511837
2012-10-31,7.734868493150685,-1.3678422167915276,-2.261026276359158
2012-11-01,7.768323287671233,-1.9435487148596695,-0.671774572811564
2012-11-02,7.785367123287671,-2.3033020692678186,-1.0290650540198518
2012-11-03,7.787241095890411,-2.322721458098166,-1.5375196377922449
2012-11-04,7.782287671232877,-1.7834255676872073,-1.7228621035456695
2012-11-05,7.78632602739726,-2.298801542397429,-0.13752448499983183
2012-11-06,7.795005479452055,-2.338684085425177,-0.7263213940268773
2012-11-07,7.801479452054796,-2.533999505165254,-0.9484799468895417
2012-11-08,7.804364383561645,-2.2414702462962697,-1.3648941372653751
2012-11-09,7.81214794520548,-2.1839770253619526,-1.4831709198435274
2012-11-10,7.796621917808219,-2.7666846474202593,-0.8369372703879598
2012-11-11,7.768646575342466,-2.588360516756403,0.759713941413938
2012-11-12,7.749698630136987,-1.9672856309116542,-0.7484129992253326
2012-11-13,7.742126027397261,-2.008954896805578,-1.1701711305916835
2012-11-14,7.746238356164384,-2.6619219498438635,-0.8083164063205208
2012-11-15,7.759942465753426,-2.898953562067257,-0.7249889036861688
2012-11-16,7.791819178082192,-3.1399230035846433,-0.6518961744975487
2012-11-17,7.804049315068493,-3.3360941310872776,-0.5969551839812155
2012-11-18,7.824860273972604,-3.516784612295567,-0.5600756616770366
2012-11-19,7.825189041095891,-3.5870806432052964,-0.5361083978905947
2012-11-20,7.821265753424658,-3.652757144785908,-0.5825086086387499
2012-11-21,7.81506301369863,-3.6451825048140076,-0.7078805088846227
2012-11-22,7.796131506849315,-3.515585806535117,-0.8635457003141984
2012-11-23,7.764506849315069,-3.578732136004734,-0.8527747133103345
2012-11-24,7.726679452054794,-3.5522589361452335,-0.8754205159095614
2012-11-25,7.687846575342466,-3.5584796597139023,-0.793366915628563
2012-11-26,7.6574767123287675,-3.676716259643653,-0.6937604526851144
2012-11-27,7.635402739726027,-3.859165434213376,0.17076269448734882
2012-11-28,7.616038356164383,-3.980515135653488,0.016476779489105198
2012-11-29,7.58892602739726,-3.959714152162093,0.040788124764832734
2012-11-30,7.55434794520548,-3.9901487851090556,-0.16819916009642455
2012-12-01,7.524120547945206,-4.043876568740948,-0.16224397920425826
2012-12-02,7.49598904109589,-4.1491310120145695,-0.08885802908132057
2012-12-03,7.409690410958904,-4.226475655498939,0.05378524454003575
2012-12-04,7.3171917808219185,-4.245750892590614,0.2475591117686955
2012-12-05,7.30878904109589,-4.240996695189842,0.14320765409395175
2012-12-06,7.306249315068493,-4.271360938252715,0.18411162318422125
2012-12-07,7.3006821917808224,-4.170112114929919,-0.17457007685090353
2012-12-08,7.257084931506849,-4.374036877838243,0.2429519463313934
2012-12-09,7.238690410958904,-4.4451302392713306,0.2574398283124264
2012-12-10,7.222405479452055,-4.427773442643302,1.4053679631912468
2012-12-11,7.2136657534246575,-3.6821667689516966,16.50050101552704
2012-12-12,7.212235616438356,-4.134770773166659,4.9525351567283025
2012-12-13,7.2289589041095885,-4.235678395224966,2.037719491115377
2012-12-14,7.274934246575342,-4.381357355534064,1.376423108958721
2012-12-15,7.325967123287671,-4.330535297227073,0.5755681739394025
2012-12-16,7.350358904109589,-3.66584277878661,-0.7705161253229793
2012-12-17,7.410931506849315,-3.824306775976635,-0.9336247308726806
2012-12-18,7.4730410958904105,-4.028131082263955,-0.8309100136264558
2012-12-19,7.525871232876712,-4.030494131087277,-0.9573771017894348
2012-12-20,7.581315068493151,-3.891943867652082,-1.0593712008410687
2012-12-21,7.6439808219178085,-4.0024626593626556,-1.1195181625551536
2012-12-22,7.662232876712329,-3.9912474152460407,-1.1419854614662883
2012-12-23,7.6750630136986295,-4.187782364315237,-0.7632806493833924
2012-12-24,7.678969863013698,-4.269164239973825,-0.7478056230398735
2012-12-25,7.6632931506849316,-4.3168335058677485,-0.6794596448171832
2012-12-26,7.637539726027397,-4.117749979348605,-0.9217897466787921
2012-12-27,7.615260273972602,-4.2888382828259495,-0.7334219911466526
2012-12-28,7.593619178082191,-4.674010745066906,-0.3496084330152849
2012-12-29,7.569556164383561,-4.671347450370734,-0.34520871401282704
2012-12-30,7.545254794520549,-4.653324549071121,-0.40793024544942824
2012-12-31,7.526380821917808,-4.797623249457492,-0.3137575724603163
2013-01-01,7.41414794520548,-4.843358128277302,-0.11678981692817736
2013-01-02,7.412931506849315,-4.928491883106948,-0.07243962374236723
2013-01-03,7.425230136986301,-4.928287878891985,-0.1389422580943167
2013-01-04,7.440627397260274,-4.850736491466624,-0.3018909057936492
2013-01-05,7.45041095890411,-4.290862237866343,-0.8325487210377664
2013-01-06,7.4638109589041095,-4.428815100528795,-0.8029958583753141
2013-01-07,7.487419178082192,-4.6178294314034,-0.6425897466787918
2013-01-08,7.525372602739726,-4.770564942467678,-0.47580766027204735
2013-01-09,7.568043835616438,-4.872420509731464,-0.4386233258849739
2013-01-10,7.594347945205479,-4.709624092450116,-0.6657238527553639
2013-01-11,7.6154821917808215,-4.695508672710039,-0.6529735190707822
2013-01-12,7.633789041095891,-4.881104738744461,-0.5416843023514302
2013-01-13,7.6471260273972606,-4.97155651254144,-0.48356951485582034
2013-01-14,7.664939726027397,-5.011596414192301,-0.5083433118350964
2013-01-15,7.6865726027397265,-4.949678746471893,-0.6138938562678335
2013-01-16,7.71228493150685,-5.0033148546559465,-0.49697007685090266
2013-01-17,7.734465753424658,-4.691527640044074,10.261061886619416
2013-01-18,7.751605479452055,-4.555471791782747,8.124866312330692
2013-01-19,7.768460273972604,-4.608951595084467,2.8754913211118636
2013-01-20,7.785202739726028,-4.9558035796296025,1.4026008399035748
2013-01-21,7.8048821917808215,-5.077918648122754,0.04903645634193232
2013-01-22,7.825438356164383,-4.920008778084116,-0.48942957808026666
2013-01-23,7.840854794520547,-4.770048820233748,-0.7068059742867998
2013-01-24,7.856890410958904,-4.9742438325273906,-0.5316465784315136
2013-01-25,7.872408219178082,-5.0319649424676784,-0.509443276710404
2013-01-26,7.889032876712329,-5.040197397683695,-0.5178354790286335
2013-01-27,7.906572602739726,-5.053829852899712,-0.4097427498400137
2013-01-28,8.036520547945205,-5.10705057646838,-0.6214699714768255
2013-01-29,8.075671232876712,-5.113554194311725,-0.6841170385649864
2013-01-30,8.096394520547946,-5.094958549773614,-0.7504359707743324
2013-01-31,8.112583561643834,-5.136538739446954,-0.5410448221968798
2013-02-01,8.126002739726028,-5.106476217494022,-0.6855265222320064
2013-02-02,8.143147945205481,-5.109231538884959,-0.6619164063205218
2013-02-03,8.159301369863014,-5.143588546261145,-0.5347128236018692
2013-02-04,8.170386301369863,-5.078912325678075,-0.7624739756917878
2013-02-05,8.172802739726027,-4.973080291958371,-0.9907224477676566
2013-02-06,8.18866301369863,-4.87918517429065,-1.0994778394079798
2013-02-07,8.348438356164383,-5.180480643205296,-0.9679577129590866
2013-02-08,8.40628493150685,-4.978482118442388,-1.1918028130644611
2013-02-09,8.429032876712329,-4.998999083668942,-1.2660337930433867
2013-02-10,8.446227397260273,-5.13942612968229,-1.1628012675779829
2013-02-11,8.462454794520548,-5.207620017985767,-1.0058347765347806
2013-02-12,8.47733698630137,-5.142672845523527,-1.1426641407778435
2013-02-13,8.489479452054795,-5.178863783352821,-1.1636156687019739
2013-02-14,8.500161643835618,-5.177917594381974,-1.138244049453644
2013-02-15,8.508375342465753,-5.063111763682993,-1.3262635787827595
2013-02-16,8.516539726027398,-5.087591285987172,-1.341948440040226
2013-02-17,8.524347945205479,-5.229912536426231,-1.1814354087792482
2013-02-18,8.535383561643837,-5.2726325223763535,-1.1657510392674837
2013-02-19,8.545301369863015,-5.268173372393916,-1.1191279974691
2013-02-20,8.551898630136986,-5.256746396629954,-1.2461522335070319
2013-02-21,8.557871232876712,-5.118069052056719,-1.4118021808199925
2013-02-22,8.563591780821918,-5.222948504111514,-1.2886432767104044
2013-02-23,8.568,-5.2823230738340285,-1.282676926165971
2013-02-24,8.568027397260273,-5.27592454907112,-1.0491028481891531
2013-02-25,8.566619178082192,-5.284829150405858,-1.270790027676334
2013-02-26,8.57289315068493,-5.28737077316666,-1.28752237751827
2013-02-27,8.580035616438355,-5.306462729612041,-1.3165728868263145
2013-02-28,8.584454794520548,-5.205065469338068,-1.40638932518248
2013-03-01,8.58435616438356,-5.193543375906385,-1.434812788477176
2013-03-02,8.58557808219178,-5.243241654796445,-1.3133364273953356
2013-03-03,8.584761643835616,-5.084042568038454,-1.475719075797162
2013-03-04,8.584895890410959,-5.229053807940105,-1.4038420824708533
2013-03-05,8.586183561643836,-5.1583109909397535,-1.4818725707040823
2013-03-06,8.588454794520548,-5.19122507594151,-1.4742297185790374
2013-03-07,8.591380821917808,-5.205810534318749,-1.3425702875990586
2013-03-08,8.59407397260274,-5.021683101933783,-1.4813908706689567
2013-03-09,8.597709589041095,-5.183144640395321,-1.2935649486457734
2013-03-10,8.634843835616438,-4.976675234002627,-1.5521686016138112
2013-03-11,8.668616438356164,-5.064484858168416,-1.4911315801877487
2013-03-12,8.677328767123289,-5.0856064598544,-1.4847223072688882
2013-03-13,8.683909589041097,-5.098743375906385,-1.4871662131347119
2013-03-14,8.687608219178081,-5.035867225572701,-1.073740993605381
2013-03-15,8.692613698630137,-4.912216786514042,0.640603087883906
2013-03-16,8.697712328767123,-4.818694131087277,-1.6760181976798467
2013-03-17,8.704087671232877,-4.665782715562163,-2.0513049556707132
2013-03-18,8.711109589041094,-4.699931012014569,-1.9691785770265247
2013-03-19,8.720435616438355,-4.6509270780489915,-2.0965085383893634
2013-03-20,8.732775342465752,-4.63719191823164,-2.1365834242341126
2013-03-21,8.733413698630136,-4.551629150405859,-2.2257845482242775
2013-03-22,8.730805479452055,-4.468462799861426,-2.2913426795906293
2013-03-23,8.728446575342465,-4.547610042573052,-2.143836532769413
2013-03-24,8.719216438356163,-4.395444043275546,-2.2987723950806167
2013-03-25,8.712917808219178,-4.372053175695637,-2.292864632523541
2013-03-26,8.70033698630137,-4.333039406816114,-2.3582975794852548
2013-03-27,8.690879452054794,-4.334229220655244,-2.2926502313995503
2013-03-28,8.588465753424657,-4.34338201306831,-2.2190837403563473
2013-03-29,8.488043835616438,-4.30185043596961,-2.1551933996468273
2013-03-30,8.47258904109589,-4.169860551881096,-2.320728489214794
2013-03-31,8.46729589041096,-3.9009337517405975,-2.585362138670362
2013-04-01,8.459594520547945,-3.61181636501773,-2.846778155530216
2013-04-02,8.457520547945204,-3.636727499545303,-2.792793048399901
2013-04-03,8.457273972602739,-3.6336877383932134,-2.7785862342095253
2013-04-04,8.458391780821916,-3.751478043978039,-2.6409137368438773
2013-04-05,8.460424657534245,-3.692365785460302,-2.697058872073944
2013-04-06,8.46486301369863,-3.5797138009151666,-2.8111492127834627
2013-04-07,8.469909589041094,-3.537783347806631,-2.840126241234463
2013-04-08,8.474169863013698,-3.6093682441887878,-2.72180161882491
2013-04-09,8.477939726027397,-3.589510428944671,-2.7874292970827264
2013-04-10,8.464282191780821,-3.46416206224288,-2.7691201295379413
2013-04-11,8.445361643835616,-3.311106284230938,-2.482255359604678
2013-04-12,8.43939726027397,-3.244348433862128,-1.7560488264118428
2013-04-13,8.43846301369863,-2.975595852197218,-2.062867161501412
2013-04-14,8.44017808219178,-2.6407631159836598,-1.61541496620812
2013-04-15,8.443254794520547,-2.581964380472596,-0.0922904140479508
2013-04-16,8.442961643835616,-2.3740142575361713,1.1830526137005548
2013-04-17,8.447731506849314,-1.708426972674914,2.480695465825601
2013-04-18,8.453191780821916,-1.4544225469636387,4.7232307661417225
2013-04-19,8.453328767123287,-1.4598808539534525,3.767552086830165
2013-04-20,8.459024657534247,-1.2709152761522584,-0.38110938138198813
2013-04-21,8.469728767123286,-0.9407757608730171,-1.1029530062502686
2013-04-22,8.481936986301369,-0.6231576365316049,-1.7947793497697637
2013-04-23,8.49670410958904,0.02735209300826165,-2.6000562025973006
2013-04-24,8.554298630136987,0.18785557035283496,-1.4481542004898227
2013-04-25,8.570810958904108,0.6329583452035549,-0.980769304107662
2013-04-26,8.577780821917807,1.3081709198435265,2.288048258238666
2013-04-27,8.580586301369863,2.3344008460816723,15.022012852548466
2013-04-28,8.578479452054793,2.1017542707392063,9.081766277206
2013-04-29,8.58078904109589,3.1048546571108258,12.310356301793282
2013-04-30,8.582994520547945,4.309413561220415,20.47659191823164
2013-05-01,8.586068493150684,4.10853291492607,27.344398591923248
2013-05-02,8.589838356164382,3.0496698309780546,17.146491812857565
2013-05-03,8.589912328767124,2.6788828973637235,9.29720477386915
2013-05-04,8.593106849315069,2.8937458408129677,3.588147309871963
2013-05-05,8.59886301369863,3.498809065259754,2.151327921041617
2013-05-06,8.601997260273972,4.160799862590277,2.025202877135751
2013-05-07,8.602361643835616,4.789499265470503,1.929139090693881
2013-05-08,8.610610958904108,5.381327013977703,1.0050620271181891
2013-05-09,8.616854794520547,5.204383845730425,2.168761359749028
2013-05-10,8.622172602739726,5.530811032242544,5.263016365017731
2013-05-11,8.63255890410959,5.560187779696003,-0.6917466838055937
2013-05-12,8.638175342465754,6.052165299892701,-3.939340642358456
2013-05-13,8.638687671232876,6.63473979936583,-5.870427470598706
2013-05-14,8.640709589041096,6.534478120405521,-5.230187709446617
2013-05-15,8.643093150684932,6.515019110921855,-1.850112261606787
2013-05-16,8.645673972602738,5.188028664838258,1.6772973625590026
2013-05-17,8.64837808219178,4.778967196626105,6.928654721182117
2013-05-18,8.651194520547946,4.64032076178241,-0.5375152823303564
2013-05-19,8.654079452054795,5.6091405018596845,2.2277800460855204
2013-05-20,8.657309589041096,6.616472921951009,-3.879782510992105
2013-05-21,8.661767123287671,6.825103901929934,-5.388871025217604
2013-05-22,8.66589589041096,6.7739253279924565,-6.093821218403416
2013-05-23,8.669221917808219,7.400311348364778,-7.170533266172998
2013-05-24,8.672920547945207,7.336999722091508,-7.516920270036715
2013-05-25,8.676241095890411,8.26541018924992,-9.30465128514033
2013-05-26,8.678931506849317,8.43693396866685,-9.891865475516166
2013-05-27,8.681123287671234,9.658998808849498,-11.127122096520733
2013-05-28,8.683202739726028,11.973274748435026,-12.665477488161054
2013-05-29,8.683290410958904,10.39584756192291,-9.962137972881813
2013-05-30,8.685123287671233,9.516288587563933,-10.242411875235167
2013-05-31,8.68582191780822,8.904502356443455,-10.118324274251673
2013-06-01,8.686830136986302,8.934643627957332,-7.081473764943635
2013-06-02,8.68769589041096,10.530866178010019,-7.1575620684209795
2013-06-03,8.688912328767124,10.956606185034957,-8.961518513802082
2013-06-04,8.689898630136987,10.505431826060596,-7.759330456197583
2013-06-05,8.690446575342467,10.47053172068652,-4.7439782960289865
2013-06-06,8.691093150684932,10.192893364522135,-3.5799865152070662
2013-06-07,8.691191780821917,10.779224239126984,-3.6334160199489016
2013-06-08,8.69244109589041,12.416004850296636,-2.3344459461870457
2013-06-09,8.693172602739725,10.470772114083077,5.338055283177196
2013-06-10,8.693797260273971,11.096265826763092,-2.293063087037064
2013-06-11,8.691328767123288,11.505619813415707,-5.192948580538996
2013-06-12,8.645219178082192,11.663248264416762,-4.7394674424989525
2013-06-13,8.631841095890412,12.145723642007207,-1.789564737897619
2013-06-14,8.626693150684932,11.588645384191963,8.674661465123105
2013-06-15,8.62353698630137,11.291264140777843,14.750198872920786
2013-06-16,8.622334246575342,12.035223606882514,11.121442146542144
2013-06-17,8.622613698630136,13.100672711202852,21.021713590167003
2013-06-18,8.623572602739728,12.883870041726212,23.79455735553406
2013-06-19,8.624531506849316,11.686961506425893,24.016506986724792
2013-06-20,8.625652054794521,11.324662033296283,29.077685911909192
2013-06-21,8.626397260273974,10.540313807093263,27.22128893263276
2013-06-22,8.627526027397261,10.035217214188451,9.432256758414288
2013-06-23,8.628580821917808,9.93424004523868,4.193179132843513
2013-06-24,8.629008219178083,9.816529247908157,0.5354625329137619
2013-06-25,8.629495890410958,12.900007398593086,-6.383503289004043
2013-06-26,8.630775342465753,10.913703699962952,-6.396479042428705
2013-06-27,8.673126027397261,10.071884247908157,-6.805010275305419
2013-06-28,8.706895890410959,10.157063220510896,-8.102959110921855
2013-06-29,8.710438356164383,12.014701165716376,-10.34413952188076
2013-06-30,8.711424657534247,10.63415383694925,-8.476578494483498
2013-07-01,8.71258904109589,10.006386097223224,-5.7579751383191144
2013-07-02,8.713942465753425,10.888141782154731,-3.432084247908154
2013-07-03,8.71478904109589,9.105684795853362,2.5525261630507483
2013-07-04,8.715668493150684,9.207311028730073,1.3210204781192427
2013-07-05,8.716430136986302,7.952552655003343,2.358017208010356
2013-07-06,8.717347945205479,7.925656764592385,3.431995290202136
2013-07-07,8.717791780821917,7.327076926165971,3.757131293012111
2013-07-08,8.718578082191781,6.9038262061097715,6.333595711698447
2013-07-09,8.71942191780822,6.26082683835424,11.57575124383754
2013-07-10,8.720109589041096,5.884137410886731,12.553753000072177
2013-07-11,8.720898630136986,6.320840747732532,5.479260622130482
2013-07-12,8.721794520547945,7.43471879479962,1.5714866846524362
2013-07-13,8.72248493150685,6.324650933893403,1.3358641345997464
2013-07-14,8.723043835616437,4.968738534876895,2.1462176295066673
2013-07-15,8.723520547945206,4.885113877342649,2.0173655747121444
2013-07-16,8.723917808219177,5.722986163960141,1.5710960278206825
2013-07-17,8.724504109589041,5.177009908252378,3.2274859821585817
2013-07-18,8.72469589041096,4.636426206109771,2.882877903479269
2013-07-19,8.694602739726028,3.992448334666147,1.6029489256078246
2013-07-20,8.66988493150685,3.6898545868614403,1.5862604816317094
2013-07-21,8.659794520547946,3.6678314045642852,1.704374074887769
2013-07-22,8.654180821917809,3.6802502313995507,1.504568946682641
2013-07-23,8.65250684931507,4.13114640280805,0.9253467478768789
2013-07-24,8.652041095890413,3.334073905442403,0.28088499866718397
2013-07-25,8.651641095890412,2.991736286896565,1.1736226172130233
2013-07-26,8.6513698630137,2.9441608039320406,0.8164693330542598
2013-07-27,8.650912328767124,2.334894699260457,2.332192971972419
2013-07-28,8.652197260273972,2.31483779725835,4.498964942467677
2013-07-29,8.651523287671232,3.7990474916735235,43.43142922065524
2013-07-30,8.650991780821919,2.364048826411844,9.846959392766236
2013-07-31,8.650523287671234,2.5136675829977237,2.5578091293310417
2013-08-01,8.650260273972602,2.921965159393931,0.4637745666334663
2013-08-02,8.649449315068493,1.7372281730925607,1.556322511838946
2013-08-03,8.64887397260274,1.9569758373004993,1.9061501900967615
2013-08-04,8.648983561643835,1.5063648783963894,1.7956515599597762
2013-08-05,8.648150684931508,1.8695638949049949,1.4312854201634968
2013-08-06,8.647917808219178,2.6149441548277204,2.6231380369531005
2013-08-07,8.647745205479453,1.9049685313644256,3.8022862631561223
2013-08-08,8.647550684931506,2.6122580290813207,53.94219128598718
2013-08-09,8.647427397260273,1.7342658267630913,16.821306775976634
2013-08-10,8.646942465753426,0.9894446816981107,5.135612852548463
2013-08-11,8.646846575342465,0.9020908355442644,3.030062589113271
2013-08-12,8.646498630136987,0.886244822196881,2.3472565476661327
2013-08-13,8.645767123287673,1.259361506425894,1.2198713702864332
2013-08-14,8.645068493150685,1.1944667400051003,0.6004647668442142
2013-08-15,8.64465205479452,0.6013667048804077,0.515981240325073
2013-08-16,8.64388493150685,0.7922628060395225,-0.02314773754637245
2013-08-17,8.643178082191781,2.2287738703177107,-2.007951952509491
2013-08-18,8.642860273972603,3.354036954265726,-3.46689722823833
2013-08-19,8.642715068493152,1.2482092057585252,-0.2599242742516765
2013-08-20,8.642369863013698,0.9993504772723991,0.21327965971390306
2013-08-21,8.64155890410959,0.7687433820844819,-1.2683022861940731
2013-08-22,8.641216438356166,0.259629297082726,-0.957845735438892
2013-08-23,8.640687671232879,0.1009574319615455,-0.7216451031944248
2013-08-24,8.640175342465755,0.6401830027378013,-0.36135834520355536
2013-08-25,8.639942465753425,0.5913782257796,-0.06832069153302445
2013-08-26,8.638972602739727,0.525896525744475,-1.6388691284842025
2013-08-27,8.63850684931507,0.17609575300123667,-1.221602602316306
2013-08-28,8.638205479452056,-0.153389038006842,-0.947816441445214
2013-08-29,8.637879452054793,0.35586252504198124,-2.1977419770967743
2013-08-30,8.637561643835618,-0.03891422241147837,-2.0246474214241394
2013-08-31,8.638693150684933,-0.7042099020742814,-1.2024832486106514
2013-09-01,8.638098630136987,-0.2398114475607586,-1.7562871825762283
2013-09-02,8.637457534246575,-0.8398243734476568,-1.7696331607989189
2013-09-03,8.636693150684932,-0.46818742227097965,-2.243505728413953
2013-09-04,8.636030136986303,-0.9488720025309024,-1.664158134455401
2013-09-05,8.635638356164385,-0.7858629403601964,-1.8617754158041884
2013-09-06,8.635000000000002,0.24485486785898164,-3.0908548678589836
2013-09-07,8.634364383561643,-0.014948433862128177,-2.8454159496995146
2013-09-08,8.633802739726027,0.8344826866155677,8.366714573658406
2013-09-09,8.633476712328767,0.8062904140479524,6.9972328736232825
2013-09-10,8.63310684931507,-0.6135197018635332,-0.7805871474515365
2013-09-11,8.633038356164384,-0.8763186481227537,-1.2837197080416307
2013-09-12,8.633339726027398,-0.5380771307360307,-2.0922625952913667
2013-09-13,8.632882191780823,-0.5926495929769859,-2.352232598803837
2013-09-14,8.627410958904111,-0.42636782269247625,-2.752043136211635
2013-09-15,8.628375342465755,0.8555477375463716,-3.722923080012127
2013-09-16,8.630972602739726,1.2257669858779492,-3.9967395886176753
2013-09-17,8.633961643835615,2.25379157316281,-4.183753216998426
2013-09-18,8.6371698630137,3.456872359955926,-4.457042222969626
2013-09-19,8.641301369863015,4.805581457251325,-6.90188282711434
2013-09-20,8.6463698630137,1.7907576427097018,-4.5311275057234015
2013-09-21,8.652282191780824,-0.21786813881470982,-2.9044140529661138
2013-09-22,8.656293150684933,-0.5600064598544008,-2.886286690830532
2013-09-23,8.65913698630137,-0.13804741524604108,-3.4670895710553284
2013-09-24,8.661468493150686,0.7205788580240677,-4.534047351174753
2013-09-25,8.663599999999999,-0.6241622729910359,-3.378437727008963
2013-09-26,8.665145205479453,-0.1704941310872775,-3.515651074392175
2013-09-27,8.66671506849315,0.565321464276263,-4.226036532769413
2013-09-28,8.668550684931507,-0.6838547914314995,-3.2326958935000074
2013-09-29,8.67110684931507,-0.822216365017731,-2.7248904842973394
2013-09-30,8.67414794520548,-1.115946537128725,-2.2622014080767547
2013-10-01,8.67806301369863,-0.8068088483335015,-2.6532541653651283
2013-10-02,8.683230136986301,-0.9873477313682752,-2.8698824056180268
2013-10-03,8.689786301369864,-0.5040292909046292,-3.673757010465235
2013-10-04,8.696378082191782,0.06496818011749941,-4.2133462623092806
2013-10-05,8.703986301369863,-0.6844379315790233,-3.3335483697908397
2013-10-06,8.714200000000002,0.6683882714417001,-4.904588271441702
2013-10-07,8.726550684931507,0.5542709549682197,-4.786821639899727
2013-10-08,8.74095890410959,0.40454169609923435,-4.586500600208824
2013-10-09,8.753657534246575,0.8116482644167619,-5.116305798663337
2013-10-10,8.764547945205479,0.7429811060043977,-4.860529051209876
2013-10-11,8.775142465753424,1.1747488615365362,-5.192891327289961
2013-10-12,8.784019178082193,0.6746058337880295,-4.493625011870223
2013-10-13,8.795487671232877,-0.5330746720075444,-3.226412999225333
2013-10-14,8.804657534246575,-1.0708397580630418,-2.4598177761835327
2013-10-15,8.806643835616438,-1.631827956166308,-1.81681587945013
2013-10-16,8.802213698630137,-1.5952414440482892,-0.24897225458184757
2013-10-17,8.791660273972603,-1.8444273941712255,-0.5822328798013774
2013-10-18,8.773465753424658,-1.8281763931174846,-1.094289360307173
2013-10-19,8.75693698630137,-2.183875304252012,-1.095061682049359
2013-10-20,8.750471232876713,-2.4297708434160445,-0.15470038946066778
2013-10-21,8.74593698630137,-1.7278406010556653,-0.5890963852457043
2013-10-22,8.743830136986302,-0.927450365720225,0.7076202287339218
2013-10-23,8.74354794520548,-0.8294849986671863,20.004937053461706
2013-10-24,8.742531506849316,-1.6844847176696447,5.878953210820328
2013-10-25,8.74272602739726,-2.101494482334204,1.6267684549369439
2013-10-26,8.736750684931508,-2.365311623184222,0.7265609382527143
2013-10-27,8.695350684931508,-2.477579975836136,0.44322929090462715
2013-10-28,8.661893150684932,-2.345209550827355,0.011316400142423078
2013-10-29,8.614734246575345,-0.7437475908695045,-1.7109866557058409
2013-10-30,8.542372602739727,-1.2823447106447066,-1.3170278920950207
2013-10-31,8.45154794520548,-1.3678422167915276,-1.601705728413952
2013-11-01,8.393797260273974,-1.9435487148596695,-1.2702485454143049
2013-11-02,8.357443835616438,-2.3033020692678186,-0.4351417663486199
2013-11-03,8.334761643835616,-2.322721458098166,0.015959814262549443
2013-11-04,8.31422191780822,-1.7834255676872073,-1.1107963501210132
2013-11-05,8.293561643835616,-2.298801542397429,-0.5117601014381878
2013-11-06,8.27912876712329,-2.338684085425177,1.8005553183018872
2013-11-07,8.264986301369865,-2.533999505165254,0.8670132037953895
2013-11-08,8.249728767123287,-2.2414702462962697,0.13074147917298307
2013-11-09,8.228386301369863,-2.1839770253619526,1.8915907239920897
2013-11-10,8.223035616438356,-2.7666846474202593,0.7866490309819039
2013-11-11,8.219153424657534,-2.588360516756403,0.4962070920988686
2013-11-12,8.214860273972603,-1.9672856309116542,-0.4755746430609482
2013-11-13,8.20692602739726,-2.008954896805578,-0.7649711305916829
2013-11-14,8.188073972602739,-2.6619219498438635,-0.30815202275887543
2013-11-15,8.161994520547946,-2.898953562067257,-0.14004095848068898
2013-11-16,8.121684931506849,-3.1399230035846433,0.04623807207779418
2013-11-17,8.103775342465754,-3.3360941310872776,0.15631878862152382
2013-11-18,8.07862191780822,-3.516784612295567,0.36516269448734606
2013-11-19,8.070756164383562,-3.5870806432052964,0.845324478821734
2013-11-20,8.070964383561645,-3.652757144785908,0.6747927612242632
2013-11-21,8.099446575342466,-3.6451825048140076,0.2217359294715422
2013-11-22,8.209271232876713,-3.515585806535117,0.07331457365840466
2013-11-23,8.235602739726028,-3.578732136004734,-0.11187060372129398
2013-11-24,8.253257534246575,-3.5522589361452335,-0.4199985981013423
2013-11-25,8.268904109589041,-3.5584796597139023,-0.5744244498751385
2013-11-26,8.282112328767123,-3.676716259643653,-0.5593960691234701
2013-11-27,8.297709589041098,-3.859165434213376,-0.45954415482772193
2013-11-28,8.313498630136987,-3.980515135653488,-0.011983494483499335
2013-11-29,8.327832876712328,-3.959714152162093,-0.4431187245502355
2013-11-30,8.341676712328768,-3.9901487851090556,-0.5875279272197131
2013-12-01,8.347775342465754,-4.043876568740948,-0.6698987737248059
2013-12-02,8.347860273972604,-4.1491310120145695,-0.49672926195803413
2013-12-03,8.352153424657534,-4.226475655498939,-0.5286777691585947
2013-12-04,8.35591506849315,-4.245750892590614,-0.5911641759025361
2013-12-05,8.35525205479452,-4.240996695189842,-0.6672553596046775
2013-12-06,8.355172602739724,-4.271360938252715,-0.8288116644870094
2013-12-07,8.357375342465753,-4.170112114929919,-0.7752632275358335
2013-12-08,8.36024109589041,-4.374036877838243,-0.5932042180521675
2013-12-09,8.361613698630137,-4.4451302392713306,-0.6374834593588066
2013-12-10,8.383334246575343,-4.427773442643302,-0.6565608039320416
2013-12-11,8.405279452054796,-3.6821667689516966,-1.521112683103099
2013-12-12,8.42537808219178,-4.134770773166659,-1.1436073090251213
2013-12-13,8.431054794520549,-4.235678395224966,-1.0433763992955827
2013-12-14,8.403043835616437,-4.381357355534064,-0.9036864800823725
2013-12-15,8.350120547945206,-4.330535297227073,-0.887585250718133
2013-12-16,8.302265753424658,-3.66584277878661,-1.620422974638048
2013-12-17,8.222665753424657,-3.824306775976635,-1.395358977448022
2013-12-18,8.13417808219178,-4.028131082263955,-1.1420469999278255
2013-12-19,8.048150684931507,-4.030494131087277,-1.0706565538442296
2013-12-20,7.948616438356165,-3.891943867652082,-1.1546725707040828
2013-12-21,7.85705205479452,-4.0024626593626556,-0.9205893954318647
2013-12-22,7.81947397260274,-3.9912474152460407,-0.9142265573566997
2013-12-23,7.8048383561643835,-4.187782364315237,-0.7370559918491466
2013-12-24,7.797512328767123,-4.269164239973825,-0.6883480887932985
2013-12-25,7.792758904109589,-4.3168335058677485,-0.3419253982418411
2013-12-26,7.789635616438356,-4.117749979348605,14.38411436291025
2013-12-27,7.788747945205479,-4.2888382828259495,11.41909033762047
2013-12-28,7.794331506849315,-4.674010745066906,0.7426792382175909
2013-12-29,7.8498,-4.671347450370734,-0.26545254962926546
2013-12-30,7.86326301369863,-4.653324549071121,-0.3009384646275093
2013-12-31,7.860076712328768,-4.797623249457492,-0.15345346287127626
2014-01-01,7.8482,-4.843358128277302,-0.24184187172269844
2014-01-02,7.826342465753425,-4.928491883106948,-0.16485058264647723
2014-01-03,7.811372602739726,-4.928287878891985,-0.24708472384774094
2014-01-04,7.7979698630137,-4.850736491466624,-0.3242333715470753
2014-01-05,7.777123287671233,-4.290862237866343,-0.9972610498048899
2014-01-06,7.762739726027397,-4.428815100528795,-0.8149246254986018
2014-01-07,7.750597260273972,-4.6178294314034,-0.5977678288705723
2014-01-08,7.713156164383562,-4.770564942467678,-0.4125912219158847
2014-01-09,7.66866301369863,-4.872420509731464,-0.2512425039671662
2014-01-10,7.649246575342466,-4.709624092450116,-0.3936224828923498
2014-01-11,7.634312328767123,-4.695508672710039,-0.41980365605708414
2014-01-12,7.6230164383561645,-4.881104738744461,-0.32691169961170363
2014-01-13,7.611630136986301,-4.97155651254144,-0.2740736244448616
2014-01-14,7.6000356164383565,-5.011596414192301,-0.2984392022460556
2014-01-15,7.587172602739727,-4.949678746471893,-0.30049385626783476
2014-01-16,7.570523287671234,-5.0033148546559465,-0.28520843301528753
2014-01-17,7.555323287671233,-4.691527640044074,-0.5437956476271593
2014-01-18,7.548180821917809,-4.555471791782747,-0.6937090301350626
2014-01-19,7.552457534246576,-4.608951595084467,-0.5915059391621087
2014-01-20,7.561643835616439,-4.9558035796296025,-0.42284025598683694
2014-01-21,7.560591780821919,-5.077918648122754,-0.31767313269916464
2014-01-22,7.555479452054795,-4.920008778084116,-0.3894706739706786
2014-01-23,7.552630136986302,-4.770048820233748,-0.5645813167525544
2014-01-24,7.544687671232877,-4.9742438325273906,-0.31844383870548665
2014-01-25,7.5379150684931515,-5.0319649424676784,-0.3419501260254725
2014-01-26,7.527531506849316,-5.040197397683695,0.3126658908343787
2014-01-27,7.511019178082192,-5.053829852899712,-0.2601893251824796
2014-01-28,7.423295890410959,-5.10705057646838,-0.20224531394257905
2014-01-29,7.400317808219178,-5.113554194311725,-0.1797636139074532
2014-01-30,7.398243835616439,-5.094958549773614,-0.1482852858428254
2014-01-31,7.395342465753425,-5.136538739446954,-0.11980372630647107
2014-02-01,7.396901369863014,-5.106476217494022,-0.16642515236899236
2014-02-02,7.399728767123288,-5.109231538884959,0.12150277176167101
2014-02-03,7.396104109589041,-5.143588546261145,-0.07551556332789655
2014-02-04,7.392942465753425,-5.078912325678075,-0.07003014007535047
2014-02-05,7.380356164383562,-4.973080291958371,-0.2612758724251911
2014-02-06,7.366884931506849,-4.87918517429065,-0.34869975721619983
2014-02-07,7.215,-5.180480643205296,0.12048064320529583
2014-02-08,7.169079452054795,-4.978482118442388,-0.13159733361240722
2014-02-09,7.153972602739727,-4.998999083668942,-0.025973519070784157
2014-02-10,7.147435616438356,-5.13942612968229,0.008990513243933407
2014-02-11,7.13928493150685,-5.207620017985767,0.050335086478916935
2014-02-12,7.1462958904109595,-5.142672845523527,-0.06662304488743231
2014-02-13,7.144501369863014,-5.178863783352821,0.029362413489806727
2014-02-14,7.1395561643835626,-5.177917594381974,-0.057638570001588896
2014-02-15,7.133649315068494,-5.063111763682993,-0.2095375513855009
2014-02-16,7.128041095890412,-5.087591285987172,-0.06944980990323923
2014-02-17,7.124972602739726,-5.229912536426231,0.1649399336865054
2014-02-18,7.119764383561645,-5.2726325223763535,0.12386813881470893
2014-02-19,7.113498630136987,-5.268173372393916,0.016674742256928887
2014-02-20,7.110523287671233,-5.256746396629954,0.07022310895872064
2014-02-21,7.10734794520548,-5.118069052056719,-0.15427889314876087
2014-02-22,7.103131506849316,-5.222948504111514,-0.015183002737801488
2014-02-23,7.095928767123288,-5.2823230738340285,0.10439430671074046
2014-02-24,7.087413698630137,-5.27592454907112,0.0775108504409836
2014-02-25,7.0975972602739725,-5.284829150405858,0.02823189013188543
2014-02-26,7.09781095890411,-5.28737077316666,0.07755981426254976
2014-02-27,7.096728767123288,-5.306462729612041,0.047733962488752724
2014-02-28,7.097649315068493,-5.205065469338068,-0.03558384573042428
2014-03-01,7.106441095890411,-5.193543375906385,0.4561022800159744
2014-03-02,7.111016438356164,-5.243241654796445,-0.05577478355971888
2014-03-03,7.123961643835617,-5.084042568038454,-0.2489190757971631
2014-03-04,7.130221917808219,-5.229053807940105,-0.22816810986811387
2014-03-05,7.133980821917808,-5.1583109909397535,-0.2716698309780545
2014-03-06,7.136616438356165,-5.19122507594151,-0.16539136241465435
2014-03-07,7.140008219178083,-5.205810534318749,-0.12419768485933425
2014-03-08,7.143120547945205,-5.021683101933783,-0.2624374460114227
2014-03-09,7.145430136986302,-5.183144640395321,-0.04628549659098091
2014-03-10,7.114523287671233,-4.976675234002627,-0.15084805366860543
2014-03-11,7.08866301369863,-5.064484858168416,-0.04617815553021476
2014-03-12,7.086827397260274,-5.0856064598544,0.08077906259412604
2014-03-13,7.085443835616438,-5.098743375906385,0.22129954028994714
2014-03-14,7.085260273972603,-5.035867225572701,0.3616069516000975
2014-03-15,7.085019178082192,-4.912216786514042,0.25119760843185013
2014-03-16,7.084835616438356,-4.818694131087277,0.2888585146489202
2014-03-17,7.08433698630137,-4.665782715562163,0.516445729260794
2014-03-18,7.086841095890412,-4.699931012014569,0.7460899161241574
2014-03-19,7.083961643835617,-4.6509270780489915,0.7109654342133744
2014-03-20,7.07845205479452,-4.63719191823164,1.0257398634371193
2014-03-21,7.076443835616438,-4.551629150405859,1.281185314789421
2014-03-22,7.075701369863014,-4.468462799861426,1.5217614299984117
2014-03-23,7.075810958904109,-4.547610042573052,0.9727990836689435
2014-03-24,7.07753698630137,-4.395444043275546,0.38090705697417704
2014-03-25,7.077430136986301,-4.372053175695637,0.19362303870933584
2014-03-26,7.077156164383561,-4.333039406816114,0.042883242432552926
2014-03-27,7.077068493150685,-4.334229220655244,-0.11483927249544124
2014-03-28,7.0756712328767115,-4.34338201306831,-0.13328921980840125
2014-03-29,7.073758904109589,-4.30185043596961,-0.07090846813997853
2014-03-30,7.07251506849315,-4.169860551881096,0.012345483387946388
2014-03-31,7.069690410958904,-3.9009337517405975,-0.0777566592183061
2014-04-01,7.06653698630137,-3.61181636501773,-0.0247206212836395
2014-04-02,7.063706849315068,-3.636727499545303,0.4870206502302352
2014-04-03,7.061317808219178,-3.6336877383932134,1.0103699301740354
2014-04-04,7.059104109589041,-3.751478043978039,1.164373934388998
2014-04-05,7.056449315068493,-3.692365785460302,1.4839164703918089
2014-04-06,7.055589041095891,-3.5797138009151666,2.3261247598192756
2014-04-07,7.055443835616439,-3.537783347806631,3.082339512190192
2014-04-08,7.055643835616438,-3.6093682441887878,3.9557244085723497
2014-04-09,7.059161643835616,-3.589510428944671,3.2663487851090545
2014-04-10,7.062745205479452,-3.46416206224288,2.607416856763429
2014-04-11,7.071334246575343,-3.311106284230938,2.7587720376555955
2014-04-12,7.074756164383562,-3.244348433862128,2.8485922694785666
2014-04-13,7.078380821917808,-2.975595852197218,3.4832150302794105
2014-04-14,7.1014986301369865,-2.6407631159836598,3.070264485846673
2014-04-15,7.117413698630138,-2.581964380472596,1.9585506818424578
2014-04-16,7.120841095890411,-2.3740142575361713,0.8881731616457604
2014-04-17,7.119189041095891,-1.708426972674914,-0.04276206842097641
2014-04-18,7.120668493150685,-1.4544225469636387,-0.5852459461870458
2014-04-19,7.120441095890412,-1.4598808539534525,-0.9325602419369594
2014-04-20,7.119564383561645,-1.2709152761522584,-1.4016491074093866
2014-04-21,7.115731506849315,-0.9407757608730171,-1.403955745976298
2014-04-22,7.117739726027398,-0.6231576365316049,-1.1995820894957927
2014-04-23,7.11168493150685,0.02735209300826165,-1.3180370245151116
2014-04-24,7.051646575342466,0.18785557035283496,-0.3165021456953009
2014-04-25,7.0316465753424655,0.6329583452035549,0.6293950794539801
2014-04-26,7.024671232876711,1.3081709198435265,1.6601578472797625
2014-04-27,7.022728767123287,2.3344008460816723,1.4688703867950408
2014-04-28,7.020084931506849,2.1017542707392063,-1.5718392022460557
2014-04-29,7.017095890410959,3.1048546571108258,-3.338950547521784
2014-04-30,7.013734246575343,4.309413561220415,-4.366147807795758
2014-05-01,7.010482191780822,4.10853291492607,-4.231015106706892
2014-05-02,7.00828493150685,3.0496698309780546,-2.3509547624849048
2014-05-03,7.006630136986301,2.6788828973637235,-2.3885130343500247
2014-05-04,7.003476712328768,2.8937458408129677,-3.101222553141735
2014-05-05,6.999397260273973,3.498809065259754,-3.7462063255337275
2014-05-06,7.025580821917808,4.160799862590277,-3.9393806845080857
2014-05-07,7.057090410958904,4.789499265470503,-1.7935896764294057
2014-05-08,7.060832876712329,5.381327013977703,-2.6071598906900313
2014-05-09,7.062950684931506,5.204383845730425,-1.8463345306619319
2014-05-10,7.064282191780822,5.530811032242544,-0.9690932240233661
2014-05-11,7.062810958904109,5.560187779696003,-1.0749987386001116
2014-05-12,7.07806301369863,6.052165299892701,-3.7962283135913317
2014-05-13,7.1071260273972605,6.63473979936583,-5.90586582676309
2014-05-14,7.1546739726027395,6.534478120405521,-6.64015209300826
2014-05-15,7.176156164383562,6.515019110921855,-7.264175275305417
2014-05-16,7.189060273972602,5.188028664838258,-6.385088938810861
2014-05-17,7.207939726027398,4.778967196626105,-6.343906922653503
2014-05-18,7.221643835616438,4.64032076178241,-5.644964597398848
2014-05-19,7.231112328767122,5.6091405018596845,-5.530252830626807
2014-05-20,7.2379561643835615,6.616472921951009,-5.331429086334571
2014-05-21,7.241438356164384,6.825103901929934,-3.892542258094318
2014-05-22,7.244101369863014,6.7739253279924565,5.723973302144531
2014-05-23,7.247457534246575,7.400311348364778,34.33723111738864
2014-05-24,7.250158904109588,7.336999722091508,3.5168413737989033
2014-05-25,7.253813698630136,8.26541018924992,-1.4382238878800564
2014-05-26,7.259556164383561,8.43693396866685,-2.76149013305041
2014-05-27,7.266736986301369,9.658998808849498,-4.891735795150867
2014-05-28,7.275301369863014,11.973274748435026,-5.56457611829804
2014-05-29,7.2828767123287665,10.39584756192291,-2.7987242742516756
2014-05-30,7.288731506849315,9.516288587563933,-3.614020094413247
2014-05-31,7.296501369863012,8.904502356443455,-3.676003726306467
2014-06-01,7.306364383561643,8.934643627957332,-3.475008011518975
2014-06-02,7.31952602739726,10.530866178010019,-5.7583922054072785
2014-06-03,7.327432876712328,10.956606185034957,-6.033039061747285
2014-06-04,7.3339260273972595,10.505431826060596,-5.030357853457856
2014-06-05,7.339767123287672,10.47053172068652,-3.6352988439741907
2014-06-06,7.344983561643835,10.192893364522135,-2.262876926165969
2014-06-07,7.350172602739725,10.779224239126984,-1.4883968418667113
2014-06-08,7.354394520547945,12.416004850296636,0.049600629155419185
2014-06-09,7.358232876712329,10.470772114083077,7.173995009204594
2014-06-10,7.361241095890411,11.096265826763092,6.967493077346498
2014-06-11,7.363986301369863,11.505619813415707,4.144393885214429
2014-06-12,7.367205479452054,11.663248264416762,3.874546256131186
2014-06-13,7.369953424657534,12.145723642007207,1.5443229333352573
2014-06-14,7.372643835616438,11.588645384191963,-0.29528921980840117
2014-06-15,7.375427397260274,11.291264140777843,-3.3186915380381157
2014-06-16,7.378128767123288,12.035223606882514,-5.101352374005803
2014-06-17,7.380873972602739,13.100672711202852,-6.790546683805591
2014-06-18,7.383408219178082,12.883870041726212,-7.263278260904294
2014-06-19,7.3870356164383555,11.686961506425893,-6.145997122864248
2014-06-20,7.39145205479452,11.324662033296283,-6.018114088090803
2014-06-21,7.394775342465753,10.540313807093263,-4.968089149559015
2014-06-22,7.397276712328767,10.035217214188451,-3.053493926517219
2014-06-23,7.399547945205479,9.93424004523868,0.08021200955584185
2014-06-24,7.401780821917808,9.816529247908157,-0.9113100698259657
2014-06-25,7.403657534246575,12.900007398593086,-6.892664932839661
2014-06-26,7.404304109589041,10.913703699962952,-6.310007809551993
2014-06-27,7.364123287671232,10.071884247908157,-5.820007535579389
2014-06-28,7.332298630136986,10.157063220510896,-4.690361850647882
2014-06-29,7.332336986301369,12.014701165716376,11.279961847982255
2014-06-30,7.335673972602739,10.63415383694925,-2.186827809551991
2014-07-01,7.339013698630136,10.006386097223224,-5.5473997958533605
2014-07-02,7.341279452054795,10.888141782154731,-6.394421234209525
2014-07-03,7.3425232876712325,9.105684795853362,-4.053208083524595
2014-07-04,7.343860273972602,9.207311028730073,-2.771171302702676
2014-07-05,7.3453698630136985,7.952552655003343,-1.1629225180170417
2014-07-06,7.347901369863013,7.925656764592385,-2.807558134455399
2014-07-07,7.349539726027397,7.327076926165971,-0.12461665219336915
2014-07-08,7.350753424657535,6.9038262061097715,3.2694203692326944
2014-07-09,7.35145205479452,6.26082683835424,-0.7222788931487596
2014-07-10,7.352169863013698,5.884137410886731,-2.3183072739004293
2014-07-11,7.353049315068493,6.320840747732532,-0.23989006280102565
2014-07-12,7.36021095890411,7.43471879479962,-2.517929753703731
2014-07-13,7.363701369863014,6.324650933893403,-1.4283523037564168
2014-07-14,7.366347945205479,4.968738534876895,-0.6530864800823739
2014-07-15,7.368224657534246,4.885113877342649,-0.8593385348768949
2014-07-16,7.370276712328766,5.722986163960141,-1.770262876288907
2014-07-17,7.371709589041096,5.177009908252378,-1.4967194972934745
2014-07-18,7.373435616438356,4.636426206109771,-1.3138618225481276
2014-07-19,7.375668493150685,3.992448334666147,0.3148831721831682
2014-07-20,7.3776602739726025,3.6898545868614403,4.439485139165956
2014-07-21,7.378876712328767,3.6678314045642852,6.338291883106949
2014-07-22,7.380421917808219,3.6802502313995507,2.3943278507922305
2014-07-23,7.381808219178081,4.13114640280805,0.33004537801386835
2014-07-24,7.383002739726027,3.334073905442403,0.50992335483157
2014-07-25,7.383961643835616,2.991736286896565,-0.457697930732182
2014-07-26,7.3846849315068495,2.9441608039320406,-0.38884573543889056
2014-07-27,7.385747945205479,2.334894699260457,-0.19264264446593504
2014-07-28,7.384898630136986,2.31483779725835,-0.26073642739533565
2014-07-29,7.3870575342465745,3.7990474916735235,12.676894974079904
2014-07-30,7.388216438356164,2.364048826411844,2.7227347352319917
2014-07-31,7.389279452054794,2.5136675829977237,3.0620529649474824
2014-08-01,7.390273972602739,2.921965159393931,0.6647608680033299
2014-08-02,7.391276712328767,1.7372281730925607,3.3834951145786727
2014-08-03,7.391802739726027,1.9569758373004993,4.195221422973474
2014-08-04,7.392172602739725,1.5063648783963894,1.7294625188638855
2014-08-05,7.39266301369863,1.8695638949049949,1.5327730913963746
2014-08-06,7.392857534246575,2.6149441548277204,-0.7158016890742958
2014-08-07,7.393123287671234,1.9049685313644256,0.13990818096434143
2014-08-08,7.393375342465754,2.6122580290813207,-0.24163337154707554
2014-08-09,7.393520547945205,1.7342658267630913,1.3142136252917036
2014-08-10,7.393961643835617,0.9894446816981107,0.8745936744662716
2014-08-11,7.397219178082192,0.9020908355442644,1.893689986373543
2014-08-12,7.397717808219178,0.886244822196881,0.6210373695839404
2014-08-13,7.398356164383562,1.259361506425894,5.026282329190543
2014-08-14,7.399035616438356,1.1944667400051003,1.1914976435565439
2014-08-15,7.399350684931506,0.6013667048804077,-0.04371738981191409
2014-08-16,7.399860273972602,0.7922628060395225,-0.9351230800121251
2014-08-17,7.400621917808219,2.2287738703177107,-2.8123957881259294
2014-08-18,7.4011506849315065,3.354036954265726,-3.345187639197232
2014-08-19,7.401391780821918,1.2482092057585252,-0.9196009865804424
2014-08-20,7.401657534246575,0.9993504772723991,-0.8330080115189746
2014-08-21,7.40225205479452,0.7687433820844819,-1.1149954368790018
2014-08-22,7.4026712328767115,0.259629297082726,-0.8783005299594376
2014-08-23,7.403202739726027,0.1009574319615455,-1.023160171687573
2014-08-24,7.407950684931507,0.6401830027378013,-1.7581336876693079
2014-08-25,7.408356164383561,0.5913782257796,-1.9447343901631617
2014-08-26,7.408287671232877,0.525896525744475,3.3088158030226484
2014-08-27,7.408358904109589,0.17609575300123667,0.08654534288917484
2014-08-28,7.4085315068493145,-0.153389038006842,-0.11314246884247214
2014-08-29,7.408619178082192,0.35586252504198124,-0.632481703124174
2014-08-30,7.408772602739726,-0.03891422241147837,2.413141619671752
2014-08-31,7.407479452054794,-0.7042099020742814,1.6987304500194866
2014-09-01,7.407906849315069,-0.2398114475607586,4.198904598245691
2014-09-02,7.408432876712329,-0.8398243734476568,1.7443914967353287
2014-09-03,7.408734246575342,-0.46818742227097965,0.35645317569563706
2014-09-04,7.409794520547945,-0.9488720025309024,0.5240774819829578
2014-09-05,7.410150684931507,-0.7858629403601964,0.6017122554286896
2014-09-06,7.410410958904109,0.24485486785898164,-0.7302658267630906
2014-09-07,7.410657534246575,-0.014948433862128177,-0.7787091003844464
2014-09-08,7.410709589041096,0.8344826866155677,-1.691192275656663
2014-09-09,7.410665753424658,0.8062904140479524,-1.21895616747261
2014-09-10,7.410624657534246,-0.6135197018635332,-0.22810495567071287
2014-09-11,7.410246575342466,-0.8763186481227537,-0.5659279272197123
2014-09-12,7.409504109589041,-0.5380771307360307,-0.9354269788530104
2014-09-13,7.408282191780822,-0.5926495929769859,-1.2156325988038366
2014-09-14,7.406838356164384,-0.42636782269247625,-1.5984705334719078
2014-09-15,7.405065753424658,0.8555477375463716,-2.68161349097103
2014-09-16,7.402375342465754,1.2257669858779492,-1.8541423283437029
2014-09-17,7.3994547945205476,2.25379157316281,-4.000246367683358
2014-09-18,7.396726027397261,3.456872359955926,-5.227598387353186
2014-09-19,7.393495890410959,4.805581457251325,-6.3870773476622835
2014-09-20,7.389446575342465,1.7907576427097018,-3.5452042180521666
2014-09-21,7.384156164383562,-0.21786813881470982,-1.5962880255688516
2014-09-22,7.380747945205479,-0.5600064598544008,-0.9807414853510781
2014-09-23,7.378720547945205,-0.13804741524604108,-2.2256731326991646
2014-09-24,7.377424657534246,0.7205788580240677,-3.3500035155583134
2014-09-25,7.37658904109589,-0.6241622729910359,-2.1234267681048546
2014-09-26,7.375646575342466,-0.1704941310872775,-2.736152444255188
2014-09-27,7.375,0.565321464276263,-3.632321464276263
2014-09-28,7.374912328767124,-0.6838547914314995,-2.393057537335624
2014-09-29,7.37738904109589,-0.822216365017731,-2.4621726760781595
2014-09-30,7.380558904109589,-1.115946537128725,-2.1196123669808644
2014-10-01,7.381490410958904,-0.8068088483335015,-2.3896815626254027
2014-10-02,7.379791780821918,-0.9873477313682752,-2.4384440494536426
2014-10-03,7.375967123287671,-0.5040292909046292,-3.1679378323830414
2014-10-04,7.371419178082192,0.06496818011749941,-3.8573873581996914
2014-10-05,7.365073972602739,-0.6844379315790233,-2.3086360410237163
2014-10-06,7.355947945205479,0.6683882714417001,-3.599336216647179
2014-10-07,7.344802739726028,0.5542709549682197,-3.3320736946942473
2014-10-08,7.331547945205479,0.40454169609923435,-1.8930896413047131
2014-10-09,7.321038356164383,0.8116482644167619,-2.375686620581145
2014-10-10,7.313879452054794,0.7429811060043977,-0.2748605580591913
2014-10-11,7.308208219178082,1.1747488615365362,-2.4769570807146186
2014-10-12,7.303035616438356,0.6746058337880295,-1.689641450226385
2014-10-13,7.297060273972603,-0.5330746720075444,6.710014398034942
2014-10-14,7.291923287671232,-1.0708397580630418,4.86191647039181
2014-10-15,7.2897698630136984,-1.631827956166308,0.9510580931526096
2014-10-16,7.2912191780821916,-1.5952414440482892,0.659022265966098
2014-10-17,7.296301369863014,-1.8444273941712255,1.453126024308212
2014-10-18,7.3018,-1.8281763931174846,0.2943763931174843
2014-10-19,7.30552602739726,-2.183875304252012,0.03634927685475242
2014-10-20,7.31078904109589,-2.4297708434160445,-0.11401819767984511
2014-10-21,7.316586301369862,-1.7278406010556653,1.5732542996858028
2014-10-22,7.322958904109589,-0.927450365720225,-0.08150853838936378
2014-10-23,7.329887671232877,-0.8294849986671863,-0.4954026725656905
2014-10-24,7.334353424657534,-1.6844847176696447,-0.012868706987889889
2014-10-25,7.3381698630136984,-2.101494482334204,0.48532461932050586
2014-10-26,7.339249315068493,-2.365311623184222,1.4150623081157296
2014-10-27,7.342794520547945,-2.477579975836136,0.8307854552881908
2014-10-28,7.349194520547945,-2.345209550827355,0.23301503027941006
2014-10-29,7.351794520547944,-0.7437475908695045,-1.67504692967844
2014-10-30,7.352783561643835,-1.2823447106447066,-1.3144388509991283
2014-10-31,7.358789041095889,-1.3678422167915276,-1.3109468243043618
2014-11-01,7.372638356164384,-1.9435487148596695,-0.8530896413047144
2014-11-02,7.397695890410958,-2.3033020692678186,-0.6263938211431395
2014-11-03,7.428671232876711,-2.322721458098166,-0.5669497747785455
2014-11-04,7.46545205479452,-1.7834255676872073,9.294973512892687
2014-11-05,7.502679452054794,-2.298801542397429,11.780122090342637
2014-11-06,7.5152,-2.338684085425177,3.930484085425176
2014-11-07,7.530221917808219,-2.533999505165254,2.374777587357036
2014-11-08,7.5442465753424655,-2.2414702462962697,1.3222236709538042
2014-11-09,7.549912328767123,-2.1839770253619526,2.03306469659483
2014-11-10,7.5540739726027395,-2.7666846474202593,7.02261067481752
2014-11-11,7.569627397260273,-2.588360516756403,11.753733119496129
2014-11-12,7.603120547945205,-1.9672856309116542,17.491165082966447
2014-11-13,7.645901369863013,-2.008954896805578,7.637053526942564
2014-11-14,7.679358904109588,-2.6619219498438635,4.910563045734277
2014-11-15,7.702027397260274,-2.898953562067257,7.210926164806983
2014-11-16,7.730095890410959,-3.1399230035846433,5.439827113173684
2014-11-17,7.761756164383561,-3.3360941310872776,3.9543379667037173
2014-11-18,7.800602739726027,-3.516784612295567,3.14118187256954
2014-11-19,7.827684931506849,-3.5870806432052964,2.359395711698447
2014-11-20,7.839356164383561,-3.652757144785908,1.878400980402347
2014-11-21,7.819723287671232,-3.6451825048140076,1.726459217142775
2014-11-22,7.7159068493150675,-3.515585806535117,1.5526789572200497
2014-11-23,7.695301369863013,-3.578732136004734,1.762430766141721
2014-11-24,7.687621917808219,-3.5522589361452335,2.2416370183370145
2014-11-25,7.685175342465753,-3.5584796597139023,2.6303043172481493
2014-11-26,7.683931506849315,-3.676716259643653,3.164784752794338
2014-11-27,7.677747945205478,-3.859165434213376,2.925417489007897
2014-11-28,7.671243835616437,-3.980515135653488,2.7672713000370512
2014-11-29,7.676569863013698,-3.959714152162093,3.0441442891483956
2014-11-30,7.685213698630136,-3.9901487851090556,3.6689350864789194
2014-12-01,7.701079452054794,-4.043876568740948,4.780797116686155
2014-12-02,7.723635616438355,-4.1491310120145695,3.0134953955762143
2014-12-03,7.7494,-4.226475655498939,2.4440756554989393
2014-12-04,7.796238356164384,-4.245750892590614,2.10051253642623
2014-12-05,7.8505232876712325,-4.240996695189842,1.7414734075186091
2014-12-06,7.904687671232876,-4.271360938252715,1.5156732670198387
2014-12-07,7.958953424657533,-4.170112114929919,1.1641586902723864
2014-12-08,7.993843835616437,-4.374036877838243,1.1741930422218054
2014-12-09,7.990849315068493,-4.4451302392713306,0.8312809242028374
2014-12-10,7.973443835616438,-4.427773442643302,0.755329607026864
2014-12-11,7.964027397260272,-3.6821667689516966,0.09513937169142395
2014-12-12,7.9617205479452045,-4.134770773166659,0.3230502252214551
2014-12-13,8.003150684931507,-4.235678395224966,0.3665277102934592
2014-12-14,8.078621917808219,-4.381357355534064,0.43673543772584544
2014-12-15,8.110668493150683,-4.330535297227073,0.33786680407639036
2014-12-16,8.132512328767124,-3.66584277878661,-0.4486695499805142
2014-12-17,8.152558904109588,-3.824306775976635,-0.4002521281329532
2014-12-18,8.168972602739725,-4.028131082263955,0.14715847952423022
2014-12-19,8.203350684931507,-4.030494131087277,0.3861434461557698
2014-12-20,8.219717808219178,-3.891943867652082,-0.21277394056709564
2014-12-21,8.226887671232877,-4.0024626593626556,-0.3774250118702218
2014-12-22,8.229057534246575,-3.9912474152460407,-0.49481011900053407
2014-12-23,8.229476712328767,-4.187782364315237,-0.3466943480135294
2014-12-24,8.2266,-4.269164239973825,-0.43243576002617434
2014-12-25,8.230353424657533,-4.3168335058677485,-0.5435199187897846
2014-12-26,8.239205479452055,-4.117749979348605,-0.7314555001034497
2014-12-27,8.252334246575343,-4.2888382828259495,-0.6604959637493932
2014-12-28,8.263246575342466,-4.674010745066906,0.28776416972443997
2014-12-29,8.224380821917809,-4.671347450370734,0.5779666284529261
2014-12-30,8.22670410958904,-4.653324549071121,0.5546204394820808
2014-12-31,8.245142465753425,-4.797623249457492,0.2884807837040677
2015-01-01,8.266868493150685,-4.843358128277302,-0.2065103648733828
2015-01-02,8.287460273972602,-4.928491883106948,-0.13796839086565438
2015-01-03,8.304178082191779,-4.928287878891985,-0.18889020329979456
2015-01-04,8.31687123287671,-4.850736491466624,0.08086525858991411
2015-01-05,8.332572602739724,-4.290862237866343,-0.9547103648733808
2015-01-06,8.344150684931506,-4.428815100528795,-0.9533355844027112
2015-01-07,8.34414794520548,-4.6178294314034,-0.93631851380208
2015-01-08,8.346424657534246,-4.770564942467678,-0.7838597150665683
2015-01-09,8.34957808219178,-4.872420509731464,-0.611157572460316
2015-01-10,8.345380821917809,-4.709624092450116,1.524243270532307
2015-01-11,8.3438,-4.695508672710039,0.1447086727100393
2015-01-12,8.342054794520548,-4.881104738744461,-0.07995005577608705
2015-01-13,8.340909589041097,-4.97155651254144,-0.3183530764996565
2015-01-14,8.339967123287671,-5.011596414192301,-0.28937070909537077
2015-01-15,8.340775342465754,-4.949678746471893,-0.531096595993862
2015-01-16,8.345405479452056,-5.0033148546559465,-0.4300906247961098
2015-01-17,8.346531506849315,-4.691527640044074,-0.5200038668052409
2015-01-18,8.345627397260273,-4.555471791782747,-0.7641556054775265
2015-01-19,8.332978082191783,-4.608951595084467,-0.9280264871073163
2015-01-20,8.313887671232877,-4.9558035796296025,-0.6110840916032743
2015-01-21,8.30548493150685,-5.077918648122754,-0.5565662833840967
2015-01-22,8.29811506849315,-4.920008778084116,-0.6961062904090332
2015-01-23,8.294243835616438,-4.770048820233748,-0.9561950153826908
2015-01-24,8.296364383561643,-4.9742438325273906,-0.8061205510342528
2015-01-25,8.292021917808219,-5.0319649424676784,-0.7080569753405408
2015-01-26,8.291419178082192,-5.040197397683695,-0.7612217803984969
2015-01-27,8.288668493150684,-5.053829852899712,-0.2498386402509727
2015-01-28,8.248419178082191,-5.10705057646838,-0.6043686016138112
2015-01-29,8.237871232876712,-5.113554194311725,-0.6293170385649871
2015-01-30,8.223953424657534,-5.094958549773614,-0.6109948748839198
2015-01-31,8.217997260273972,-5.136538739446954,-0.5764585208270177
2015-02-01,8.204772602739727,-5.106476217494022,-0.7822963852457052
2015-02-02,8.189227397260275,-5.109231538884959,-0.5329958583753154
2015-02-03,8.183657534246574,-5.143588546261145,-0.6840689879854294
2015-02-04,8.17708493150685,-5.078912325678075,-0.7831726058287751
2015-02-05,8.173961643835618,-4.973080291958371,-0.9578813518772469
2015-02-06,8.169495890410959,-4.87918517429065,-1.0593107161203088
2015-02-07,8.164046575342464,-5.180480643205296,-0.7755659321371677
2015-02-08,8.161567123287671,-4.978482118442388,-0.9630850048452828
2015-02-09,8.164087671232878,-4.998999083668942,0.15291141243606443
2015-02-10,8.157887671232878,-5.13942612968229,-0.8194615415505879
2015-02-11,8.154328767123287,-5.207620017985767,-0.7317087491375203
2015-02-12,8.136846575342467,-5.142672845523527,-0.8091737298189399
2015-02-13,8.139257534246575,-5.178863783352821,-0.8503937508937547
2015-02-14,8.146843835616437,-5.177917594381974,-0.8789262412344634
2015-02-15,8.158972602739727,-5.063111763682993,-0.9568608390567341
2015-02-16,8.165520547945206,-5.087591285987172,-0.9139292619580344
2015-02-17,8.16925205479452,-5.229912536426231,-0.7913395183682885
2015-02-18,8.181994520547946,-5.2726325223763535,-0.8413619981715925
2015-02-19,8.182128767123288,-5.268173372393916,-0.8349553947293717
2015-02-20,8.183279452054794,-5.256746396629954,-0.8495330554248399
2015-02-21,8.184024657534247,-5.118069052056719,-1.0369556054775275
2015-02-22,8.18606301369863,-5.222948504111514,0.6348854904128833
2015-02-23,8.198227397260274,-5.2823230738340285,-0.8499043234262453
2015-02-24,8.211649315068492,-5.27592454907112,-1.0717247659973719
2015-02-25,8.200739726027397,-5.284829150405858,-1.048910575621539
2015-02-26,8.201120547945205,-5.28737077316666,-0.962749774778545
2015-02-27,8.202345205479453,-5.306462729612041,-1.0258824758674123
2015-02-28,8.202567123287672,-5.205065469338068,-1.0845016539496033
2015-03-01,8.19358904109589,-5.193543375906385,-1.103045665189505
2015-03-02,8.187199999999999,-5.243241654796445,-0.9759583452035541
2015-03-03,8.173309589041097,-5.084042568038454,-1.1062670210026422
2015-03-04,8.168021917808218,-5.229053807940105,-1.1559681098681134
2015-03-05,8.16582191780822,-5.1583109909397535,-0.9165109268684661
2015-03-06,8.163569863013699,-5.19122507594151,-1.0623447870721883
2015-03-07,8.159717808219177,-5.205810534318749,-1.0489072739004284
2015-03-08,8.155345205479453,-5.021683101933783,-1.1846621035456701
2015-03-09,8.150863013698629,-5.183144640395321,-1.0327183733033074
2015-03-10,8.146257534246576,-4.976675234002627,-1.1985823002439489
2015-03-11,8.140008219178082,-5.064484858168416,-1.112523361009666
2015-03-12,8.135939726027395,-5.0856064598544,-1.106333266172995
2015-03-13,8.134739726027396,-5.098743375906385,-1.098996350121011
2015-03-14,8.131879452054793,-5.035867225572701,-1.1310122264820928
2015-03-15,8.140073972602739,-4.912216786514042,-1.3308571860886964
2015-03-16,8.166682191780822,-4.818694131087277,-1.4399880606935458
2015-03-17,8.186953424657533,-4.665782715562163,-1.5681707090953694
2015-03-18,8.223517808219178,-4.699931012014569,-1.4565867962046086
2015-03-19,8.344682191780821,-4.6509270780489915,-1.54575511373183
2015-03-20,8.415402739726026,-4.63719191823164,-1.4902108214943866
2015-03-21,8.446750684931505,-4.551629150405859,-1.567121534525647
2015-03-22,8.467104109589041,-4.468462799861426,-1.8006413097276148
2015-03-23,8.481090410958904,-4.547610042573052,-1.6764803683858522
2015-03-24,8.492065753424658,-4.395444043275546,-1.7736217101491114
2015-03-25,8.510495890410958,-4.372053175695637,-1.712442714715321
2015-03-26,8.52467397260274,-4.333039406816114,-1.709634565786625
2015-03-27,8.536939726027397,-4.334229220655244,-1.918710505372153
2015-03-28,8.547421917808219,-4.34338201306831,-1.841039904739909
2015-03-29,8.556460273972602,-4.30185043596961,-1.5856098380029922
2015-03-30,8.564052054794521,-4.169860551881096,-0.5751915029134249
2015-03-31,8.571224657534247,-3.9009337517405975,-0.4222909057936488
2015-04-01,8.57674794520548,-3.61181636501773,-1.1949315801877498
2015-04-02,8.581435616438357,-3.636727499545303,-1.6507081168930537
2015-04-03,8.594693150684932,-3.6336877383932134,-1.9190054122917193
2015-04-04,8.642035616438356,-3.751478043978039,-2.078557572460318
2015-04-05,8.67589589041096,-3.692365785460302,-2.451530104950658
2015-04-06,8.692693150684933,-3.5797138009151666,-2.6419793497697666
2015-04-07,8.707923287671234,-3.537783347806631,-2.6381399398646024
2015-04-08,8.720884931506848,-3.6093682441887878,-2.5475166873180606
2015-04-09,8.728550684931506,-3.589510428944671,-2.239040255986834
2015-04-10,8.734180821917809,-3.46416206224288,-1.6770187596749286
2015-04-11,8.731764383561645,-3.311106284230938,-0.9716580993307069
2015-04-12,8.73327397260274,-3.244348433862128,-0.6979255387406118
2015-04-13,8.733293150684931,-2.975595852197218,-0.3526972984877128
2015-04-14,8.714191780821917,-2.6407631159836598,-0.41742866483825747
2015-04-15,8.703060273972604,-2.581964380472596,-0.4130958935000075
2015-04-16,8.702701369863014,-2.3740142575361713,-0.1646871123268432
2015-04-17,8.70277808219178,-1.708426972674914,0.22864889048313297
2015-04-18,8.700775342465754,-1.4544225469636387,-0.1583527955021149
2015-04-19,8.701484931506847,-1.4598808539534525,-1.153604077553395
2015-04-20,8.703575342465754,-1.2709152761522584,-1.0646600663134955
2015-04-21,8.70588493150685,-0.9407757608730171,-0.878109170633833
2015-04-22,8.700999999999999,-0.6231576365316049,-0.45684236346839335
2015-04-23,8.698049315068491,0.02735209300826165,-0.37540140807675343
2015-04-24,8.69625205479452,0.18785557035283496,-0.3311076251473545
2015-04-25,8.696027397260274,0.6329583452035549,0.358014257536171
2015-04-26,8.695301369863014,1.3081709198435265,0.3835277102934602
2015-04-27,8.692005479452055,2.3344008460816723,1.093593674466272
2015-04-28,8.689482191780822,2.1017542707392063,-0.9052364625200293
2015-04-29,8.688780821917808,3.1048546571108258,-4.0616354790286335
2015-04-30,8.692293150684932,4.309413561220415,-5.683706711905348
2015-05-01,8.693652054794521,4.10853291492607,-3.7221849697205913
2015-05-02,8.694268493150684,3.0496698309780546,1.018061675871262
2015-05-03,8.694227397260274,2.6788828973637235,5.069889705376004
2015-05-04,8.69390684931507,2.8937458408129677,6.514347309871963
2015-05-05,8.692852054794521,3.498809065259754,7.985338879945724
2015-05-06,8.663323287671233,4.160799862590277,8.01087684973849
2015-05-07,8.627539726027399,4.789499265470503,1.205961008502098
2015-05-08,8.613010958904109,5.381327013977703,1.3236620271181874
2015-05-09,8.603095890410959,5.204383845730425,1.732520263858615
2015-05-10,8.595235616438355,5.530811032242544,-0.43204664868089804
2015-05-11,8.58487397260274,5.560187779696003,-1.0780617522987423
2015-05-12,8.562358904109589,6.052165299892701,0.3964757959977092
2015-05-13,8.526106849315068,6.63473979936583,4.900153351319101
2015-05-14,8.472098630136987,6.534478120405521,7.657423249457493
2015-05-15,8.444852054794522,6.515019110921855,3.679128834283622
2015-05-16,8.426443835616439,5.188028664838258,0.6515274995453026
2015-05-17,8.402479452054795,4.778967196626105,2.7065533513190996
2015-05-18,8.383884931506849,4.64032076178241,4.748794306710741
2015-05-19,8.369380821917808,5.6091405018596845,7.510478676222508
2015-05-20,8.357449315068493,6.616472921951009,3.4340777629804995
2015-05-21,8.347424657534248,6.825103901929934,-0.7385285594641822
2015-05-22,8.344142465753425,6.7739253279924565,-2.542067793745881
2015-05-23,8.341405479452055,7.400311348364778,-4.649716827816833
2015-05-24,8.335265753424657,7.336999722091508,-5.089265475516165
2015-05-25,8.32821095890411,8.26541018924992,-5.31562114815403
2015-05-26,8.320391780821918,8.43693396866685,-4.715325749488768
2015-05-27,8.311117808219178,9.658998808849498,-6.390116617068676
2015-05-28,8.29992602739726,11.973274748435026,-8.846200775832287
2015-05-29,8.289843835616438,10.39584756192291,-6.179691397539347
2015-05-30,8.280865753424656,9.516288587563933,-2.6621543409885895
2015-05-31,8.270446575342465,8.904502356443455,-1.4949489317859204
2015-06-01,8.258282191780822,8.934643627957332,1.364074180261845
2015-06-02,8.243101369863012,10.530866178010019,1.551032452126968
2015-06-03,8.232830136986301,10.956606185034957,2.465563677978743
2015-06-04,8.224112328767124,10.505431826060596,11.175455845172282
2015-06-05,8.216208219178082,10.47053172068652,15.302260060135396
2015-06-06,8.209180821917808,10.192893364522135,16.64292581356006
2015-06-07,8.202578082191781,10.779224239126984,17.466197678681233
2015-06-08,8.196298630136987,12.416004850296636,11.942696519566377
2015-06-09,8.190446575342467,10.470772114083077,5.248781310574456
2015-06-10,8.185531506849316,11.096265826763092,-0.20979733361240882
2015-06-11,8.180671232876712,11.505619813415707,-0.1092910462924177
2015-06-12,8.175479452054795,11.663248264416762,2.2242722835284425
2015-06-13,8.170619178082191,12.145723642007207,15.865657179910604
2015-06-14,8.165813698630137,11.588645384191963,26.4585409171779
2015-06-15,8.160835616438357,11.291264140777843,7.592900242783804
2015-06-16,8.156495890410959,12.035223606882514,2.093280502706527
2015-06-17,8.152621917808219,13.100672711202852,-0.24529462901107202
2015-06-18,8.148868493150685,12.883870041726212,-2.0377385348768957
2015-06-19,8.143980821917808,11.686961506425893,5.645057671656298
2015-06-20,8.138394520547944,11.324662033296283,-0.7910565538442267
2015-06-21,8.134353424657535,10.540313807093263,-3.090667231750798
2015-06-22,8.13128493150685,10.035217214188451,-2.9955021456953013
2015-06-23,8.128298630136985,9.93424004523868,-0.49553867537566454
2015-06-24,8.125345205479451,9.816529247908157,-2.684874453387609
2015-06-25,8.122775342465754,12.900007398593086,-6.24178274105884
2015-06-26,8.120523287671233,10.913703699962952,-3.7952269876341838
2015-06-27,8.118213698630136,10.071884247908157,-1.7820979465382916
2015-06-28,8.11610684931507,10.157063220510896,-1.4911700698259658
2015-06-29,8.112468493150686,12.014701165716376,-3.6861696588670636
2015-06-30,8.10798082191781,10.63415383694925,-2.1111346588670603
2015-07-01,8.103463013698631,10.006386097223224,0.41815088907814335
2015-07-02,8.100041095890411,10.888141782154731,0.7768171219548581
2015-07-03,8.09793698630137,9.105684795853362,2.707378217845269
2015-07-04,8.095690410958905,9.207311028730073,2.578998560311023
2015-07-05,8.093430136986301,7.952552655003343,2.7220172080103566
2015-07-06,8.09033698630137,7.925656764592385,2.181006249106244
2015-07-07,8.088205479452057,7.327076926165971,3.3627175943819703
2015-07-08,8.08606575342466,6.9038262061097715,2.533108040465569
2015-07-09,8.084613698630138,6.26082683835424,-0.6244405369843777
2015-07-10,8.08334794520548,5.884137410886731,-1.89848535609221
2015-07-11,8.081775342465754,6.320840747732532,-2.500616090198287
2015-07-12,8.073813698630136,7.43471879479962,-3.808532493429757
2015-07-13,8.06984109589041,6.324650933893403,-2.771492029783814
2015-07-14,8.066816438356165,4.968738534876895,-1.7715549732330604
2015-07-15,8.064397260273974,4.885113877342649,-1.8995111376166225
2015-07-16,8.062178082191782,5.722986163960141,-2.1671642461519225
2015-07-17,8.060309589041097,5.177009908252378,-0.49531949729347424
2015-07-18,8.057928767123288,4.636426206109771,-1.5873549732330599
2015-07-19,8.054904109589042,3.992448334666147,-0.6943524442551894
2015-07-20,8.052128767123289,3.6898545868614403,-0.8519833539847288
2015-07-21,8.049767123287673,3.6678314045642852,-1.300598527851958
2015-07-22,8.047515068493151,3.6802502313995507,-1.339765299892702
2015-07-23,8.04542191780822,4.13114640280805,-3.0235683206162696
2015-07-24,8.04323561643836,3.334073905442403,-1.563309521880762
2015-07-25,8.041397260273975,2.991736286896565,-0.3411335471705397
2015-07-26,8.039904109589042,2.9441608039320406,-2.629064913521082
2015-07-27,8.038778082191781,2.334894699260457,-1.0656727814522382
2015-07-28,8.037600000000001,2.31483779725835,-1.9174377972583505
2015-07-29,8.035024657534247,3.7990474916735235,-2.6620721492077704
2015-07-30,8.033605479452056,2.364048826411844,-1.7726543058639006
2015-07-31,8.032320547945206,2.5136675829977237,-2.66098813094293
2015-08-01,8.03091780821918,2.921965159393931,-2.1498829676131095
2015-08-02,8.030235616438357,1.7372281730925607,-2.0824637895309186
2015-08-03,8.033054794520549,1.9569758373004993,-2.120030631821048
2015-08-04,8.032786301369864,1.5063648783963894,-0.9441511797662527
2015-08-05,8.03227397260274,1.8695638949049949,-1.5058378675077337
2015-08-06,8.034909589041096,2.6149441548277204,-2.497853743868817
2015-08-07,8.050635616438356,1.9049685313644256,-2.147604147802782
2015-08-08,8.050068493150686,2.6122580290813207,-2.8873265222320064
2015-08-09,8.049457534246576,1.7342658267630913,-0.24672336100966663
2015-08-10,8.048972602739726,0.9894446816981107,1.1395827155621645
2015-08-11,8.045194520547945,0.9020908355442644,-1.0172853560922093
2015-08-12,8.044430136986302,0.886244822196881,-1.3246749591831828
2015-08-13,8.043454794520548,1.259361506425894,-1.9998163009464418
2015-08-14,8.04255890410959,1.1944667400051003,1.4279743558853084
2015-08-15,8.042068493150685,0.6013667048804077,2.082564801968908
2015-08-16,8.041364383561644,0.7922628060395225,2.8503728103988326
2015-08-17,8.040287671232877,2.2287738703177107,-1.0620615415505865
2015-08-18,8.039339726027396,3.354036954265726,-2.621376680293122
2015-08-19,8.038276712328766,1.2482092057585252,3.094514081912709
2015-08-20,8.03762191780822,0.9993504772723991,-1.4199723950806193
2015-08-21,8.036556164383562,0.7687433820844819,-1.329299546468044
2015-08-22,8.03654794520548,0.259629297082726,-1.2401772422882065
2015-08-23,8.037668493150687,0.1009574319615455,-0.9136259251122324
2015-08-24,8.033613698630138,0.6401830027378013,2.0562032986320613
2015-08-25,8.03366301369863,0.5913782257796,2.32895876052177
2015-08-26,8.033898630136985,0.525896525744475,-1.2987951558814599
2015-08-27,8.034052054794522,0.17609575300123667,-0.40014780779575887
2015-08-28,8.033890410958904,-0.153389038006842,-0.29150137295206136
2015-08-29,8.033901369863013,0.35586252504198124,-1.1767638949049943
2015-08-30,8.033849315068494,-0.03891422241147837,-1.4889350926570153
2015-08-31,8.033490410958905,-0.7042099020742814,-1.259280508884623
2015-09-01,8.034019178082191,-0.2398114475607586,-1.497207730521433
2015-09-02,8.033501369863014,-0.8398243734476568,-0.8106769964153574
2015-09-03,8.034109589041096,-0.46818742227097965,-1.0719221667701164
2015-09-04,8.033419178082191,-0.9488720025309024,-0.9215471755512884
2015-09-05,8.03355890410959,-0.7858629403601964,-1.4276959637493933
2015-09-06,8.033189041095891,0.24485486785898164,-2.9490439089548732
2015-09-07,8.03284383561644,-0.014948433862128177,-3.036895401754312
2015-09-08,8.03195890410959,0.8344826866155677,-3.9934415907251575
2015-09-09,8.031169863013698,0.8062904140479524,-4.1204602770616505
2015-09-10,8.030367123287672,-0.6135197018635332,-2.332847421424139
2015-09-11,8.029553424657536,-0.8763186481227537,-1.6232347765347819
2015-09-12,8.028846575342467,-0.5380771307360307,-2.5987694446064356
2015-09-13,8.02807397260274,-0.5926495929769859,1.1555756203742447
2015-09-14,8.027435616438357,-0.42636782269247625,7.492932206254118
2015-09-15,8.026665753424659,0.8555477375463716,4.095786509028969
2015-09-16,8.025890410958905,1.2257669858779492,10.868342603163146
2015-09-17,8.024893150684932,2.25379157316281,39.59931527615226
2015-09-18,8.023739726027397,3.456872359955926,19.958387914016676
2015-09-19,8.022397260273975,4.805581457251325,4.426021282474702
2015-09-20,8.021057534246577,1.7907576427097018,3.252184823043722
2015-09-21,8.02022191780822,-0.21786813881470982,2.8726462210064905
2015-09-22,8.019353424657535,-0.5600064598544008,2.3866530351968662
2015-09-23,8.017961643835617,-0.13804741524604108,3.8620857714104244
2015-09-24,8.016493150684932,0.7205788580240677,1.1859279912910006
2015-09-25,8.014898630136987,-0.6241622729910359,1.715263642854049
2015-09-26,8.014068493150685,-0.1704941310872775,0.45142563793659274
2015-09-27,8.013320547945206,0.565321464276263,-0.9716420122214686
2015-09-28,8.011956164383562,-0.6838547914314995,-0.2591013729520629
2015-09-29,8.007824657534247,-0.822216365017731,-0.4746082925165156
2015-09-30,8.005093150684932,-1.115946537128725,-0.7281466135562071
2015-10-01,8.008539726027397,-0.8068088483335015,-1.3057308776938958
2015-10-02,8.018912328767124,-0.9873477313682752,1.7614354026011505
2015-10-03,8.029438356164384,-0.5040292909046292,13.458590934740247
2015-10-04,8.041194520547947,0.06496818011749941,7.831837299334555
2015-10-05,8.058660273972603,-0.6844379315790233,3.128777657606421
2015-10-06,8.084057534246575,0.6683882714417001,1.2315541943117245
2015-10-07,8.104893150684934,0.5542709549682197,0.6388358943468468
2015-10-08,8.118241095890411,0.40454169609923435,0.11821720801035424
2015-10-09,8.12649589041096,0.8116482644167619,-1.126144154827721
2015-10-10,8.129873972602741,0.7429811060043977,-1.9728550786071386
2015-10-11,8.130972602739726,1.1747488615365362,-2.7487214642762625
2015-10-12,8.131928767123288,0.6746058337880295,-2.5115346009113173
2015-10-13,8.133383561643836,-0.5330746720075444,-1.0983088896362916
2015-10-14,8.135646575342466,-1.0708397580630418,-0.04480681727942515
2015-10-15,8.135893150684932,-1.631827956166308,-0.026065194518624546
2015-10-16,8.134597260273972,-1.5952414440482892,-0.1563558162256833
2015-10-17,8.13405205479452,-1.8444273941712255,-0.1156246606232938
2015-10-18,8.151698630136986,-1.8281763931174846,-0.2965222370195011
2015-10-19,8.159079452054794,-2.183875304252012,-0.05420414780278149
2015-10-20,8.16017808219178,-2.4297708434160445,-0.12040723877573578
2015-10-21,8.158342465753424,-1.7278406010556653,-1.0515018646977596
2015-10-22,8.156772602739725,-0.927450365720225,-1.9923222370194997
2015-10-23,8.157405479452056,-0.8294849986671863,-1.9789204807848693
2015-10-24,8.159405479452055,-1.6844847176696447,-0.9199207617824101
2015-10-25,8.152591780821918,-2.101494482334204,-0.5940972984877146
2015-10-26,8.140564383561642,-2.365311623184222,-0.5892527603774202
2015-10-27,8.12216712328767,-2.477579975836136,-0.8695871474515346
2015-10-28,8.107868493150685,-2.345209550827355,-0.7816589423233298
2015-10-29,8.09885205479452,-0.7437475908695045,-1.1401044639250157
2015-10-30,8.09071506849315,-1.2823447106447066,-1.5563703578484438
2015-10-31,8.07725205479452,-1.3678422167915276,-1.8044098380029927
2015-11-01,8.05313698630137,-1.9435487148596695,-1.5485882714417003
2015-11-02,8.019030136986302,-2.3033020692678186,-1.3647280677184837
2015-11-03,7.98072602739726,-2.322721458098166,-1.5040045692990942
2015-11-04,7.936646575342466,-1.7834255676872073,-1.9542210076552586
2015-11-05,7.891150684931507,-2.298801542397429,-1.6693491425340778
2015-11-06,7.864410958904109,-2.338684085425177,-1.7217268734789322
2015-11-07,7.837265753424656,-2.533999505165254,-1.5512662482594024
2015-11-08,7.80892602739726,-2.2414702462962697,-1.811455781100991
2015-11-09,7.789079452054794,-2.1839770253619526,-1.988102426692841
2015-11-10,7.780693150684931,-2.7666846474202593,-1.4220085032646708
2015-11-11,7.771383561643834,-2.588360516756403,-1.6800230448874305
2015-11-12,7.750887671232876,-1.9672856309116542,-2.3696020403212223
2015-11-13,7.713767123287671,-2.008954896805578,-2.375812226482092
2015-11-14,7.687906849315067,-2.6619219498438635,-1.816984899471203
2015-11-15,7.669657534246575,-2.898953562067257,-1.5037039721793186
2015-11-16,7.644164383561643,-3.1399230035846433,-1.2612413799769993
2015-11-17,7.614594520547943,-3.3360941310872776,-1.192500389460665
2015-11-18,7.576364383561643,-3.516784612295567,-0.9895797712660754
2015-11-19,7.545191780821916,-3.5870806432052964,-1.0171111376166202
2015-11-20,7.523802739726026,-3.652757144785908,0.9959544050598819
2015-11-21,7.514753424657534,-3.6451825048140076,1.032429080156474
2015-11-22,7.51895616438356,-3.515585806535117,-0.49137035784844274
2015-11-23,7.530484931506848,-3.578732136004734,-0.6477527955021136
2015-11-24,7.524657534246574,-3.5522589361452335,-0.4493985981013404
2015-11-25,7.515939726027397,-3.5584796597139023,-0.5854600663134946
2015-11-26,7.51412602739726,-3.676716259643653,-0.7504097677536059
2015-11-27,7.527460273972602,-3.859165434213376,-0.6042948397592265
2015-11-28,7.544802739726027,-3.980515135653488,-0.3832876040725388
2015-11-29,7.581824657534246,-3.959714152162093,-0.6641105053721525
2015-11-30,7.583375342465753,-3.9901487851090556,-0.6692265573566969
2015-12-01,7.5724246575342455,-4.043876568740948,-0.6315480887932976
2015-12-02,7.554090410958903,-4.1491310120145695,-0.565959398944333
2015-12-03,7.5297178082191785,-4.226475655498939,-0.518242152720239
2015-12-04,7.482364383561643,-4.245750892590614,-0.47061349097102934
2015-12-05,7.425490410958904,-4.240996695189842,-0.3984937157690629
2015-12-06,7.366991780821918,-4.271360938252715,-0.35663084256920285
2015-12-07,7.3085068493150676,-4.170112114929919,-0.47739473438514857
2015-12-08,7.263468493150684,-4.374036877838243,-0.2314316153124416
2015-12-09,7.238531506849315,-4.4451302392713306,-0.21040126757798383
2015-12-10,7.2259808219178066,-4.427773442643302,-0.27120737927450467
2015-12-11,7.209046575342465,-3.6821667689516966,-1.0448798063907683
2015-12-12,7.196580821917808,-4.134770773166659,-0.6858100487511489
2015-12-13,7.13744109589041,-4.235678395224966,-0.5217627006654446
2015-12-14,7.0496904109589025,-4.381357355534064,-0.3513330554248384
2015-12-15,7.0148739726027385,-4.330535297227073,-0.15033867537566525
2015-12-16,6.990076712328766,-3.66584277878661,-0.7202339335421559
2015-12-17,7.046213698630136,-3.824306775976635,-0.663906922653501
2015-12-18,7.082068493150684,-4.028131082263955,-0.5499374108867299
2015-12-19,7.0622328767123275,-4.030494131087277,-0.5117387456250508
2015-12-20,7.0538109589041085,-3.891943867652082,-0.5218670912520258
2015-12-21,7.051706849315067,-4.0024626593626556,-0.32224418995241155
2015-12-22,7.060687671232875,-3.9912474152460407,-0.4164402559868341
2015-12-23,7.072791780821917,-4.187782364315237,-0.26800941650668
2015-12-24,7.0963808219178075,-4.269164239973825,-0.2402165819439821
2015-12-25,7.122016438356163,-4.3168335058677485,-0.25718293248841473
2015-12-26,7.144273972602738,-4.117749979348605,-0.47952399325413264
2015-12-27,7.146586301369862,-4.2888382828259495,-0.32374801854391233
2015-12-28,7.141936986301369,-4.674010745066906,0.08107375876553657
2015-12-29,7.1375671232876705,-4.671347450370734,0.026780327083064215
2015-12-30,7.136739726027396,-4.653324549071121,-0.004415176956275246
2015-12-31,7.136397260273972,-4.797623249457492,0.14822598918352003
2016-01-01,7.126399999999999,-4.843358128277302,0.16595812827730239
2016-01-02,7.11676712328767,-4.928491883106948,0.2127247598192774
2016-01-03,7.105427397260273,-4.928287878891985,0.18486048163171187
2016-01-04,7.093260273972602,-4.850736491466624,0.17547621749402253
2016-01-05,7.081706849315068,-4.290862237866343,-0.48184461144872426
2016-01-06,7.067136986301369,-4.428815100528795,-0.4573218857725738
2016-01-07,7.053265753424657,-4.6178294314034,-0.17543632202125714
2016-01-08,7.050654794520547,-4.770564942467678,0.049910147947131556
2016-01-09,7.053509589041095,-4.872420509731464,0.1109109206903689
2016-01-10,7.058254794520547,-4.709624092450116,-0.09463070207043156
2016-01-11,7.06996712328767,-4.695508672710039,-0.03145845057763097
2016-01-12,7.085835616438356,-4.881104738744461,0.07226912230610516
2016-01-13,7.089002739726027,-4.97155651254144,0.05055377281541329
2016-01-14,7.088876712328766,-5.011596414192301,0.15171970186353523
2016-01-15,7.0816465753424644,-4.949678746471893,0.046032171129428257
2016-01-16,7.068728767123288,-5.0033148546559465,-0.022413912467341035
2016-01-17,7.06025205479452,-4.691527640044074,-0.3377244147504461
2016-01-18,7.053008219178082,-4.555471791782747,-0.4845364273953354
2016-01-19,7.047591780821917,-4.608951595084467,-0.5046401857374496
2016-01-20,7.043421917808219,-4.9558035796296025,-0.16261833817861682
2016-01-21,7.039956164383561,-5.077918648122754,-0.055037516260806996
2016-01-22,7.043854794520548,-4.920008778084116,-0.23984601643643177
2016-01-23,7.047476712328767,-4.770048820233748,-0.38042789209501926
2016-01-24,7.0426602739726025,-4.9742438325273906,-0.09741644144521189
2016-01-25,7.0434383561643825,-5.0319649424676784,0.12952658630329594
2016-01-26,7.040501369863012,-5.040197397683695,0.059696027820683284
2016-01-27,7.039073972602739,-5.053829852899712,0.059755880296973096
2016-01-28,7.034479452054794,-5.10705057646838,0.09157112441358617
2016-01-29,7.031641095890411,-5.113554194311725,0.10791309842131369
2016-01-30,7.030249315068493,-5.094958549773614,0.07070923470512103
2016-01-31,7.026824657534245,-5.136538739446954,0.36571408191270915
2016-02-01,7.026076712328766,-5.106476217494022,1.4253995051652555
2016-02-02,7.022775342465753,-5.109231538884959,0.5354561964192062
2016-02-03,7.017687671232876,-5.143588546261145,0.29490087502826956
2016-02-04,7.013416438356163,-5.078912325678075,1.3424958873219115
2016-02-05,7.018309589041095,-4.973080291958371,5.937770702917275
2016-02-06,7.016298630136985,-4.87918517429065,-0.11311345584633514
2016-02-07,7.0120657534246575,-5.180480643205296,0.1534148897806391
2016-02-08,7.0027397260273965,-4.978482118442388,0.01874239241499165
2016-02-09,6.991671232876712,-4.998999083668942,-0.053672149207769415
2016-02-10,6.986923287671233,-5.13942612968229,0.07250284201105739
2016-02-11,6.982887671232876,-5.207620017985767,0.08373234675289076
2016-02-12,6.978643835616438,-5.142672845523527,0.022029009907089225
2016-02-13,6.96564109589041,-5.178863783352821,0.14422268746241063
2016-02-14,6.9530520547945205,-5.177917594381974,0.05786553958745344
2016-02-15,6.9396657534246575,-5.063111763682993,-0.13055398974166366
2016-02-16,6.932523287671232,-5.087591285987172,-0.026932001684060403
2016-02-17,6.925293150684931,-5.229912536426231,0.06461938574129977
2016-02-18,6.9088958904109585,-5.2726325223763535,0.1927366319653947
2016-02-19,6.906761643835616,-5.268173372393916,0.051411728558299785
2016-02-20,6.903583561643836,-5.256746396629954,0.4271628349861185
2016-02-21,6.9000739726027405,-5.118069052056719,0.6559950794539793
2016-02-22,6.894509589041096,-5.222948504111514,0.4464389150704182
2016-02-23,6.879216438356165,-5.2823230738340285,0.48710663547786304
2016-02-24,6.863024657534247,-5.27592454907112,0.3628998915368733
2016-02-25,6.857364383561643,-5.284829150405858,0.35046476684421446
2016-02-26,6.850564383561643,-5.28737077316666,0.32880638960501596
2016-02-27,6.844347945205479,-5.306462729612041,0.3361147844065622
2016-02-28,6.838391780821918,-5.205065469338068,0.26067368851615047
2016-02-29,6.833649315068493,-5.193543375906385,0.12589406083789179
2016-03-01,6.830013698630136,-5.243241654796445,0.5742279561663084
2016-03-02,6.825358904109589,-5.084042568038454,0.0526836639288657
2016-03-03,6.820715068493151,-5.229053807940105,0.41333873944695476
2016-03-04,6.814838356164383,-5.1583109909397535,0.18247263477537068
2016-03-05,6.809523287671233,-5.19122507594151,0.3427017882702774
2016-03-06,6.8058,-5.205810534318749,0.1700105343187488
2016-03-07,6.833383561643836,-5.021683101933783,0.011299540289946286
2016-03-08,6.837983561643836,-5.183144640395321,-0.04283892124851452
2016-03-09,6.837663013698631,-4.976675234002627,-0.17798777969600366
2016-03-10,6.8370273972602735,-5.064484858168416,-0.10254253909185795
2016-03-11,6.834994520547945,-5.0856064598544,-0.10238806069354478
2016-03-12,6.8330602739726025,-5.098743375906385,-0.05531689806621731
2016-03-13,6.834520547945205,-5.035867225572701,-0.1156533223725047
2016-03-14,6.824613698630137,-4.912216786514042,-0.24839691211609516
2016-03-15,6.796008219178082,-4.818694131087277,-0.3503140880908058
2016-03-16,6.774786301369863,-4.665782715562163,-0.4390035858076997
2016-03-17,6.743994520547945,-4.699931012014569,-0.3410635085333755
2016-03-18,6.627539726027397,-4.6509270780489915,-0.2496126479784051
2016-03-19,6.555410958904109,-4.63719191823164,-0.12021904067246947
2016-03-20,6.521263013698629,-4.551629150405859,-0.13063386329277016
2016-03-21,6.500830136986301,-4.468462799861426,-0.1393673371248756
2016-03-22,6.485268493150684,-4.547610042573052,0.002341549422367528
2016-03-23,6.472279452054794,-4.395444043275546,-0.26183540877924827
2016-03-24,6.452613698630136,-4.372053175695637,-0.19056052293449977
2016-03-25,6.437287671232877,-4.333039406816114,-0.20424826441676203
2016-03-26,6.423868493150685,-4.334229220655244,-0.10863927249544147
2016-03-27,6.411898630136987,-4.34338201306831,0.021483382931323014
2016-03-28,6.401715068493151,-4.30185043596961,0.07113536747645899
2016-03-29,6.3929616438356165,-4.169860551881096,0.08789890804547973
2016-03-30,6.384572602739727,-3.9009337517405975,0.7673611490008705
2016-03-31,6.377917808219179,-3.61181636501773,2.261898556798551
2016-04-01,6.372583561643836,-3.636727499545303,4.3441439379014675
2016-04-02,6.359134246575342,-3.6336877383932134,4.158553491817871
2016-04-03,6.312010958904111,-3.751478043978039,4.542467085073929
2016-04-04,6.278715068493151,-3.692365785460302,6.320650716967151
2016-04-05,6.259665753424658,-3.5797138009151666,9.061048047490509
2016-04-06,6.24149589041096,-3.537783347806631,7.4332874573956715
2016-04-07,6.2250575342465755,-3.6093682441887878,4.820310709942213
2016-04-08,6.210227397260274,-3.589510428944671,3.292283031684397
2016-04-09,6.197460273972603,-3.46416206224288,2.0927017882702765
2016-04-10,6.18706301369863,-3.311106284230938,1.9740432705323077
2016-04-11,6.177545205479452,-3.244348433862128,2.2068032283826753
2016-04-12,6.168539726027397,-2.975595852197218,2.7430561261698205
2016-04-13,6.158854794520549,-2.6407631159836598,2.9639083214631112
2016-04-14,6.147769863013698,-2.581964380472596,2.2321945174588977
2016-04-15,6.14612602739726,-2.3740142575361713,1.918888230138911
2016-04-16,6.151142465753424,-1.708426972674914,2.58128450692149
2016-04-17,6.146452054794521,-1.4544225469636387,8.836970492169117
2016-04-18,6.141013698630138,-1.4598808539534525,4.100867155323314
2016-04-19,6.134441095890411,-1.2709152761522584,1.9054741802618476
2016-04-20,6.128153424657534,-0.9407757608730171,1.0296223362154824
2016-04-21,6.121950684931507,-0.6231576365316049,1.549206951600098
2016-04-22,6.115578082191782,0.02735209300826165,2.4380698247999564
2016-04-23,6.108534246575342,0.18785557035283496,2.9866101830718224
2016-04-24,6.100854794520548,0.6329583452035549,0.4661868602758973
2016-04-25,6.0937315068493145,1.3081709198435265,-1.4049024266928412
2016-04-26,6.093153424657534,2.3344008460816723,-3.022554270739206
2016-04-27,6.092679452054794,2.1017542707392063,-3.5274337227940005
2016-04-28,6.0895753424657535,3.1048546571108258,-4.753429999576579
2016-04-29,6.081561643835617,4.309413561220415,-6.042975205056032
2016-04-30,6.07566301369863,4.10853291492607,-6.0181959286247
2016-05-01,6.070276712328766,3.0496698309780546,-5.1599465433068215
2016-05-02,6.0654,2.6788828973637235,-4.750282897363723
2016-05-03,6.06091506849315,2.8937458408129677,-4.833660909306118
2016-05-04,6.056668493150685,3.498809065259754,-5.4674775584104385
2016-05-05,6.052227397260274,4.160799862590277,-5.984027259850551
2016-05-06,6.048501369863013,4.789499265470503,-5.975000635333515
2016-05-07,6.045301369863013,5.381327013977703,-6.016628383840716
2016-05-08,6.041693150684932,5.204383845730425,-6.050076996415357
2016-05-09,6.037956164383561,5.530811032242544,-5.118767196626105
2016-05-10,6.034139726027397,5.560187779696003,-1.5883275057233996
2016-05-11,6.030660273972603,6.052165299892701,-0.46982557386530477
2016-05-12,6.027857534246575,6.63473979936583,-0.08259733361240507
2016-05-13,6.024986301369863,6.534478120405521,-3.4444644217753835
2016-05-14,6.021983561643835,6.515019110921855,-3.337002672565691
2016-05-15,6.019515068493151,5.188028664838258,-3.6025437333314088
2016-05-16,6.0166657534246575,4.778967196626105,-4.212632950050763
2016-05-17,6.013871232876712,4.64032076178241,-3.674191994659121
2016-05-18,6.0118,5.6091405018596845,-4.085940501859684
2016-05-19,6.0099616438356165,6.616472921951009,-5.596434565786625
2016-05-20,6.008619178082192,6.825103901929934,-6.206723080012126
2016-05-21,6.001764383561644,6.7739253279924565,-3.502689711554101
2016-05-22,5.9945589041095895,7.400311348364778,-0.7688702524743682
2016-05-23,5.996178082191781,7.336999722091508,1.4578221957167115
2016-05-24,6.004854794520549,8.26541018924992,-5.119264983770469
2016-05-25,6.016043835616439,8.43693396866685,-5.592977804283289
2016-05-26,6.0278,9.658998808849498,-4.768798808849499
2016-05-27,6.041402739726028,11.973274748435026,-1.7206774881610531
2016-05-28,6.047690410958904,10.39584756192291,2.392462027118185
2016-05-29,6.050104109589041,9.516288587563933,13.081607302847027
2016-05-30,6.051175342465754,8.904502356443455,1.2903223010907894
2016-05-31,6.051419178082192,8.934643627957332,-0.42606280603952307
2016-06-01,6.051334246575342,10.530866178010019,-2.949200424585362
2016-06-02,6.051219178082192,10.956606185034957,-4.248825363117149
2016-06-03,6.050931506849315,10.505431826060596,-3.93536333290991
2016-06-04,6.050117808219179,10.47053172068652,-3.290649528905698
2016-06-05,6.049082191780823,10.192893364522135,-2.548975556302958
2016-06-06,6.0476328767123295,10.779224239126984,-1.7258571158393128
2016-06-07,6.046361643835617,12.416004850296636,-2.346366494132253
2016-06-08,6.044928767123288,10.470772114083077,-1.7077008812063657
2016-06-09,6.043709589041097,11.096265826763092,-2.6489754158041894
2016-06-10,6.042654794520548,11.505619813415707,-4.1522746079362545
2016-06-11,6.041646575342466,11.663248264416762,-0.19189483975922528
2016-06-12,6.040561643835616,12.145723642007207,-3.590285285842823
2016-06-13,6.039230136986301,11.588645384191963,-3.4438755211782652
2016-06-14,6.038030136986302,11.291264140777843,-2.9922942777641452
2016-06-15,6.0361890410958905,12.035223606882514,-4.837412647978405
2016-06-16,6.034230136986301,13.100672711202852,22.36309715181084
2016-06-17,6.0321424657534255,12.883870041726212,13.165987492520365
2016-06-18,6.029882191780822,11.686961506425893,0.5191563017932861
2016-06-19,6.027465753424657,11.324662033296283,-1.7541277867209395
2016-06-20,6.02493698630137,10.540313807093263,-1.7492507933946317
2016-06-21,6.022413698630137,10.035217214188451,2.3913690871814133
2016-06-22,6.020134246575342,9.93424004523868,6.030625708185978
2016-06-23,6.01765205479452,9.816529247908157,8.032818697297323
2016-06-24,6.015156164383561,12.900007398593086,5.2228364370233535
2016-06-25,6.012701369863014,10.913703699962952,6.436594930174035
2016-06-26,6.010197260273973,10.071884247908157,1.169918491817869
2016-06-27,6.00786301369863,10.157063220510896,-1.079926234209525
2016-06-28,6.005191780821917,12.014701165716376,-3.1738929465382935
2016-06-29,6.0027917808219176,10.63415383694925,-0.3079456177711677
2016-06-30,6.000468493150685,10.006386097223224,2.39614540962609
2016-07-01,5.997991780821918,10.888141782154731,-0.7701335629766497
2016-07-02,5.995509589041096,9.105684795853362,1.2938056151055424
2016-07-03,5.993257534246576,9.207311028730073,0.5424314370233514
2016-07-04,5.990871232876713,7.952552655003343,0.383576112119945
2016-07-05,5.9881095890410965,7.925656764592385,0.06623364636651896
2016-07-06,5.986147945205479,7.327076926165971,0.14677512862855036
2016-07-07,5.992980821917809,6.9038262061097715,-0.4368070280275793
2016-07-08,5.9980383561643835,6.26082683835424,0.5091348054813771
2016-07-09,5.997046575342466,5.884137410886731,1.2298160137708036
2016-07-10,5.9954904109589044,6.320840747732532,1.3176688413085635
2016-07-11,5.993457534246575,7.43471879479962,2.5468236709538044
2016-07-12,5.991153424657535,6.324650933893403,5.099195641449062
2016-07-13,5.989104109589041,4.968738534876895,1.462157355534064
2016-07-14,5.987191780821918,4.885113877342649,0.13169434183543238
2016-07-15,5.985868493150685,5.722986163960141,-2.7298546571108266
2016-07-16,5.9853506849315075,5.177009908252378,-3.1353605931838864
2016-07-17,5.984106849315069,4.636426206109771,-2.60753305542484
2016-07-18,5.981956164383561,3.992448334666147,-1.2654044990497084
2016-07-19,5.980320547945206,3.6898545868614403,-0.7571751348066464
2016-07-20,5.978665753424658,3.6678314045642852,-0.7514971579889438
2016-07-21,5.977364383561644,3.6802502313995507,-0.5346146149611957
2016-07-22,5.975991780821918,4.13114640280805,0.46886181637003244
2016-07-23,5.974701369863014,3.334073905442403,1.8272247246945827
2016-07-24,5.973243835616439,2.991736286896565,-0.03098012251300508
2016-07-25,5.971438356164384,2.9441608039320406,-0.2765991600964255
2016-07-26,5.969112328767123,2.334894699260457,-0.06800702802757908
2016-07-27,5.967232876712329,2.31483779725835,-0.3680706739706787
2016-07-28,5.965295890410959,3.7990474916735235,-2.269343382084483
2016-07-29,5.963515068493151,2.364048826411844,-0.7385638949049946
2016-07-30,5.961745205479453,2.5136675829977237,-1.0984127884771766
2016-07-31,5.9600109589041095,2.921965159393931,-1.3289761182980406
2016-08-01,5.957441095890411,1.7372281730925607,-0.2826692689829722
2016-08-02,5.952161643835617,1.9569758373004993,-1.2441374811361163
2016-08-03,5.949665753424658,1.5063648783963894,-0.7180306318210472
2016-08-04,5.947583561643835,1.8695638949049949,-0.9801474565488304
2016-08-05,5.942597260273972,2.6149441548277204,1.380458584898308
2016-08-06,5.924556164383562,1.9049685313644256,-0.7555246957479875
2016-08-07,5.922657534246575,2.6122580290813207,-2.3049155633278953
2016-08-08,5.920613698630137,1.7342658267630913,-1.5218795253932285
2016-08-09,5.918564383561645,0.9894446816981107,-0.7700090652597554
2016-08-10,5.916693150684932,0.9020908355442644,-0.621783986229196
2016-08-11,5.914868493150685,0.886244822196881,-0.668113315347566
2016-08-12,5.913230136986302,1.259361506425894,-1.4185916434121963
2016-08-13,5.911739726027397,1.1944667400051003,-1.187206466032498
2016-08-14,5.90989589041096,0.6013667048804077,-0.3802625952913672
2016-08-15,5.9083068493150686,0.7922628060395225,0.097430344645409
2016-08-16,5.906931506849315,2.2287738703177107,-1.5357053771670257
2016-08-17,5.905432876712329,3.354036954265726,-3.1264698309780545
2016-08-18,5.904123287671233,1.2482092057585252,-0.7563324934297582
2016-08-19,5.90248493150685,0.9993504772723991,-0.06383540877924876
2016-08-20,5.901473972602741,0.7687433820844819,-0.3542173546872228
2016-08-21,5.899309589041096,0.259629297082726,-0.3839388861238212
2016-08-22,5.8959534246575345,0.1009574319615455,-0.80291085661908
2016-08-23,5.893753424657534,0.6401830027378013,-1.3859364273953358
2016-08-24,5.8918767123287665,0.5913782257796,-1.439254938108367
2016-08-25,5.89054794520548,0.525896525744475,-1.2214444709499546
2016-08-26,5.888849315068494,0.17609575300123667,-0.7369450680697308
2016-08-27,5.887331506849316,-0.153389038006842,-0.41394246884247365
2016-08-28,5.885909589041097,0.35586252504198124,-1.202772114083078
2016-08-29,5.884200000000001,-0.03891422241147837,-1.070285777588522
2016-08-30,5.883172602739727,-0.7042099020742814,-0.43596270066544496
2016-08-31,5.8808356164383575,-0.2398114475607586,-1.043024168877599
2016-09-01,5.879534246575343,-0.8398243734476568,-0.3517098731276863
2016-09-02,5.8776904109589045,-0.46818742227097965,-1.0605029886879247
2016-09-03,5.876761643835617,-0.9488720025309024,-0.7048896413047147
2016-09-04,5.876065753424658,-0.7858629403601964,-0.6292028130644616
2016-09-05,5.875120547945206,0.24485486785898164,9.277024584195813
2016-09-06,5.890402739726028,-0.014948433862128177,0.7845456941361004
2016-09-07,5.890167123287672,0.8344826866155677,-1.968649809903239
2016-09-08,5.890054794520548,0.8062904140479524,-2.2113452085685004
2016-09-09,5.8913095890410965,-0.6135197018635332,-0.9357898871775636
2016-09-10,5.891739726027398,-0.8763186481227537,-0.19142107790464402
2016-09-11,5.891824657534247,-0.5380771307360307,0.0712524732017833
2016-09-12,5.892024657534247,-0.5926495929769859,-0.3243750645572612
2016-09-13,5.892323287671234,-0.42636782269247625,-0.8129554649787578
2016-09-14,5.892657534246576,0.8555477375463716,-1.516205271792947
2016-09-15,5.893189041095891,1.2257669858779492,1.7620439730261603
2016-09-16,5.8943013698630145,2.25379157316281,-0.7760929430258248
2016-09-17,5.896824657534246,3.456872359955926,-4.241697017490172
2016-09-18,5.903704109589041,4.805581457251325,-5.919285566840366
2016-09-19,5.9090493150684935,1.7907576427097018,-2.0938069577781953
2016-09-20,5.91486301369863,-0.21786813881470982,-0.7019948748839203
2016-09-21,5.920882191780821,-0.5600064598544008,-0.25587573192642
2016-09-22,5.934095890410958,-0.13804741524604108,-1.2320484751649172
2016-09-23,5.9431013698630135,0.7205788580240677,-2.3346802278870813
2016-09-24,5.952167123287671,-0.6241622729910359,-1.1200048502966349
2016-09-25,5.959227397260274,-0.1704941310872775,-1.862733266172996
2016-09-26,5.964827397260274,0.565321464276263,-2.640148861536537
2016-09-27,5.970452054794521,-0.6838547914314995,-1.412597263363021
2016-09-28,5.977027397260274,-0.822216365017731,-1.505811032242543
2016-09-29,5.982172602739725,-1.115946537128725,-1.134226065611
2016-09-30,5.985210958904109,-0.8068088483335015,-1.229402110570608
2016-10-01,5.983424657534247,-0.9873477313682752,-1.1120769261659718
2016-10-02,5.9805753424657535,-0.5040292909046292,-1.6925460515611244
2016-10-03,5.976564383561644,0.06496818011749941,-2.256532563679144
2016-10-04,5.9692054794520555,-0.6844379315790233,-1.7347675478730324
2016-10-05,5.952008219178083,0.6683882714417001,-3.268396490619783
2016-10-06,5.9374,0.5542709549682197,-3.19367095496822
2016-10-07,5.930323287671233,0.40454169609923435,-3.106864983770467
2016-10-08,5.928931506849315,0.8116482644167619,-3.5885797712660765
2016-10-09,5.933060273972603,0.7429811060043977,-3.5710413799770007
2016-10-10,5.939972602739727,1.1747488615365362,-4.031721464276263
2016-10-11,5.945545205479453,0.6746058337880295,-3.6121510392674825
2016-10-12,5.947901369863015,-0.5330746720075444,-2.4478266978554704
2016-10-13,5.949657534246575,-1.0708397580630418,-1.9048177761835332
2016-10-14,5.953654794520549,-1.631827956166308,1.556173161645759
2016-10-15,5.957534246575343,-1.5952414440482892,3.8517071974729467
2016-10-16,5.954906849315069,-1.8444273941712255,0.351520544856156
2016-10-17,5.932435616438356,-1.8281763931174846,-0.06225922332087186
2016-10-18,5.920723287671233,-2.183875304252012,-0.2148479834192214
2016-10-19,5.912991780821917,-2.4297708434160445,-0.16822093740587274
2016-10-20,5.9061452054794525,-1.7278406010556653,-1.063304604423787
2016-10-21,5.896816438356165,-0.927450365720225,-2.05836607263594
2016-10-22,5.882920547945206,-0.8294849986671863,-2.27543554927802
2016-10-23,5.867460273972602,-1.6844847176696447,-1.4309755563029578
2016-10-24,5.85994794520548,-2.101494482334204,-0.901453462871276
2016-10-25,5.858980821917808,-2.365311623184222,1.4813308012664135
2016-10-26,5.862397260273973,-2.477579975836136,1.2171827155621635
2016-10-27,5.862843835616438,-2.345209550827355,0.33036571521091673
2016-10-28,5.861893150684931,-0.7437475908695045,-1.828145559815427
2016-10-29,5.861035616438357,-1.2823447106447066,-1.4796909057936498
2016-10-30,5.861005479452055,-1.3678422167915276,-1.5541632626605277
2016-10-31,5.861268493150685,-1.9435487148596695,-1.136719778291015
2016-11-01,5.861495890410959,-2.3033020692678186,-0.8441938211431403
2016-11-02,5.8612684931506855,-2.322721458098166,-0.9345470350525193
2016-11-03,5.861739726027398,-1.7834255676872073,-1.500314158340191
2016-11-04,5.862849315068493,-2.298801542397429,-1.0010477726710638
2016-11-05,5.862523287671233,-2.338684085425177,-0.887839202246056
2016-11-06,5.860821917808219,-2.533999505165254,-0.891822412642965
2016-11-07,5.861375342465754,-2.2414702462962697,-1.2279050961694846
2016-11-08,5.859424657534246,-2.1839770253619526,-1.4514476321722936
2016-11-09,5.8501013698630135,-2.7666846474202593,-0.7614167224427542
2016-11-10,5.840049315068493,-2.588360516756403,-0.7716887983120895
2016-11-11,5.829183561643836,-1.9672856309116542,-1.4958979307321816
2016-11-12,5.831528767123288,-2.008954896805578,-1.58957387031771
2016-11-13,5.836802739726028,-2.6619219498438635,-0.8668807898821642
2016-11-14,5.846465753424658,-2.898953562067257,-0.7205121913574013
2016-11-15,5.855956164383562,-3.1399230035846433,-0.4930331607989187
2016-11-16,5.869904109589042,-3.3360941310872776,-0.2038099785017642
2016-11-17,5.892298630136986,-3.516784612295567,0.023485982158580665
2016-11-18,5.94466301369863,-3.5870806432052964,0.09341762950666643
2016-11-19,5.959827397260274,-3.652757144785908,0.05792974752563396
2016-11-20,5.960471232876712,-3.6451825048140076,-0.04328872806270434
2016-11-21,5.955353424657535,-3.515585806535117,1.6632323818775823
2016-11-22,5.947887671232877,-3.578732136004734,4.101844464771857
2016-11-23,5.967342465753424,-3.5522589361452335,5.19191647039181
2016-11-24,5.99487397260274,-3.5584796597139023,5.226605687111163
2016-11-25,6.010263013698631,-3.676716259643653,5.718453245945022
2016-11-26,6.014679452054795,-3.859165434213376,3.2034859821585813
2016-11-27,6.023279452054794,-3.980515135653488,2.019235683598694
2016-11-28,6.008180821917808,-3.959714152162093,1.3005333302442854
2016-11-29,6.0163534246575345,-3.9901487851090556,0.9867953604515209
2016-11-30,6.027517808219178,-4.043876568740948,0.8823587605217695
2016-12-01,6.037290410958905,-4.1491310120145695,0.9088406010556649
2016-12-02,6.048416438356164,-4.226475655498939,0.8580592171427752
2016-12-03,6.060336986301369,-4.245750892590614,0.6544139062892449
2016-12-04,6.080049315068493,-4.240996695189842,0.5689473801213487
2016-12-05,6.099443835616438,-4.271360938252715,0.3819171026362769
2016-12-06,6.112093150684931,-4.170112114929919,0.2550189642449885
2016-12-07,6.105821917808219,-4.374036877838243,0.40321496003002366
2016-12-08,6.098030136986301,-4.4451302392713306,0.4851001022850294
2016-12-09,6.0924356164383555,-4.427773442643302,0.47733782620494614
2016-12-10,6.093298630136986,-3.6821667689516966,-0.29713186118528956
2016-12-11,6.090728767123288,-4.134770773166659,0.0240420060433717
2016-12-12,6.104953424657534,-4.235678395224966,0.024724970567431725
2016-12-13,6.115002739726027,-4.381357355534064,0.14535461580803677
2016-12-14,6.121942465753424,-4.330535297227073,0.07059283147364948
2016-12-15,6.1327780821917806,-3.66584277878661,-0.5779353034051704
2016-12-16,6.065463013698629,-3.824306775976635,-0.445156237721994
2016-12-17,6.016983561643835,-4.028131082263955,-0.30985247937988003
2016-12-18,6.0039561643835615,-4.030494131087277,-0.33546203329628455
2016-12-19,6.0011315068493145,-3.891943867652082,-0.39218763919723276
2016-12-20,6.001586301369862,-4.0024626593626556,-0.19312364200720644
2016-12-21,5.990345205479452,-3.9912474152460407,-0.17809779023341132
2016-12-22,5.967819178082191,-4.187782364315237,-0.06903681376695392
2016-12-23,5.939495890410958,-4.269164239973825,0.005668349562866659
2016-12-24,5.913978082191781,-4.3168335058677485,0.05485542367596796
2016-12-25,5.883750684931506,-4.117749979348605,-0.13300070558290145
2016-12-26,5.871791780821917,-4.2888382828259495,0.09904650200403253
2016-12-27,5.8758,-4.674010745066906,0.3722107450669059
2016-12-28,5.917246575342466,-4.671347450370734,0.3711008750282687
2016-12-29,5.9186794520547945,-4.653324549071121,0.3656450970163263
2016-12-30,5.903709589041096,-4.797623249457492,0.47691366041639593
2016-12-31,5.889967123287671,-4.843358128277302,0.49639100498963096
2017-01-01,5.87178904109589,-4.928491883106948,0.6357028420110575
2017-01-02,5.854969863013698,-4.928287878891985,0.5643180158782863
2017-01-03,5.84147397260274,-4.850736491466624,0.4192625188638841
2017-01-04,5.828884931506849,-4.290862237866343,0.05497730635949427
2017-01-05,5.817271232876712,-4.428815100528795,3.2865438676520826
2017-01-06,5.807690410958904,-4.6178294314034,2.9161390204444952
2017-01-07,5.7978219178082195,-4.770564942467678,0.9407430246594588
2017-01-08,5.7897698630136984,-4.872420509731464,0.8066506467177659
2017-01-09,5.782487671232877,-4.709624092450116,0.4391364212172393
2017-01-10,5.765156164383562,-4.695508672710039,0.43235250832647676
2017-01-11,5.740115068493151,-4.881104738744461,0.6699896702513097
2017-01-12,5.7274520547945205,-4.97155651254144,0.7141044577469193
2017-01-13,5.717515068493151,-5.011596414192301,1.0400813456991496
2017-01-14,5.711,-4.949678746471893,1.2276787464718923
2017-01-15,5.706309589041096,-5.0033148546559465,0.8860052656148509
2017-01-16,5.702147945205479,-4.691527640044074,0.23537969483859467
2017-01-17,5.697139726027398,-4.555471791782747,0.27433206575534896
2017-01-18,5.692208219178083,-4.608951595084467,0.24674337590638462
2017-01-19,5.686509589041096,-4.9558035796296025,0.7192939905885067
2017-01-20,5.6824082191780825,-5.077918648122754,0.8015104289446713
2017-01-21,5.67688493150685,-4.920008778084116,0.656123846577267
2017-01-22,5.667216438356164,-4.770048820233748,0.46783238187758425
2017-01-23,5.661986301369863,-4.9742438325273906,0.6242575311575278
2017-01-24,5.659884931506849,-5.0319649424676784,0.6640800109608289
2017-01-25,5.65913698630137,-5.040197397683695,0.7550604113823258
2017-01-26,5.655769863013699,-5.053829852899712,0.7360599898860132
2017-01-27,5.653934246575343,-5.10705057646838,0.8221163298930367
2017-01-28,5.652465753424657,-5.113554194311725,0.8410884408870674
2017-01-29,5.6520904109589045,-5.094958549773614,0.81586813881471
2017-01-30,5.6504082191780824,-5.136538739446954,0.8041305202688713
2017-01-31,5.650421917808219,-5.106476217494022,0.8740542996858025
2017-02-01,5.652413698630137,-5.109231538884959,0.9948178402548224
2017-02-02,5.652712328767123,-5.143588546261145,0.8998762174940218
2017-02-03,5.652241095890411,-5.078912325678075,0.8836712297876632
2017-02-04,5.6417698630137,-4.973080291958371,0.7293104289446708
2017-02-05,5.637471232876713,-4.87918517429065,0.5727139414139364
2017-02-06,5.636421917808219,-5.180480643205296,0.7830587253970771
2017-02-07,5.640528767123287,-4.978482118442388,0.6329533513191006
2017-02-08,5.643772602739727,-4.998999083668942,0.6112264809292158
2017-02-09,5.657408219178083,-5.13942612968229,0.7360179105042075
2017-02-10,5.667435616438356,-5.207620017985767,0.8011844015474114
2017-02-11,5.672219178082192,-5.142672845523527,0.7844536674413352
2017-02-12,5.673613698630137,-5.178863783352821,0.7632500847226833
2017-02-13,5.674194520547945,-5.177917594381974,0.7567230738340287
2017-02-14,5.673002739726027,-5.063111763682993,0.6341090239569658
2017-02-15,5.674394520547946,-5.087591285987172,0.6841967654392267
2017-02-16,5.6765479452054795,-5.229912536426231,0.8353645912207517
2017-02-17,5.678052054794521,-5.2726325223763535,0.8255804675818323
2017-02-18,5.677008219178083,-5.268173372393916,0.9121651532158328
2017-02-19,5.674339726027397,-5.256746396629954,0.866406670602557
2017-02-20,5.673290410958904,-5.118069052056719,0.6577786410978153
2017-02-21,5.6739863013698635,-5.222948504111514,0.86396220274165
2017-02-22,5.674375342465753,-5.2823230738340285,1.0069477313682755
2017-02-23,5.675676712328767,-5.27592454907112,1.065247836742353
2017-02-24,5.676731506849315,-5.284829150405858,0.911097643556543
2017-02-25,5.677657534246575,-5.28737077316666,0.9477132389200849
2017-02-26,5.677394520547945,-5.306462729612041,0.9840682090640955
2017-02-27,5.677638356164383,-5.205065469338068,0.7974271131736845
2017-02-28,5.678323287671233,-5.193543375906385,0.9062200882351519
2017-03-01,5.679742465753424,-5.243241654796445,0.8714991890430204
2017-03-02,5.716172602739727,-5.084042568038454,0.6868699652987269
2017-03-03,5.733758904109589,-5.229053807940105,0.8272949038305164
2017-03-04,5.740945205479451,-5.1583109909397535,0.9173657854603023
2017-03-05,5.746175342465753,-5.19122507594151,1.1520497334757573
2017-03-06,5.750660273972603,-5.205810534318749,0.880150260346146
2017-03-07,5.726153424657534,-5.021683101933783,6.696529677276248
2017-03-08,5.724169863013698,-5.183144640395321,0.9849747773816233
2017-03-09,5.725997260273973,-4.976675234002627,0.8926779737286541
2017-03-10,5.728208219178081,-5.064484858168416,1.4642766389903343
2017-03-11,5.741871232876711,-5.0856064598544,1.147735226977689
2017-03-12,5.755616438356164,-5.098743375906385,1.0531269375502212
2017-03-13,5.774553424657533,-5.035867225572701,1.0173138009151677
2017-03-14,5.794613698630137,-4.912216786514042,0.8906030878839051
2017-03-15,5.811150684931507,-4.818694131087277,0.7565434461557707
2017-03-16,5.8310219178082185,-4.665782715562163,0.6987607977539447
2017-03-17,5.83364109589041,-4.699931012014569,0.9752899161241588
2017-03-18,5.836027397260274,-4.6509270780489915,1.4628996807887176
2017-03-19,5.842613698630137,-4.63719191823164,3.103578219601503
2017-03-20,5.849320547945205,-4.551629150405859,2.4923086024606533
2017-03-21,5.85258904109589,-4.468462799861426,2.630873758765535
2017-03-22,5.857169863013699,-4.547610042573052,2.8274401795593533
2017-03-23,5.860413698630136,-4.395444043275546,5.17303034464541
2017-03-24,5.864424657534246,-4.372053175695637,3.6846285181613903
2017-03-25,5.867991780821917,-4.333039406816114,3.6740476259941968
2017-03-26,5.874030136986301,-4.334229220655244,3.018199083668943
2017-03-27,5.879249315068493,-4.34338201306831,2.5981326979998176
2017-03-28,5.883495890410959,-4.30185043596961,2.642354545558651
2017-03-29,5.887780821917808,-4.169860551881096,2.9930797299632887
2017-03-30,5.892290410958903,-3.9009337517405975,3.1376433407816937
2017-03-31,5.896112328767122,-3.61181636501773,3.852704036250607
2017-04-01,5.898956164383561,-3.636727499545303,4.165771335161741
2017-04-02,5.904876712328766,-3.6336877383932134,3.5728110260644472
2017-04-03,5.909413698630137,-3.751478043978039,3.4810643453479027
2017-04-04,5.922279452054794,-3.692365785460302,3.991086333405508
2017-04-05,5.929208219178082,-3.5797138009151666,3.114505581737085
2017-04-06,5.93424109589041,-3.537783347806631,2.4085422519162205
2017-04-07,5.939419178082192,-3.6093682441887878,2.522949066106596
2017-04-08,5.945079452054793,-3.589510428944671,3.049430976889878
2017-04-09,5.951120547945205,-3.46416206224288,3.846041514297675
2017-04-10,5.956728767123288,-3.311106284230938,4.727377517107651
2017-04-11,5.961468493150685,-3.244348433862128,4.456879940711444
2017-04-12,5.965728767123288,-2.975595852197218,3.8058670850739302
2017-04-13,5.969397260273972,-2.6407631159836598,3.794365855709688
2017-04-14,5.972772602739726,-2.581964380472596,3.86619177773287
2017-04-15,5.967830136986301,-2.3740142575361713,3.513184120549871
2017-04-16,5.9562,-1.708426972674914,1.8172269726749144
2017-04-17,5.954556164383561,-1.4544225469636387,0.8268663825800775
2017-04-18,5.953923287671232,-1.4598808539534525,0.01295756628221989
2017-04-19,5.954446575342465,-1.2709152761522584,-0.7365312991902067
2017-04-20,5.955290410958904,-0.9407757608730171,-1.296514650085887
2017-04-21,5.956199999999999,-0.6231576365316049,-1.6900423634683943
2017-04-22,5.95745205479452,0.02735209300826165,-2.4758041478027817
2017-04-23,5.958857534246574,0.18785557035283496,-2.506713104599409
2017-04-24,5.960723287671232,0.6329583452035549,-2.135681632874787
2017-04-25,5.963202739726027,1.3081709198435265,-1.6273736595695534
2017-04-26,5.960561643835616,2.3344008460816723,-1.6429624899172883
2017-04-27,5.9585917808219175,2.1017542707392063,-3.2303460515611238
2017-04-28,5.958235616438356,3.1048546571108258,-4.969090273549181
2017-04-29,5.958931506849314,4.309413561220415,-6.233345068069729
2017-04-30,5.96173698630137,4.10853291492607,-5.91526990122744
2017-05-01,5.964460273972602,3.0496698309780546,-4.958130104950657
2017-05-02,5.966408219178081,2.6788828973637235,-4.568291116541805
2017-05-03,5.968276712328766,2.8937458408129677,-4.824022553141734
2017-05-04,5.97018904109589,3.498809065259754,-5.208998106355644
2017-05-05,5.971986301369863,4.160799862590277,-5.49878616396014
2017-05-06,5.973758904109588,4.789499265470503,-6.019258169580091
2017-05-07,5.976405479452054,5.381327013977703,-6.568732493429757
2017-05-08,5.97868493150685,5.204383845730425,-5.785068777237275
2017-05-09,5.981238356164383,5.530811032242544,-5.774049388406926
2017-05-10,5.984052054794519,5.560187779696003,-4.941239834490522
2017-05-11,5.986446575342465,6.052165299892701,-4.094611875235167
2017-05-12,5.988027397260273,6.63473979936583,-4.008767196626103
2017-05-13,5.990093150684931,6.534478120405521,-2.553571271090452
2017-05-14,5.993676712328766,6.515019110921855,-1.3836958232506218
2017-05-15,5.9956301369863,5.188028664838258,-0.05165880182455851
2017-05-16,5.998054794520547,4.778967196626105,-0.7300219911466517
2017-05-17,6.000443835616438,4.64032076178241,1.4302354026011521
2017-05-18,6.002380821917807,5.6091405018596845,4.097478676222508
2017-05-19,6.003673972602739,6.616472921951009,13.522853105446252
2017-05-20,6.004394520547945,6.825103901929934,-0.6674984224778777
2017-05-21,6.005619178082192,6.7739253279924565,-3.2715445060746493
2017-05-22,6.006939726027397,7.400311348364778,-2.6492510743921764
2017-05-23,6.0031917808219175,7.336999722091508,-1.2741915029134248
2017-05-24,5.992813698630137,8.26541018924992,1.9937761121199422
2017-05-25,5.9792712328767115,8.43693396866685,4.492794798456437
2017-05-26,5.965523287671232,9.658998808849498,0.9104779034792703
2017-05-27,5.95070410958904,11.973274748435026,-0.01797885802406718
2017-05-28,5.942964383561643,10.39584756192291,5.636188054515447
2017-05-29,5.938542465753424,9.516288587563933,7.682168946682642
2017-05-30,5.935893150684931,8.904502356443455,4.388604492871613
2017-05-31,5.934008219178081,8.934643627957332,3.7663481528645875
2017-06-01,5.9326986301369855,10.530866178010019,0.7364351918529941
2017-06-02,5.931468493150684,10.956606185034957,-0.06807467818564028
2017-06-03,5.9302246575342465,10.505431826060596,0.5363435164051591
2017-06-04,5.929082191780822,10.47053172068652,4.0253860875326595
2017-06-05,5.928857534246575,10.192893364522135,4.650249101231289
2017-06-06,5.928868493150684,10.779224239126984,3.0099072677223315
2017-06-07,5.928750684931506,12.416004850296636,-4.517755535228142
2017-06-08,5.92876712328767,10.470772114083077,-4.435539237370747
2017-06-09,5.929049315068493,11.096265826763092,-4.576315141831586
2017-06-10,5.929928767123288,11.505619813415707,-3.724548580538995
2017-06-11,5.931394520547945,11.663248264416762,-1.0196427849647076
2017-06-12,5.933052054794521,12.145723642007207,1.7092243031982726
2017-06-13,5.934306849315068,11.588645384191963,0.32904776649296963
2017-06-14,5.93566301369863,11.291264140777843,-0.3569271544764714
2017-06-15,5.936923287671233,12.035223606882514,-0.783146894553747
2017-06-16,5.937712328767123,13.100672711202852,-2.110385039969975
2017-06-17,5.938410958904109,12.883870041726212,-4.4352810006303205
2017-06-18,5.939553424657534,11.686961506425893,-4.145514931083428
2017-06-19,5.9410410958904105,11.324662033296283,-2.6987031291866934
2017-06-20,5.942043835616438,10.540313807093263,-1.5003576427097016
2017-06-21,5.94265205479452,10.035217214188451,-1.631869268982971
2017-06-22,5.943158904109588,9.93424004523868,-2.114398949348267
2017-06-23,5.944317808219178,9.816529247908157,-2.231847056127335
2017-06-24,5.945186301369862,12.900007398593086,-4.021193699962948
2017-06-25,5.945947945205479,10.913703699962952,-4.52965164516843
2017-06-26,5.946731506849314,10.071884247908157,-3.131615754757471
2017-06-27,5.947517808219178,10.157063220510896,0.44341897126992436
2017-06-28,5.9485972602739725,12.014701165716376,12.01070157400965
2017-06-29,5.950906849315068,10.63415383694925,0.2669393137356817
2017-06-30,5.952736986301369,10.006386097223224,-3.0201230835245934
2017-07-01,5.954830136986301,10.888141782154731,-5.7429719191410324
2017-07-02,5.956567123287671,9.105684795853362,-5.3022519191410336
2017-07-03,5.95745205479452,9.207311028730073,-5.560763083524594
2017-07-04,5.958487671232876,7.952552655003343,-4.510040326236219
2017-07-05,5.959934246575342,7.925656764592385,-4.500591011167727
2017-07-06,5.98404109589041,7.327076926165971,-4.090118022056381
2017-07-07,5.981616438356164,6.9038262061097715,-3.922442644465936
2017-07-08,5.977608219178081,6.26082683835424,-3.0724350575323207
2017-07-09,5.979027397260273,5.884137410886731,-1.6911648081470032
2017-07-10,5.981712328767124,6.320840747732532,-1.3265530764996551
2017-07-11,5.986169863013698,7.43471879479962,-3.771888657813319
2017-07-12,5.989378082191781,6.324650933893403,-4.039029016085183
2017-07-13,5.991843835616438,4.968738534876895,-3.1625823704933325
2017-07-14,5.994123287671233,4.885113877342649,-3.5022371650138817
2017-07-15,5.995243835616439,5.722986163960141,-5.11722999957658
2017-07-16,5.995882191780821,5.177009908252378,-4.857892100033199
2017-07-17,5.997282191780822,4.636426206109771,-4.139708397890593
2017-07-18,5.999534246575342,3.992448334666147,-3.1109825812414886
2017-07-19,6.021232876712329,3.6898545868614403,-2.5980874635737687
2017-07-20,6.054167123287671,3.6678314045642852,-2.906998527851956
2017-07-21,6.05565205479452,3.6802502313995507,-2.1099022861940706
2017-07-22,6.057134246575343,4.13114640280805,-1.6282806493833926
2017-07-23,6.076323287671233,3.334073905442403,-1.8033971931136357
2017-07-24,6.113364383561644,2.991736286896565,-2.0801006704582083
2017-07-25,6.125723287671233,2.9441608039320406,-1.197884091603274
2017-07-26,6.129353424657534,2.334894699260457,-0.5012481239179909
2017-07-27,6.131301369863014,2.31483779725835,-1.7611391671213639
2017-07-28,6.133254794520548,3.7990474916735235,-3.1073022861940713
2017-07-29,6.134665753424657,2.364048826411844,-1.4457145798365012
2017-07-30,6.135882191780821,2.5136675829977237,-1.4095497747785446
2017-07-31,6.137254794520548,2.921965159393931,-2.1202199539144786
2017-08-01,6.138495890410958,1.7372281730925607,-0.458724063503519
2017-08-02,6.139783561643835,1.9569758373004993,-0.7047593989443339
2017-08-03,6.140627397260273,1.5063648783963894,-0.799992275656662
2017-08-04,6.141676712328767,1.8695638949049949,-1.3462406072337618
2017-08-05,6.142424657534246,2.6149441548277204,-2.6413688123619665
2017-08-06,6.143199999999999,1.9049685313644256,-2.543168531364425
2017-08-07,6.144178082191781,2.6122580290813207,-2.909436111273101
2017-08-08,6.145460273972602,1.7342658267630913,-0.24772610073569346
2017-08-09,6.146484931506849,0.9894446816981107,0.18607038679504073
2017-08-10,6.147610958904109,0.9020908355442644,4.124298205551626
2017-08-11,6.148616438356164,0.886244822196881,2.758138739446954
2017-08-12,6.1495780821917805,1.259361506425894,0.09106041138232546
2017-08-13,6.150241095890411,1.1944667400051003,-0.916707835895511
2017-08-14,6.15110410958904,0.6013667048804077,-0.4094708144694479
2017-08-15,6.151934246575342,0.7922628060395225,-0.5811970526148642
2017-08-16,6.152838356164383,2.2287738703177107,-1.2736122264820944
2017-08-17,6.153827397260273,3.354036954265726,-2.5888643515259995
2017-08-18,6.154947945205479,1.2482092057585252,-0.4581571509640041
2017-08-19,6.155843835616437,0.9993504772723991,-0.6981943128888366
2017-08-20,6.156306849315069,0.7687433820844819,-1.5830502313995511
2017-08-21,6.156983561643836,0.259629297082726,-1.0246128587265613
2017-08-22,6.157610958904109,0.1009574319615455,-0.8105683908656541
2017-08-23,6.1582630136986305,0.6401830027378013,-1.5084460164364317
2017-08-24,6.158528767123287,0.5913782257796,-1.230906992902887
2017-08-25,6.1585315068493145,0.525896525744475,-1.1044280325937894
2017-08-26,6.15898904109589,0.17609575300123667,-0.6690847940971266
2017-08-27,6.159060273972602,-0.153389038006842,-0.7816712359657599
2017-08-28,6.159687671232877,0.35586252504198124,-1.3875501962748582
2017-08-29,6.160958904109589,-0.03891422241147837,-1.09704468169811
2017-08-30,6.1619972602739725,-0.7042099020742814,-0.19678735819969106
2017-08-31,6.163361643835616,-0.2398114475607586,11.971449803725141
2017-09-01,6.164739726027397,-0.8398243734476568,5.782084647420259
2017-09-02,6.165290410958903,-0.46818742227097965,1.274897011312077
2017-09-03,6.16532602739726,-0.9488720025309024,0.9155459751336422
2017-09-04,6.164868493150685,-0.7858629403601964,0.7189944472095113
2017-09-05,6.165216438356165,0.24485486785898164,0.04192869378485359
2017-09-06,6.149082191780822,-0.014948433862128177,-0.19813375791869414
2017-09-07,6.149002739726027,0.8344826866155677,-1.560485426341595
2017-09-08,6.148550684931506,0.8062904140479524,-1.662841098979459
2017-09-09,6.146775342465753,-0.6135197018635332,3.7957443593977804
2017-09-10,6.146189041095891,-0.8763186481227537,4.5711296070268626
2017-09-11,6.146208219178082,-0.5380771307360307,6.7288689115579485
2017-09-12,6.145786301369863,-0.5926495929769859,6.7438632916071235
2017-09-13,6.145430136986301,-0.42636782269247625,4.969937685706175
2017-09-14,6.14513698630137,0.8555477375463716,5.484315276152257
2017-09-15,6.1445342465753425,1.2257669858779492,2.466698767546708
2017-09-16,6.143306849315069,2.25379157316281,-0.15409842247787875
2017-09-17,6.140232876712329,3.456872359955926,-2.0811052366682548
2017-09-18,6.132457534246575,4.805581457251325,-3.700038991497899
2017-09-19,6.125986301369863,1.7907576427097018,-1.117743944079565
2017-09-20,6.120271232876712,-0.21786813881470982,0.7645969059379972
2017-09-21,6.1129643835616445,-0.5600064598544008,0.736042076292756
2017-09-22,6.098802739726027,-0.13804741524604108,0.06724467552001351
2017-09-23,6.088742465753425,0.7205788580240677,-1.1783213237774925
2017-09-24,6.078649315068493,-0.6241622729910359,0.9575129579225432
2017-09-25,6.0699726027397265,-0.1704941310872775,-0.06847847165244858
2017-09-26,6.06267397260274,0.565321464276263,-1.1879954368790024
2017-09-27,6.055572602739726,-0.6838547914314995,0.06628218869177294
2017-09-28,6.0473479452054795,-0.822216365017731,0.06986841981225145
2017-09-29,6.038320547945205,-1.115946537128725,0.20462598918351937
2017-09-30,6.0440438356164385,-0.8068088483335015,-0.2502349872829369
2017-10-01,6.031172602739726,-0.9873477313682752,1.0011751286285488
2017-10-02,6.019906849315069,-0.5040292909046292,-0.07587755841043908
2017-10-03,6.009252054794521,0.06496818011749941,2.4067797650879794
2017-10-04,5.997613698630136,-0.6844379315790233,0.7658242329488868
2017-10-05,5.988427397260274,0.6683882714417001,-1.467815668701974
2017-10-06,5.981712328767124,0.5542709549682197,-1.3479832837353436
2017-10-07,5.9757643835616445,0.40454169609923435,-1.0863060796608792
2017-10-08,5.972271232876712,0.8116482644167619,-1.4269194972934733
2017-10-09,5.968224657534247,0.7429811060043977,-1.5592057635386443
2017-10-10,5.962293150684932,1.1747488615365362,-2.3240420122214687
2017-10-11,5.954772602739726,0.6746058337880295,-2.0663784365277555
2017-10-12,5.949487671232877,-0.5330746720075444,-1.1104129992253324
2017-10-13,5.941673972602739,-1.0708397580630418,-0.6648342145396973
2017-10-14,5.933583561643835,-1.631827956166308,-0.22775560547752716
2017-10-15,5.926671232876712,-1.5952414440482892,-0.36242978882842336
2017-10-16,5.923654794520548,-1.8444273941712255,-0.21722740034932242
2017-10-17,5.925232876712329,-1.8281763931174846,-0.28605648359484426
2017-10-18,5.932934246575343,-2.183875304252012,-0.03605894232333062
2017-10-19,5.946884931506849,-2.4297708434160445,0.1058859119091955
2017-10-20,5.967030136986302,-1.7278406010556653,-0.7921895359306363
2017-10-21,5.990449315068494,-0.927450365720225,-1.694998949348269
2017-10-22,6.015909589041096,-0.8294849986671863,-1.8954245903739095
2017-10-23,6.0430164383561635,-1.6844847176696447,-0.925531720686519
2017-10-24,6.070950684931507,-2.101494482334204,-0.20745620259730302
2017-10-25,6.09589589041096,-2.365311623184222,0.2804157327732626
2017-10-26,6.113556164383561,-2.477579975836136,0.2470238114525749
2017-10-27,6.134457534246575,-2.345209550827355,-0.07124798341922034
2017-10-28,6.165334246575342,-0.7437475908695045,-1.8775866557058376
2017-10-29,6.22798904109589,-1.2823447106447066,-0.8226443304511835
2017-10-30,6.29438904109589,-1.3678422167915276,-0.9935468243043626
2017-10-31,6.322230136986301,-1.9435487148596695,-0.8866814221266313
2017-11-01,6.343180821917808,-2.3033020692678186,-0.6438787526499894
2017-11-02,6.366449315068493,-2.322721458098166,-0.7417278569703272
2017-11-03,6.395021917808219,-1.7834255676872073,-1.3775963501210113
2017-11-04,6.430715068493151,-2.298801542397429,-0.9219135260957221
2017-11-05,6.4695616438356165,-2.338684085425177,-0.5288775584104397
2017-11-06,6.513293150684931,-2.533999505165254,-0.7122936455196771
2017-11-07,6.556419178082192,-2.2414702462962697,-0.9909489317859221
2017-11-08,6.598709589041096,-2.1839770253619526,-1.1637325636791438
2017-11-09,6.629542465753424,-2.7666846474202593,-0.6668578183331646
2017-11-10,6.65533698630137,-2.588360516756403,-1.0099764695449664
2017-11-11,6.680468493150684,-1.9672856309116542,-1.5931828622390298
2017-11-12,6.70532602739726,-2.008954896805578,-1.155371130591682
2017-11-13,6.726219178082191,-2.6619219498438635,-1.0432972282383277
2017-11-14,6.737073972602738,-2.898953562067257,-0.7261204105354815
2017-11-15,6.745098630136985,-3.1399230035846433,-0.5101756265523414
2017-11-16,6.744298630136986,-3.3360941310872776,-0.3712044990497083
2017-11-17,6.735164383561644,-3.516784612295567,-0.3473797712660769
2017-11-18,6.70092602739726,-3.5870806432052964,-0.399845384191964
2017-11-19,6.704410958904109,-3.652757144785908,-0.2396538141182014
2017-11-20,6.718013698630137,-3.6451825048140076,-0.31883119381612923
2017-11-21,6.729427397260274,-3.515585806535117,-0.47884159072515686
2017-11-22,6.739032876712329,-3.578732136004734,-0.4773007407075953
2017-11-23,6.73838904109589,-3.5522589361452335,-0.5221301049506559
2017-11-24,6.737443835616438,-3.5584796597139023,-0.5339641759025353
2017-11-25,6.752008219178082,-3.676716259643653,-0.432291959534429
2017-11-26,6.779416438356165,-3.859165434213376,-0.38625100414278934
2017-11-27,6.793843835616439,-3.980515135653488,-0.3653286999629506
2017-11-28,6.819528767123288,-3.959714152162093,-0.4778146149611948
2017-11-29,6.844876712328767,-3.9901487851090556,-0.5297279272197111
2017-11-30,6.894772602739726,-4.043876568740948,-0.46289603399877866
2017-12-01,6.924101369863014,-4.1491310120145695,-0.42697035784844495
2017-12-02,6.94165205479452,-4.226475655498939,-0.4891763992955811
2017-12-03,6.960386301369863,-4.245750892590614,-0.6626354087792485
2017-12-04,6.964216438356164,-4.240996695189842,-0.397219743166322
2017-12-05,6.966375342465754,-4.271360938252715,-0.4810144042130391
2017-12-06,6.979630136986302,-4.170112114929919,-0.6555180220563823
2017-12-07,7.0011397260273975,-4.374036877838243,-0.4861028481891543
2017-12-08,7.025512328767124,-4.4451302392713306,-0.3393820894957926
2017-12-09,7.047545205479452,-4.427773442643302,-0.1567717628361498
2017-12-10,7.070945205479452,-3.6821667689516966,-0.7397784365277555
2017-12-11,7.1157013698630145,-4.134770773166659,-0.39593059669635533
2017-12-12,7.156950684931507,-4.235678395224966,-0.5692722897065412
2017-12-13,7.180416438356165,-4.381357355534064,-0.42505908282210036
2017-12-14,7.191687671232877,-4.330535297227073,-0.5391523740058037
2017-12-15,7.196279452054795,-3.66584277878661,-1.3534366732681846
2017-12-16,7.200112328767124,-3.824306775976635,-1.3248055527904885
2017-12-17,7.212041095890411,-4.028131082263955,-1.0879100136264563
2017-12-18,7.2290547945205486,-4.030494131087277,-1.0175606634332715
2017-12-19,7.243076712328767,-3.891943867652082,-1.2681328446766846
2017-12-20,7.256602739726027,-4.0024626593626556,-1.226140080363371
2017-12-21,7.27428493150685,-3.9912474152460407,-1.2770375162608092
2017-12-22,7.293131506849315,-4.187782364315237,-0.9713491425340779
2017-12-23,7.298701369863014,-4.269164239973825,-1.0365371298891892
2017-12-24,7.296391780821918,-4.3168335058677485,-1.0495582749541699
2017-12-25,7.298558904109589,-4.117749979348605,-1.2618089247609836
2017-12-26,7.299528767123288,-4.2888382828259495,-1.0416904842973382
2017-12-27,7.292517808219179,-4.674010745066906,-0.6505070631522729
2017-12-28,7.246630136986301,-4.671347450370734,-0.11528268661556673
2017-12-29,7.2368,-4.653324549071121,-0.2844754509288787
2017-12-30,7.2406493150684925,-4.797623249457492,-0.09602606561100036
2017-12-31,7.250994520547945,-4.843358128277302,-0.23063639227064314
2018-01-01,7.266717808219178,-4.928491883106948,-0.4362259251122298
2018-01-02,7.278923287671233,-4.928287878891985,-0.4816354087792485
2018-01-03,7.28864109589041,-4.850736491466624,-0.4999046044237865
2018-01-04,7.299120547945206,-4.290862237866343,7.383741689921137
2018-01-05,7.306306849315069,-4.428815100528795,0.9125082512137261
2018-01-06,7.312191780821918,-4.6178294314034,-0.05136234941851825
2018-01-07,7.317156164383562,-4.770564942467678,-0.06059122191588262
2018-01-08,7.319610958904109,-4.872420509731464,0.2568095508273558
2018-01-09,7.318194520547944,-4.709624092450116,0.5304295719021708
2018-01-10,7.319435616438356,-4.695508672710039,0.049073056271683235
2018-01-11,7.323156164383561,-4.881104738744461,-0.013051425639100778
2018-01-12,7.327413698630137,-4.97155651254144,-0.05385718608869716
2018-01-13,7.332435616438357,-5.011596414192301,-0.16583920224605642
2018-01-14,7.340197260273973,-4.949678746471893,-0.1685185138020806
2018-01-15,7.347739726027397,-5.0033148546559465,-0.24442487137145097
2018-01-16,7.356197260273973,-4.691527640044074,-0.5966696202298989
2018-01-17,7.364131506849315,-4.555471791782747,6.527340284933432
2018-01-18,7.370172602739726,-4.608951595084467,10.589778992344742
2018-01-19,7.375816438356164,-4.9558035796296025,-0.4280128587265617
2018-01-20,7.381295890410959,-5.077918648122754,-0.3563772422882048
2018-01-21,7.3785561643835615,-4.920008778084116,5.958452613700555
2018-01-22,7.37957808219178,-4.770048820233748,12.275470738041967
2018-01-23,7.38270410958904,-4.9742438325273906,3.4145397229383505
2018-01-24,7.3844438356164375,-5.0319649424676784,0.264521106851241
2018-01-25,7.385087671232876,-5.040197397683695,-0.25989027354918104
2018-01-26,7.388493150684931,-5.053829852899712,-0.2836632977852185
2018-01-27,7.391424657534246,-5.10705057646838,-0.40037408106586625
2018-01-28,7.392890410958904,-5.113554194311725,-0.45533621664717927
2018-01-29,7.393671232876712,-5.094958549773614,-0.42471268310309807
2018-01-30,7.395295890410958,-5.136538739446954,-0.4877571509640042
2018-01-31,7.395457534246575,-5.106476217494022,-0.4009813167525538
2018-02-01,7.394761643835617,-5.109231538884959,-0.4395301049506575
2018-02-02,7.395246575342465,-5.143588546261145,-0.4596580290813206
2018-02-03,7.395805479452055,-5.078912325678075,-0.586893153773981
2018-02-04,7.396679452054795,-4.973080291958371,-0.7425991600964243
2018-02-05,7.3999506849315075,-4.87918517429065,-0.8327655106408578
2018-02-06,7.403704109589041,-5.180480643205296,-0.516223466383745
2018-02-07,7.405142465753425,-4.978482118442388,-0.7576603473110364
2018-02-08,7.410043835616438,-4.998999083668942,-0.744044751947496
2018-02-09,7.399969863013698,-5.13942612968229,-0.6395437333314078
2018-02-10,7.390547945205479,-5.207620017985767,-0.5709279272197119
2018-02-11,7.386539726027397,-5.142672845523527,-0.6878668805038703
2018-02-12,7.38618904109589,-5.178863783352821,-0.63432525774307
2018-02-13,7.38571506849315,-5.177917594381974,-0.6517974741111763
2018-02-14,7.384082191780822,-5.063111763682993,-0.7469704280978284
2018-02-15,7.379539726027398,-5.087591285987172,-0.6599484400402256
2018-02-16,7.375117808219178,-5.229912536426231,-0.45420527179294723
2018-02-17,7.370764383561644,-5.2726325223763535,-0.5401318611852908
2018-02-18,7.369219178082192,-5.268173372393916,-0.6110458056882759
2018-02-19,7.370257534246575,-5.256746396629954,-0.5825111376166205
2018-02-20,7.3705342465753425,-5.118069052056719,-0.8104651945186232
2018-02-21,7.370745205479452,-5.222948504111514,-0.5947967013679376
2018-02-22,7.371605479452054,-5.2823230738340285,-0.5932824056180248
2018-02-23,7.370786301369863,-5.27592454907112,-0.628861752298743
2018-02-24,7.368008219178082,-5.284829150405858,-0.6131790687722241
2018-02-25,7.36372602739726,-5.28737077316666,-0.7123552542306006
2018-02-26,7.360698630136986,-5.306462729612041,-0.470235900524945
2018-02-27,7.358452054794521,-5.205065469338068,-0.41938658545645247
2018-02-28,7.357594520547945,-5.193543375906385,-0.3940511446415602
2018-03-01,7.355830136986301,-5.243241654796445,-0.3065884821898557
2018-03-02,7.32086301369863,-5.084042568038454,-0.41482044566017606
2018-03-03,7.303295890410959,-5.229053807940105,-0.5412420824708528
2018-03-04,7.296761643835616,-5.1583109909397535,-0.6254506528958625
2018-03-05,7.2917945205479455,-5.19122507594151,-0.5605694446064353
2018-03-06,7.286717808219178,-5.205810534318749,-0.5289072739004297
2018-03-07,7.28041095890411,-5.021683101933783,-0.7467278569703266
2018-03-08,7.27572602739726,-5.183144640395321,-0.5955813870019391
2018-03-09,7.272630136986301,-4.976675234002627,-0.8189549029836733
2018-03-10,7.268906849315068,-5.064484858168416,-0.7244219911466532
2018-03-11,7.253805479452055,-5.0856064598544,-0.5781990195976547
2018-03-12,7.237224657534247,-5.098743375906385,-0.42148128162786147
2018-03-13,7.213652054794521,-5.035867225572701,-0.5757848292218197
2018-03-14,7.190156164383562,-4.912216786514042,-0.6349393778695198
2018-03-15,7.171890410958904,-4.818694131087277,-0.7111962798716274
2018-03-16,7.148643835616438,-4.665782715562163,-0.8388611200542746
2018-03-17,7.131246575342466,-4.699931012014569,-0.7703155633278973
2018-03-18,7.119241095890411,-4.6509270780489915,-0.9423140178414195
2018-03-19,7.108967123287671,-4.63719191823164,-1.0007752050560317
2018-03-20,7.099153424657533,-4.551629150405859,-1.119524274251675
2018-03-21,7.090068493150685,-4.468462799861426,-0.6926056932892592
2018-03-22,7.08087397260274,-4.547610042573052,-1.063263930029688
2018-03-23,7.073386301369863,-4.395444043275546,-1.208942258094316
2018-03-24,7.066821917808219,-4.372053175695637,-1.189768742112582
2018-03-25,7.062389041095891,-4.333039406816114,-1.204349634279776
2018-03-26,7.0591178082191774,-4.334229220655244,-1.3338885875639335
2018-03-27,7.052205479452054,-4.34338201306831,-1.238823466383744
2018-03-28,7.045575342465754,-4.30185043596961,-1.1117249064961445
2018-03-29,7.038591780821918,-4.169860551881096,-1.1597312289408217
2018-03-30,7.0318136986301365,-3.9009337517405975,-1.2968799468895393
2018-03-31,7.025093150684931,-3.61181636501773,4.8127232143328
2018-04-01,7.018490410958904,-3.636727499545303,-1.6517629114136008
2018-04-02,7.009917808219178,-3.6336877383932134,-1.6442300698259649
2018-04-03,7.002586301369863,-3.751478043978039,-1.5011082573918242
2018-04-04,6.986964383561643,-3.692365785460302,-1.3215985981013416
2018-04-05,6.977841095890411,-3.5797138009151666,-1.2871272949752446
2018-04-06,6.970947945205479,-3.537783347806631,-1.0791645973988477
2018-04-07,6.963893150684932,-3.6093682441887878,-0.6725249064961436
2018-04-08,6.956290410958903,-3.589510428944671,0.7632200179857676
2018-04-09,6.948512328767124,-3.46416206224288,1.3716497334757562
2018-04-10,6.941230136986301,-3.311106284230938,1.5778761472446368
2018-04-11,6.934895890410959,-3.244348433862128,0.7384525434511691
2018-04-12,6.935402739726028,-2.975595852197218,0.90719311247119
2018-04-13,6.934016438356164,-2.6407631159836598,-0.02225332237250477
2018-04-14,6.930709589041096,-2.581964380472596,-0.04474520856850006
2018-04-15,6.927243835616439,-2.3740142575361713,0.030770421919732005
2018-04-16,6.923865753424657,-1.708426972674914,-0.2514387807497427
2018-04-17,6.920432876712328,-1.4544225469636387,0.43698967025130986
2018-04-18,6.916821917808219,-1.4598808539534525,1.8610589361452328
2018-04-19,6.913345205479452,-1.2709152761522584,3.3965700706728064
2018-04-20,6.91001095890411,-0.9407757608730171,5.1017648019689075
2018-04-21,6.907068493150685,-0.6231576365316049,5.9070891433809205
2018-04-22,6.90410410958904,0.02735209300826165,5.870543797402697
2018-04-23,6.901158904109589,0.18785557035283496,6.444985525537577
2018-04-24,6.8976712328767125,0.6329583452035549,7.1233704219197325
2018-04-25,6.8930712328767125,1.3081709198435265,6.547757847279762
2018-04-26,6.888095890410959,2.3344008460816723,3.8755032635073694
2018-04-27,6.883328767123288,2.1017542707392063,3.4739169621375052
2018-04-28,6.881638356164383,3.1048546571108258,5.377506986724791
2018-04-29,6.908090410958904,4.309413561220415,15.686496027820683
2018-04-30,6.93273698630137,4.10853291492607,17.349730098772557
2018-05-01,6.946060273972603,3.0496698309780546,4.222269895049342
2018-05-02,6.951789041095891,2.6788828973637235,2.0933280615403858
2018-05-03,6.963386301369863,2.8937458408129677,2.6738678578171697
2018-05-04,6.972284931506849,3.498809065259754,4.217906003233397
2018-05-05,6.981717808219178,4.160799862590277,6.519482329190543
2018-05-06,6.9974273972602745,4.789499265470503,7.136073337269221
2018-05-07,7.0238438356164385,5.381327013977703,8.345829150405859
2018-05-08,7.064016438356164,5.204383845730425,8.87059971591341
2018-05-09,7.100049315068493,5.530811032242544,8.543139652688964
2018-05-10,7.11998904109589,5.560187779696003,5.176823179208107
2018-05-11,7.136580821917809,6.052165299892701,4.170253878189492
2018-05-12,7.152978082191781,6.63473979936583,3.9992821184423875
2018-05-13,7.173441095890411,6.534478120405521,5.336080783704069
2018-05-14,7.190331506849315,6.515019110921855,5.045649382228831
2018-05-15,7.206339726027397,5.188028664838258,2.699631609134344
2018-05-16,7.216298630136986,4.778967196626105,0.9807341732369093
2018-05-17,7.223,4.64032076178241,-0.08432076178240955
2018-05-18,7.228328767123287,5.6091405018596845,-0.46246926898297147
2018-05-19,7.232690410958904,6.616472921951009,-0.20316333290991206
2018-05-20,7.236328767123288,6.825103901929934,-0.6274326690532224
2018-05-21,7.238939726027397,6.7739253279924565,0.4601349459801476
2018-05-22,7.241591780821918,7.400311348364778,0.28209687081330337
2018-05-23,7.244246575342466,7.336999722091508,0.9907537025660256
2018-05-24,7.24665205479452,8.26541018924992,0.5049377559555595
2018-05-25,7.248649315068493,8.43693396866685,2.878416716264656
2018-05-26,7.250646575342466,9.658998808849498,4.941354615808036
2018-05-27,7.252123287671233,11.973274748435026,8.684601963893742
2018-05-28,7.2534328767123295,10.39584756192291,9.591719561364759
2018-05-29,7.254520547945205,9.516288587563933,15.741190864490862
2018-05-30,7.256090410958905,8.904502356443455,12.320407232597642
2018-05-31,7.257832876712329,8.934643627957332,20.65452349533034
2018-06-01,7.259805479452055,10.530866178010019,10.114328342537927
2018-06-02,7.2614,10.956606185034957,5.007993814965042
2018-06-03,7.2633972602739725,10.505431826060596,6.041170913665431
2018-06-04,7.269786301369862,10.47053172068652,4.0826819779436185
2018-06-05,7.275287671232877,10.192893364522135,4.091818964244986
2018-06-06,7.279095890410959,10.779224239126984,6.497679870462056
2018-06-07,7.282868493150685,12.416004850296636,1.9791266565526797
2018-06-08,7.28614794520548,10.470772114083077,3.103079940711442
2018-06-09,7.2884602739726025,11.096265826763092,2.1062738992643038
2018-06-10,7.290128767123288,11.505619813415707,3.456251419461003
2018-06-11,7.314238356164384,11.663248264416762,13.933513379418855
2018-06-12,7.328134246575342,12.145723642007207,15.370142111417453
2018-06-13,7.329819178082191,11.588645384191963,7.498535437725849
2018-06-14,7.331375342465753,11.291264140777843,2.361360516756406
2018-06-15,7.333005479452055,12.035223606882514,-0.5032290863345708
2018-06-16,7.33410410958904,13.100672711202852,-2.1077768207918908
2018-06-17,7.336005479452055,12.883870041726212,-1.4788755211782671
2018-06-18,7.337545205479452,11.686961506425893,0.6664932880946548
2018-06-19,7.338460273972602,11.324662033296283,1.0218776927311133
2018-06-20,7.339646575342465,10.540313807093263,2.0390396175642724
2018-06-21,7.3408931506849315,10.035217214188451,3.423889635126619
2018-06-22,7.34232602739726,9.93424004523868,3.3654339273640606
2018-06-23,7.344586301369863,9.816529247908157,-1.5991155492780216
2018-06-24,7.347189041095891,12.900007398593086,-6.2661964396889775
2018-06-25,7.356301369863013,10.913703699962952,-5.149005069825964
2018-06-26,7.361191780821918,10.071884247908157,-4.192076028730075
2018-06-27,7.364876712328767,10.157063220510896,-3.5329399328396622
2018-06-28,7.36833698630137,12.014701165716376,-6.158038152017746
2018-06-29,7.369797260273973,10.63415383694925,-4.739951097223225
2018-06-30,7.371246575342466,10.006386097223224,-3.033632672565691
2018-07-01,7.372139726027397,10.888141782154731,-3.384281508182129
2018-07-02,7.373632876712328,9.105684795853362,-0.9803176725656897
2018-07-03,7.376049315068493,9.207311028730073,-2.524360343798567
2018-07-04,7.379534246575343,7.952552655003343,-2.3840869015786854
2018-07-05,7.385597260273973,7.925656764592385,-2.101254024866357
2018-07-06,7.363594520547945,7.327076926165971,-2.846671446713917
2018-07-07,7.359843835616438,6.9038262061097715,-3.152670041726209
2018-07-08,7.358909589041096,6.26082683835424,-2.641736427395336
2018-07-09,7.358476712328768,5.884137410886731,-2.174614123215499
2018-07-10,7.35727397260274,6.320840747732532,-3.2191147203352726
2018-07-11,7.359076712328767,7.43471879479962,-4.691795507128386
2018-07-12,7.363843835616438,6.324650933893403,-4.055494769509842
2018-07-13,7.364805479452055,4.968738534876895,-2.98154401432895
2018-07-14,7.3652273972602735,4.885113877342649,-3.0403412746029215
2018-07-15,7.3658027397260275,5.722986163960141,-3.6547889036861694
2018-07-16,7.369186301369863,5.177009908252378,-3.478196209622242
2018-07-17,7.376972602739726,4.636426206109771,-2.4323988088494977
2018-07-18,7.381427397260274,3.992448334666147,-1.5968757319264215
2018-07-19,7.364282191780822,3.6898545868614403,-1.7361367786422623
2018-07-20,7.333928767123287,3.6678314045642852,-2.126760171687572
2018-07-21,7.3342,3.6802502313995507,-1.3884502313995513
2018-07-22,7.334197260273973,4.13114640280805,-3.9053436630820233
2018-07-23,7.316687671232877,3.334073905442403,-2.6707615766752797
2018-07-24,7.281109589041096,2.991736286896565,-2.1068458759376605
2018-07-25,7.271446575342466,2.9441608039320406,-1.7086073792745071
2018-07-26,7.2716520547945205,2.334894699260457,-1.408546754054977
2018-07-27,7.272797260273973,2.31483779725835,-1.6596350575323227
2018-07-28,7.273156164383561,3.7990474916735235,-3.177203656057085
2018-07-29,7.273257534246575,2.364048826411844,-2.049306360658419
2018-07-30,7.273221917808218,2.5136675829977237,-2.2618895008059416
2018-07-31,7.273358904109589,2.921965159393931,-2.66332406350352
2018-08-01,7.273479452054794,1.7372281730925607,-1.5347076251473544
2018-08-02,7.273104109589041,1.9569758373004993,-2.09207994688954
2018-08-03,7.272967123287671,1.5063648783963894,-1.7553320016840606
2018-08-04,7.272956164383562,1.8695638949049949,-2.2735200592885567
2018-08-05,7.273356164383562,2.6149441548277204,-3.4533003192112823
2018-08-06,7.274906849315069,1.9049685313644256,-2.4808753806794943
2018-08-07,7.275936986301369,2.6122580290813207,-2.67119501538269
2018-08-08,7.276665753424657,1.7342658267630913,-0.8539315801877485
2018-08-09,7.27712602739726,0.9894446816981107,0.8444292909046295
2018-08-10,7.277517808219178,0.9020908355442644,-0.6826086437634428
2018-08-11,7.277726027397261,0.886244822196881,-1.8099708495941418
2018-08-12,7.277764383561644,1.259361506425894,-2.5001258899875385
2018-08-13,7.281591780821918,1.1944667400051003,-2.1760585208270182
2018-08-14,7.281764383561644,0.6013667048804077,-1.7131310884420514
2018-08-15,7.2823315068493155,0.7922628060395225,-2.3075943128888374
2018-08-16,7.28252602739726,2.2287738703177107,-4.061299897714971
2018-08-17,7.282501369863014,3.354036954265726,-5.33153832412874
2018-08-18,7.282350684931506,1.2482092057585252,-3.1745598906900314
2018-08-19,7.28253698630137,0.9993504772723991,-2.388887463573769
2018-08-20,7.28326301369863,0.7687433820844819,-2.3310063957831115
2018-08-21,7.284030136986301,0.259629297082726,-2.0506594340690265
2018-08-22,7.284706849315068,0.1009574319615455,-1.860664281276613
2018-08-23,7.285087671232876,0.6401830027378013,-2.3212706739706777
2018-08-24,7.28552602739726,0.5913782257796,-2.6569042531768607
2018-08-25,7.286216438356164,0.525896525744475,-3.2461129641006394
2018-08-26,7.286906849315068,0.17609575300123667,-3.360002602316305
2018-08-27,7.288284931506849,-0.153389038006842,-3.0158958935000078
2018-08-28,7.289052054794521,0.35586252504198124,-3.336914579836502
2018-08-29,7.289547945205479,-0.03891422241147837,-2.538633722794001
2018-08-30,7.29026301369863,-0.7042099020742814,-1.9690531116243488
2018-08-31,7.290967123287671,-0.2398114475607586,-1.9191556757269126
2018-09-01,7.291172602739726,-0.8398243734476568,-1.756348229292069
2018-09-02,7.292030136986302,-0.46818742227097965,-2.2368427147153227
2018-09-03,7.292893150684931,-0.9488720025309024,-2.0250211481540283
2018-09-04,7.293783561643836,-0.7858629403601964,-2.262920621283639
2018-09-05,7.2945013698630135,0.24485486785898164,-3.389356237721995
2018-09-06,7.295608219178082,-0.014948433862128177,-3.0546597853159545
2018-09-07,7.2966054794520545,0.8344826866155677,-3.838088166067622
2018-09-08,7.297772602739726,0.8062904140479524,-4.171063016787678
2018-09-09,7.299624657534246,-0.6135197018635332,-2.869104955670713
2018-09-10,7.302652054794521,-0.8763186481227537,-2.6373334066717673
2018-09-11,7.305630136986301,-0.5380771307360307,-3.0345530062502704
2018-09-12,7.30645205479452,-0.5926495929769859,-2.992802461817534
2018-09-13,7.307180821917808,-0.42636782269247625,-2.8588129992253317
2018-09-14,7.308753424657534,0.8555477375463716,-4.1643011622039054
2018-09-15,7.309756164383561,1.2257669858779492,-5.04852315026151
2018-09-16,7.310882191780822,2.25379157316281,-5.703673764943632
2018-09-17,7.3124301369863005,3.456872359955926,-7.003302496942227
2018-09-18,7.3141917808219175,4.805581457251325,-8.463773238073243
2018-09-19,7.31573698630137,1.7907576427097018,-5.623494629011072
2018-09-20,7.315898630136986,-0.21786813881470982,-3.7870304913222763
2018-09-21,7.317624657534246,-0.5600064598544008,-3.2016181976798452
2018-09-22,7.319575342465753,-0.13804741524604108,-3.549527927219712
2018-09-23,7.32224109589041,0.7205788580240677,-4.029819953914478
2018-09-24,7.325172602739725,-0.6241622729910359,-1.4830103297486892
2018-09-25,7.327967123287671,-0.1704941310872775,-3.8494729922003934
2018-09-26,7.330364383561644,0.565321464276263,-4.875685847837907
2018-09-27,7.332276712328767,-0.6838547914314995,-3.759421920897268
2018-09-28,7.334506849315068,-0.822216365017731,-3.691290484297337
2018-09-29,7.336704109589041,-1.115946537128725,-3.546757572460317
2018-09-30,7.321852054794521,-0.8068088483335015,-3.9380432064610194
2018-10-01,7.325536986301369,-0.9873477313682752,-3.4221892549330937
2018-10-02,7.329939726027398,-0.5040292909046292,-4.061910435122769
2018-10-03,7.33525205479452,0.06496818011749941,-4.621220234912019
2018-10-04,7.33892602739726,-0.6844379315790233,-3.9054880958182365
2018-10-05,7.341613698630137,0.6683882714417001,-5.337001970071837
2018-10-06,7.343356164383561,0.5542709549682197,-5.284627119351781
2018-10-07,7.343698630136986,0.40454169609923435,-5.22924032623622
2018-10-08,7.340199999999999,0.8116482644167619,-5.633848264416762
2018-10-09,7.335350684931507,0.7429811060043977,-5.584331790935905
2018-10-10,7.32985205479452,1.1747488615365362,-6.003600916331057
2018-10-11,7.326306849315069,0.6746058337880295,-3.252912683103098
2018-10-12,7.321706849315069,-0.5330746720075444,-2.9886321773075246
2018-10-13,7.3184438356164385,-1.0708397580630418,-3.248604077553396
2018-10-14,7.314709589041096,-1.631827956166308,-2.873881632874787
2018-10-15,7.3107780821917805,-1.5952414440482892,-2.9795366381434913
2018-10-16,7.3064986301369865,-1.8444273941712255,-2.853071235965761
2018-10-17,7.301397260273973,-1.8281763931174846,-2.980220867156488
2018-10-18,7.294934246575343,-2.183875304252012,-2.667058942323331
2018-10-19,7.286227397260275,-2.4297708434160445,-2.4504565538442296
2018-10-20,7.273424657534246,-1.7278406010556653,-3.1725840564785805
2018-10-21,7.257953424657535,-0.927450365720225,-4.04450305893731
2018-10-22,7.241687671232876,-0.8294849986671863,-4.19620267256569
2018-10-23,7.227558904109589,-1.6844847176696447,-3.383074186439944
2018-10-24,7.230106849315069,-2.101494482334204,-3.045612366980865
2018-10-25,7.232772602739726,-2.365311623184222,-2.6724609795555048
2018-10-26,7.24473698630137,-2.477579975836136,-2.6241570104652343
2018-10-27,7.237230136986302,-2.345209550827355,-1.7910205861589468
2018-10-28,7.214717808219179,-0.7437475908695045,6.728029782650325
2018-10-29,7.1574986301369865,-1.2823447106447066,7.24384608050772
2018-10-30,7.095846575342465,-1.3678422167915276,3.0679956414490617
2018-10-31,7.0737643835616435,-1.9435487148596695,0.4527843312980262
2018-11-01,7.060180821917808,-2.3033020692678186,2.8721212473500097
2018-11-02,7.045421917808219,-2.322721458098166,1.827299540289947
2018-11-03,7.0245863013698635,-1.7834255676872073,1.4358392663173434
2018-11-04,6.993454794520549,-2.298801542397429,4.249346747876881
2018-11-05,6.957378082191781,-2.338684085425177,8.625306003233396
2018-11-06,6.915378082191781,-2.533999505165254,13.548621422973472
2018-11-07,6.872364383561644,-2.2414702462962697,11.845105862734625
2018-11-08,6.82953698630137,-2.1839770253619526,5.8834400390605825
2018-11-09,6.797613698630137,-2.7666846474202593,5.221070948790123
2018-11-10,6.772076712328767,-2.588360516756403,4.858283804427636
2018-11-11,6.74278904109589,-1.9672856309116542,5.813496589815764
2018-11-12,6.707287671232877,-2.008954896805578,5.0076672255727
2018-11-13,6.670810958904109,-2.6619219498438635,4.855110990939755
2018-11-14,6.6435506849315065,-2.898953562067257,3.0024028771357503
2018-11-15,6.622657534246576,-3.1399230035846433,2.0582654693380675
2018-11-16,6.607153424657534,-3.3360941310872776,1.7109407064297435
2018-11-17,6.592336986301371,-3.516784612295567,1.3874476259941964
2018-11-18,6.575882191780822,-3.5870806432052964,1.0531984514244739
2018-11-19,6.565753424657535,-3.652757144785908,0.8520037201283732
2018-11-20,6.556098630136987,-3.6451825048140076,0.811083874677021
2018-11-21,6.545832876712329,-3.515585806535117,0.673752929822788
2018-11-22,6.534000000000001,-3.578732136004734,0.6057321360047334
2018-11-23,6.521772602739726,-3.5522589361452335,0.42348633340550723
2018-11-24,6.503145205479453,-3.5584796597139023,0.4293344542344495
2018-11-25,6.474786301369864,-3.676716259643653,0.38392995827378895
2018-11-26,6.428720547945206,-3.859165434213376,0.44244488626817
2018-11-27,6.38281095890411,-3.980515135653488,0.44270417674937823
2018-11-28,6.317567123287672,-3.959714152162093,0.5971470288744212
2018-11-29,6.263298630136987,-3.9901487851090556,0.6878501549720686
2018-11-30,6.190580821917809,-4.043876568740948,0.9612957468231387
2018-12-01,6.149890410958904,-4.1491310120145695,0.9292406010556653
2018-12-02,6.1263643835616435,-4.226475655498939,1.055111271937296
2018-12-03,6.106931506849316,-4.245750892590614,2.5228193857412986
2018-12-04,6.106197260273973,-4.240996695189842,2.4687994349158684
2018-12-05,6.119767123287672,-4.271360938252715,1.7555938149650432
2018-12-06,6.122512328767123,-4.170112114929919,1.5785997861627963
2018-12-07,6.121361643835616,-4.374036877838243,1.5906752340026271
2018-12-08,6.125901369863014,-4.4451302392713306,1.4042288694083167
2018-12-09,6.134865753424658,-4.427773442643302,1.3649076892186436
2018-12-10,6.278295890410959,-3.6821667689516966,8.852870878540738
2018-12-11,6.4241753424657535,-4.134770773166659,5.367595430700906
2018-12-12,6.474076712328767,-4.235678395224966,0.728601682896199
2018-12-13,6.490789041095891,-4.381357355534064,0.8325683144381735
2018-12-14,6.514175342465753,-4.330535297227073,0.7333599547613199
2018-12-15,6.643627397260275,-3.66584277878661,-0.39978461847366553
2018-12-16,6.725084931506851,-3.824306775976635,-0.155778155530216
2018-12-17,6.765369863013699,-4.028131082263955,-0.079238780749745
2018-12-18,6.805679452054795,-4.030494131087277,-0.26018532096751734
2018-12-19,6.856161643835618,-3.891943867652082,-0.44821777618353575
2018-12-20,6.8932246575342475,-4.0024626593626556,-0.4077619981715914
2018-12-21,6.911690410958905,-3.9912474152460407,-0.39144299571286467
2018-12-22,6.928852054794521,-4.187782364315237,0.21793030952071613
2018-12-23,6.962991780821918,-4.269164239973825,0.24917245915190644
2018-12-24,7.013328767123289,-4.3168335058677485,2.55950473874446
2018-12-25,7.087301369863014,-4.117749979348605,0.7344486094855909
2018-12-26,7.165797260273973,-4.2888382828259495,0.43704102255197697
2018-12-27,7.240312328767123,-4.674010745066906,0.6646984162997827
2018-12-28,7.333841095890411,-4.671347450370734,0.33050635448032306
2018-12-29,7.4208931506849325,-4.653324549071121,0.060431398386187496
2018-12-30,7.498753424657535,-4.797623249457492,-0.028130175200042906
2018-12-31,7.561027397260275,-4.843358128277302,0.004330731017027745
2019-01-01,7.6133643835616445,-4.928491883106948,0.09912749954530309
2019-01-02,7.653857534246575,-4.928287878891985,0.41543034464540973
2019-01-03,7.687731506849316,-4.850736491466624,1.3140049846173083
2019-01-04,7.7184630136986305,-4.290862237866343,-1.0666007758322875
2019-01-05,7.749698630136987,-4.428815100528795,-0.899883529608192
2019-01-06,7.780008219178082,-4.6178294314034,-0.8601787877746832
2019-01-07,7.805586301369864,-4.770564942467678,-0.7070213589021863
2019-01-08,7.826482191780822,-4.872420509731464,-0.689061682049358
2019-01-09,7.846704109589042,-4.709624092450116,0.6599199828610738
2019-01-10,7.862931506849316,-4.695508672710039,1.2455771658607233
2019-01-11,7.8776027397260275,-4.881104738744461,-0.21649800098156735
2019-01-12,7.898024657534247,-4.97155651254144,-0.4704681449928074
2019-01-13,7.912224657534247,-5.011596414192301,-0.5356282433419457
2019-01-14,7.924967123287671,-4.949678746471893,0.48171162318422134
2019-01-15,7.936487671232877,-5.0033148546559465,2.0088271834230698
2019-01-16,7.945906849315069,-4.691527640044074,0.4396207907290055
2019-01-17,7.953950684931508,-4.555471791782747,-0.32047889314876166
2019-01-18,7.962632876712329,-4.608951595084467,-1.0816812816278611
2019-01-19,7.9747232876712335,-4.9558035796296025,-0.9279197080416308
2019-01-20,7.985791780821918,-5.077918648122754,-0.9618731326991643
2019-01-21,7.9997424657534255,-4.920008778084116,-1.0537336876693093
2019-01-22,8.01228493150685,-4.770048820233748,-1.343236111273102
2019-01-23,8.025265753424659,-4.9742438325273906,-0.7550219208972688
2019-01-24,8.036005479452054,-5.0319649424676784,-0.3120405369843757
2019-01-25,8.04731506849315,-5.040197397683695,-0.504117670809455
2019-01-26,8.062219178082191,-5.053829852899712,-0.826389325182479
2019-01-27,8.07167397260274,-5.10705057646838,-1.0436233961343602
2019-01-28,8.080002739726027,-5.113554194311725,-1.155448545414302
2019-01-29,8.087073972602738,-5.094958549773614,-1.0681154228291243
2019-01-30,8.092213698630136,-5.136538739446954,-1.1406749591831824
2019-01-31,8.095397260273973,-5.106476217494022,-1.237921042779952
2019-02-01,8.100556164383562,-5.109231538884959,-1.1953246254986025
2019-02-02,8.103926027397259,-5.143588546261145,-1.1723374811361138
2019-02-03,8.10616712328767,-5.078912325678075,-1.1512547976095968
2019-02-04,8.10970410958904,-4.973080291958371,-0.8896238176306701
2019-02-05,8.113986301369863,-4.87918517429065,-1.170801127079213
2019-02-06,8.121553424657534,-5.180480643205296,-0.9680727814522383
2019-02-07,8.123049315068492,-4.978482118442388,-1.3075671966261044
2019-02-08,8.119827397260273,-4.998999083668942,-1.3108283135913306
2019-02-09,8.121734246575343,-5.13942612968229,-1.2853081168930531
2019-02-10,8.137917808219179,-5.207620017985767,-1.304297790233412
2019-02-11,8.215068493150685,-5.142672845523527,-0.11939564762715893
2019-02-12,8.229046575342466,-5.178863783352821,-1.4141827919896448
2019-02-13,8.235345205479453,-5.177917594381974,-1.294427611097479
2019-02-14,8.24286301369863,-5.063111763682993,-1.5347512500156366
2019-02-15,8.24966301369863,-5.087591285987172,-1.5390717277114572
2019-02-16,8.255846575342465,-5.229912536426231,-1.389934038916234
2019-02-17,8.262312328767123,-5.2726325223763535,-1.3636798063907705
2019-02-18,8.271723287671232,-5.268173372393916,-1.2485499152773167
2019-02-19,8.321156164383563,-5.256746396629954,-1.2534097677536087
2019-02-20,8.347531506849315,-5.118069052056719,-1.5404624547925954
2019-02-21,8.35846301369863,-5.222948504111514,-1.443514509587116
2019-02-22,8.36512602739726,-5.2823230738340285,-1.4268029535632314
2019-02-23,8.373364383561643,-5.27592454907112,-1.3794398344905234
2019-02-24,8.380945205479453,-5.284829150405858,-1.3741160550735954
2019-02-25,8.38854794520548,-5.28737077316666,-1.2341771720388195
2019-02-26,8.395482191780822,-5.306462729612041,-1.225019462168781
2019-02-27,8.401410958904108,-5.205065469338068,-1.28134548956604
2019-02-28,8.405391780821917,-5.193543375906385,-1.1808484049155314
2019-03-01,8.407860273972602,-5.243241654796445,-1.1016186191761568
2019-03-02,8.411200000000001,-5.084042568038454,-1.4301574319615469
2019-03-03,8.415890410958905,-5.229053807940105,-1.3408366030187997
2019-03-04,8.42042191780822,-5.1583109909397535,-1.434110926868466
2019-03-05,8.422923287671232,-5.19122507594151,-1.3666982117297213
2019-03-06,8.424698630136987,-5.205810534318749,-1.4048880958182384
2019-03-07,8.431520547945205,-5.021683101933783,-1.4938374460114217
2019-03-08,8.445145205479452,-5.183144640395321,-1.4010005650841313
2019-03-09,8.458967123287671,-4.976675234002627,-1.5792918892850434
2019-03-10,8.46836712328767,-5.064484858168416,-1.2478822651192543
2019-03-11,8.47818904109589,-5.0856064598544,-0.6975825812414893
2019-03-12,8.485468493150684,-5.098743375906385,-0.5827251172442987
2019-03-13,8.490865753424657,-5.035867225572701,-1.5529985278519565
2019-03-14,8.49666301369863,-4.912216786514042,-1.6754462271845876
2019-03-15,8.501126027397259,-4.818694131087277,-1.4664318963099818
2019-03-16,8.50494794520548,-4.665782715562163,-1.8291652296433165
2019-03-17,8.509704109589041,-4.699931012014569,-1.7377730975744718
2019-03-18,8.517605479452055,-4.6509270780489915,-1.7756784014030629
2019-03-19,8.527816438356165,-4.63719191823164,-1.7766245201245257
2019-03-20,8.536939726027397,-4.551629150405859,-1.9933105756215381
2019-03-21,8.544868493150684,-4.468462799861426,-2.0884056932892587
2019-03-22,8.552369863013698,-4.547610042573052,-1.9047598204406464
2019-03-23,8.55856712328767,-4.395444043275546,-1.9821230800121237
2019-03-24,8.563846575342465,-4.372053175695637,-1.7137933996468284
2019-03-25,8.571035616438357,-4.333039406816114,-1.6429962096222415
2019-03-26,8.570232876712328,-4.334229220655244,-1.8250036560570848
2019-03-27,8.573901369863012,-4.34338201306831,-1.8855193567947017
2019-03-28,8.578679452054795,-4.30185043596961,-1.9468290160851849
2019-03-29,8.583057534246574,-4.169860551881096,-1.8901969823654783
2019-03-30,8.586857534246576,-3.9009337517405975,-2.0499237825059784
2019-03-31,8.590605479452055,-3.61181636501773,-2.1737891144343253
2019-04-01,8.594364383561643,-3.636727499545303,-1.8826368840163403
2019-04-02,8.596797260273974,-3.6336877383932134,-1.6241095218807597
2019-04-03,8.602002739726027,-3.751478043978039,-1.1615246957479877
2019-04-04,8.606761643835615,-3.692365785460302,-1.6003958583753128
2019-04-05,8.61049589041096,-3.5797138009151666,-1.9387820894957923
2019-04-06,8.6154,-3.537783347806631,-2.087616652193368
2019-04-07,8.620753424657533,-3.6093682441887878,-2.2043851804687447
2019-04-08,8.627802739726027,-3.589510428944671,-2.185292310781356
2019-04-09,8.632865753424657,-3.46416206224288,-2.0827036911817762
2019-04-10,8.640624657534246,-3.311106284230938,-2.128518373303308
2019-04-11,8.646961643835617,-3.244348433862128,-2.267613209973489
2019-04-12,8.646038356164384,-2.975595852197218,-2.4824425039671656
2019-04-13,8.64689589041096,-2.6407631159836598,-2.9261327744273
2019-04-14,8.649246575342467,-2.581964380472596,-3.126282194869871
2019-04-15,8.652079452054794,-2.3740142575361713,-3.1290651945186228
2019-04-16,8.675495890410959,-1.708426972674914,-3.5650689177360446
2019-04-17,8.692569863013698,-1.4544225469636387,-3.197147316050059
2019-04-18,8.70205479452055,-1.4598808539534525,-2.283173940567097
2019-04-19,8.710517808219178,-1.2709152761522584,-1.57860253206692
2019-04-20,8.72798904109589,-0.9407757608730171,-1.3892132802228736
2019-04-21,8.7767698630137,-0.6231576365316049,-1.609612226482095
2019-04-22,8.945394520547945,0.02735209300826165,-2.107746613556206
2019-04-23,9.089775342465753,0.18785557035283496,-0.9006309128185873
2019-04-24,9.133591780821916,0.6329583452035549,5.817449873974528
2019-04-25,9.173309589041095,1.3081709198435265,5.2405194911153785
2019-04-26,9.202030136986302,2.3344008460816723,5.928569016932025
2019-04-27,9.224153424657533,2.1017542707392063,-1.6069076953967403
2019-04-28,9.240402739726026,3.1048546571108258,-5.198257396836851
2019-04-29,9.228734246575343,4.309413561220415,-7.519147807795758
2019-04-30,9.217991780821917,4.10853291492607,-7.438524695747987
2019-05-01,9.216238356164382,3.0496698309780546,-6.107908187142437
2019-05-02,9.221172602739724,2.6788828973637235,-5.134055500103448
2019-05-03,9.21942191780822,2.8937458408129677,-4.969167758621187
2019-05-04,9.220109589041096,3.498809065259754,-5.634918654300851
2019-05-05,9.222999999999999,4.160799862590277,-7.084799862590276
2019-05-06,9.218476712328767,4.789499265470503,-8.25297597779927
2019-05-07,9.200487671232876,5.381327013977703,-9.160814685210578
2019-05-08,9.168405479452055,5.204383845730425,-8.933789325182481
2019-05-09,9.139457534246574,5.530811032242544,-9.128268566489119
2019-05-10,9.126556164383562,5.560187779696003,-8.481743944079565
2019-05-11,9.116186301369863,6.052165299892701,-7.130351601262564
2019-05-12,9.10568493150685,6.63473979936583,-8.643424730872681
2019-05-13,9.091109589041096,6.534478120405521,-9.539587709446618
2019-05-14,9.078564383561645,6.515019110921855,-10.156583494483499
2019-05-15,9.067487671232877,5.188028664838258,-9.111516336071135
2019-05-16,9.061638356164384,4.778967196626105,-8.49060555279049
2019-05-17,9.066172602739726,4.64032076178241,-7.586493364522136
2019-05-18,9.066024657534246,5.6091405018596845,-7.708165159393931
2019-05-19,9.066890410958903,6.616472921951009,-8.043363332909912
2019-05-20,9.068501369863014,6.825103901929934,-6.156605271792948
2019-05-21,9.070263013698629,6.7739253279924565,-4.895188341691085
2019-05-22,9.071994520547944,7.400311348364778,-5.295305868912723
2019-05-23,9.073561643835616,7.336999722091508,-5.1575613659271236
2019-05-24,9.075,8.26541018924992,-5.786410189249919
2019-05-25,9.07972602739726,8.43693396866685,-5.7516599960641095
2019-05-26,9.087569863013698,9.658998808849498,-7.246568671863196
2019-05-27,9.095243835616436,11.973274748435026,-9.972518584051462
2019-05-28,9.10146301369863,10.39584756192291,-9.01331057562154
2019-05-29,9.107980821917806,9.516288587563933,-9.926269409481739
2019-05-30,9.113353424657534,8.904502356443455,-9.34485578110099
2019-05-31,9.11780821917808,8.934643627957332,-7.747451847135412
2019-06-01,9.120999999999999,10.530866178010019,-6.598866178010017
2019-06-02,9.124301369863012,10.956606185034957,-5.44190755489797
2019-06-03,9.127227397260274,10.505431826060596,-2.915659223320871
2019-06-04,9.125723287671233,10.47053172068652,1.9587449916422468
2019-06-05,9.124339726027397,10.192893364522135,7.1957669094504695
2019-06-06,9.124657534246577,10.779224239126984,5.654118226626439
2019-06-07,9.124709589041096,12.416004850296636,-0.28271443933773277
2019-06-08,9.125243835616438,10.470772114083077,2.9209840503004845
2019-06-09,9.125906849315069,11.096265826763092,3.5408273239218406
2019-06-10,9.126997260273972,11.505619813415707,53.971382926310326
2019-06-11,9.104758904109588,11.663248264416762,65.38899283147364
2019-06-12,9.092805479452053,12.145723642007207,31.81947087854074
2019-06-13,9.093063013698629,11.588645384191963,11.835291602109411
2019-06-14,9.093528767123287,11.291264140777843,9.135207092098872
2019-06-15,9.094265753424658,12.035223606882514,44.98551063969282
2019-06-16,9.09552602739726,13.100672711202852,25.862801261399888
2019-06-17,9.096482191780822,12.883870041726212,11.464647766492966
2019-06-18,9.09940821917808,11.686961506425893,13.61763027439603
2019-06-19,9.104783561643835,11.324662033296283,17.681554405059877
2019-06-20,9.109791780821919,10.540313807093263,13.796894412084821
2019-06-21,9.116298630136985,10.035217214188451,8.388484155674563
2019-06-22,9.12092602739726,9.93424004523868,7.850833927364059
2019-06-23,9.123046575342466,9.816529247908157,9.083424176749375
2019-06-24,9.124254794520548,12.900007398593086,10.329737806886367
2019-06-25,9.119528767123287,10.913703699962952,20.087767532913766
2019-06-26,9.118139726027398,10.071884247908157,22.701976026064443
2019-06-27,9.117832876712328,10.157063220510896,21.912103902776774
2019-06-28,9.117443835616438,12.014701165716376,26.230854998667184
2019-06-29,9.117586301369862,10.63415383694925,25.286259861680882
2019-06-30,9.117964383561644,10.006386097223224,23.638649519215132
2019-07-01,9.11861095890411,10.888141782154731,17.599247258941162
2019-07-02,9.118980821917809,9.105684795853362,16.377334382228824
2019-07-03,9.11928219178082,9.207311028730073,10.512406779489107
2019-07-04,9.118509589041096,7.952552655003343,8.240937755955562
2019-07-05,9.114367123287671,7.925656764592385,7.386976112119943
2019-07-06,9.114698630136985,7.327076926165971,6.803224443697045
2019-07-07,9.114978082191781,6.9038262061097715,6.155195711698447
2019-07-08,9.115871232876712,6.26082683835424,4.937301928769048
2019-07-09,9.116482191780822,5.884137410886731,3.6943803973324476
2019-07-10,9.116986301369863,6.320840747732532,2.4021729508976044
2019-07-11,9.113279452054794,7.43471879479962,-0.5229982468544154
2019-07-12,9.107720547945206,6.324650933893403,-0.4443714818386093
2019-07-13,9.106468493150686,4.968738534876895,2.73079297197242
2019-07-14,9.106000000000002,4.885113877342649,0.40188612265735024
2019-07-15,9.105624657534246,5.722986163960141,-0.7436108214943866
2019-07-16,9.10202191780822,5.177009908252378,-1.0060318260605978
2019-07-17,9.09406301369863,4.636426206109771,-0.7114892198084011
2019-07-18,9.089791780821919,3.992448334666147,-0.3692401154880667
2019-07-19,9.087350684931508,3.6898545868614403,-0.29020527179294797
2019-07-20,9.086805479452055,3.6678314045642852,0.53336311598366
2019-07-21,9.086638356164382,3.6802502313995507,0.8991114124360675
2019-07-22,9.086526027397259,4.13114640280805,-0.5656724302053098
2019-07-23,9.086684931506849,3.334073905442403,0.1372411630507484
2019-07-24,9.087084931506848,2.991736286896565,0.8251787815965872
2019-07-25,9.086290410958902,2.9441608039320406,0.39654878510905656
2019-07-26,9.084413698630136,2.334894699260457,0.9066916021094071
2019-07-27,9.08297808219178,2.31483779725835,1.9701841205498711
2019-07-28,9.082306849315069,3.7990474916735235,-1.5353543409885924
2019-07-29,9.082309589041095,2.364048826411844,-0.8183584154529395
2019-07-30,9.08256712328767,2.5136675829977237,-1.4902347062853947
2019-07-31,9.087071232876713,2.921965159393931,-2.601036392270645
2019-08-01,9.087243835616437,1.7372281730925607,-2.186472008708998
2019-08-02,9.087791780821917,1.9569758373004993,-2.023767618122415
2019-08-03,9.088000000000001,1.5063648783963894,-2.340364878396391
2019-08-04,9.089580821917806,1.8695638949049949,-3.272144716822801
2019-08-05,9.097997260273972,2.6149441548277204,-3.986941415101693
2019-08-06,9.103909589041095,1.9049685313644256,-2.74687812040552
2019-08-07,9.138063013698629,2.6122580290813207,-1.7713210427799502
2019-08-08,9.141506849315068,1.7342658267630913,-2.17277267607816
2019-08-09,9.143621917808218,0.9894446816981107,-2.1980665995063293
2019-08-10,9.145435616438355,0.9020908355442644,-1.8545264519826201
2019-08-11,9.146835616438356,0.886244822196881,2.2279195613647627
2019-08-12,9.148701369863014,1.259361506425894,23.788937123711097
2019-08-13,9.14644109589041,1.1944667400051003,1.0610921641044893
2019-08-14,9.147835616438357,0.6013667048804077,-1.2802023213187652
2019-08-15,9.149019178082192,0.7922628060395225,-1.430281984121715
2019-08-16,9.158495890410958,2.2287738703177107,-3.455269760728668
2019-08-17,9.159701369863011,3.354036954265726,-4.951738324128737
2019-08-18,9.16036712328767,1.2482092057585252,-2.6925763290461955
2019-08-19,9.161210958904109,0.9993504772723991,-0.8325614361765084
2019-08-20,9.16195890410959,0.7687433820844819,13.833297713805928
2019-08-21,9.162512328767122,0.259629297082726,5.697858374150152
2019-08-22,9.16313698630137,0.1009574319615455,0.2509055817370859
2019-08-23,9.163520547945204,0.6401830027378013,-1.7677035506830057
2019-08-24,9.164128767123287,0.5913782257796,-1.5285069929028872
2019-08-25,9.164753424657533,0.525896525744475,-2.357649950402008
2019-08-26,9.166769863013698,0.17609575300123667,-2.4648656160149347
2019-08-27,9.1680301369863,-0.153389038006842,-2.3646410989794573
2019-08-28,9.168690410958902,0.35586252504198124,-3.052552936000883
2019-08-29,9.171334246575341,-0.03891422241147837,-2.967420024163863
2019-08-30,9.176063013698627,-0.7042099020742814,-2.953853111624346
2019-08-31,9.175676712328766,-0.2398114475607586,-2.5848652647680073
2019-09-01,9.175934246575341,-0.8398243734476568,-1.9291098731276843
2019-09-02,9.176076712328765,-0.46818742227097965,-2.466889290057786
2019-09-03,9.17629315068493,-0.9488720025309024,-2.995421148154028
2019-09-04,9.176169863013698,-0.7858629403601964,-3.497306922653501
2019-09-05,9.17612602739726,0.24485486785898164,-2.7809808952562416
2019-09-06,9.175673972602738,-0.014948433862128177,0.03827446125939037
2019-09-07,9.175024657534244,0.8344826866155677,-0.671507344149813
2019-09-08,9.17450410958904,0.8062904140479524,-2.6167945236369934
2019-09-09,9.173049315068493,-0.6135197018635332,-1.1575296132049595
2019-09-10,9.170605479452053,-0.8763186481227537,-1.8482868313293
2019-09-11,9.169413698630136,-0.5380771307360307,-2.9283365678941045
2019-09-12,9.17153698630137,-0.5926495929769859,-2.7418873933243835
2019-09-13,9.174501369863012,-0.42636782269247625,-3.0971335471705363
2019-09-14,9.175312328767124,0.8555477375463716,-4.635860066313496
2019-09-15,9.17625205479452,1.2257669858779492,-5.17901904067247
2019-09-16,9.176909589041095,2.25379157316281,-4.685701162203905
2019-09-17,9.177676712328765,3.456872359955926,-5.141549072284691
2019-09-18,9.179049315068491,4.805581457251325,-6.9986307723198165
2019-09-19,9.182101369863013,1.7907576427097018,-4.595859012572714
2019-09-20,9.185920547945205,-0.21786813881470982,-2.919052409130495
2019-09-21,9.18940821917808,-0.5600064598544008,-2.81140175932368
2019-09-22,9.192947945205479,-0.13804741524604108,-3.4959005299594375
2019-09-23,9.195550684931504,0.7205788580240677,-3.2791295429555722
2019-09-24,9.19730410958904,-0.6241622729910359,-3.648141836598005
2019-09-25,9.198980821917807,-0.1704941310872775,-4.381486690830529
2019-09-26,9.200090410958904,0.565321464276263,-5.001411875235166
2019-09-27,9.201443835616438,-0.6838547914314995,-4.030589044184938
2019-09-28,9.202605479452053,-0.822216365017731,-4.172389114434322
2019-09-29,9.203838356164383,-1.115946537128725,-4.045891819035658
2019-09-30,9.204397260273971,-0.8068088483335015,-4.44858841194047
2019-10-01,9.20365205479452,-0.9873477313682752,-4.412304323426246
2019-10-02,9.201961643835617,-0.5040292909046292,-4.033932352930988
2019-10-03,9.199336986301368,0.06496818011749941,-4.748305166418867
2019-10-04,9.19798904109589,-0.6844379315790233,-4.401551109516867
2019-10-05,9.1978,0.6683882714417001,-5.403188271441701
2019-10-06,9.199049315068493,0.5542709549682197,-5.186320270036712
2019-10-07,9.20197808219178,0.40454169609923435,-4.514519778291014
2019-10-08,9.205517808219177,0.8116482644167619,-5.65116607263594
2019-10-09,9.209750684931507,0.7429811060043977,-4.626731790935905
2019-10-10,9.215701369863014,1.1747488615365362,-5.5764502313995505
2019-10-11,9.22349315068493,0.6746058337880295,-5.4870989844729605
2019-10-12,9.232419178082191,-0.5330746720075444,-4.586344506074646
2019-10-13,9.242704109589042,-1.0708397580630418,-4.3148643515259995
2019-10-14,9.25268219178082,-1.631827956166308,-3.7778542356145124
2019-10-15,9.261260273972603,-1.5952414440482892,3.616981170075686
2019-10-16,9.268556164383561,-1.8444273941712255,1.4168712297876636
2019-10-17,9.27491506849315,-1.8281763931174846,-1.491738675375666
2019-10-18,9.280512328767124,-2.183875304252012,-1.5636370245151112
2019-10-19,9.286490410958903,-2.4297708434160445,1.926280432457141
2019-10-20,9.294090410958905,-1.7278406010556653,12.61175019009676
2019-10-21,9.307361643835616,-0.927450365720225,55.45408872188461
2019-10-22,9.320375342465752,-0.8294849986671863,46.42410965620143
2019-10-23,9.326860273972603,-1.6844847176696447,10.51062444369704
2019-10-24,9.31115890410959,-2.101494482334204,9.370335578224612
2019-10-25,9.294780821917808,-2.365311623184222,5.748530801266416
2019-10-26,9.272049315068493,-2.477579975836136,3.423530660767643
2019-10-27,9.270416438356165,-2.345209550827355,2.1067931124711903
2019-10-28,9.28041095890411,-0.7437475908695045,0.40333663196539427
2019-10-29,9.296331506849315,-1.2823447106447066,1.184013203795392
2019-10-30,9.307517808219178,-1.3678422167915276,0.21632440857235058
2019-10-31,9.314161643835616,-1.9435487148596695,0.013387071024053565
2019-11-01,9.315794520547945,-2.3033020692678186,-0.02249245128012589
2019-11-02,9.315835616438356,-2.322721458098166,-0.19211415834018997
2019-11-03,9.31484109589041,-1.7834255676872073,0.20058447179679773
2019-11-04,9.316956164383562,-2.298801542397429,0.2748453780138669
2019-11-05,9.325619178082192,-2.338684085425177,-0.30893509265701535
2019-11-06,9.337501369863013,-2.533999505165254,-0.5835018646977588
2019-11-07,9.34809589041096,-2.2414702462962697,-1.19662564411469
2019-11-08,9.365016438356164,-2.1839770253619526,-1.3610394129942116
2019-11-09,9.390060273972601,-2.7666846474202593,-1.1563756265523422
2019-11-10,9.412131506849315,-2.588360516756403,-1.6147709900929121
2019-11-11,9.450386301369862,-1.9672856309116542,-2.2141006704582082
2019-11-12,9.468652054794521,-2.008954896805578,-2.3326971579889437
2019-11-13,9.500879452054793,-2.6619219498438635,-2.0179575022109297
2019-11-14,9.52764383561644,-2.898953562067257,-2.0166902735491825
2019-11-15,9.548112328767123,-3.1399230035846433,0.7878106748175195
2019-11-16,9.564361643835618,-3.3360941310872776,-1.30026751274834
2019-11-17,9.583287671232878,-3.516784612295567,-1.2875030589373107
2019-11-18,9.603142465753425,-3.5870806432052964,-1.386061822548129
2019-11-19,9.618569863013699,-3.652757144785908,-1.5578127182277903
2019-11-20,9.633013698630137,-3.6451825048140076,-1.6338311938161292
2019-11-21,9.645298630136985,-3.515585806535117,-1.8537128236018678
2019-11-22,9.653947945205479,-3.578732136004734,-1.9892158092007444
2019-11-23,9.665101369863013,-3.5522589361452335,-0.9948424337177793
2019-11-24,9.672624657534246,-3.5584796597139023,0.12285500217965595
2019-11-25,9.670753424657534,-3.676716259643653,-0.011037165013880745
2019-11-26,9.667690410958905,-3.859165434213376,-0.5265249767455287
2019-11-27,9.66594794520548,-3.980515135653488,-0.46143280955199106
2019-11-28,9.668676712328766,-3.959714152162093,-0.7929625601666728
2019-11-29,9.670772602739726,-3.9901487851090556,-1.0936238176306707
2019-11-30,9.667010958904111,-4.043876568740948,-1.3501343901631637
2019-12-01,9.654545205479451,-4.1491310120145695,-1.3704141934648817
2019-12-02,9.63928493150685,-4.226475655498939,-1.3898092760079113
2019-12-03,9.625528767123289,-4.245750892590614,-1.5447778745326746
2019-12-04,9.60165205479452,-4.240996695189842,-1.5316553596046782
2019-12-05,9.573438356164385,-4.271360938252715,-1.5820774179116688
2019-12-06,9.54051506849315,-4.170112114929919,-1.8204029535632307
2019-12-07,9.512838356164384,-4.374036877838243,-1.605801478326141
2019-12-08,9.4964,-4.4451302392713306,-1.724269760728669
2019-12-09,9.46178904109589,-4.427773442643302,-1.5640155984525883
2019-12-10,9.28443287671233,-3.6821667689516966,-2.2702661077606336
2019-12-11,9.08013698630137,-4.134770773166659,-1.651366213134711
2019-12-12,8.961131506849316,-4.235678395224966,-1.6644531116243506
2019-12-13,8.900013698630136,-4.381357355534064,-1.4066563430960723
2019-12-14,8.845906849315067,-4.330535297227073,-1.329371552087994
2019-12-15,8.692509589041096,-3.66584277878661,-1.988666810254486
2019-12-16,8.587323287671234,-3.824306775976635,-1.6690165116945996
2019-12-17,8.521967123287672,-4.028131082263955,-0.7678360410237168
2019-12-18,8.456312328767122,-4.030494131087277,0.0511818023201549
2019-12-19,8.378764383561643,-3.891943867652082,-0.1428205159095608
2019-12-20,8.313838356164386,-4.0024626593626556,0.5466243031982696
2019-12-21,8.264476712328769,-3.9912474152460407,-0.055229297082727946
2019-12-22,8.216602739726028,-4.187782364315237,-0.2958203754107904
2019-12-23,8.167816438356166,-4.269164239973825,-0.5146521983823407
2019-12-24,8.1087698630137,-4.3168335058677485,-0.2609363571459511
2019-12-25,8.031665753424658,-4.117749979348605,-0.7169157740760532
2019-12-26,7.949961643835616,-4.2888382828259495,-0.45912336100966655
2019-12-27,7.872810958904109,-4.674010745066906,-0.10980021383720295
2019-12-28,7.779972602739726,-4.671347450370734,-0.06362515236899124
2019-12-29,7.689808219178081,-4.653324549071121,-0.07048367010696044
2019-12-30,7.611709589041095,-4.797623249457492,0.09491366041639626
2019-12-31,7.54101095890411,-4.843358128277302,0.15934716937319227
2020-01-01,7.479068493150685,-4.928491883106948,0.3434233899562633
2020-01-02,7.432369863013699,-4.928287878891985,0.35491801587828586
2020-01-03,7.393254794520548,-4.850736491466624,0.09648169694607578
2020-01-04,7.3529835616438355,-4.290862237866343,-0.580121323777492
2020-01-05,7.316,-4.428815100528795,-0.364184899471204
2020-01-06,7.282641095890411,-4.6178294314034,-0.03681166448701134
2020-01-07,7.251493150684931,-4.770564942467678,0.07007179178274736
2020-01-08,7.22328493150685,-4.872420509731464,0.09813557822461405
2020-01-09,7.197438356164383,-4.709624092450116,-0.043814263714267554
2020-01-10,7.17814794520548,-4.695508672710039,-0.09863927249544169
2020-01-11,7.16531506849315,-4.881104738744461,0.03878967025131086
2020-01-12,7.141380821917808,-4.97155651254144,0.11517569062363187
2020-01-13,7.123071232876712,-5.011596414192301,0.11652518131558942
2020-01-14,7.1045698630136975,-4.949678746471893,-0.012891116541805303
2020-01-15,7.0866,-5.0033148546559465,-0.04628514534405337
2020-01-16,7.070545205479451,-4.691527640044074,-0.24401756543537712
2020-01-17,7.0591260273972605,-4.555471791782747,-0.31665423561451433
2020-01-18,7.043627397260274,-4.608951595084467,-0.3616758021758075
2020-01-19,7.026958904109589,-4.9558035796296025,-0.04115532447998582
2020-01-20,7.010583561643836,-5.077918648122754,-0.02766491352108158
2020-01-21,6.997293150684932,-4.920008778084116,0.0067156273991839655
2020-01-22,6.985128767123287,-4.770048820233748,-0.17007994688953953
2020-01-23,6.969186301369863,-4.9742438325273906,0.011057531157527833
2020-01-24,6.955197260273973,-5.0319649424676784,0.083767682193705
2020-01-25,6.940479452054794,-5.040197397683695,0.07871794562890067
2020-01-26,6.9226328767123295,-5.053829852899712,0.06819697618738285
2020-01-27,6.910413698630137,-5.10705057646838,0.1186368778382425
2020-01-28,6.901219178082192,-5.113554194311725,0.11733501622953302
2020-01-29,6.894128767123288,-5.094958549773614,1.7688297826503265
2020-01-30,6.888128767123288,-5.136538739446954,0.1264099723236667
2020-01-31,6.883542465753425,-5.106476217494022,0.17393375174059678
2020-02-01,6.877410958904109,-5.109231538884959,0.10382057998084981
2020-02-02,6.874454794520549,-5.143588546261145,0.6341337517405963
2020-02-03,6.873709589041097,-5.078912325678075,3.1532027366369784
2020-02-04,6.869676712328767,-4.973080291958371,2.5084035796296043
2020-02-05,6.86294794520548,-4.87918517429065,12.546237229085168
2020-02-06,6.850950684931507,-5.180480643205296,1.5595299582737892
2020-02-07,6.842238356164385,-4.978482118442388,0.7452437622780028
2020-02-08,6.8357260273972615,-4.998999083668942,0.6352730562716813
2020-02-09,6.828769863013699,-5.13942612968229,0.5186562666685912
2020-02-10,6.812536986301371,-5.207620017985767,0.7020830316843965
2020-02-11,6.7344410958904115,-5.142672845523527,0.5362317496331155
2020-02-12,6.718408219178082,-5.178863783352821,0.6054555641747381
2020-02-13,6.711876712328767,-5.177917594381974,0.6610408820532072
2020-02-14,6.704868493150685,-5.063111763682993,3.4622432705323085
2020-02-15,6.697580821917809,-5.087591285987172,0.4530104640693642
2020-02-16,6.691353424657535,-5.229912536426231,0.4175591117686954
2020-02-17,6.687279452054796,-5.2726325223763535,0.5193530703215581
2020-02-18,6.677369863013699,-5.268173372393916,0.618803509380216
2020-02-19,6.627884931506849,-5.256746396629954,0.6418614651231049
2020-02-20,6.601482191780823,-5.118069052056719,0.4335868602758959
2020-02-21,6.5909150684931515,-5.222948504111514,0.4640334356183624
2020-02-22,6.583490410958905,-5.2823230738340285,0.5768326628751232
2020-02-23,6.5737698630137,-5.27592454907112,0.6481546860574197
2020-02-24,6.565169863013699,-5.284829150405858,1.1776592873921592
2020-02-25,6.557101369863014,-5.28737077316666,1.0572694033036454
2020-02-26,6.5499698630136995,-5.306462729612041,0.8614928665983408
2020-02-27,6.543172602739727,-5.205065469338068,1.5418928665983413
2020-02-28,6.538652054794522,-5.193543375906385,2.4118913211118636
2020-02-29,6.574276712328768,-5.243241654796445,0.5909649424676768
2020-03-01,6.6392575342465765,-5.084042568038454,0.43578503379187694
2020-03-02,6.647235616438357,-5.229053807940105,0.47981819150174854
2020-03-03,6.650183561643836,-5.1583109909397535,0.41512742929591795
2020-03-04,6.651490410958904,-5.19122507594151,0.3597346649826063
2020-03-05,6.652063013698631,-5.205810534318749,0.35174752062011816
2020-03-06,6.6471698630136995,-5.021683101933783,0.1255132389200826
2020-03-07,6.635131506849316,-5.183144640395321,0.172013133546006
2020-03-08,6.622227397260275,-4.976675234002627,0.06744783674235233
2020-03-09,6.614490410958904,-5.064484858168416,0.07499444720951143
2020-03-10,6.605654794520548,-5.0856064598544,0.28295166533385174
2020-03-11,6.598964383561645,-5.098743375906385,0.8687789923447395
2020-03-12,6.5940958904109594,-5.035867225572701,1.1187713351617412
2020-03-13,6.588597260273973,-4.912216786514042,1.3146195262400693
2020-03-14,6.583254794520549,-4.818694131087277,0.7474393365667282
2020-03-15,6.578621917808221,-4.665782715562163,0.44016079775394257
2020-03-16,6.574342465753426,-4.699931012014569,0.43758854626114374
2020-03-17,6.565383561643836,-4.6509270780489915,0.4565435164051559
2020-03-18,6.55447397260274,-4.63719191823164,0.6977179456288995
2020-03-19,6.544652054794521,-4.551629150405859,1.1129770956113374
2020-03-20,6.536172602739727,-4.468462799861426,1.3142901971216987
2020-03-21,6.5287643835616445,-4.547610042573052,1.391845659011408
2020-03-22,6.521767123287672,-4.395444043275546,1.3466769199878739
2020-03-23,6.515728767123289,-4.372053175695637,1.2843244085723482
2020-03-24,6.506317808219178,-4.333039406816114,1.0617215985969364
2020-03-25,6.501613698630138,-4.334229220655244,0.8556155220251065
2020-03-26,6.498764383561644,-4.34338201306831,0.5946176295066659
2020-03-27,6.497531506849315,-4.30185043596961,0.6283189291202946
2020-03-28,6.494704109589041,-4.169860551881096,0.6221564422920549
2020-03-29,6.492482191780823,-3.9009337517405975,0.4944515599597743
2020-03-30,6.490531506849315,-3.61181636501773,0.13028485816841462
2020-03-31,6.490287671232878,-3.636727499545303,-0.05056017168757476
2020-04-01,6.490435616438357,-3.6336877383932134,-0.13474787804514365
2020-04-02,6.487860273972603,-3.751478043978039,-0.00538222999456428
2020-04-03,6.623827397260275,-3.692365785460302,-0.10946161179997294
2020-04-04,6.976109589041096,-3.5797138009151666,-0.37339578812592933
2020-04-05,7.026846575342466,-3.537783347806631,-0.04306322753583469
2020-04-06,7.054983561643835,-3.6093682441887878,0.4303846825449522
2020-04-07,7.072227397260274,-3.589510428944671,0.6622830316843964
2020-04-08,7.089457534246576,-3.46416206224288,1.0057045279963042
2020-04-09,7.099830136986302,-3.311106284230938,1.584276147244636
2020-04-10,7.111797260273973,-3.244348433862128,2.111551173588155
2020-04-11,7.123816438356165,-2.975595852197218,2.2977794138410523
2020-04-12,7.1345835616438364,-2.6407631159836598,2.340179554339823
2020-04-13,7.144312328767123,-2.581964380472596,2.020652051705473
2020-04-14,7.153194520547945,-2.3740142575361713,1.5008197369882263
2020-04-15,7.140775342465754,-1.708426972674914,0.6326516302091603
2020-04-16,7.133800000000001,-1.4544225469636387,0.682622546963638
2020-04-17,7.1349397260273975,-1.4598808539534525,1.3269411279260548
2020-04-18,7.136630136986302,-1.2709152761522584,2.177285139165956
2020-04-19,7.128715068493152,-0.9407757608730171,2.9840606923798654
2020-04-20,7.088978082191781,-0.6231576365316049,4.922179554339824
2020-04-21,6.928942465753425,0.02735209300826165,4.658705441238313
2020-04-22,6.793043835616439,0.18785557035283496,3.7631005940307256
2020-04-23,6.758452054794521,0.6329583452035549,2.4615896000019237
2020-04-24,6.745161643835617,1.3081709198435265,1.690667436320856
2020-04-25,6.736232876712329,2.3344008460816723,0.09736627720599822
2020-04-26,6.727153424657534,2.1017542707392063,0.29409230460325864
2020-04-27,6.727350684931507,3.1048546571108258,0.9627946579576676
2020-04-28,6.722057534246575,4.309413561220415,0.7985289045330095
2020-04-29,6.714657534246576,4.10853291492607,-0.852190449172646
2020-04-30,6.7103095890410955,3.0496698309780546,-1.17697942001915
2020-05-01,6.708852054794521,2.6788828973637235,-2.0257349521582446
2020-05-02,6.707517808219178,2.8937458408129677,-2.442263649032146
2020-05-03,6.705989041095891,3.498809065259754,-3.483798106355645
2020-05-04,6.7042821917808215,4.160799862590277,-3.794082054371099
2020-05-05,6.704106849315069,4.789499265470503,-2.576606114785572
2020-05-06,6.7075150684931515,5.381327013977703,-2.3308420824708556
2020-05-07,6.709945205479453,5.204383845730425,-2.6083290512098793
2020-05-08,6.711183561643836,5.530811032242544,-0.5239945938863793
2020-05-09,6.711542465753425,5.560187779696003,3.0742697545505724
2020-05-10,6.712087671232878,6.052165299892701,3.329747028874422
2020-05-11,6.712695890410959,6.63473979936583,7.712564310223209
2020-05-12,6.712432876712329,6.534478120405521,-0.49391099711785014
2020-05-13,6.712076712328767,6.515019110921855,3.9729041767493776
2020-05-14,6.712186301369863,5.188028664838258,3.0127850337918787
2020-05-15,6.71246301369863,4.778967196626105,1.329569789675264
2020-05-16,6.705372602739727,4.64032076178241,0.7053066354778634
2020-05-17,6.704112328767124,5.6091405018596845,1.5617471693731915
2020-05-18,6.70287397260274,6.616472921951009,1.5676531054462517
2020-05-19,6.701624657534246,6.825103901929934,1.8412714405358201
2020-05-20,6.700665753424658,6.7739253279924565,2.746408918582885
2020-05-21,6.699742465753425,7.400311348364778,1.5609461858817957
2020-05-22,6.698180821917809,7.336999722091508,0.374819455990683
2020-05-23,6.696964383561644,8.26541018924992,0.662625427188436
2020-05-24,6.693515068493151,8.43693396866685,-0.6194490371600017
2020-05-25,6.686909589041097,9.658998808849498,-5.528908397890595
2020-05-26,6.680561643835617,11.973274748435026,-8.675836392270643
2020-05-27,6.6759150684931505,10.39584756192291,-7.22376263041606
2020-05-28,6.671046575342467,9.516288587563933,-6.493335162906399
2020-05-29,6.666852054794521,8.904502356443455,-6.133354411237976
2020-05-30,6.663597260273973,8.934643627957332,-6.666240888231305
2020-05-31,6.6606219178082195,10.530866178010019,-8.688488095818238
2020-06-01,6.657504109589041,10.956606185034957,-8.545110294623997
2020-06-02,6.654835616438357,10.505431826060596,-5.464267442498953
2020-06-03,6.652917808219179,10.47053172068652,-4.283449528905699
2020-06-04,6.650906849315069,10.192893364522135,-0.628800213837204
2020-06-05,6.649495890410959,10.779224239126984,-3.887720129537943
2020-06-06,6.651876712328768,12.416004850296636,-7.911881562625403
2020-06-07,6.726635616438356,10.470772114083077,-0.6804077305214342
2020-06-08,6.769506849315069,11.096265826763092,-6.73577267607816
2020-06-09,6.769493150684932,11.505619813415707,-8.40611296410064
2020-06-10,6.76875890410959,11.663248264416762,-6.843007168526351
2020-06-11,6.7681945205479455,12.145723642007207,-9.292918162555152
2020-06-12,6.768005479452055,11.588645384191963,-8.147650863644019
2020-06-13,6.767635616438357,11.291264140777843,-8.287899757216199
2020-06-14,6.766901369863014,12.035223606882514,-8.677124976745528
2020-06-15,6.7666,13.100672711202852,-10.201272711202853
2020-06-16,6.766073972602741,12.883870041726212,-10.059944014328952
2020-06-17,6.763827397260275,11.686961506425893,-8.01078890368617
2020-06-18,6.759575342465754,11.324662033296283,-8.278237375762039
2020-06-19,6.755397260273973,10.540313807093263,-7.5467110673672355
2020-06-20,6.749805479452055,10.035217214188451,-7.262022693640507
2020-06-21,6.745920547945206,9.93424004523868,-7.248160593183885
2020-06-22,6.743367123287673,9.816529247908157,-6.3438963711958305
2020-06-23,6.742339726027398,12.900007398593086,-8.840347124620484
2020-06-24,6.7406438356164395,10.913703699962952,-5.676347535579391
2020-06-25,6.739668493150686,10.071884247908157,-4.741552741058842
2020-06-26,6.7377698630137,10.157063220510896,-3.867833083524596
2020-06-27,6.736641095890412,12.014701165716376,-5.274342261606788
2020-06-28,6.735273972602741,10.63415383694925,-5.2414278095519915
2020-06-29,6.734578082191781,10.006386097223224,-2.483964179415006
2020-06-30,6.733775342465753,10.888141782154731,-5.820917124620484
2020-07-01,6.733112328767124,9.105684795853362,-3.8457971246204856
2020-07-02,6.732021917808219,9.207311028730073,-4.145332946538292
2020-07-03,,7.952552655003343,
2020-07-04,,7.925656764592385,
2020-07-05,,7.327076926165971,
2020-07-06,,6.9038262061097715,
2020-07-07,,6.26082683835424,
2020-07-08,,5.884137410886731,
2020-07-09,,6.320840747732532,
2020-07-10,,7.43471879479962,
2020-07-11,,6.324650933893403,
2020-07-12,,4.968738534876895,
2020-07-13,,4.885113877342649,
2020-07-14,,5.722986163960141,
2020-07-15,,5.177009908252378,
2020-07-16,,4.636426206109771,
2020-07-17,,3.992448334666147,
2020-07-18,,3.6898545868614403,
2020-07-19,,3.6678314045642852,
2020-07-20,,3.6802502313995507,
2020-07-21,,4.13114640280805,
2020-07-22,,3.334073905442403,
2020-07-23,,2.991736286896565,
2020-07-24,,2.9441608039320406,
2020-07-25,,2.334894699260457,
2020-07-26,,2.31483779725835,
2020-07-27,,3.7990474916735235,
2020-07-28,,2.364048826411844,
2020-07-29,,2.5136675829977237,
2020-07-30,,2.921965159393931,
2020-07-31,,1.7372281730925607,
2020-08-01,,1.9569758373004993,
2020-08-02,,1.5063648783963894,
2020-08-03,,1.8695638949049949,
2020-08-04,,2.6149441548277204,
2020-08-05,,1.9049685313644256,
2020-08-06,,2.6122580290813207,
2020-08-07,,1.7342658267630913,
2020-08-08,,0.9894446816981107,
2020-08-09,,0.9020908355442644,
2020-08-10,,0.886244822196881,
2020-08-11,,1.259361506425894,
2020-08-12,,1.1944667400051003,
2020-08-13,,0.6013667048804077,
2020-08-14,,0.7922628060395225,
2020-08-15,,2.2287738703177107,
2020-08-16,,3.354036954265726,
2020-08-17,,1.2482092057585252,
2020-08-18,,0.9993504772723991,
2020-08-19,,0.7687433820844819,
2020-08-20,,0.259629297082726,
2020-08-21,,0.1009574319615455,
2020-08-22,,0.6401830027378013,
2020-08-23,,0.5913782257796,
2020-08-24,,0.525896525744475,
2020-08-25,,0.17609575300123667,
2020-08-26,,-0.153389038006842,
2020-08-27,,0.35586252504198124,
2020-08-28,,-0.03891422241147837,
2020-08-29,,-0.7042099020742814,
2020-08-30,,-0.2398114475607586,
2020-08-31,,-0.8398243734476568,
2020-09-01,,-0.46818742227097965,
2020-09-02,,-0.9488720025309024,
2020-09-03,,-0.7858629403601964,
2020-09-04,,0.24485486785898164,
2020-09-05,,-0.014948433862128177,
2020-09-06,,0.8344826866155677,
2020-09-07,,0.8062904140479524,
2020-09-08,,-0.6135197018635332,
2020-09-09,,-0.8763186481227537,
2020-09-10,,-0.5380771307360307,
2020-09-11,,-0.5926495929769859,
2020-09-12,,-0.42636782269247625,
2020-09-13,,0.8555477375463716,
2020-09-14,,1.2257669858779492,
2020-09-15,,2.25379157316281,
2020-09-16,,3.456872359955926,
2020-09-17,,4.805581457251325,
2020-09-18,,1.7907576427097018,
2020-09-19,,-0.21786813881470982,
2020-09-20,,-0.5600064598544008,
2020-09-21,,-0.13804741524604108,
2020-09-22,,0.7205788580240677,
2020-09-23,,-0.6241622729910359,
2020-09-24,,-0.1704941310872775,
2020-09-25,,0.565321464276263,
2020-09-26,,-0.6838547914314995,
2020-09-27,,-0.822216365017731,
2020-09-28,,-1.115946537128725,
2020-09-29,,-0.8068088483335015,
2020-09-30,,-0.9873477313682752,
2020-10-01,,-0.5040292909046292,
2020-10-02,,0.06496818011749941,
2020-10-03,,-0.6844379315790233,
2020-10-04,,0.6683882714417001,
2020-10-05,,0.5542709549682197,
2020-10-06,,0.40454169609923435,
2020-10-07,,0.8116482644167619,
2020-10-08,,0.7429811060043977,
2020-10-09,,1.1747488615365362,
2020-10-10,,0.6746058337880295,
2020-10-11,,-0.5330746720075444,
2020-10-12,,-1.0708397580630418,
2020-10-13,,-1.631827956166308,
2020-10-14,,-1.5952414440482892,
2020-10-15,,-1.8444273941712255,
2020-10-16,,-1.8281763931174846,
2020-10-17,,-2.183875304252012,
2020-10-18,,-2.4297708434160445,
2020-10-19,,-1.7278406010556653,
2020-10-20,,-0.927450365720225,
2020-10-21,,-0.8294849986671863,
2020-10-22,,-1.6844847176696447,
2020-10-23,,-2.101494482334204,
2020-10-24,,-2.365311623184222,
2020-10-25,,-2.477579975836136,
2020-10-26,,-2.345209550827355,
2020-10-27,,-0.7437475908695045,
2020-10-28,,-1.2823447106447066,
2020-10-29,,-1.3678422167915276,
2020-10-30,,-1.9435487148596695,
2020-10-31,,-2.3033020692678186,
2020-11-01,,-2.322721458098166,
2020-11-02,,-1.7834255676872073,
2020-11-03,,-2.298801542397429,
2020-11-04,,-2.338684085425177,
2020-11-05,,-2.533999505165254,
2020-11-06,,-2.2414702462962697,
2020-11-07,,-2.1839770253619526,
2020-11-08,,-2.7666846474202593,
2020-11-09,,-2.588360516756403,
2020-11-10,,-1.9672856309116542,
2020-11-11,,-2.008954896805578,
2020-11-12,,-2.6619219498438635,
2020-11-13,,-2.898953562067257,
2020-11-14,,-3.1399230035846433,
2020-11-15,,-3.3360941310872776,
2020-11-16,,-3.516784612295567,
2020-11-17,,-3.5870806432052964,
2020-11-18,,-3.652757144785908,
2020-11-19,,-3.6451825048140076,
2020-11-20,,-3.515585806535117,
2020-11-21,,-3.578732136004734,
2020-11-22,,-3.5522589361452335,
2020-11-23,,-3.5584796597139023,
2020-11-24,,-3.676716259643653,
2020-11-25,,-3.859165434213376,
2020-11-26,,-3.980515135653488,
2020-11-27,,-3.959714152162093,
2020-11-28,,-3.9901487851090556,
2020-11-29,,-4.043876568740948,
2020-11-30,,-4.1491310120145695,
2020-12-01,,-4.226475655498939,
2020-12-02,,-4.245750892590614,
2020-12-03,,-4.240996695189842,
2020-12-04,,-4.271360938252715,
2020-12-05,,-4.170112114929919,
2020-12-06,,-4.374036877838243,
2020-12-07,,-4.4451302392713306,
2020-12-08,,-4.427773442643302,
2020-12-09,,-3.6821667689516966,
2020-12-10,,-4.134770773166659,
2020-12-11,,-4.235678395224966,
2020-12-12,,-4.381357355534064,
2020-12-13,,-4.330535297227073,
2020-12-14,,-3.66584277878661,
2020-12-15,,-3.824306775976635,
2020-12-16,,-4.028131082263955,
2020-12-17,,-4.030494131087277,
2020-12-18,,-3.891943867652082,
2020-12-19,,-4.0024626593626556,
2020-12-20,,-3.9912474152460407,
2020-12-21,,-4.187782364315237,
2020-12-22,,-4.269164239973825,
2020-12-23,,-4.3168335058677485,
2020-12-24,,-4.117749979348605,
2020-12-25,,-4.2888382828259495,
2020-12-26,,-4.674010745066906,
2020-12-27,,-4.671347450370734,
2020-12-28,,-4.653324549071121,
2020-12-29,,-4.797623249457492,
2020-12-30,,-4.843358128277302,
2020-12-31,,-4.928491883106948,
