date,trend,seasonal,resid
1981-01-30,,0.3788453891862119,
1981-01-31,,0.37963133510372027,
1981-02-01,,0.33544477260372035,
1981-02-02,,0.3643367749185351,
1981-02-03,,0.514807388344461,
1981-02-04,,0.5376305827889055,
1981-02-05,,0.4949600272333499,
1981-02-06,,0.49662098788149794,
1981-02-07,,0.47570971473334994,
1981-02-08,,0.5283973073259426,
1981-02-09,,0.5651246105666834,
1981-02-10,,0.5455026776963129,
1981-02-11,,0.5103209184370536,
1981-02-12,,0.43731462214075734,
1981-02-13,,0.42783646241853507,
1981-02-14,,0.41578625408520165,
1981-02-15,,0.3136183952889055,
1981-02-16,,0.33642587214075753,
1981-02-17,,0.28234751565927585,
1981-02-18,,0.2558598420481646,
1981-02-19,,0.29264128880742396,
1981-02-20,,0.32368025871483147,
1981-02-21,,0.3322542401963129,
1981-02-22,,0.3316346568629795,
1981-02-23,,0.24482230732594254,
1981-02-24,,0.11616522399260916,
1981-02-25,,0.022069471677794328,
1981-02-26,,-0.1206328315629463,
1981-02-27,,-0.18902258850739087,
1981-02-28,,-0.2039141047110945,
1981-03-01,,-0.27291434776665,
1981-03-02,,-0.3051572181370204,
1981-03-03,,-0.2999337806370204,
1981-03-04,,-0.33445717184072404,
1981-03-05,,-0.44370401211850197,
1981-03-06,,-0.4828114426740575,
1981-03-07,,-0.46414806304442785,
1981-03-08,,-0.5173540352666499,
1981-03-09,,-0.4947984681370205,
1981-03-10,,-0.5233943940629464,
1981-03-11,,-0.5328582945259094,
1981-03-12,,-0.4915492435999834,
1981-03-13,,-0.41680228758146504,
1981-03-14,,-0.4217763385073909,
1981-03-15,,-0.46663122276665014,
1981-03-16,,-0.4026943130444278,
1981-03-17,,-0.3639181787851685,
1981-03-18,,-0.3776845560999835,
1981-03-19,,-0.3483911764703538,
1981-03-20,,-0.2895741162851687,
1981-03-21,,-0.31731783156294635,
1981-03-22,,-0.2966407135073909,
1981-03-23,,-0.29173550517405755,
1981-03-24,,-0.23469192878516856,
1981-03-25,,-0.14897896582220566,
1981-03-26,,-0.06844585239627972,
1981-03-27,,-0.01862322508146481,
1981-03-28,,-0.03530623434072408,
1981-03-29,,-0.029864046840724114,
1981-03-30,,-0.06775380378516854,
1981-03-31,4.8543875000000005,0.03105302233589053,4.499559477664107
1981-04-01,4.8375125,0.0305050310594902,4.634982468940509
1981-04-02,4.822006944444444,0.03686623399796589,4.378460154890924
1981-04-03,4.8118541666666665,0.06685749891991248,4.172955001080089
1981-04-04,4.812404166666666,0.08326047183084001,4.156002028169161
1981-04-05,4.818238888888889,0.11941637173901258,4.134344739372098
1981-04-06,4.824959722222222,0.1470528386811614,4.101320772429949
1981-04-07,4.835234722222221,0.18256469588960944,3.8748672485548363
1981-04-08,4.846063888888889,0.18891858707418244,3.8306841907035967
1981-04-09,4.856069444444444,0.17629473491623948,3.736969153972651
1981-04-10,4.864709722222222,0.15251257238180407,3.3061110387293065
1981-04-11,4.870784722222222,0.07848643601816786,2.5370621750929425
1981-04-12,4.875525,-0.0004612682977183022,2.558936268297718
1981-04-13,4.880659722222221,0.040701587533319324,2.4349720235777923
1981-04-14,4.8877291666666665,0.04912748285012372,2.2001433504832093
1981-04-15,4.899748611111111,0.025421261546175113,2.2011634606760473
1981-04-16,4.915005555555556,0.020818678901546983,2.038842432209564
1981-04-17,4.930559722222222,-0.02905082293500033,1.9534911007127786
1981-04-18,4.949452777777777,-0.05023497123619397,1.9557821934584172
1981-04-19,4.976125,-0.09321372467972029,2.178755391346387
1981-04-20,5.011651388888888,-0.09599717279725936,2.1870124505750375
1981-04-21,5.050611111111111,-0.05596561861911424,2.108021174174669
1981-04-22,5.086493055555556,-0.036045669124164875,1.9482192802352751
1981-04-23,5.119187499999999,-0.05386257683766328,1.8293417435043302
1981-04-24,5.1498888888888885,-0.1373418008964328,1.8771195786742112
1981-04-25,5.1766749999999995,-0.1732937866631913,1.7009521199965254
1981-04-26,5.193502777777777,-0.1762693720626403,3.0047665942848636
1981-04-27,5.2015819444444436,-0.12374578390837038,2.77449717279726
1981-04-28,5.208541666666666,-0.15041892440423824,2.236543924404239
1981-04-29,5.2255375,-0.1636749390966165,-0.7331958942367163
1981-04-30,5.253295833333333,-0.14779169759064778,-2.8241708024093515
1981-05-01,5.281816666666666,-0.09885666545107002,-2.79929333454893
1981-05-02,5.309215277777778,-0.06195531099744281,-2.762259966780335
1981-05-03,5.339268055555555,-0.08742179400938063,-2.660512928212842
1981-05-04,5.376201388888888,-0.14205875452361366,-2.2861426343652744
1981-05-05,5.418084722222222,-0.1620991356071766,-2.0759855866150456
1981-05-06,5.464068055555556,-0.16617248271461468,-2.1185622395076082
1981-05-07,5.5121319444444445,-0.15237648868339332,-2.1777554557610515
1981-05-08,5.560705555555556,-0.1598384377192059,-2.22886711783635
1981-05-09,5.609670833333333,-0.17182070355942644,-2.265850129773907
1981-05-10,5.655226388888889,-0.1790689703179204,-1.6488240852376348
1981-05-11,5.696166666666667,-0.134339849564936,-1.647826817101731
1981-05-12,5.735822222222222,-0.09532976003325565,-1.6794924621889662
1981-05-13,5.7753125,-0.05826592853646957,-1.7080465714635311
1981-05-14,5.813961111111111,-0.014703061227011285,-1.7659247165507668
1981-05-15,5.8520972222222225,-0.04287351577246585,-1.7742237064497566
1981-05-16,5.889520833333333,0.022996169718810612,-1.469517003052144
1981-05-17,5.925377777777777,0.06259709947087659,-1.3763082105819877
1981-05-18,5.960050000000001,0.10803479460402632,-1.4564181279373607
1981-05-19,6.003015277777778,0.11858051315315392,-1.7165957909309326
1981-05-20,6.0604194444444435,0.11405079552230005,-1.8104702399667436
1981-05-21,6.124701388888889,0.026241635742685704,-1.6739430246315745
1981-05-22,6.188980555555554,-0.00823790971185972,-0.8380759791770276
1981-05-23,6.2537375,-0.045008949656763206,-0.6980618836765702
1981-05-24,6.324775,0.04795500810264902,-0.5080633414359823
1981-05-25,6.400379166666666,0.12849352968207972,-0.02520602968208019
1981-05-26,6.475811111111111,0.17538977623855362,0.5074657793170017
1981-05-27,6.5502416666666665,0.27971549937904944,0.5253761672876174
1981-05-28,6.621063888888889,0.3635488212339622,0.31972062321048184
1981-05-29,6.666604166666666,0.4040260939612349,0.15370307270543238
1981-05-30,6.680083333333333,0.3788453891862119,0.1617379441471204
1981-05-31,6.683747222222223,0.37963133510372027,-0.0667118906592773
1981-06-01,6.6880375,0.33544477260372035,-0.128148939270388
1981-06-02,6.689698611111111,0.3643367749185351,-0.2650353860296464
1981-06-03,6.682244444444445,0.514807388344461,-0.08971849945557264
1981-06-04,6.669338888888889,0.5376305827889055,-0.20430280501112763
1981-06-05,6.656205555555555,0.4949600272333499,-0.1491655827889054
1981-06-06,6.643634722222222,0.49662098788149794,0.057077623229612906
1981-06-07,6.632940277777777,0.47570971473334994,0.09735000748887229
1981-06-08,6.624816666666667,0.5283973073259426,0.05878602600739036
1981-06-09,6.621302777777778,0.5651246105666834,-0.31842738834446216
1981-06-10,6.6248375,0.5455026776963129,-0.4600068443629791
1981-06-11,6.63205,0.5103209184370536,-0.4790375851037201
1981-06-12,6.640665277777778,0.43731462214075734,-0.40297989991853544
1981-06-13,6.651294444444444,0.42783646241853507,-0.42846424019631296
1981-06-14,6.662416666666666,0.41578625408520165,-0.4338695874185349
1981-06-15,6.674215277777777,0.3136183952889055,-0.7555003397333495
1981-06-16,6.687144444444445,0.33642587214075753,-0.8592369832518689
1981-06-17,6.701066666666666,0.28234751565927585,-0.5004141823259411
1981-06-18,6.705294444444444,0.2558598420481646,-0.2731542864926082
1981-06-19,6.693268055555555,0.29264128880742396,-0.2942426776963121
1981-06-20,6.674105555555555,0.32368025871483147,-0.39445248093705326
1981-06-21,6.654702777777778,0.3322542401963129,-1.0122903513074246
1981-06-22,6.634575,0.3316346568629795,-1.101542990196313
1981-06-23,6.608030555555556,0.24482230732594254,-1.356519529548165
1981-06-24,6.575606944444445,0.11616522399260916,-1.7831055017703872
1981-06-25,6.536172222222222,0.022069471677794328,-3.5165750272333494
1981-06-26,6.491218055555555,-0.1206328315629463,-3.609918557325942
1981-06-27,6.448670833333333,-0.18902258850739087,-3.486648244825942
1981-06-28,6.420415277777777,-0.2039141047110945,-1.0138345064000158
1981-06-29,6.413048611111111,-0.27291434776665,-0.7384675966777936
1981-06-30,6.4137861111111105,-0.3051572181370204,-0.7069622263074229
1981-07-01,6.413663888888888,-0.2999337806370204,-0.7120634415852007
1981-07-02,6.413136111111111,-0.33445717184072404,0.4113210607296122
1981-07-03,6.411363888888889,-0.44370401211850197,1.1853401232296132
1981-07-04,6.407831944444444,-0.4828114426740575,1.0626461648962808
1981-07-05,6.405111111111111,-0.46414806304442785,1.0800369519333175
1981-07-06,6.403863888888889,-0.5173540352666499,0.9474901463777605
1981-07-07,6.401776388888889,-0.4947984681370205,0.9183554125814646
1981-07-08,6.3975541666666675,-0.5233943940629464,0.9738402273962787
1981-07-09,6.3880791666666665,-0.5328582945259094,0.694112461192577
1981-07-10,6.3729708333333335,-0.4915492435999834,1.0872450769333173
1981-07-11,6.356802777777777,-0.41680228758146504,1.1333328431370209
1981-07-12,6.340326388888888,-0.4217763385073909,1.1381166162851692
1981-07-13,6.3231375,-0.46663122276665014,1.3118270560999843
1981-07-14,6.306593055555555,-0.4026943130444278,1.2644345908222065
1981-07-15,6.289883333333333,-0.3639181787851685,1.2423681787851693
1981-07-16,6.271791666666665,-0.3776845560999835,1.1735595560999859
1981-07-17,6.252295833333333,-0.3483911764703538,1.097095343137021
1981-07-18,6.233076388888889,-0.2895741162851687,3.099497727396281
1981-07-19,6.2151,-0.31731783156294635,4.556217831562948
1981-07-20,6.197419444444444,-0.2966407135073909,4.785554602396279
1981-07-21,6.175668055555555,-0.29173550517405755,4.63973411628517
1981-07-22,6.149288888888888,-0.23469192878516856,5.068069706562947
1981-07-23,6.121745833333334,-0.14897896582220566,6.181566465822206
1981-07-24,6.104193055555555,-0.06844585239627972,6.401919463507391
1981-07-25,6.095354166666667,-0.01862322508146481,6.3759357250814634
1981-07-26,6.086493055555556,-0.03530623434072408,6.428813178785169
1981-07-27,6.082369444444445,-0.029864046840724114,6.467161269062947
1981-07-28,6.094176388888888,-0.06775380378516854,4.056244081562947
1981-07-29,6.1267249999999995,0.03105302233589053,3.7258886443307766
1981-07-30,6.172915277777777,0.0305050310594902,3.680246357829399
1981-07-31,6.226291666666667,0.03686623399796589,3.6231754326687007
1981-08-01,6.280733333333333,0.06685749891991248,2.453742501080088
1981-08-02,6.333401388888889,0.08326047183084001,1.0963381392802705
1981-08-03,6.3846694444444445,0.11941637173901258,1.0092475171498756
1981-08-04,6.435423611111111,0.1470528386811614,0.897523550207727
1981-08-05,6.484331944444444,0.18256469588960944,0.8021033596659464
1981-08-06,6.532218055555555,0.18891858707418244,1.0015300240369294
1981-08-07,6.580879166666667,0.17629473491623948,1.2054927650837604
1981-08-08,6.6318375,0.15251257238180407,1.5023165942848633
1981-08-09,6.683991666666666,0.07848643601816786,1.608855230648499
1981-08-10,6.736165277777777,-0.0004612682977183022,1.5442959905199403
1981-08-11,6.790844444444445,0.040701587533319324,1.7464539680222353
1981-08-12,6.848998611111111,0.04912748285012372,1.5682072393720983
1981-08-13,6.914247222222222,0.025421261546175113,1.5266648495649355
1981-08-14,6.986133333333333,0.020818678901546983,1.459381321098453
1981-08-15,7.061559722222222,-0.02905082293500033,1.433824434046111
1981-08-16,7.138001388888889,-0.05023497123619397,1.4972335823473057
1981-08-17,7.211672222222222,-0.09321372467972029,-0.7721251642091688
1981-08-18,7.284245833333333,-0.09599717279725936,-2.2565819938694074
1981-08-19,7.3573152777777775,-0.05596561861911424,-2.6266829924919963
1981-08-20,7.433401388888889,-0.036045669124164875,-2.6273557197647244
1981-08-21,7.513191666666667,-0.05386257683766328,-3.166662423162337
1981-08-22,7.6015138888888885,-0.1373418008964328,-4.343172087992455
1981-08-23,7.687620833333333,-0.1732937866631913,-4.822993713336808
1981-08-24,7.7716625,-0.1762693720626403,-5.024726461270693
1981-08-25,7.861654166666667,-0.12374578390837038,-5.22324171609163
1981-08-26,7.9481319444444445,-0.15041892440423824,-5.3767130200402065
1981-08-27,8.014255555555554,-0.1636749390966165,-5.429580616458938
1981-08-28,8.0554625,-0.14779169759064778,-5.486670802409353
1981-08-29,8.085048611111112,-0.09885666545107002,-5.565191945660043
1981-08-30,8.108872222222221,-0.06195531099744281,-5.628583577891445
1981-08-31,8.128519444444446,-0.08742179400938063,-5.509764317101731
1981-09-01,8.142041666666668,-0.14205875452361366,-5.417316245476387
1981-09-02,8.153243055555556,-0.1620991356071766,-5.293477253281713
1981-09-03,8.164170833333333,-0.16617248271461468,-4.989331683952052
1981-09-04,8.175291666666666,-0.15237648868339332,-4.969581844649939
1981-09-05,8.18721388888889,-0.1598384377192059,-5.227708784503017
1981-09-06,8.198258333333335,-0.17182070355942644,-5.4954376297739085
1981-09-07,8.209581944444444,-0.1790689703179204,-5.836179640793191
1981-09-08,8.220337500000001,-0.134339849564936,-6.164997650435065
1981-09-09,8.22809027777778,-0.09532976003325565,-6.059093851077858
1981-09-10,8.231555555555556,-0.05826592853646957,-6.231289627019086
1981-09-11,8.230194444444445,-0.014703061227011285,-6.240491383217434
1981-09-12,8.220823611111111,-0.04287351577246585,-6.055283428671979
1981-09-13,8.205422222222222,0.022996169718810612,-5.883418391941032
1981-09-14,8.188737499999998,0.06259709947087659,-5.883667932804208
1981-09-15,8.172604166666668,0.10803479460402632,-6.103972294604027
1981-09-16,8.149968055555556,0.11858051315315392,-6.041215235375377
1981-09-17,8.112930555555556,0.11405079552230005,-5.999648017744523
1981-09-18,8.068306944444444,0.026241635742685704,-5.724215246853797
1981-09-19,8.022649999999999,-0.00823790971185972,-5.78541209028814
1981-09-20,7.974580555555555,-0.045008949656763206,-5.636238272565459
1981-09-21,7.912001388888888,0.04795500810264902,-5.488289730324871
1981-09-22,7.835183333333332,0.12849352968207972,-2.2796768630154127
1981-09-23,7.755062499999999,0.17538977623855362,-2.0734522762385525
1981-09-24,7.6743,0.27971549937904944,-1.423682166045716
1981-09-25,7.593427777777777,0.3635488212339622,-0.8173099323450728
1981-09-26,7.518843055555555,0.4040260939612349,2.299797517149877
1981-09-27,7.449497222222222,0.3788453891862119,4.205657388591565
1981-09-28,7.381480555555555,0.37963133510372027,5.507888109340724
1981-09-29,7.319040277777777,0.33544477260372035,5.778848282951836
1981-09-30,7.268955555555555,0.3643367749185351,5.6837076695259094
1981-10-01,7.237498611111111,0.514807388344461,5.4673606672110955
1981-10-02,7.217630555555555,0.5376305827889055,5.439405528322206
1981-10-03,7.200529166666667,0.4949600272333499,5.295510806099985
1981-10-04,7.184579166666666,0.49662098788149794,5.265133178785172
1981-10-05,7.170847222222222,0.47570971473334994,5.303109729711095
1981-10-06,7.158270833333333,0.5283973073259426,5.460331859340725
1981-10-07,7.144297222222223,0.5651246105666834,5.453578167211096
1981-10-08,7.130781944444444,0.5455026776963129,5.256048711192577
1981-10-09,7.121513888888888,0.5103209184370536,5.3311651926740575
1981-10-10,7.115833333333333,0.43731462214075734,5.945185377859243
1981-10-11,7.112126388888889,0.42783646241853507,6.244370482025909
1981-10-12,7.110918055555555,0.41578625408520165,7.6436290236925775
1981-10-13,7.1119861111111105,0.3136183952889055,7.533395493599984
1981-10-14,7.1156041666666665,0.33642587214075753,8.087969961192574
1981-10-15,7.121158333333333,0.28234751565927585,8.049827484340724
1981-10-16,7.1395986111111105,0.2558598420481646,8.003208213507392
1981-10-17,7.180995833333332,0.29264128880742396,7.925029544525909
1981-10-18,7.2350055555555555,0.32368025871483147,7.874314185729612
1981-10-19,7.292411111111111,0.3322542401963129,7.7810013153592426
1981-10-20,7.353618055555556,0.3316346568629795,7.898080620914799
1981-10-21,7.422108333333334,0.24482230732594254,9.308069359340726
1981-10-22,7.497522222222222,0.11616522399260916,6.481979220451835
1981-10-23,7.575627777777777,0.022069471677794328,6.426969417211095
1981-10-24,7.6546611111111105,-0.1206328315629463,5.841638387118501
1981-10-25,7.735002777777778,-0.18902258850739087,5.3666864773962795
1981-10-26,7.817427777777778,-0.2039141047110945,3.319152993599985
1981-10-27,7.901001388888889,-0.27291434776665,1.9332462922110947
1981-10-28,7.982286111111111,-0.3051572181370204,0.6655377736925758
1981-10-29,8.058724999999999,-0.2999337806370204,0.4195421139703542
1981-10-30,8.127259722222222,-0.33445717184072404,0.6358641162851686
1981-10-31,8.186652777777777,-0.44370401211850197,0.7167179010073922
1981-11-01,8.240381944444444,-0.4828114426740575,0.6117628315629473
1981-11-02,8.290847222222222,-0.46414806304442785,0.43530084082220605
1981-11-03,8.339416666666665,-0.5173540352666499,0.43993736859998545
1981-11-04,8.385630555555556,-0.4947984681370205,0.36783457924813096
1981-11-05,8.431177777777778,-0.5233943940629464,0.15754994961850155
1981-11-06,8.483104166666667,-0.5328582945259094,0.09942079452590924
1981-11-07,8.544851388888889,-0.4915492435999834,-0.0036354786222382307
1981-11-08,8.608594444444444,-0.41680228758146504,-0.3387921568629792
1981-11-09,8.674072222222222,-0.4217763385073909,-1.1436292170481646
1981-11-10,8.743426388888889,-0.46663122276665014,-1.4871284994555722
1981-11-11,8.810720833333333,-0.4026943130444278,-3.110026520288905
1981-11-12,8.874036111111112,-0.3639181787851685,-3.16778459899261
1981-11-13,8.93292361111111,-0.3776845560999835,-3.6659057216777935
1981-11-14,8.987325000000002,-0.3483911764703538,-3.331600490196315
1981-11-15,9.036183333333334,-0.2895741162851687,-3.442609217048165
1981-11-16,9.077152777777776,-0.31731783156294635,-3.4558349462148295
1981-11-17,9.111881944444445,-0.2966407135073909,-3.688574564270387
1981-11-18,9.143881944444445,-0.29173550517405755,-3.726479772603721
1981-11-19,9.173993055555556,-0.23469192878516856,-4.095301126770387
1981-11-20,9.202680555555556,-0.14897896582220566,-5.77970158973335
1981-11-21,9.216990277777779,-0.06844585239627972,-6.266877758714832
1981-11-22,9.216797222222223,-0.01862322508146481,-6.418507330474092
1981-11-23,9.212826388888889,-0.03530623434072408,-6.407520154548164
1981-11-24,9.202033333333333,-0.029864046840724114,-6.351835953159275
1981-11-25,9.172804166666667,-0.06775380378516854,-7.223383696214832
1981-11-26,9.121408333333333,0.03105302233589053,-7.710794689002557
1981-11-27,9.05723888888889,0.0305050310594902,-7.0860772532817125
1981-11-28,8.98728611111111,0.03686623399796589,-6.24148567844241
1981-11-29,8.916552777777778,0.06685749891991248,-5.098743610031024
1981-11-30,8.852690277777779,0.08326047183084001,-4.055950749608619
1981-12-01,8.795869444444444,0.11941637173901258,-3.537285816183456
1981-12-02,8.739786111111112,0.1470528386811614,-3.375838949792274
1981-12-03,8.684584722222223,0.18256469588960944,-3.2571494181118315
1981-12-04,8.629555555555555,0.18891858707418244,-2.532474142629738
1981-12-05,8.573304166666667,0.17629473491623948,-2.3685989015829056
1981-12-06,8.511356944444444,0.15251257238180407,-2.149202850159581
1981-12-07,8.440883333333334,0.07848643601816786,-1.619703102684835
1981-12-08,8.365531944444445,-0.0004612682977183022,-0.8377373428133938
1981-12-09,8.28155138888889,0.040701587533319324,-0.35491964308887625
1981-12-10,8.188444444444446,0.04912748285012372,-0.05023859396123678
1981-12-11,8.087981944444444,0.025421261546175113,0.34193012734271505
1981-12-12,7.982380555555556,0.020818678901546983,0.730467432209563
1981-12-13,7.875237500000001,-0.02905082293500033,1.2211466562683335
1981-12-14,7.766034722222223,-0.05023497123619397,1.6012002490139714
1981-12-15,7.6573625000000005,-0.09321372467972029,2.475851224679719
1981-12-16,7.5489500000000005,-0.09599717279725936,3.7203805061305926
1981-12-17,7.441220833333334,-0.05596561861911424,4.010078118619114
1981-12-18,7.334413888888889,-0.036045669124164875,4.528298446901942
1981-12-19,7.227302777777778,-0.05386257683766328,4.752226465726552
1981-12-20,7.113759722222223,-0.1373418008964328,4.949248745340876
1981-12-21,7.00651388888889,-0.1732937866631913,5.152779897774301
1981-12-22,6.912005555555556,-0.1762693720626403,5.2855971498404175
1981-12-23,6.820844444444445,-0.12374578390837038,5.334901339463926
1981-12-24,6.734855555555555,-0.15041892440423824,5.601230035515348
1981-12-25,6.659851388888889,-0.1636749390966165,5.942156883541062
1981-12-26,6.599641666666667,-0.14779169759064778,6.009483364257315
1981-12-27,6.550966666666667,-0.09885666545107002,5.436889998784404
1981-12-28,6.507422222222223,-0.06195531099744281,4.850199755441888
1981-12-29,6.462656944444444,-0.08742179400938063,3.7270981828982683
1981-12-30,6.409269444444445,-0.14205875452361366,2.998789310079169
1981-12-31,6.348586111111111,-0.1620991356071766,2.7228463578294004
1982-01-01,6.289858333333333,-0.16617248271461468,2.7849808160479483
1982-01-02,6.23285,-0.15237648868339332,2.729526488683392
1982-01-03,6.176805555555555,-0.1598384377192059,2.117366215496985
1982-01-04,6.122926388888889,-0.17182070355942644,2.176560981337204
1982-01-05,6.070327777777778,-0.1790689703179204,3.1687411925401427
1982-01-06,6.018666666666667,-0.134339849564936,3.990339849564935
1982-01-07,5.969034722222222,-0.09532976003325565,3.5446283711443662
1982-01-08,5.923716666666667,-0.05826592853646957,4.446549261869803
1982-01-09,5.8835999999999995,-0.014703061227011285,4.381103061227011
1982-01-10,5.8529638888888895,-0.04287351577246585,4.188242960216909
1982-01-11,5.831950000000001,0.022996169718810612,3.8100538302811877
1982-01-12,5.817,0.06259709947087659,3.3010695671957886
1982-01-13,5.804169444444445,0.10803479460402632,2.507795760951529
1982-01-14,5.789611111111112,0.11858051315315392,1.801808375735734
1982-01-15,5.774973611111111,0.11405079552230005,0.6883089266999225
1982-01-16,5.762011111111112,0.026241635742685704,0.5670805864795369
1982-01-17,5.751747222222223,-0.00823790971185972,0.1804906874896382
1982-01-18,5.743790277777778,-0.045008949656763206,0.126218671878986
1982-01-19,5.744593055555557,0.04795500810264902,0.032451936341795384
1982-01-20,5.754397222222222,0.12849352968207972,-0.1178907519043011
1982-01-21,5.766381944444445,0.17538977623855362,-0.21210505401633134
1982-01-22,5.779544444444445,0.27971549937904944,-0.35459327715682837
1982-01-23,5.792488888888889,0.3635488212339622,-0.7810377101228514
1982-01-24,5.808183333333334,0.4040260939612349,-1.2398760939612345
1982-01-25,5.828731944444446,0.3788453891862119,-1.2582440002973239
1982-01-26,5.848248611111112,0.37963133510372027,-1.2748799462148317
1982-01-27,5.862380555555555,0.33544477260372035,-1.2371586614926082
1982-01-28,5.868984722222223,0.3643367749185351,-1.4196548304740915
1982-01-29,5.870993055555555,0.514807388344461,0.010199556099983687
1982-01-30,5.871318055555556,0.5376305827889055,-0.027615305011128632
1982-01-31,5.867883333333333,0.4949600272333499,-0.0185100272333501
1982-02-01,5.862193055555556,0.49662098788149794,-0.014147376770387188
1982-02-02,5.852708333333334,0.47570971473334994,0.015915285266650037
1982-02-03,5.838669444444444,0.5283973073259426,-0.11506675177038705
1982-02-04,5.823247222222223,0.5651246105666834,-1.1977051661222395
1982-02-05,5.804834722222223,0.5455026776963129,-2.359337399918535
1982-02-06,5.781180555555556,0.5103209184370536,-2.4715014739926096
1982-02-07,5.754677777777778,0.43731462214075734,-3.705992399918536
1982-02-08,5.726109722222223,0.42783646241853507,-3.7029461846407576
1982-02-09,5.693179166666667,0.41578625408520165,-3.716298754085202
1982-02-10,5.654640277777778,0.3136183952889055,-3.5759253397333506
1982-02-11,5.609444444444445,0.33642587214075753,-3.553536983251869
1982-02-12,5.560131944444445,0.28234751565927585,-3.4501461267703872
1982-02-13,5.507043055555556,0.2558598420481646,-3.3845695642703877
1982-02-14,5.446229166666667,0.29264128880742396,-3.338870455474091
1982-02-15,5.378118055555556,0.32368025871483147,-3.1251316476037205
1982-02-16,5.304501388888889,0.3322542401963129,-3.0084222957518687
1982-02-17,5.227237500000001,0.3316346568629795,-2.90487215686298
1982-02-18,5.1484097222222225,0.24482230732594254,-2.7392320295481647
1982-02-19,5.068429166666667,0.11616522399260916,-2.5069277239926095
1982-02-20,4.987506944444445,0.022069471677794328,-2.248909749455573
1982-02-21,4.905331944444445,-0.1206328315629463,-2.023699112881498
1982-02-22,4.822398611111112,-0.18902258850739087,-1.7433760226037207
1982-02-23,4.738818055555556,-0.2039141047110945,-1.5805706175111283
1982-02-24,4.65463888888889,-0.27291434776665,-1.2923912077889066
1982-02-25,4.572515277777779,-0.3051572181370204,-1.1346913929740916
1982-02-26,4.4948347222222225,-0.2999337806370204,-1.2572342749185352
1982-02-27,4.424290277777779,-0.33445717184072404,-1.1641664392703877
1982-02-28,4.360469444444445,-0.44370401211850197,-2.7670987656592763
1982-03-01,4.299259722222223,-0.4828114426740575,-2.7011149462148323
1982-03-02,4.238970833333334,-0.46414806304442785,-2.353489436955573
1982-03-03,4.178906944444445,-0.5173540352666499,-2.2408862425111282
1982-03-04,4.121726388888889,-0.4947984681370205,-1.9775945874185346
1982-03-05,4.0682180555555565,-0.5233943940629464,-1.8011569948259432
1982-03-06,4.013331944444445,-0.5328582945259094,-1.7328069832518693
1982-03-07,3.9566013888888887,-0.4915492435999834,-1.5120521452889055
1982-03-08,3.9020069444444445,-0.41680228758146504,-1.4472046568629797
1982-03-09,3.8447388888888887,-0.4217763385073909,-1.3756292170481643
1982-03-10,3.7852805555555555,-0.46663122276665014,-1.0956493327889056
1982-03-11,3.7309374999999996,-0.4026943130444278,-0.8162431869555717
1982-03-12,3.6805902777777773,-0.3639181787851685,-0.23167209899260832
1982-03-13,3.633395833333333,-0.3776845560999835,0.30295538943331723
1982-03-14,3.5911013888888883,-0.3483911764703538,0.31595645424813235
1982-03-15,3.5546583333333333,-0.2895741162851687,0.29358244961850233
1982-03-16,3.525883333333333,-0.31731783156294635,0.32776783156294687
1982-03-17,3.502647222222222,-0.2966407135073909,0.5773268246185022
1982-03-18,3.482397222222222,-0.29173550517405755,0.8150049496185028
1982-03-19,3.464955555555555,-0.23469192878516856,0.8240697065629465
1982-03-20,3.4482319444444443,-0.14897896582220566,0.9570803547110944
1982-03-21,3.4323805555555555,-0.06844585239627972,0.8883986301740577
1982-03-22,3.4174777777777776,-0.01862322508146481,0.8864787806370202
1982-03-23,3.4029916666666664,-0.03530623434072408,1.0556479010073905
1982-03-24,3.3915166666666665,-0.029864046840724114,0.9120140468407247
1982-03-25,3.384208333333333,-0.06775380378516854,0.878545470451835
1982-03-26,3.3784124999999996,0.03105302233589053,0.6505344776641103
1982-03-27,3.3726875,0.0305050310594902,0.6641408022738436
1982-03-28,3.3669124999999998,0.03686623399796589,0.7048879326687006
1982-03-29,3.361838888888889,0.06685749891991248,0.7149702788578651
1982-03-30,3.348506944444444,0.08326047183084001,1.6712325837247157
1982-03-31,3.3260791666666667,0.11941637173901258,1.7875044615943212
1982-04-01,3.3035083333333333,0.1470528386811614,1.3811054946521715
1982-04-02,3.280895833333333,0.18256469588960944,1.460206137443724
1982-04-03,3.258238888888889,0.18891858707418244,1.248842524036929
1982-04-04,3.235134722222222,0.17629473491623948,1.190237209528206
1982-04-05,3.214395833333333,0.15251257238180407,1.2257582609515307
1982-04-06,3.1978569444444442,0.07848643601816786,1.1263232862040538
1982-04-07,3.1835069444444444,-0.0004612682977183022,1.164287657186608
1982-04-08,3.174504166666667,0.040701587533319324,1.5714609124666807
1982-04-09,3.1687291666666666,0.04912748285012372,1.2938100171498772
1982-04-10,3.160025,0.025421261546175113,1.0422204051204917
1982-04-11,3.150138888888889,0.020818678901546983,0.5410424322095648
1982-04-12,3.143665277777778,-0.02905082293500033,0.12738554515722228
1982-04-13,3.141004166666667,-0.05023497123619397,0.2165641379028604
1982-04-14,3.141738888888889,-0.09321372467972029,0.25980816912416455
1982-04-15,3.1452750000000003,-0.09599717279725936,0.2603888394639259
1982-04-16,3.1482583333333336,-0.05596561861911424,-0.17995938138088569
1982-04-17,3.150809722222222,-0.036045669124164875,-0.47309738643139077
1982-04-18,3.1533361111111113,-0.05386257683766328,-0.5321402009401146
1982-04-19,3.1559472222222222,-0.1373418008964328,-0.653272087992456
1982-04-20,3.1583125,-0.1732937866631913,-0.6340187133368088
1982-04-21,3.159663888888889,-0.1762693720626403,-0.7483945168262482
1982-04-22,3.160840277777778,-0.12374578390837038,-0.9407611605360742
1982-04-23,3.161677777777778,-0.15041892440423824,-0.7939255200402062
1982-04-24,3.162151388888889,-0.1636749390966165,-0.651143116458939
1982-04-25,3.162208333333333,-0.14779169759064778,-0.6650833024093518
1982-04-26,3.162025,-0.09885666545107002,-0.7718350012155961
1982-04-27,3.1645680555555558,-0.06195531099744281,-0.852612744558113
1982-04-28,3.1699458333333332,-0.08742179400938063,-0.8651907059906188
1982-04-29,3.184486111111111,-0.14205875452361366,-1.2084273565874972
1982-04-30,3.2080416666666665,-0.1620991356071766,-1.3949425310594896
1982-05-01,3.2306055555555555,-0.16617248271461468,-1.366766406174274
1982-05-02,3.2518972222222224,-0.15237648868339332,-1.4938540668721623
1982-05-03,3.2734597222222224,-0.1598384377192059,-1.498287951169683
1982-05-04,3.296069444444444,-0.17182070355942644,-1.3195820742183508
1982-05-05,3.3200583333333333,-0.1790689703179204,-0.9306560296820796
1982-05-06,3.343551388888889,-0.134339849564936,-0.10021153932395283
1982-05-07,3.3663236111111114,-0.09532976003325565,-0.18966051774452208
1982-05-08,3.3892680555555557,-0.05826592853646957,-0.4263354603524196
1982-05-09,3.4106750000000003,-0.014703061227011285,-0.008638605439655753
1982-05-10,3.429548611111111,-0.04287351577246585,0.4319915713280214
1982-05-11,3.4444541666666666,0.022996169718810612,0.2938829969478562
1982-05-12,3.451590277777778,0.06259709947087659,0.24347928941801206
1982-05-13,3.4529402777777776,0.10803479460402632,0.13135826095152958
1982-05-14,3.4511375,0.11858051315315392,0.12161532018017947
1982-05-15,3.446791666666667,0.11405079552230005,0.12915753781103298
1982-05-16,3.441263888888889,0.026241635742685704,0.19849447536842532
1982-05-17,3.4333305555555556,-0.00823790971185972,0.32824068748963714
1982-05-18,3.4238819444444446,-0.045008949656763206,0.4307936718789854
1982-05-19,3.413013888888889,0.04795500810264902,0.3656977696751286
1982-05-20,3.4009458333333336,0.12849352968207972,0.4295606369845868
1982-05-21,3.388876388888889,0.17538977623855362,0.3947338348725576
1982-05-22,3.3761125,0.27971549937904944,0.34283866728761686
1982-05-23,3.362327777777778,0.3635488212339622,0.60112340098826
1982-05-24,3.3500694444444443,0.4040260939612349,0.5122377949276536
1982-05-25,3.341063888888889,0.3788453891862119,0.5444240552582332
1982-05-26,3.3334277777777777,0.37963133510372027,0.5509408871185023
1982-05-27,3.3243736111111115,0.33544477260372035,0.6038482829518346
1982-05-28,3.3134625,0.3643367749185351,0.615200725081466
1982-05-29,3.297036111111111,0.514807388344461,-0.0948434994555718
1982-05-30,3.2747930555555556,0.5376305827889055,-0.13475697167779443
1982-05-31,3.2597305555555556,0.4949600272333499,-0.12369058278890527
1982-06-01,3.2554749999999997,0.49662098788149794,-0.12109598788149739
1982-06-02,3.2539083333333334,0.47570971473334994,-0.10928471473334994
1982-06-03,3.2555763888888887,0.5283973073259426,-0.3529736962148312
1982-06-04,3.2632180555555554,0.5651246105666834,-0.7940093327889053
1982-06-05,3.2751152777777772,0.5455026776963129,-1.64261795547409
1982-06-06,3.2892263888888884,0.5103209184370536,-1.610547307325942
1982-06-07,3.303348611111111,0.43731462214075734,-1.7843298999185353
1982-06-08,3.318356944444444,0.42783646241853507,-2.1515267401963123
1982-06-09,3.3358944444444445,0.41578625408520165,-2.591680698529646
1982-06-10,3.3568375,0.3136183952889055,-2.418122561955572
1982-06-11,3.381915277777778,0.33642587214075753,-1.739674483251869
1982-06-12,3.4086791666666665,0.28234751565927585,-1.5236933489926092
1982-06-13,3.4349819444444445,0.2558598420481646,-0.9111751198259426
1982-06-14,3.4615986111111106,0.29264128880742396,-0.9069065665852012
1982-06-15,3.490348611111111,0.32368025871483147,-0.9686955364926091
1982-06-16,3.5226625,0.3322542401963129,-0.8829167401963125
1982-06-17,3.5585111111111107,0.3316346568629795,-0.9734791013074242
1982-06-18,3.597222222222222,0.24482230732594254,-0.8240445295481642
1982-06-19,3.6371611111111113,0.11616522399260916,-0.8719930017703874
1982-06-20,3.6775180555555553,0.022069471677794328,-0.8182541939000165
1982-06-21,3.719781944444444,-0.1206328315629463,-0.6764824462148311
1982-06-22,3.7621624999999996,-0.18902258850739087,-0.6438065781592757
1982-06-23,3.8003291666666663,-0.2039141047110945,-0.5677483952889052
1982-06-24,3.8348805555555554,-0.27291434776665,-0.5332995411222388
1982-06-25,3.868633333333333,-0.3051572181370204,-0.4141427818629792
1982-06-26,3.902268055555555,-0.2999337806370204,-0.07100094158520126
1982-06-27,3.93795,-0.33445717184072404,0.019173838507390684
1982-06-28,3.9784763888888888,-0.44370401211850197,0.4075609565629462
1982-06-29,4.024233333333333,-0.4828114426740575,0.4345781093407244
1982-06-30,4.066116666666667,-0.46414806304442785,0.374031396377761
1982-07-01,4.098847222222222,-0.5173540352666499,0.3945068130444278
1982-07-02,4.134043055555555,-0.4947984681370205,0.6297554125814657
1982-07-03,4.1694152777777775,-0.5233943940629464,0.9043124496185015
1982-07-04,4.194938888888888,-0.5328582945259094,1.0362527389703544
1982-07-05,4.210947222222222,-0.4915492435999834,0.9212686880444277
1982-07-06,4.22135,-0.41680228758146504,1.0111189542481318
1982-07-07,4.236770833333333,-0.4217763385073909,0.9613388385073907
1982-07-08,4.264136111111111,-0.46663122276665014,0.8341617783222058
1982-07-09,4.296769444444444,-0.4026943130444278,0.7389248685999836
1982-07-10,4.328818055555555,-0.3639181787851685,0.576433456562946
1982-07-11,4.361091666666667,-0.3776845560999835,-0.16840711056668378
1982-07-12,4.393652777777778,-0.3483911764703538,-0.41892826797409066
1982-07-13,4.426490277777779,-0.2895741162851687,-1.078582828159277
1982-07-14,4.458816666666667,-0.31731783156294635,-1.1478321684370545
1982-07-15,4.490727777777778,-0.2966407135073909,-1.1947537309370535
1982-07-16,4.5211375,-0.29173550517405755,-1.343735328159276
1982-07-17,4.548327777777778,-0.23469192878516856,-1.4069691823259425
1982-07-18,4.573379166666666,-0.14897896582220566,-1.6287335341777942
1982-07-19,4.597358333333333,-0.06844585239627972,-1.7122458142703867
1982-07-20,4.620786111111111,-0.01862322508146481,-1.7778295526963128
1982-07-21,4.642847222222223,-0.03530623434072408,-1.7865409878814988
1982-07-22,4.662418055555555,-0.029864046840724114,-2.0648873420481646
1982-07-23,4.681266666666667,-0.06775380378516854,-1.6545128628814976
1982-07-24,4.701030555555556,0.03105302233589053,-1.5974169112247791
1982-07-25,4.7211736111111104,0.0305050310594902,-1.5916786421706008
1982-07-26,4.7414375,0.03686623399796589,-1.9353037339979655
1982-07-27,4.760608333333334,0.06685749891991248,-2.0367991655865794
1982-07-28,4.7899125,0.08326047183084001,-2.359506305164173
1982-07-29,4.829118055555555,0.11941637173901258,-2.4645344272945677
1982-07-30,4.8669361111111105,0.1470528386811614,-1.0483222831256054
1982-07-31,4.904772222222222,0.18256469588960944,-0.3190035847784982
1982-08-01,4.937749999999999,0.18891858707418244,-0.6513352537408484
1982-08-02,4.966851388888889,0.17629473491623948,0.07952054286153831
1982-08-03,4.998412500000001,0.15251257238180407,0.6547415942848617
1982-08-04,5.035347222222223,0.07848643601816786,0.9311663417596094
1982-08-05,5.076530555555556,-0.0004612682977183022,1.0155973794088289
1982-08-06,5.1151277777777775,0.040701587533319324,1.2758373013555697
1982-08-07,5.1485819444444445,0.04912748285012372,1.2709572393720983
1982-08-08,5.181270833333334,0.025421261546175113,1.2729745717871563
1982-08-09,5.215061111111112,0.020818678901546983,1.2504535433206747
1982-08-10,5.245677777777778,-0.02905082293500033,1.269706378490556
1982-08-11,5.272529166666667,-0.05023497123619397,1.2640391379028608
1982-08-12,5.297326388888889,-0.09321372467972029,1.2378873357908304
1982-08-13,5.320676388888889,-0.09599717279725936,1.3393207839083696
1982-08-14,5.344358333333333,-0.05596561861911424,1.2696072852857818
1982-08-15,5.368930555555555,-0.036045669124164875,1.418448446901943
1982-08-16,5.395193055555556,-0.05386257683766328,1.7200028546154413
1982-08-17,5.422390277777778,-0.1373418008964328,1.876951523118656
1982-08-18,5.449934722222222,-0.1732937866631913,1.863025731107636
1982-08-19,5.4786125,-0.1762693720626403,1.8296568720626412
1982-08-20,5.507670833333332,-0.12374578390837038,1.9587416172417063
1982-08-21,5.536386111111111,-0.15041892440423824,1.7563661466264615
1982-08-22,5.564256944444445,-0.1636749390966165,1.1817513279855054
1982-08-23,5.593051388888889,-0.14779169759064778,0.9614069753684259
1982-08-24,5.625176388888889,-0.09885666545107002,0.8083469432288475
1982-08-25,5.658672222222222,-0.06195531099744281,0.6822830887752206
1982-08-26,5.690277777777778,-0.08742179400938063,1.1491440162316022
1982-08-27,5.708734722222221,-0.14205875452361366,1.4589906989680583
1982-08-28,5.715316666666666,-0.1620991356071766,1.88778246894051
1982-08-29,5.721755555555555,-0.16617248271461468,0.4040835938257257
1982-08-30,5.728194444444444,-0.15237648868339332,-0.376817955761051
1982-08-31,5.732848611111111,-0.1598384377192059,0.8959898266080955
1982-09-01,5.734527777777778,-0.17182070355942644,-0.12237374088501843
1982-09-02,5.7344,-0.1790689703179204,-0.8549976963487456
1982-09-03,5.733743055555555,-0.134339849564936,-1.138403205990619
1982-09-04,5.731870833333334,-0.09532976003325565,-1.410541073300078
1982-09-05,5.726380555555556,-0.05826592853646957,-0.20711462701908617
1982-09-06,5.7144861111111105,-0.014703061227011285,1.6988836167825672
1982-09-07,5.697983333333333,-0.04287351577246585,1.9842235157724666
1982-09-08,5.6815375,0.022996169718810612,1.9277996636145227
1982-09-09,5.670776388888889,0.06259709947087659,1.8989598449735676
1982-09-10,5.666886111111111,0.10803479460402632,1.8574124276181958
1982-09-11,5.665884722222223,0.11858051315315392,1.847868097957957
1982-09-12,5.666144444444445,0.11405079552230005,1.7271380933665885
1982-09-13,5.666823611111111,0.026241635742685704,1.8142680864795366
1982-09-14,5.668745833333333,-0.00823790971185972,1.54982540971186
1982-09-15,5.67065,-0.045008949656763206,1.252692282990096
1982-09-16,5.673490277777779,0.04795500810264902,1.0488880474529048
1982-09-17,5.679147222222222,0.12849352968207972,0.9626925814290304
1982-09-18,5.6883388888888895,0.17538977623855362,0.9066046682058893
1982-09-19,5.7009236111111115,0.27971549937904944,0.5013608895098385
1982-09-20,5.715326388888889,0.3635488212339622,0.4617914565438152
1982-09-21,5.729154166666667,0.4040260939612349,0.44315307270543103
1982-09-22,5.738627777777777,0.3788453891862119,0.5801934997026773
1982-09-23,5.742752777777778,0.37963133510372027,0.5426158871185022
1982-09-24,5.7441625,0.33544477260372035,0.6463927273962797
1982-09-25,5.745948611111111,0.3643367749185351,0.3213812806370202
1982-09-26,5.750118055555556,0.514807388344461,2.3464078894333174
1982-09-27,5.75860138888889,0.5376305827889055,1.8964346949888706
1982-09-28,5.7647611111111114,0.4949600272333499,1.9326121949888726
1982-09-29,5.764125,0.49662098788149794,1.8895873454518344
1982-09-30,5.7626541666666675,0.47570971473334994,0.7773027852666488
1982-10-01,5.7593097222222225,0.5283973073259426,0.7322929704518345
1982-10-02,5.750422222222222,0.5651246105666834,0.7044531672110939
1982-10-03,5.738129166666667,0.5455026776963129,0.7730348223036868
1982-10-04,5.724666666666667,0.5103209184370536,0.9593457482296124
1982-10-05,5.709594444444444,0.43731462214075734,0.06742426674813107
1982-10-06,5.692951388888888,0.42783646241853507,-0.7551211846407564
1982-10-07,5.6762902777777775,0.41578625408520165,-0.8577431985296454
1982-10-08,5.659458333333333,0.3136183952889055,-0.6854100619555723
1982-10-09,5.640869444444444,0.33642587214075753,-0.6859619832518695
1982-10-10,5.619827777777777,0.28234751565927585,-0.6031752934370527
1982-10-11,5.5994,0.2558598420481646,-0.2559265087148317
1982-10-12,5.581851388888889,0.29264128880742396,-0.24282601102964746
1982-10-13,5.5658625,0.32368025871483147,-0.1448760920481657
1982-10-14,5.548029166666666,0.3322542401963129,0.08971659313702096
1982-10-15,5.526602777777778,0.3316346568629795,0.36342923202590854
1982-10-16,5.502908333333333,0.24482230732594254,0.49260269267405743
1982-10-17,5.4780125,0.11616522399260916,0.6754889426740565
1982-10-18,5.453655555555555,0.022069471677794328,0.8999416394333166
1982-10-19,5.429622222222222,-0.1206328315629463,1.0933439426740572
1982-10-20,5.405890277777778,-0.18902258850739087,1.1244656440629468
1982-10-21,5.386526388888889,-0.2039141047110945,1.123054382488872
1982-10-22,5.371423611111111,-0.27291434776665,1.5638240699888726
1982-10-23,5.357555555555555,-0.3051572181370204,2.1732683292481316
1982-10-24,5.344606944444443,-0.2999337806370204,2.449326836192577
1982-10-25,5.329915277777777,-0.33445717184072404,2.2498752273962794
1982-10-26,5.3110986111111105,-0.44370401211850197,-0.11806126565927422
1982-10-27,5.286375,-0.4828114426740575,-0.05489689065927528
1982-10-28,5.262405555555555,-0.46414806304442785,-0.04959082584446001
1982-10-29,5.245769444444444,-0.5173540352666499,0.020251257488872687
1982-10-30,5.226447222222222,-0.4947984681370205,-0.11831542075186846
1982-10-31,5.206149999999999,-0.5233943940629464,-0.07375560593705277
1982-11-01,5.1932222222222215,-0.5328582945259094,-0.05136392769631215
1982-11-02,5.184354166666667,-0.4915492435999834,-0.12047158973334982
1982-11-03,5.177652777777778,-0.41680228758146504,-0.32618382352964653
1982-11-04,5.167708333333334,-0.4217763385073909,-0.9062653281592761
1982-11-05,5.146204166666667,-0.46663122276665014,-1.9659062772333504
1982-11-06,5.119041666666666,-0.4026943130444278,-2.1260140202889044
1982-11-07,5.0932375,-0.3639181787851685,-2.0923193212148314
1982-11-08,5.067109722222222,-0.3776845560999835,-1.5527584994555712
1982-11-09,5.040877777777778,-0.3483911764703538,-1.3214866013074245
1982-11-10,5.013313888888889,-0.2895741162851687,-1.6504064392703874
1982-11-11,4.983058333333333,-0.31731783156294635,-1.6247405017703873
1982-11-12,4.950501388888888,-0.2966407135073909,-1.538860675381497
1982-11-13,4.918043055555555,-0.29173550517405755,-1.394974217048164
1982-11-14,4.888848611111111,-0.23469192878516856,-1.636156682325943
1982-11-15,4.864240277777778,-0.14897896582220566,-1.3492613119555725
1982-11-16,4.849352777777778,-0.06844585239627972,-1.1769069253814985
1982-11-17,4.840643055555556,-0.01862322508146481,-0.5790198304740906
1982-11-18,4.830954166666666,-0.03530623434072408,-0.37298126565927514
1982-11-19,4.821311111111111,-0.029864046840724114,-0.3687803976037198
1982-11-20,4.812784722222222,-0.06775380378516854,-0.32236425177038647
1982-11-21,4.805786111111111,0.03105302233589053,-0.8921724667803345
1982-11-22,4.799227777777778,0.0305050310594902,-1.489732808837268
1982-11-23,4.792243055555556,0.03686623399796589,-1.8277759562201885
1982-11-24,4.785983333333333,0.06685749891991248,-1.7918408322532458
1982-11-25,4.771868055555556,0.08326047183084001,-1.6111285273863964
1982-11-26,4.7506152777777775,0.11941637173901258,-1.0803649828501234
1982-11-27,4.731775000000001,0.1470528386811614,-0.7404945053478285
1982-11-28,4.7129263888888895,0.18256469588960944,-0.4524910847784993
1982-11-29,4.698536111111111,0.18891858707418244,-0.439788031518627
1982-11-30,4.689520833333333,0.17629473491623948,-0.41814890158290574
1982-12-01,4.685029166666666,0.15251257238180407,-0.38987507238180374
1982-12-02,4.688616666666666,0.07848643601816786,-0.31443643601816684
1982-12-03,4.6960694444444435,-0.0004612682977183022,-0.24260817614672492
1982-12-04,4.70725,0.040701587533319324,-0.2949515875333192
1982-12-05,4.726758333333333,0.04912748285012372,-0.32288581618345613
1982-12-06,4.749066666666667,0.025421261546175113,-0.27782126154617487
1982-12-07,4.771893055555555,0.020818678901546983,-0.3630450677904353
1982-12-08,4.796940277777777,-0.02905082293500033,-0.6862227881761096
1982-12-09,4.822230555555555,-0.05023497123619397,-0.9309955843193605
1982-12-10,4.847794444444444,-0.09321372467972029,-0.5699140530980572
1982-12-11,4.873788888888889,-0.09599717279725936,-0.16812504942496212
1982-12-12,4.900062500000001,-0.05596561861911424,-0.16909688138088658
1982-12-13,4.925356944444445,-0.036045669124164875,-0.5349779419869474
1982-12-14,4.947980555555556,-0.05386257683766328,-0.5781179787178925
1982-12-15,4.965775,-0.1373418008964328,-0.6077665324368998
1982-12-16,4.972536111111111,-0.1732937866631913,-0.6932423244479201
1982-12-17,4.967947222222222,-0.1762693720626403,-0.47167785015958197
1982-12-18,4.959852777777778,-0.12374578390837038,-0.4494403272027408
1982-12-19,4.951608333333333,-0.15041892440423824,-0.3985227422624278
1982-12-20,4.941056944444444,-0.1636749390966165,-0.10271533868116062
1982-12-21,4.925790277777778,-0.14779169759064778,-0.08833191352046335
1982-12-22,4.905677777777777,-0.09885666545107002,-0.08348777899337351
1982-12-23,4.882020833333333,-0.06195531099744281,-0.03739885566922338
1982-12-24,4.858281944444444,-0.08742179400938063,-0.048526817101730374
1982-12-25,4.845979166666666,-0.14205875452361366,-0.16458707880971984
1982-12-26,4.8438791666666665,-0.1620991356071766,-0.688113364392823
1982-12-27,4.841787500000001,-0.16617248271461468,-1.0212816839520527
1982-12-28,4.84026388888889,-0.15237648868339332,-1.1762207335388293
1982-12-29,4.839965277777778,-0.1598384377192059,-1.161126840058572
1982-12-30,4.841819444444445,-0.17182070355942644,-1.1509987408850184
1982-12-31,4.8416999999999994,-0.1790689703179204,-1.1436310296820789
1983-01-01,4.834484722222222,-0.134339849564936,-1.186144872657286
1983-01-02,4.823355555555556,-0.09532976003325565,-1.1633591288556333
1983-01-03,4.814136111111111,-0.05826592853646957,-1.020203515907975
1983-01-04,4.809719444444444,-0.014703061227011285,-0.8320163832174329
1983-01-05,4.808191666666667,-0.04287351577246585,-0.20931815089420075
1983-01-06,4.8041375,0.022996169718810612,-0.3044670030521442
1983-01-07,4.794915277777778,0.06259709947087659,-0.3861790439153218
1983-01-08,4.781795833333334,0.10803479460402632,-0.39216396127069353
1983-01-09,4.767266666666666,0.11858051315315392,-0.7341805131531527
1983-01-10,4.752294444444444,0.11405079552230005,-1.139678573300077
1983-01-11,4.736294444444444,0.026241635742685704,-1.2882027468537962
1983-01-12,4.719101388888889,-0.00823790971185972,-1.257530145843696
1983-01-13,4.702448611111111,-0.045008949656763206,-1.0287729947876807
1983-01-14,4.687876388888888,0.04795500810264902,-0.6218313969915374
1983-01-15,4.673691666666667,0.12849352968207972,1.051481470317921
1983-01-16,4.656225,0.17538977623855362,0.765051890428113
1983-01-17,4.6358875,0.27971549937904944,0.41473033395428355
1983-01-18,4.616640277777777,0.3635488212339622,0.39781090098826083
1983-01-19,4.598693055555556,0.4040260939612349,0.6899475171498762
1983-01-20,4.582754166666666,0.3788453891862119,0.9400671108137887
1983-01-21,4.571386111111111,0.37963133510372027,0.9359825537851693
1983-01-22,4.5641,0.33544477260372035,0.9281218940629472
1983-01-23,4.559211111111111,0.3643367749185351,0.9041187806370214
1983-01-24,4.555681944444444,0.514807388344461,0.7571773338777621
1983-01-25,4.553155555555556,0.5376305827889055,0.7848805283222055
1983-01-26,4.5489875,0.4949600272333499,0.9437191394333169
1983-01-27,4.541429166666667,0.49662098788149794,0.7932831787851682
1983-01-28,4.5321847222222225,0.47570971473334994,0.8731055630444278
1983-01-29,4.520751388888889,0.5283973073259426,0.9418513037851682
1983-01-30,4.506919444444445,0.5651246105666834,1.898955944988872
1983-01-31,4.49260138888889,0.5455026776963129,2.9285626000814644
1983-02-01,4.479427777777778,0.5103209184370536,3.083251303785169
1983-02-02,4.470093055555555,0.43731462214075734,3.1115923223036877
1983-02-03,4.464086111111111,0.42783646241853507,3.351077426470354
1983-02-04,4.458774999999999,0.41578625408520165,2.8364387459147986
1983-02-05,4.455220833333334,0.3136183952889055,3.5204941047110943
1983-02-06,4.455290277777777,0.33642587214075753,3.509283850081465
1983-02-07,4.459594444444444,0.28234751565927585,3.61705803989628
1983-02-08,4.464958333333334,0.2558598420481646,3.953848491285169
1983-02-09,4.467495833333333,0.29264128880742396,4.034862877859243
1983-02-10,4.473161111111111,0.32368025871483147,4.0901586301740585
1983-02-11,4.486463888888888,0.3322542401963129,4.079615204248132
1983-02-12,4.502998611111111,0.3316346568629795,3.8883667320259105
1983-02-13,4.518711111111111,0.24482230732594254,3.2461332482296124
1983-02-14,4.5333805555555555,0.11616522399260916,1.4734542204518355
1983-02-15,4.547420833333334,0.022069471677794328,0.8515096949888723
1983-02-16,4.559756944444445,-0.1206328315629463,0.9752092204518352
1983-02-17,4.5701625,-0.18902258850739087,0.9695267551740576
1983-02-18,4.580097222222222,-0.2039141047110945,0.38781688248887247
1983-02-19,4.591101388888889,-0.27291434776665,0.22181295887776176
1983-02-20,4.6085722222222225,-0.3051572181370204,0.2175849959147978
1983-02-21,4.631868055555556,-0.2999337806370204,0.18906572508146474
1983-02-22,4.657240277777778,-0.33445717184072404,0.19821689406294557
1983-02-23,4.685940277777778,-0.44370401211850197,0.27876373434072377
1983-02-24,4.715294444444445,-0.4828114426740575,0.24051699822961248
1983-02-25,4.748529166666667,-0.46414806304442785,0.23795222971109514
1983-02-26,4.786463888888889,-0.5173540352666499,0.34022347971109457
1983-02-27,4.825333333333334,-0.4947984681370205,0.35046513480368663
1983-02-28,4.865166666666667,-0.5233943940629464,0.6445610607296128
1983-03-01,4.907177777777778,-0.5328582945259094,-0.1713194832518684
1983-03-02,4.9525375,-0.4915492435999834,-1.2143215897333497
1983-03-03,4.998529166666668,-0.41680228758146504,-1.4923935457518689
1983-03-04,5.039998611111111,-0.4217763385073909,-1.6458889392703866
1983-03-05,5.077780555555556,-0.46663122276665014,-2.090149332788906
1983-03-06,5.112488888888889,-0.4026943130444278,-2.2934612425111274
1983-03-07,5.143208333333334,-0.3639181787851685,-2.9412901545481653
1983-03-08,5.175104166666667,-0.3776845560999835,-3.0750862772333507
1983-03-09,5.208986111111111,-0.3483911764703538,-3.2239282679740904
1983-03-10,5.243683333333333,-0.2895741162851687,-3.6334425503814978
1983-03-11,5.283590277777778,-0.31731783156294635,-3.7659391128814983
1983-03-12,5.324336111111111,-0.2966407135073909,-3.9120287309370534
1983-03-13,5.3615861111111105,-0.29173550517405755,-3.9655172726037202
1983-03-14,5.398681944444444,-0.23469192878516856,-4.015656682325942
1983-03-15,5.437979166666667,-0.14897896582220566,-3.5506668675111275
1983-03-16,5.483061111111111,-0.06844585239627972,-3.587281925381498
1983-03-17,5.537648611111111,-0.01862322508146481,-3.6913587193629795
1983-03-18,5.6044583333333335,-0.03530623434072408,-3.6121520989926097
1983-03-19,5.679365277777778,-0.029864046840724114,-3.3805012309370546
1983-03-20,5.754394444444444,-0.06775380378516854,-3.4176406406592763
1983-03-21,5.829712499999999,0.03105302233589053,-3.5877655223358897
1983-03-22,5.911102777777778,0.0305050310594902,-3.658274475503935
1983-03-23,6.004581944444444,0.03686623399796589,-3.7321148451090767
1983-03-24,6.10467361111111,0.06685749891991248,-3.591864443364356
1983-03-25,6.202627777777778,0.08326047183084001,-3.4075549162752847
1983-03-26,6.299875,0.11941637173901258,-2.870291371739013
1983-03-27,6.394413888888888,0.1470528386811614,-3.162800060903382
1983-03-28,6.486495833333333,0.18256469588960944,-3.2803938625562754
1983-03-29,6.578119444444445,0.18891858707418244,-3.4837046981852935
1983-03-30,6.667973611111111,0.17629473491623948,-3.97626834602735
1983-03-31,6.750958333333333,0.15251257238180407,-4.195804239048471
1983-04-01,6.821865277777778,0.07848643601816786,-4.144018380462613
1983-04-02,6.886106944444444,-0.0004612682977183022,-3.8979790094800593
1983-04-03,6.950152777777777,0.040701587533319324,-3.3128543653110967
1983-04-04,7.0123750000000005,0.04912748285012372,-3.275169149516791
1983-04-05,7.074658333333334,0.025421261546175113,-3.2114129282128423
1983-04-06,7.1368125,0.020818678901546983,-2.9729645122348796
1983-04-07,7.194216666666667,-0.02905082293500033,-2.8218325103983326
1983-04-08,7.248026388888889,-0.05023497123619397,-2.5854580843193617
1983-04-09,7.299306944444444,-0.09321372467972029,-2.505426553098057
1983-04-10,7.346504166666667,-0.09599717279725936,-2.54784032720274
1983-04-11,7.390170833333333,-0.05596561861911424,-1.3925385480475527
1983-04-12,7.4319125,-0.036045669124164875,-1.1155334975425022
1983-04-13,7.471938888888889,-0.05386257683766328,-1.0597429787178927
1983-04-14,7.509909722222223,-0.1373418008964328,-1.4232345879924564
1983-04-15,7.543201388888889,-0.1732937866631913,-1.4719076022256978
1983-04-16,7.573291666666667,-0.1762693720626403,-1.4993556279373599
1983-04-17,7.5981861111111115,-0.12374578390837038,-1.7047736605360744
1983-04-18,7.615976388888889,-0.15041892440423824,-1.9485574644846504
1983-04-19,7.632854166666666,-0.1636749390966165,-1.5245125609033832
1983-04-20,7.648395833333334,-0.14779169759064778,-1.4399374690760198
1983-04-21,7.651933333333334,-0.09885666545107002,-0.007743334548930225
1983-04-22,7.638045833333334,-0.06195531099744281,-0.02442385566922431
1983-04-23,7.614659722222223,-0.08742179400938063,0.515428738453825
1983-04-24,7.588854166666668,-0.14205875452361366,0.6602045878569471
1983-04-25,7.5622875,-0.1620991356071766,0.07081163560717663
1983-04-26,7.5349666666666675,-0.16617248271461468,0.7845391493812814
1983-04-27,7.507255555555556,-0.15237648868339332,0.7621209331278365
1983-04-28,7.4808916666666665,-0.1598384377192059,0.9212801043858723
1983-04-29,7.454375000000001,-0.17182070355942644,1.0731123702260918
1983-04-30,7.42990138888889,-0.1790689703179204,1.5141675814290292
1983-05-01,7.412990277777778,-0.134339849564936,1.8756829051204913
1983-05-02,7.401691666666666,-0.09532976003325565,1.6559714266999228
1983-05-03,7.3920111111111115,-0.05826592853646957,0.9569214840920247
1983-05-04,7.38451388888889,-0.014703061227011285,1.1058558390047888
1983-05-05,7.379333333333334,-0.04287351577246585,1.0368735157724647
1983-05-06,7.377155555555556,0.022996169718810612,0.6778482747256325
1983-05-07,7.377726388888889,0.06259709947087659,1.130676511640234
1983-05-08,7.378880555555556,0.10803479460402632,1.0427513165070852
1983-05-09,7.381761111111112,0.11858051315315392,0.946658375735733
1983-05-10,7.387341666666668,0.11405079552230005,1.5076075378110307
1983-05-11,7.3947819444444445,0.026241635742685704,0.5499764198128708
1983-05-12,7.402745833333333,-0.00823790971185972,0.5021587430451928
1983-05-13,7.410565277777778,-0.045008949656763206,0.7227770052123201
1983-05-14,7.415625,0.04795500810264902,1.6220866585640172
1983-05-15,7.4177180555555555,0.12849352968207972,4.155455081429029
1983-05-16,7.417562500000001,0.17538977623855362,5.2567143904281135
1983-05-17,7.414968055555556,0.27971549937904944,6.416983111732063
1983-05-18,7.4104930555555555,0.3635488212339622,6.800291456543814
1983-05-19,7.404694444444445,0.4040260939612349,6.694612794927654
1983-05-20,7.398863888888889,0.3788453891862119,7.389624055258232
1983-05-21,7.3923875,0.37963133510372027,8.38298116489628
1983-05-22,7.385119444444445,0.33544477260372035,10.274102449618502
1983-05-23,7.376443055555556,0.3643367749185351,9.941886836192573
1983-05-24,7.3673319444444445,0.514807388344461,9.59952733387776
1983-05-25,7.356577777777778,0.5376305827889055,9.666791639433317
1983-05-26,7.344061111111111,0.4949600272333499,9.152645528322205
1983-05-27,7.331555555555556,0.49662098788149794,9.098823456562945
1983-05-28,7.317426388888889,0.47570971473334994,8.981863896377758
1983-05-29,7.3040416666666665,0.5283973073259426,8.82956102600739
1983-05-30,7.293002777777778,0.5651246105666834,8.358205944988871
1983-05-31,7.282115277777778,0.5455026776963129,7.911382044525907
1983-06-01,7.269009722222222,0.5103209184370536,7.939336026007392
1983-06-02,7.254930555555555,0.43731462214075734,8.052088155637021
1983-06-03,7.242118055555555,0.42783646241853507,7.781045482025911
1983-06-04,7.230543055555556,0.41578625408520165,7.804670690359243
1983-06-05,7.218229166666667,0.3136183952889055,7.93448577137776
1983-06-06,7.204211111111111,0.33642587214075753,7.360363016748131
1983-06-07,7.189034722222223,0.28234751565927585,7.201951095451835
1983-06-08,7.172588888888889,0.2558598420481646,7.239217935729612
1983-06-09,7.1547777777777775,0.29264128880742396,6.681914266748132
1983-06-10,7.130370833333334,0.32368025871483147,6.578615574618502
1983-06-11,7.1002,0.3322542401963129,6.3382124264703545
1983-06-12,7.069713888888889,0.3316346568629795,6.055651454248131
1983-06-13,7.040258333333333,0.24482230732594254,5.103586026007392
1983-06-14,7.012205555555555,0.11616522399260916,2.605629220451836
1983-06-15,6.984368055555556,0.022069471677794328,2.025229139433318
1983-06-16,6.957065277777778,-0.1206328315629463,0.941900887118502
1983-06-17,6.933384722222222,-0.18902258850739087,0.5119711996185021
1983-06-18,6.911009722222222,-0.2039141047110945,0.20190438248887277
1983-06-19,6.886359722222222,-0.27291434776665,-0.4884453744555721
1983-06-20,6.855031944444445,-0.3051572181370204,-2.7648747263074247
1983-06-21,6.817552777777778,-0.2999337806370204,-4.593618997140758
1983-06-22,6.778186111111111,-0.33445717184072404,-4.938395605937054
1983-06-23,6.734595833333334,-0.44370401211850197,-4.947558487881498
1983-06-24,6.691144444444445,-0.4828114426740575,-4.933666335103721
1983-06-25,6.6476194444444445,-0.46414806304442785,-5.0198047147333495
1983-06-26,6.602129166666666,-0.5173540352666499,-4.767441798066683
1983-06-27,6.556723611111111,-0.4947984681370205,-4.416258476307424
1983-06-28,6.510381944444445,-0.5233943940629464,-4.329320883714832
1983-06-29,6.461984722222223,-0.5328582945259094,-4.271126427696313
1983-06-30,6.410715277777777,-0.4915492435999834,-4.186166034177793
1983-07-01,6.3589569444444445,-0.41680228758146504,-4.050821323529647
1983-07-02,6.308011111111111,-0.4217763385073909,-4.03923477260372
1983-07-03,6.261119444444445,-0.46663122276665014,-3.947488221677795
1983-07-04,6.218445833333333,-0.4026943130444278,-3.9687515202889045
1983-07-05,6.177426388888889,-0.3639181787851685,-3.9288415434370534
1983-07-06,6.135381944444444,-0.3776845560999835,-3.945030721677794
1983-07-07,6.091373611111111,-0.3483911764703538,-3.919649101307424
1983-07-08,6.0494375,-0.2895741162851687,-3.934530050381498
1983-07-09,6.006906944444444,-0.31731783156294635,-3.6545891128814985
1983-07-10,5.9664222222222225,-0.2966407135073909,-3.6031148420481647
1983-07-11,5.929695833333334,-0.29173550517405755,-3.5732936614926096
1983-07-12,5.897980555555556,-0.23469192878516856,-3.5986219601037206
1983-07-13,5.868774999999999,-0.14897896582220566,-3.6834627008444603
1983-07-14,5.826130555555556,-0.06844585239627972,-3.7260180364926097
1983-07-15,5.768204166666666,-0.01862322508146481,-4.163580941585202
1983-07-16,5.7003055555555555,-0.03530623434072408,-4.088999321214831
1983-07-17,5.624244444444445,-0.029864046840724114,-4.01838039760372
1983-07-18,5.5493194444444445,-0.06775380378516854,-3.911232307325943
1983-07-19,5.476045833333333,0.03105302233589053,-3.93476552233589
1983-07-20,5.396223611111111,0.0305050310594902,-3.9970619755039345
1983-07-21,5.304561111111111,0.03686623399796589,-3.92276067844241
1983-07-22,5.206398611111111,0.06685749891991248,-3.885256110031024
1983-07-23,5.110306944444445,0.08326047183084001,-3.3102340829419514
1983-07-24,5.014418055555556,0.11941637173901258,-3.1708344272945683
1983-07-25,4.919930555555556,0.1470528386811614,-3.106316727570051
1983-07-26,4.827445833333334,0.18256469588960944,-3.2046771958896096
1983-07-27,4.735508333333334,0.18891858707418244,-3.4487602537408497
1983-07-28,4.644629166666666,0.17629473491623948,-3.3575905682495724
1983-07-29,4.555955555555556,0.15251257238180407,-3.24546812793736
1983-07-30,4.4706722222222215,0.07848643601816786,-3.1611586582403897
1983-07-31,4.387138888888889,-0.0004612682977183022,-3.176010953924504
1983-08-01,4.302781944444444,0.040701587533319324,-2.267483531977763
1983-08-02,4.212927777777777,0.04912748285012372,-1.9487219272945673
1983-08-03,4.117618055555555,0.025421261546175113,-1.5593726504350633
1983-08-04,4.021102777777777,0.020818678901546983,-1.5075881233459907
1983-08-05,3.926606944444444,-0.02905082293500033,-1.2682227881761103
1983-08-06,3.8347694444444445,-0.05023497123619397,-1.1005344732082507
1983-08-07,3.7421180555555553,-0.09321372467972029,-0.966904330875835
1983-08-08,3.6503750000000004,-0.09599717279725936,-1.1077111605360748
1983-08-09,3.561533333333333,-0.05596561861911424,-1.1655677147142187
1983-08-10,3.4773875,-0.036045669124164875,-0.8003418308758354
1983-08-11,3.3922930555555553,-0.05386257683766328,-0.6574304787178924
1983-08-12,3.307959722222222,-0.1373418008964328,-0.6132845879924559
1983-08-13,3.239845833333333,-0.1732937866631913,-0.5092187133368083
1983-08-14,3.1853180555555554,-0.1762693720626403,-0.45171535015958186
1983-08-15,3.1399375,-0.12374578390837038,-0.4588583827582962
1983-08-16,3.1022999999999996,-0.15041892440423824,0.09411892440423844
1983-08-17,3.0653125,-0.1636749390966165,0.14402910576328293
1983-08-18,3.0310444444444444,-0.14779169759064778,0.1604139198128701
1983-08-19,3.010093055555555,-0.09885666545107002,0.1324302765621816
1983-08-20,3.0066444444444445,-0.06195531099744281,0.11364419988633148
1983-08-21,3.0126541666666666,-0.08742179400938063,0.16276762734271408
1983-08-22,3.021173611111111,-0.14205875452361366,-0.2791148565874974
1983-08-23,3.030784722222222,-0.1620991356071766,-0.3190189199483786
1983-08-24,3.0411444444444444,-0.16617248271461468,-0.2463052950631626
1983-08-25,3.0512388888888893,-0.15237648868339332,-0.17486240020549532
1983-08-26,3.0592249999999996,-0.1598384377192059,-0.1613865622807942
1983-08-27,3.0657805555555555,-0.17182070355942644,-0.15595985199612952
1983-08-28,3.0722847222222223,-0.1790689703179204,-0.12588241857096866
1983-08-29,3.078475,-0.134339849564936,-0.0968018171017308
1983-08-30,3.0837833333333333,-0.09532976003325565,-0.14112023996674483
1983-08-31,3.0887375,-0.05826592853646957,-0.851804904796864
1983-09-01,3.093913888888889,-0.014703061227011285,0.2544558390047892
1983-09-02,3.099097222222222,-0.04287351577246585,0.21744296021691062
1983-09-03,3.1041319444444446,0.022996169718810612,0.2058718858367445
1983-09-04,3.1096305555555555,0.06259709947087659,0.05310567830690134
1983-09-05,3.1158027777777777,0.10803479460402632,0.08949576095152945
1983-09-06,3.121986111111111,0.11858051315315392,0.35810004240240184
1983-09-07,3.1273,0.11405079552230005,0.4086492044776999
1983-09-08,3.1312958333333336,0.026241635742685704,0.45612919759064774
1983-09-09,3.131536111111111,-0.00823790971185972,0.3163684652674153
1983-09-10,3.128209722222222,-0.045008949656763206,1.8504658941012075
1983-09-11,3.1223625,0.04795500810264902,2.0606824918973508
1983-09-12,3.114323611111111,0.12849352968207972,2.0788495258734767
1983-09-13,3.108183333333333,0.17538977623855362,2.0437602237614465
1983-09-14,3.1029027777777776,0.27971549937904944,1.9557150561765069
1983-09-15,3.096326388888889,0.3635488212339622,1.6331247898771497
1983-09-16,3.087988888888889,0.4040260939612349,2.5106516838165436
1983-09-17,3.0775249999999996,0.3788453891862119,2.625962944147123
1983-09-18,3.067013888888889,0.37963133510372027,2.6360214426740582
1983-09-19,3.0571430555555557,0.33544477260372035,2.6754121718407244
1983-09-20,3.047436111111111,0.3643367749185351,2.6385604473036866
1983-09-21,3.0356152777777776,0.514807388344461,2.501577333877762
1983-09-22,3.0212305555555554,0.5376305827889055,2.418472194988872
1983-09-23,3.0065236111111107,0.4949600272333499,2.396849694988872
1983-09-24,2.992473611111111,0.49662098788149794,2.334905401007391
1983-09-25,2.9805166666666665,0.47570971473334994,2.356773618599984
1983-09-26,2.9707749999999997,0.5283973073259426,2.3138276926740584
1983-09-27,2.9675166666666666,0.5651246105666834,2.251025389433316
1983-09-28,2.975486111111111,0.5455026776963129,2.182677877859243
1983-09-29,2.9946583333333336,0.5103209184370536,2.201020748229613
1983-09-30,3.016547222222222,0.43731462214075734,2.0574714889703545
1983-10-01,3.035623611111111,0.42783646241853507,0.6555399264703548
1983-10-02,3.053736111111111,0.41578625408520165,0.4391443014703541
1983-10-03,3.0709222222222223,0.3136183952889055,0.46045938248887236
1983-10-04,3.0875972222222217,0.33642587214075753,0.4193102389703545
1983-10-05,3.1032305555555553,0.28234751565927585,0.3044219287851688
1983-10-06,3.1185388888888887,0.2558598420481646,0.040267935729613846
1983-10-07,3.1357430555555554,0.29264128880742396,-0.06438434436297952
1983-10-08,3.155429166666667,0.32368025871483147,-0.003109425381498443
1983-10-09,3.1744555555555554,0.3322542401963129,0.6256235375814652
1983-10-10,3.1920611111111112,0.3316346568629795,-0.8510291013074245
1983-10-11,3.2111041666666664,0.24482230732594254,-0.5229264739926087
1983-10-12,3.2318666666666664,0.11616522399260916,-0.5056985573259418
1983-10-13,3.252722222222222,0.022069471677794328,-0.43812502723334973
1983-10-14,3.273548611111111,-0.1206328315629463,-0.07091577954816436
1983-10-15,3.2922708333333333,-0.18902258850739087,-0.18358157815927575
1983-10-16,3.3089319444444443,-0.2039141047110945,-0.7363511730666829
1983-10-17,3.3272055555555555,-0.27291434776665,-0.6132912077889052
1983-10-18,3.348883333333333,-0.3051572181370204,-0.6030594485296463
1983-10-19,3.373736111111111,-0.2999337806370204,-0.6331356638074241
1983-10-20,3.401569444444444,-0.33445717184072404,-0.63611227260372
1983-10-21,3.4332180555555554,-0.44370401211850197,-0.5271807101037199
1983-10-22,3.468758333333333,-0.4828114426740575,-0.5236135573259422
1983-10-23,3.5061624999999994,-0.46414806304442785,-0.579681103622238
1983-10-24,3.548881944444444,-0.5173540352666499,-0.5901945758444607
1983-10-25,3.5966388888888887,-0.4947984681370205,-0.6635070874185347
1983-10-26,3.6435625,-0.5233943940629464,-0.6818347726037199
1983-10-27,3.6875180555555556,-0.5328582945259094,-0.7163264276963127
1983-10-28,3.7236819444444444,-0.4915492435999834,-0.7937993675111276
1983-10-29,3.7492638888888887,-0.41680228758146504,-0.8724616013074238
1983-10-30,3.7719124999999996,-0.4217763385073909,-0.8828028281592752
1983-10-31,3.790713888888889,-0.46663122276665014,-0.8550826661222389
1983-11-01,3.8038027777777774,-0.4026943130444278,-0.9321084647333497
1983-11-02,3.8168944444444444,-0.3639181787851685,-0.9819762656592762
1983-11-03,3.8301875,-0.3776845560999835,-0.9065029439000167
1983-11-04,3.844672222222222,-0.3483911764703538,-0.9249477124185348
1983-11-05,3.8605,-0.2895741162851687,-1.0095925503814982
1983-11-06,3.8760208333333335,-0.31731783156294635,-0.9843696684370535
1983-11-07,3.890786111111111,-0.2966407135073909,-1.1078120642703864
1983-11-08,3.9075430555555557,-0.29173550517405755,-1.9131408837148316
1983-11-09,3.9206374999999998,-0.23469192878516856,-2.057612237881498
1983-11-10,3.9266958333333335,-0.14897896582220566,-2.7083835341777944
1983-11-11,3.9307680555555558,-0.06844585239627972,-2.7929888698259426
1983-11-12,3.934363888888889,-0.01862322508146481,-2.8410739971407577
1983-11-13,3.938751388888889,-0.03530623434072408,-3.083445154548165
1983-11-14,3.9455680555555555,-0.029864046840724114,-3.1620373420481647
1983-11-15,3.9517249999999997,-0.06775380378516854,-3.4923045295481647
1983-11-16,3.955198611111111,0.03105302233589053,-3.746584966780335
1983-11-17,3.9568125,0.0305050310594902,-3.7476508643928237
1983-11-18,3.957459722222222,0.03686623399796589,-3.7546592895535214
1983-11-19,3.9569333333333327,0.06685749891991248,-3.786457498919912
1983-11-20,3.954927777777778,0.08326047183084001,-3.8411882496086176
1983-11-21,3.9525347222222225,0.11941637173901258,-3.874951093961235
1983-11-22,3.949611111111111,0.1470528386811614,-3.8996639497922723
1983-11-23,3.9425499999999998,0.18256469588960944,-3.928114695889609
1983-11-24,3.9345777777777777,0.18891858707418244,-3.9091630315186268
1983-11-25,3.9328097222222222,0.17629473491623948,-3.722437790471795
1983-11-26,3.931229166666667,0.15251257238180407,-2.3260750723818044
1983-11-27,3.9272680555555555,0.07848643601816786,-0.9997544915737231
1983-11-28,3.9243944444444443,-0.0004612682977183022,0.27006682385327396
1983-11-29,3.9230444444444443,0.040701587533319324,0.38225396802223643
1983-11-30,3.9283013888888885,0.04912748285012372,0.6442377949276549
1983-12-01,3.9402749999999997,0.025421261546175113,0.6566370717871579
1983-12-02,3.9535166666666663,0.020818678901546983,0.6459979877651196
1983-12-03,3.9671152777777774,-0.02905082293500033,0.6072688784905558
1983-12-04,3.980730555555555,-0.05023497123619397,0.5895044156806384
1983-12-05,3.99485,-0.09321372467972029,0.6183637246797199
1983-12-06,4.009645833333333,-0.09599717279725936,0.8240180061305932
1983-12-07,4.024693055555556,-0.05596561861911424,0.8049392297302256
1983-12-08,4.041109722222222,-0.036045669124164875,0.7686026135686099
1983-12-09,4.069598611111111,-0.05386257683766328,0.7579306323932193
1983-12-10,4.112704166666667,-0.1373418008964328,1.059637634229766
1983-12-11,4.163552777777777,-0.1732937866631913,1.0724076755520817
1983-12-12,4.218522222222223,-0.1762693720626403,1.0150804831737514
1983-12-13,4.273469444444444,-0.12374578390837038,0.9059430061305933
1983-12-14,4.3282625,-0.15041892440423824,0.8631564244042385
1983-12-15,4.383891666666667,-0.1636749390966165,0.8291166057632837
1983-12-16,4.438497222222223,-0.14779169759064778,1.1349611420350922
1983-12-17,4.4909638888888885,-0.09885666545107002,1.4722261098955152
1983-12-18,4.541236111111111,-0.06195531099744281,1.7230525332196656
1983-12-19,4.5896944444444445,-0.08742179400938063,2.1217273495649356
1983-12-20,4.637702777777778,-0.14205875452361366,2.164022643412503
1983-12-21,4.684623611111111,-0.1620991356071766,2.497142191162732
1983-12-22,4.730766666666667,-0.16617248271461468,2.571072482714615
1983-12-23,4.775873611111111,-0.15237648868339332,3.846169544238949
1983-12-24,4.816890277777778,-0.1598384377192059,3.796948159941429
1983-12-25,4.851915277777778,-0.17182070355942644,3.603572092448316
1983-12-26,4.883569444444445,-0.1790689703179204,3.066499525873475
1983-12-27,4.915961111111111,-0.134339849564936,1.7413787384538248
1983-12-28,4.950251388888889,-0.09532976003325565,0.45641170447769963
1983-12-29,4.985256944444444,-0.05826592853646957,0.22334231742535954
1983-12-30,5.020580555555556,-0.014703061227011285,-0.13154416099521135
1983-12-31,5.056223611111111,-0.04287351577246585,-0.13901676200531105
1984-01-01,5.091944444444444,0.022996169718810612,-0.24060728082992003
1984-01-02,5.127977777777778,0.06259709947087659,-0.31624154391532006
1984-01-03,5.164641666666666,0.10803479460402632,-0.1320097946040264
1984-01-04,5.200488888888889,0.11858051315315392,0.2509305979579585
1984-01-05,5.23497361111111,0.11405079552230005,0.054642260033256757
1984-01-06,5.268741666666667,0.026241635742685704,0.10868336425731426
1984-01-07,5.300358333333333,-0.00823790971185972,0.3792129097118611
1984-01-08,5.325541666666666,-0.045008949656763206,0.5641339496567639
1984-01-09,5.342697222222222,0.04795500810264902,0.3833477696751288
1984-01-10,5.352966666666667,0.12849352968207972,0.2745398036512525
1984-01-11,5.359454166666667,0.17538977623855362,0.2211560570947791
1984-01-12,5.3651430555555555,0.27971549937904944,0.3178081117320614
1984-01-13,5.370525,0.3635488212339622,0.3705928454327038
1984-01-14,5.377684722222222,0.4040260939612349,0.6869558504832097
1984-01-15,5.386962499999999,0.3788453891862119,0.6841921108137891
1984-01-16,5.396843055555555,0.37963133510372027,0.3258589426740576
1984-01-17,5.406709722222223,0.33544477260372035,0.46151217184072296
1984-01-18,5.416590277777777,0.3643367749185351,0.007406280637020979
1984-01-19,5.426731944444445,0.514807388344461,-0.10887266612223923
1984-01-20,5.437148611111111,0.5376305827889055,-0.3524458605666826
1984-01-21,5.447561111111112,0.4949600272333499,-0.3908544716777958
1984-01-22,5.457840277777778,0.49662098788149794,-1.4784612656592757
1984-01-23,5.467948611111111,0.47570971473334994,-0.6959916591777944
1984-01-24,5.478026388888889,0.5283973073259426,-0.05242369621483178
1984-01-25,5.483334722222223,0.5651246105666834,-0.7851259994555724
1984-01-26,5.478011111111111,0.5455026776963129,-0.7501804554740895
1984-01-27,5.461041666666667,0.5103209184370536,-0.524695918437053
1984-01-28,5.4395375,0.43731462214075734,-0.43018545547409026
1984-01-29,5.420222222222222,0.42783646241853507,-0.4027253513074229
1984-01-30,5.402430555555556,0.41578625408520165,-0.3622168096407582
1984-01-31,5.385254166666667,0.3136183952889055,-0.22320589528890616
1984-02-01,5.367929166666666,0.33642587214075753,-0.22802170547409112
1984-02-02,5.3516125,0.28234751565927585,-0.3092933489926084
1984-02-03,5.336645833333333,0.2558598420481646,-0.4238390087148307
1984-02-04,5.321015277777778,0.29264128880742396,-0.4526565665852021
1984-02-05,5.305929166666667,0.32368025871483147,-0.3392760920481656
1984-02-06,5.292138888888889,0.3322542401963129,0.633606870914798
1984-02-07,5.277876388888889,0.3316346568629795,1.7748222875814645
1984-02-08,5.2624125,0.24482230732594254,3.059431859340724
1984-02-09,5.246036111111112,0.11616522399260916,4.050131998229612
1984-02-10,5.2312458333333325,0.022069471677794328,4.206018028322204
1984-02-11,5.218245833333333,-0.1206328315629463,4.54905366489628
1984-02-12,5.20613611111111,-0.18902258850739087,4.488219810729615
1984-02-13,5.194745833333333,-0.2039141047110945,4.14316827137776
1984-02-14,5.181752777777778,-0.27291434776665,3.8721615699888714
1984-02-15,5.165363888888889,-0.3051572181370204,3.832459995914799
1984-02-16,5.147224999999999,-0.2999337806370204,3.4067087806370213
1984-02-17,5.127763888888889,-0.33445717184072404,3.4543599496185027
1984-02-18,5.106677777777778,-0.44370401211850197,3.5046929010073917
1984-02-19,5.083836111111111,-0.4828114426740575,3.416975331562945
1984-02-20,5.058980555555555,-0.46414806304442785,3.386167507488872
1984-02-21,5.028074999999999,-0.5173540352666499,3.2376123685999847
1984-02-22,4.991666666666667,-0.4947984681370205,2.478465134803687
1984-02-23,4.955104166666667,-0.5233943940629464,1.875623560729613
1984-02-24,4.919447222222223,-0.5328582945259094,1.779744405637019
1984-02-25,4.889365277777777,-0.4915492435999834,2.0865172991555387
1984-02-26,4.868270833333333,-0.41680228758146504,2.1921981209147985
1984-02-27,4.850286111111111,-0.4217763385073909,2.2564902273962795
1984-02-28,4.829851388888889,-0.46663122276665014,2.3657798338777605
1984-02-29,4.808026388888889,-0.4026943130444278,2.3580012574888727
1984-03-01,4.785905555555555,-0.3639181787851685,2.3276792898962806
1984-03-02,4.763613888888889,-0.3776845560999835,2.529404000544428
1984-03-03,4.7387902777777775,-0.3483911764703538,2.6109342320259095
1984-03-04,4.7113194444444435,-0.2895741162851687,2.3129213385073926
1984-03-05,4.685772222222222,-0.31731783156294635,2.308878942674059
1984-03-06,4.660947222222222,-0.2966407135073909,2.1233601579518355
1984-03-07,4.633469444444445,-0.29173550517405755,0.9475993940629455
1984-03-08,4.604877777777777,-0.23469192878516856,-0.2845191823259423
1984-03-09,4.5764861111111115,-0.14897896582220566,-1.6981738119555725
1984-03-10,4.548341666666666,-0.06844585239627972,-2.605895814270386
1984-03-11,4.518593055555556,-0.01862322508146481,-2.672969830474091
1984-03-12,4.487379166666667,-0.03530623434072408,-3.019072932325943
1984-03-13,4.455583333333333,-0.029864046840724114,-2.993385953159276
1984-03-14,4.421666666666667,-0.06775380378516854,-2.9225795295481647
1984-03-15,4.386604166666666,0.03105302233589053,-2.99099052233589
1984-03-16,4.353541666666667,0.0305050310594902,-2.960046697726157
1984-03-17,4.321075,0.03686623399796589,-2.934607900664633
1984-03-18,4.289116666666667,0.06685749891991248,-2.9309741655865795
1984-03-19,4.2594625,0.08326047183084001,-2.899389638497506
1984-03-20,4.232111111111111,0.11941637173901258,-2.900860816183457
1984-03-21,4.211515277777778,0.1470528386811614,-2.916234783125606
1984-03-22,4.2012,0.18256469588960944,-2.9650980292229425
1984-03-23,4.193525,0.18891858707418244,-2.9637769204075157
1984-03-24,4.180726388888889,0.17629473491623948,-2.7560211238051284
1984-03-25,4.168497222222222,0.15251257238180407,-2.5036764612706928
1984-03-26,4.15968611111111,0.07848643601816786,-2.5695058804626116
1984-03-27,4.154194444444444,-0.0004612682977183022,-2.695066509480059
1984-03-28,4.1560097222222225,0.040701587533319324,-2.2763779764222085
1984-03-29,4.163680555555555,0.04912748285012372,-1.801141371739012
1984-03-30,4.172888888888888,0.025421261546175113,-1.6359768171017302
1984-03-31,4.182422222222222,0.020818678901546983,-1.645240901123769
1984-04-01,4.192323611111111,-0.02905082293500033,-1.7136061215094438
1984-04-02,4.202175,-0.05023497123619397,-1.45227336209714
1984-04-03,4.211022222222222,-0.09321372467972029,-1.369475164209168
1984-04-04,4.224918055555555,-0.09599717279725936,-1.3709208827582957
1984-04-05,4.244820833333334,-0.05596561861911424,-1.0561885480475528
1984-04-06,4.262193055555556,-0.036045669124164875,-1.1211473864313912
1984-04-07,4.272002777777777,-0.05386257683766328,-1.1988068676067802
1984-04-08,4.271675,-0.1373418008964328,-1.0563331991035674
1984-04-09,4.26274861111111,-0.1732937866631913,-1.0001214911145857
1984-04-10,4.250144444444444,-0.1762693720626403,-0.5928750723818035
1984-04-11,4.235406944444444,-0.12374578390837038,-0.5996611605360733
1984-04-12,4.219093055555556,-0.15041892440423824,-0.39034079781798425
1984-04-13,4.204543055555556,-0.1636749390966165,-0.3625347831256061
1984-04-14,4.192718055555555,-0.14779169759064778,-0.36659302463157395
1984-04-15,4.182316666666666,-0.09885666545107002,-0.40512666788226276
1984-04-16,4.173215277777777,-0.06195531099744281,-0.07625996678033373
1984-04-17,4.165019444444445,-0.08742179400938063,0.0430690162316025
1984-04-18,4.156061111111111,-0.14205875452361366,0.08833097674583607
1984-04-19,4.146448611111111,-0.1620991356071766,0.11065052449606494
1984-04-20,4.132029166666666,-0.16617248271461468,0.12914331604794801
1984-04-21,4.113284722222222,-0.15237648868339332,0.13209176646117154
1984-04-22,4.098283333333333,-0.1598384377192059,0.15422177105253929
1984-04-23,4.0892888888888885,-0.17182070355942644,-0.047468185329462426
1984-04-24,4.084122222222222,-0.1790689703179204,-0.2780532519043016
1984-04-25,4.0802805555555555,-0.134339849564936,-0.49860737265728655
1984-04-26,4.0721388888888885,-0.09532976003325565,-0.6524757955222997
1984-04-27,4.055184722222222,-0.05826592853646957,-1.175918793685753
1984-04-28,4.032026388888888,-0.014703061227011285,-1.7179899943285433
1984-04-29,4.007218055555556,-0.04287351577246585,-1.7530112064497563
1984-04-30,3.9822291666666665,0.022996169718810612,-1.776892003052144
1984-05-01,3.9562597222222218,0.06259709947087659,-1.8485234883597657
1984-05-02,3.929259722222222,0.10803479460402632,-2.150294516826248
1984-05-03,3.9040013888888883,0.11858051315315392,-1.7919152353753756
1984-05-04,3.873770833333333,0.11405079552230005,-1.3761549621889666
1984-05-05,3.836733333333333,0.026241635742685704,-1.6253083024093522
1984-05-06,3.803376388888889,-0.00823790971185972,-1.552471812510363
1984-05-07,3.7780597222222223,-0.045008949656763206,-1.3217174392321263
1984-05-08,3.762943055555555,0.04795500810264902,-1.417564730324871
1984-05-09,3.7569513888888886,0.12849352968207972,-1.5034449185709686
1984-05-10,3.754677777777778,0.17538977623855362,-1.9397342206829982
1984-05-11,3.7542416666666663,0.27971549937904944,-1.7969571660457155
1984-05-12,3.755141666666666,0.3635488212339622,-1.9193571545672945
1984-05-13,3.7561638888888886,0.4040260939612349,-1.9261899828501234
1984-05-14,3.7576374999999995,0.3788453891862119,-1.8668162225195446
1984-05-15,3.7590958333333333,0.37963133510372027,-1.791060501770387
1984-05-16,3.761458333333333,0.33544477260372035,-1.9305697726037199
1984-05-17,3.765081944444444,0.3643367749185351,-1.9737520526963122
1984-05-18,3.768995833333333,0.514807388344461,-1.9354698883444603
1984-05-19,3.7728513888888884,0.5376305827889055,-1.768148638344461
1984-05-20,3.776711111111111,0.4949600272333499,-0.5830044716777942
1984-05-21,3.7806486111111113,0.49662098788149794,-0.4139362656592764
1984-05-22,3.784086111111111,0.47570971473334994,-0.24146249251112722
1984-05-23,3.7860541666666663,0.5283973073259426,-0.2027848073259425
1984-05-24,3.786883333333333,0.5651246105666834,-0.1813412772333498
1984-05-25,3.7865861111111108,0.5455026776963129,-0.08075545547409047
1984-05-26,3.788934722222222,0.5103209184370536,0.8514110260073906
1984-05-27,3.7933861111111105,0.43731462214075734,1.947632600081465
1984-05-28,3.7942986111111106,0.42783646241853507,2.3325315931370203
1984-05-29,3.791970833333333,0.41578625408520165,2.348909579248132
1984-05-30,3.788319444444444,0.3136183952889055,2.56106216026665
1984-05-31,3.784954166666666,0.33642587214075753,2.54395329452591
1984-06-01,3.7823916666666664,0.28234751565927585,2.435260817674057
1984-06-02,3.7798597222222217,0.2558598420481646,2.080947102396279
1984-06-03,3.776658333333333,0.29264128880742396,3.4787003778592434
1984-06-04,3.771547222222222,0.32368025871483147,3.5847725190629474
1984-06-05,3.7662499999999994,0.3322542401963129,3.939162426470354
1984-06-06,3.7643486111111106,0.3316346568629795,3.86301673202591
1984-06-07,3.764330555555555,0.24482230732594254,3.904180470451835
1984-06-08,3.7641694444444442,0.11616522399260916,4.04299866489628
1984-06-09,3.7650027777777773,0.022069471677794328,4.136261083877761
1984-06-10,3.7674111111111106,-0.1206328315629463,3.9988883871185017
1984-06-11,3.775540277777777,-0.18902258850739087,4.004482310729613
1984-06-12,3.7886347222222216,-0.2039141047110945,3.971612715822206
1984-06-13,3.8015805555555553,-0.27291434776665,3.9920004588777607
1984-06-14,3.8153249999999996,-0.3051572181370204,3.9464988848036877
1984-06-15,3.827370833333333,-0.2999337806370204,3.7782296139703537
1984-06-16,3.836269444444444,-0.33445717184072404,3.72718772739628
1984-06-17,3.8445638888888887,-0.44370401211850197,3.6354734565629467
1984-06-18,3.852969444444444,-0.4828114426740575,3.472175331562946
1984-06-19,3.8614083333333333,-0.46414806304442785,2.298739729711094
1984-06-20,3.8698555555555547,-0.5173540352666499,2.182165146377762
1984-06-21,3.8779847222222217,-0.4947984681370205,2.2054804125814647
1984-06-22,3.8867152777777774,-0.5233943940629464,2.172012449618502
1984-06-23,3.895772222222222,-0.5328582945259094,2.3354194056370208
1984-06-24,3.9090527777777773,-0.4915492435999834,2.612829799155539
1984-06-25,3.926059722222222,-0.41680228758146504,1.6344092320259094
1984-06-26,3.9439888888888888,-0.4217763385073909,0.5937874496185027
1984-06-27,3.9661166666666667,-0.46663122276665014,0.24051455609998318
1984-06-28,3.9906166666666665,-0.4026943130444278,0.21041097971109424
1984-06-29,4.015240277777778,-0.3639181787851685,0.06601123434072387
1984-06-30,4.040034722222222,-0.3776845560999835,0.0526498338777619
1984-07-01,4.0648222222222214,-0.3483911764703538,0.005235620914798567
1984-07-02,4.087020833333333,-0.2895741162851687,0.1548866162851691
1984-07-03,4.105291666666666,-0.31731783156294635,-1.5836405017703867
1984-07-04,4.123533333333333,-0.2966407135073909,-1.7552259531592749
1984-07-05,4.142134722222222,-0.29173550517405755,-2.1507325503814982
1984-07-06,4.159072222222222,-0.23469192878516856,-2.32504696010372
1984-07-07,4.185577777777778,-0.14897896582220566,-2.448932145288905
1984-07-08,4.2227,-0.06844585239627972,-2.5765874809370533
1984-07-09,4.259511111111111,-0.01862322508146481,-2.66322121936298
1984-07-10,4.293698611111111,-0.03530623434072408,-2.6807257101037205
1984-07-11,4.321080555555556,-0.029864046840724114,-2.787549842048165
1984-07-12,4.344944444444445,-0.06775380378516854,-2.671857307325943
1984-07-13,4.3701875,0.03105302233589053,-2.7949071890025574
1984-07-14,4.394151388888888,0.0305050310594902,-2.830323086615045
1984-07-15,4.417708333333334,0.03686623399796589,-2.634574567331299
1984-07-16,4.447091666666666,0.06685749891991248,-2.615949165586579
1984-07-17,4.482625,0.08326047183084001,-2.656218805164173
1984-07-18,4.521075,0.11941637173901258,-2.730824705072346
1984-07-19,4.557856944444444,0.1470528386811614,-2.7952431164589386
1984-07-20,4.592838888888888,0.18256469588960944,-2.879070251445164
1984-07-21,4.628948611111111,0.18891858707418244,-3.0518671981852936
1984-07-22,4.664031944444444,0.17629473491623948,-3.1143266793606834
1984-07-23,4.701680555555555,0.15251257238180407,-2.962859794604026
1984-07-24,4.738033333333333,0.07848643601816786,-3.2931864360181677
1984-07-25,4.767147222222222,-0.0004612682977183022,-2.5990192872578373
1984-07-26,4.788920833333333,0.040701587533319324,-2.5499557541999858
1984-07-27,4.806230555555556,0.04912748285012372,-2.584024705072346
1984-07-28,4.825652777777778,0.025421261546175113,-2.7070740393239534
1984-07-29,4.846880555555555,0.020818678901546983,-2.767699234457102
1984-07-30,4.8676763888888885,-0.02905082293500033,-2.738625565953888
1984-07-31,4.889151388888889,-0.05023497123619397,-2.404583084319362
1984-08-01,4.9129125,-0.09321372467972029,-2.41369877532028
1984-08-02,4.943552777777778,-0.09599717279725936,-2.5155556049805186
1984-08-03,4.979418055555556,-0.05596561861911424,-2.5914524369364416
1984-08-04,5.014927777777778,-0.036045669124164875,-2.34454877532028
1984-08-05,5.054333333333334,-0.05386257683766328,-1.9668040898290042
1984-08-06,5.088891666666667,-0.1373418008964328,-1.8922165324369007
1984-08-07,5.1145375,-0.1732937866631913,-1.8719103800034753
1984-08-08,5.140529166666667,-0.1762693720626403,-1.2632597946040267
1984-08-09,5.167918055555555,-0.12374578390837038,-1.174172271647185
1984-08-10,5.196109722222222,-0.15041892440423824,0.22564253551534866
1984-08-11,5.2221222222222226,-0.1636749390966165,0.16955271687439283
1984-08-12,5.2464763888888895,-0.14779169759064778,0.13698197536842435
1984-08-13,5.271240277777777,-0.09885666545107002,0.24728305433995973
1984-08-14,5.296899999999999,-0.06195531099744281,-0.0502780223358886
1984-08-15,5.318419444444444,-0.08742179400938063,-0.12433098376839638
1984-08-16,5.334102777777778,-0.14205875452361366,-0.08504402325416488
1984-08-17,5.346816666666666,-0.1620991356071766,-0.07705086439282383
1984-08-18,5.361195833333333,-0.16617248271461468,-0.08735668395205279
1984-08-19,5.377413888888889,-0.15237648868339332,-0.11737073353883015
1984-08-20,5.3932875,-0.1598384377192059,-0.20444906228079376
1984-08-21,5.410804166666667,-0.17182070355942644,-0.2099834631072405
1984-08-22,5.424702777777778,-0.1790689703179204,-0.603967140793191
1984-08-23,5.432990277777778,-0.134339849564936,0.32134957178715823
1984-08-24,5.441355555555555,-0.09532976003325565,-0.11269246218896602
1984-08-25,5.455491666666667,-0.05826592853646957,-0.18222573813019766
1984-08-26,5.47425,-0.014703061227011285,-0.24354693877298814
1984-08-27,5.492827777777778,-0.04287351577246585,-0.2752875953386455
1984-08-28,5.510879166666666,0.022996169718810612,-0.35920866971881
1984-08-29,5.529258333333333,0.06259709947087659,-0.4171887661375426
1984-08-30,5.547619444444445,0.10803479460402632,-0.8239875723818042
1984-08-31,5.564991666666666,0.11858051315315392,-1.0699055131531536
1984-09-01,5.577440277777778,0.11405079552230005,-1.0778244066334117
1984-09-02,5.5859861111111115,0.026241635742685704,-0.9985610801871311
1984-09-03,5.594868055555555,-0.00823790971185972,-1.2556301458436947
1984-09-04,5.598677777777778,-0.045008949656763206,-1.1656688281210137
1984-09-05,5.596354166666666,0.04795500810264902,1.1336908252306854
1984-09-06,5.593120833333334,0.12849352968207972,1.1850523036512537
1984-09-07,5.5906,0.17538977623855362,0.5343435570947788
1984-09-08,5.5892833333333325,0.27971549937904944,0.26300116728761863
1984-09-09,5.588680555555555,0.3635488212339622,-1.0762293767895164
1984-09-10,5.588001388888888,0.4040260939612349,-0.707360816183456
1984-09-11,5.586894444444444,0.3788453891862119,-0.6884065002973229
1984-09-12,5.585833333333333,0.37963133510372027,-0.8741313351037198
1984-09-13,5.583881944444444,0.33544477260372035,-0.8429933837148313
1984-09-14,5.580665277777777,0.3643367749185351,0.35266461397035465
1984-09-15,5.577180555555556,0.514807388344461,0.642345389433318
1984-09-16,5.574393055555555,0.5376305827889055,1.2723096949888721
1984-09-17,5.575472222222222,0.4949600272333499,1.6039010838777619
1984-09-18,5.5797888888888885,0.49662098788149794,2.196923456562947
1984-09-19,5.583072222222222,0.47570971473334994,2.215884729711094
1984-09-20,5.585656944444445,0.5283973073259426,2.1612790815629452
1984-09-21,5.589505555555556,0.5651246105666834,2.888036500544426
1984-09-22,5.596740277777778,0.5455026776963129,1.96175704452591
1984-09-23,5.6051263888888885,0.5103209184370536,2.1698860260073918
1984-09-24,5.612040277777778,0.43731462214075734,2.2199784334147985
1984-09-25,5.618293055555556,0.42783646241853507,2.571870482025909
1984-09-26,5.622936111111111,0.41578625408520165,3.1159443014703534
1984-09-27,5.628027777777778,0.3136183952889055,3.218020493599985
1984-09-28,5.634673611111111,0.33642587214075753,3.1885671834147993
1984-09-29,5.639927777777778,0.28234751565927585,3.237391373229614
1984-09-30,5.643906944444445,0.2558598420481646,3.259899880174059
1984-10-01,5.64837638888889,0.29264128880742396,5.9176489889703525
1984-10-02,5.657006944444445,0.32368025871483147,5.996312796840724
1984-10-03,5.669825,0.3322542401963129,6.260920759803689
1984-10-04,5.681431944444444,0.3316346568629795,7.177933398692577
1984-10-05,5.691322222222222,0.24482230732594254,5.039188803785168
1984-10-06,5.700481944444444,0.11616522399260916,5.199686164896279
1984-10-07,5.705226388888889,0.022069471677794328,5.34103747276665
1984-10-08,5.705081944444444,-0.1206328315629463,5.4895508871185035
1984-10-09,5.6979625,-0.18902258850739087,5.419726755174057
1984-10-10,5.685479166666666,-0.2039141047110945,4.980101604711096
1984-10-11,5.673522222222222,-0.27291434776665,5.059725458877761
1984-10-12,5.660811111111111,-0.3051572181370204,5.104679440359242
1984-10-13,5.648312499999999,-0.2999337806370204,5.1119546139703536
1984-10-14,5.637318055555555,-0.33445717184072404,3.9361391162851693
1984-10-15,5.626972222222221,-0.44370401211850197,3.6070651232296154
1984-10-16,5.616106944444445,-0.4828114426740575,3.0063711648962794
1984-10-17,5.601922222222222,-0.46414806304442785,2.7118925074888725
1984-10-18,5.585366666666667,-0.5173540352666499,2.2053207019333154
1984-10-19,5.573243055555555,-0.4947984681370205,2.5812220792481315
1984-10-20,5.565168055555556,-0.5233943940629464,2.6265596718407247
1984-10-21,5.5571777777777775,-0.5328582945259094,1.8766805167481317
1984-10-22,5.545391666666667,-0.4915492435999834,1.7628242435999826
1984-10-23,5.529890277777778,-0.41680228758146504,1.2519120098036867
1984-10-24,5.514397222222223,-0.4217763385073909,1.194712449618502
1984-10-25,5.4994708333333335,-0.46663122276665014,1.0378270560999834
1984-10-26,5.485825,-0.4026943130444278,0.8432026463777607
1984-10-27,5.471287499999999,-0.3639181787851685,0.8142973454518364
1984-10-28,5.455930555555556,-0.3776845560999835,0.8434206672110947
1984-10-29,5.442581944444444,-0.3483911764703538,0.8274758986925765
1984-10-30,5.431643055555556,-0.2895741162851687,0.7795977273962796
1984-10-31,5.4218416666666664,-0.31731783156294635,-1.881857168437053
1984-11-01,5.408438888888889,-0.2966407135073909,-2.007464842048164
1984-11-02,5.391386111111111,-0.29173550517405755,-2.3009839392703864
1984-11-03,5.375702777777778,-0.23469192878516856,-3.7263441823259424
1984-11-04,5.351690277777777,-0.14897896582220566,-3.9880446452889045
1984-11-05,5.318920833333333,-0.06844585239627972,-4.075808314270387
1984-11-06,5.289515277777777,-0.01862322508146481,-3.895225386029646
1984-11-07,5.263369444444445,-0.03530623434072408,-3.764396543437054
1984-11-08,5.243158333333334,-0.029864046840724114,-3.7402942864926096
1984-11-09,5.226165277777778,-0.06775380378516854,-3.6854114739926094
1984-11-10,5.207154166666666,0.03105302233589053,-3.765207189002557
1984-11-11,5.188915277777777,0.0305050310594902,-3.746420308837268
1984-11-12,5.171513888888889,0.03686623399796589,-3.7353801228868546
1984-11-13,5.148887499999999,0.06685749891991248,-3.7427449989199117
1984-11-14,5.119211111111111,0.08326047183084001,-3.7041382496086177
1984-11-15,5.0856819444444445,0.11941637173901258,-3.553098316183457
1984-11-16,5.052477777777778,0.1470528386811614,-2.7731972831256058
1984-11-17,5.023288888888889,0.18256469588960944,-2.7901869181118313
1984-11-18,4.991874999999999,0.18891858707418244,-3.146126920407515
1984-11-19,4.956572222222222,0.17629473491623948,-3.055200290471795
1984-11-20,4.918324999999999,0.15251257238180407,-2.60750423904847
1984-11-21,4.880172222222222,0.07848643601816786,-2.2709919915737236
1984-11-22,4.844556944444445,-0.0004612682977183022,-1.8280956761467269
1984-11-23,4.809129166666667,0.040701587533319324,-1.7591640875333197
1984-11-24,4.7734958333333335,0.04912748285012372,-1.8616233161834574
1984-11-25,4.735016666666667,0.025421261546175113,-2.191771261546175
1984-11-26,4.694613888888888,0.020818678901546983,-1.8180992344571016
1984-11-27,4.654505555555556,-0.02905082293500033,-1.7277880659538885
1984-11-28,4.615283333333333,-0.05023497123619397,-1.6673816954304723
1984-11-29,4.577070833333334,-0.09321372467972029,-1.5861904419869468
1984-11-30,4.527715277777778,-0.09599717279725936,-1.5187181049805192
1984-12-01,4.466691666666667,-0.05596561861911424,-0.5883927147142192
1984-12-02,4.406965277777777,-0.036045669124164875,-0.15058627532027888
1984-12-03,4.343761111111111,-0.05386257683766328,-0.05656520094011451
1984-12-04,4.286413888888889,-0.1373418008964328,0.084261245340877
1984-12-05,4.238594444444445,-0.1732937866631913,0.028366008885413102
1984-12-06,4.189223611111112,-0.1762693720626403,-0.1976209057151381
1984-12-07,4.139934722222223,-0.12374578390837038,-0.2951889383138518
1984-12-08,4.093147222222222,-0.15041892440423824,-0.23106163115131692
1984-12-09,4.050455555555555,-0.1636749390966165,-0.09511394979227178
1984-12-10,4.009938888888889,-0.14779169759064778,-0.05981385796490715
1984-12-11,3.9698611111111113,-0.09885666545107002,-0.06867111232670747
1984-12-12,3.9302583333333336,-0.06195531099744281,-0.06596968900255704
1984-12-13,3.8962986111111113,-0.08742179400938063,0.04145651623160271
1984-12-14,3.869320833333333,-0.14205875452361366,0.15307125452361375
1984-12-15,3.8474138888888887,-0.1620991356071766,0.041351913384954475
1984-12-16,3.827872222222222,-0.16617248271461468,-0.577366406174274
1984-12-17,3.8087833333333334,-0.15237648868339332,-0.4987401779832739
1984-12-18,3.790111111111111,-0.1598384377192059,0.4390606599414286
1984-12-19,3.770691666666666,-0.17182070355942644,0.4517957035594268
1984-12-20,3.7543708333333337,-0.1790689703179204,0.12703147031792
1984-12-21,3.741013888888889,-0.134339849564936,0.12399262734271371
1984-12-22,3.7294555555555555,-0.09532976003325565,-0.23179246218896687
1984-12-23,3.719226388888889,-0.05826592853646957,-0.3332937936857529
1984-12-24,3.7082,-0.014703061227011285,-0.17249693877298852
1984-12-25,3.6966847222222223,-0.04287351577246585,-0.05914453978308958
1984-12-26,3.6851625000000006,0.022996169718810612,-0.4424920030521445
1984-12-27,3.6728041666666664,0.06259709947087659,-0.3374012661375429
1984-12-28,3.6589791666666667,0.10803479460402632,-0.3623472946040265
1984-12-29,3.6440833333333336,0.11858051315315392,-0.34733051315315416
1984-12-30,3.6400500000000005,0.11405079552230005,-0.2944341288556338
1984-12-31,3.6481624999999998,0.026241635742685704,-1.1234041357426854
1985-01-01,3.6570055555555556,-0.00823790971185972,-1.3477676458436958
1985-01-02,3.671002777777778,-0.045008949656763206,-0.9719938281210143
1985-01-03,3.6903861111111116,0.04795500810264902,-0.9893411192137604
1985-01-04,3.712294444444445,0.12849352968207972,-0.7697879741265248
1985-01-05,3.739254166666667,0.17538977623855362,-0.8359772762385542
1985-01-06,3.7688944444444448,0.27971549937904944,-0.9699432771568277
1985-01-07,3.7970458333333337,0.3635488212339622,-1.0819279879006294
1985-01-08,3.8235930555555555,0.4040260939612349,-1.2239524828501236
1985-01-09,3.849905555555556,0.3788453891862119,-1.233084278075101
1985-01-10,3.8759819444444448,0.37963133510372027,-1.2599466128814982
1985-01-11,3.901776388888889,0.33544477260372035,-1.2415544948259427
1985-01-12,3.9270208333333336,0.3643367749185351,-1.3433576082518688
1985-01-13,3.9521625000000005,0.514807388344461,-1.5053032216777946
1985-01-14,3.9756472222222223,0.5376305827889055,-1.4032778050111276
1985-01-15,3.993491666666667,0.4949600272333499,-0.5087850272333501
1985-01-16,4.0047625,0.49662098788149794,0.4612831787851684
1985-01-17,4.015436111111111,0.47570971473334994,-0.44514582584446044
1985-01-18,4.0276152777777785,0.5283973073259426,-0.5246792517703877
1985-01-19,4.037597222222222,0.5651246105666834,-0.4953884994555722
1985-01-20,4.048263888888889,0.5455026776963129,-0.7110998999185353
1985-01-21,4.060147222222222,0.5103209184370536,-0.6114681406592748
1985-01-22,4.0707375,0.43731462214075734,-0.41505212214075726
1985-01-23,4.0815874999999995,0.42783646241853507,-0.2670906290852017
1985-01-24,4.095461111111112,0.41578625408520165,-0.21591403186297964
1985-01-25,4.110454166666667,0.3136183952889055,-0.10173922862223866
1985-01-26,4.125586111111112,0.33642587214075753,-0.0910119832518696
1985-01-27,4.142727777777778,0.28234751565927585,0.10992470656294628
1985-01-28,4.1603666666666665,0.2558598420481646,0.19710682461850126
1985-01-29,4.177929166666667,0.29264128880742396,0.08909621119257588
1985-01-30,4.19091388888889,0.32368025871483147,0.11573918572961334
1985-01-31,4.196429166666666,0.3322542401963129,0.7466499264703539
1985-02-01,4.198980555555556,0.3316346568629795,0.4790514542481315
1985-02-02,4.200325,0.24482230732594254,0.9481860260073907
1985-02-03,4.1985222222222225,0.11616522399260916,0.8069792204518345
1985-02-04,4.193204166666667,0.022069471677794328,0.8987263616555388
1985-02-05,4.186948611111111,-0.1206328315629463,1.132684220451835
1985-02-06,4.1815694444444444,-0.18902258850739087,1.5821198107296137
1985-02-07,4.1769750000000005,-0.2039141047110945,1.5966057713777606
1985-02-08,4.174516666666666,-0.27291434776665,1.7267310144333174
1985-02-09,4.174229166666667,-0.3051572181370204,1.8045947181370203
1985-02-10,4.175393055555556,-0.2999337806370204,1.8668740584147978
1985-02-11,4.178006944444444,-0.33445717184072404,1.9631168940629464
1985-02-12,4.182152777777778,-0.44370401211850197,2.0095512343407247
1985-02-13,4.188548611111111,-0.4828114426740575,2.2185961648962804
1985-02-14,4.1983250000000005,-0.46414806304442785,1.6408230630444274
1985-02-15,4.211643055555555,-0.5173540352666499,1.4723776463777616
1985-02-16,4.221566666666666,-0.4947984681370205,1.5582318014703547
1985-02-17,4.2267125,-0.5233943940629464,1.6790152273962802
1985-02-18,4.233309722222222,-0.5328582945259094,1.5695485723036873
1985-02-19,4.238009722222223,-0.4915492435999834,1.49553952137776
1985-02-20,4.240440277777777,-0.41680228758146504,1.3420286764703544
1985-02-21,4.244166666666667,-0.4217763385073909,1.2092763385073906
1985-02-22,4.248184722222223,-0.46663122276665014,0.8984465005444263
1985-02-23,4.2512875,-0.4026943130444278,0.7047401463777605
1985-02-24,4.254819444444444,-0.3639181787851685,0.638432067674057
1985-02-25,4.257655555555555,-0.3776845560999835,0.4680290005444283
1985-02-26,4.258638888888889,-0.3483911764703538,0.26708562091479804
1985-02-27,4.261626388888889,-0.2895741162851687,0.11894772739628012
1985-02-28,4.2666152777777775,-0.31731783156294635,0.13603588711850256
1985-03-01,4.276623611111111,-0.2966407135073909,0.20868376906294722
1985-03-02,4.291963888888889,-0.29173550517405755,-0.1635617170481647
1985-03-03,4.309345833333333,-0.23469192878516856,-0.33865390454816513
1985-03-04,4.328215277777778,-0.14897896582220566,-0.633902978622239
1985-03-05,4.345701388888889,-0.06844585239627972,-0.1752555364926091
1985-03-06,4.3611555555555555,-0.01862322508146481,0.5761343361925761
1985-03-07,4.376681944444445,-0.03530623434072408,0.6929576232296127
1985-03-08,4.395393055555556,-0.029864046840724114,0.29313765795183505
1985-03-09,4.418476388888889,-0.06775380378516854,0.30794408156294634
1985-03-10,4.442936111111112,0.03105302233589053,0.12834419988633078
1985-03-11,4.4663375,0.0305050310594902,0.10515746894051026
1985-03-12,4.490165277777778,0.03686623399796589,0.007635154890923548
1985-03-13,4.519097222222221,0.06685749891991248,-0.11595472114213416
1985-03-14,4.560983333333333,0.08326047183084001,-0.10891047183083796
1985-03-15,4.610188888888889,0.11941637173901258,-0.4782719272945681
1985-03-16,4.653629166666667,0.1470528386811614,-0.6910153386811615
1985-03-17,4.686116666666667,0.18256469588960944,-1.4313480292229428
1985-03-18,4.715777777777777,0.18891858707418244,-1.330029698185293
1985-03-19,4.7493,0.17629473491623948,-1.4649280682495727
1985-03-20,4.782611111111111,0.15251257238180407,-1.4591236834929149
1985-03-21,4.8173125,0.07848643601816786,-0.6607989360181674
1985-03-22,4.853901388888889,-0.0004612682977183022,-0.5327734539245035
1985-03-23,4.891398611111111,0.040701587533319324,-0.6044335319777635
1985-03-24,4.928148611111111,0.04912748285012372,-0.6492760939612346
1985-03-25,4.9630125,0.025421261546175113,-0.4571004282128413
1985-03-26,4.997316666666666,0.020818678901546983,-0.4851353455682139
1985-03-27,5.03145,-0.02905082293500033,-0.1087325103983337
1985-03-28,5.0649375,-0.05023497123619397,0.0009641379028601516
1985-03-29,5.097155555555555,-0.09321372467972029,0.009058169124165863
1985-03-30,5.128730555555555,-0.09599717279725936,-0.020066716091629827
1985-03-31,5.159015277777778,-0.05596561861911424,-0.26404965915866313
1985-04-01,5.185279166666667,-0.036045669124164875,-0.6219001642091688
1985-04-02,5.207316666666666,-0.05386257683766328,-0.6147874231623363
1985-04-03,5.225872222222222,-0.1373418008964328,-0.8378637546591224
1985-04-04,5.2436138888888895,-0.1732937866631913,-1.4266534355590312
1985-04-05,5.262824999999999,-0.1762693720626403,-2.0975556279373593
1985-04-06,5.280211111111111,-0.12374578390837038,-2.110465327202741
1985-04-07,5.293502777777778,-0.15041892440423824,-2.0474171867068733
1985-04-08,5.303562500000001,-0.1636749390966165,-1.8348875609033841
1985-04-09,5.311873611111111,-0.14779169759064778,-1.4650819135204638
1985-04-10,5.3192875,-0.09885666545107002,-1.3837641678822628
1985-04-11,5.326054166666666,-0.06195531099744281,-1.21676552233589
1985-04-12,5.3275875,-0.08742179400938063,-1.0074990393239533
1985-04-13,5.314887499999999,-0.14205875452361366,-0.6798287454763863
1985-04-14,5.292255555555556,-0.1620991356071766,-0.48115641994837954
1985-04-15,5.2730375,-0.16617248271461468,-0.5985316839520516
1985-04-16,5.259333333333333,-0.15237648868339332,-0.17695684464993927
1985-04-17,5.247566666666666,-0.1598384377192059,-0.4090615622807925
1985-04-18,5.236084722222222,-0.17182070355942644,-0.38793068532946295
1985-04-19,5.224744444444444,-0.1790689703179204,-0.38567547412652364
1985-04-20,5.215486111111112,-0.134339849564936,-1.1801462615461755
1985-04-21,5.208165277777778,-0.09532976003325565,-1.2975021844111885
1985-04-22,5.200827777777778,-0.05826592853646957,-1.3335618492413084
1985-04-23,5.195815277777777,-0.014703061227011285,-1.1771122165507664
1985-04-24,5.1943166666666665,-0.04287351577246585,-1.2951098175608675
1985-04-25,5.194625,0.022996169718810612,-1.3659545030521443
1985-04-26,5.196494444444443,0.06259709947087659,-1.7664248772486535
1985-04-27,5.201381944444444,0.10803479460402632,-1.7634167390484705
1985-04-28,5.2078291666666665,0.11858051315315392,-1.3354096798198207
1985-04-29,5.213294444444444,0.11405079552230005,-1.246011906633411
1985-04-30,5.218319444444444,0.026241635742685704,-0.9132277468537965
1985-05-01,5.22485,-0.00823790971185972,-1.0142787569548066
1985-05-02,5.234152777777778,-0.045008949656763206,-0.26481049478768165
1985-05-03,5.245241666666667,0.04795500810264902,-0.2858633414359824
1985-05-04,5.254804166666666,0.12849352968207972,-0.3739643630154128
1985-05-05,5.258531944444444,0.17538977623855362,-0.5845883873496638
1985-05-06,5.258941666666667,0.27971549937904944,-0.5043238327123827
1985-05-07,5.260234722222222,0.3635488212339622,-0.010116876789516394
1985-05-08,5.261019444444444,0.4040260939612349,0.34362112826098856
1985-05-09,5.260070833333334,0.3788453891862119,0.22208377748045505
1985-05-10,5.2585625,0.37963133510372027,0.10847283156294585
1985-05-11,5.255437499999999,0.33544477260372035,0.37245106072961415
1985-05-12,5.2509805555555555,0.3643367749185351,1.3086826695259097
1985-05-13,5.245745833333332,0.514807388344461,3.277780111655539
1985-05-14,5.24065,0.5376305827889055,3.064386083877763
1985-05-15,5.23647361111111,0.4949600272333499,2.941233028322206
1985-05-16,5.234587499999999,0.49662098788149794,2.3354581787851694
1985-05-17,5.235840277777777,0.47570971473334994,2.349116674155539
1985-05-18,5.238033333333333,0.5283973073259426,2.295569359340724
1985-05-19,5.240515277777777,0.5651246105666834,2.265693444988873
1985-05-20,5.237504166666667,0.5455026776963129,2.4639931556370205
1985-05-21,5.228568055555556,0.5103209184370536,2.63711102600739
1985-05-22,5.218718055555556,0.43731462214075734,3.0193006556370197
1985-05-23,5.207286111111111,0.42783646241853507,2.844877426470354
1985-05-24,5.193481944444445,0.41578625408520165,2.8157318014703545
1985-05-25,5.177638888888889,0.3136183952889055,2.934409382488872
1985-05-26,5.159429166666667,0.33642587214075753,2.963811627859242
1985-05-27,5.136679166666667,0.28234751565927585,3.0643066510073895
1985-05-28,5.111433333333334,0.2558598420481646,3.0300401579518352
1985-05-29,5.087055555555555,0.29264128880742396,2.9739698223036886
1985-05-30,5.066786111111111,0.32368025871483147,2.7142002968407244
1985-05-31,5.053084722222222,0.3322542401963129,2.7189943709148
1985-06-01,5.041316666666667,0.3316346568629795,2.0967153431370216
1985-06-02,5.030977777777778,0.24482230732594254,2.110866581562947
1985-06-03,5.02548611111111,0.11616522399260916,2.2446819982296145
1985-06-04,5.025648611111111,0.022069471677794328,2.4122819172110943
1985-06-05,5.028029166666666,-0.1206328315629463,2.1182703315629468
1985-06-06,5.031454166666667,-0.18902258850739087,2.0955684218407242
1985-06-07,5.0394250000000005,-0.2039141047110945,1.7851557713777608
1985-06-08,5.04878888888889,-0.27291434776665,1.7961254588777604
1985-06-09,5.056376388888889,-0.3051572181370204,1.7581141625814651
1985-06-10,5.0625124999999995,-0.2999337806370204,1.7680879473036877
1985-06-11,5.0672625,-0.33445717184072404,0.653528005174058
1985-06-12,5.070419444444445,-0.44370401211850197,-1.5063820989926096
1985-06-13,5.071913888888889,-0.4828114426740575,-1.4687691128814981
1985-06-14,5.072406944444444,-0.46414806304442785,-1.0415922147333496
1985-06-15,5.070459722222223,-0.5173540352666499,-0.8671056869555731
1985-06-16,5.065416666666667,-0.4947984681370205,-0.6289515318629793
1985-06-17,5.059909722222223,-0.5233943940629464,-0.5665153281592765
1985-06-18,5.055133333333334,-0.5328582945259094,-0.561608372140758
1985-06-19,5.053634722222222,-0.4915492435999834,-0.2327521452889053
1985-06-20,5.055798611111111,-0.41680228758146504,-0.31766299019631367
1985-06-21,5.058488888888888,-0.4217763385073909,-0.5217125503814981
1985-06-22,5.060393055555555,-0.46663122276665014,-0.20009516612223865
1985-06-23,5.0628375,-0.4026943130444278,-0.1801431869555723
1985-06-24,5.066675,-0.3639181787851685,-0.026090154548164768
1985-06-25,5.0753875,-0.3776845560999835,-0.04836961056668243
1985-06-26,5.096898611111111,-0.3483911764703538,0.30049256535924274
1985-06-27,5.1248625,-0.2895741162851687,-0.06862171704816455
1985-06-28,5.15058611111111,-0.31731783156294635,-0.11193494621483091
1985-06-29,5.171351388888889,-0.2966407135073909,-0.11604400871483117
1985-06-30,5.186588888888888,-0.29173550517405755,-0.060853383714831066
1985-07-01,5.197376388888889,-0.23469192878516856,0.00864887322961308
1985-07-02,5.2035527777777775,-0.14897896582220566,-0.08324047862223888
1985-07-03,5.208324999999999,-0.06844585239627972,-0.16887914760371964
1985-07-04,5.213219444444444,-0.01862322508146481,-0.2502628860296468
1985-07-05,5.220283333333334,-0.03530623434072408,-0.07797709899261021
1985-07-06,5.223520833333334,-0.029864046840724114,-0.29732345315927583
1985-07-07,5.216483333333334,-0.06775380378516854,-0.5393961962148313
1985-07-08,5.205627777777778,0.03105302233589053,-0.8126808001136682
1985-07-09,5.1957763888888895,0.0305050310594902,-0.8079480866150467
1985-07-10,5.185508333333333,0.03686623399796589,-1.2540412339979656
1985-07-11,5.1700875,0.06685749891991248,-1.2702783322532458
1985-07-12,5.141597222222222,0.08326047183084001,-1.4425243607197287
1985-07-13,5.105040277777778,0.11941637173901258,-1.4431233161834576
1985-07-14,5.069934722222222,0.1470528386811614,-1.6396542275700505
1985-07-15,5.038280555555556,0.18256469588960944,-1.7038452514451652
1985-07-16,5.009295833333333,0.18891858707418244,-1.4025477537408484
1985-07-17,4.982312499999999,0.17629473491623948,-1.3926072349162388
1985-07-18,4.957336111111111,0.15251257238180407,-1.343515350159582
1985-07-19,4.931559722222222,0.07848643601816786,-1.7880461582403895
1985-07-20,4.904004166666666,-0.0004612682977183022,-1.7145428983689475
1985-07-21,4.874154166666665,0.040701587533319324,-1.8195224208666512
1985-07-22,4.843870833333332,0.04912748285012372,-2.076331649516789
1985-07-23,4.813893055555555,0.025421261546175113,-2.1096476504350634
1985-07-24,4.783383333333332,0.020818678901546983,-2.271868678901546
1985-07-25,4.749369444444444,-0.02905082293500033,-2.1963186215094432
1985-07-26,4.703590277777777,-0.05023497123619397,-2.7280219732082496
1985-07-27,4.648726388888888,-0.09321372467972029,-2.5111793308758346
1985-07-28,4.593231944444444,-0.09599717279725936,-2.3665681049805176
1985-07-29,4.538944444444445,-0.05596561861911424,-1.6266454924919973
1985-07-30,4.485695833333334,-0.036045669124164875,-1.2279834975425021
1985-07-31,4.435093055555555,-0.05386257683766328,-1.3612304787178917
1985-08-01,4.387477777777779,-0.1373418008964328,-0.9621359768813466
1985-08-02,4.340136111111111,-0.1732937866631913,-0.8785089911145864
1985-08-03,4.292418055555555,-0.1762693720626403,-0.7328153501595818
1985-08-04,4.2432847222222225,-0.12374578390837038,-0.8965389383138522
1985-08-05,4.193388888888889,-0.15041892440423824,-0.30230329781798426
1985-08-06,4.144447222222222,-0.1636749390966165,0.5922277168743937
1985-08-07,4.095970833333333,-0.14779169759064778,0.7301541975906473
1985-08-08,4.0476125000000005,-0.09885666545107002,0.7295774987844024
1985-08-09,3.9996236111111108,-0.06195531099744281,0.7406650332196648
1985-08-10,3.9565083333333333,-0.08742179400938063,0.8725801273427136
1985-08-11,3.9276,-0.14205875452361366,0.9561254211902799
1985-08-12,3.9081333333333332,-0.1620991356071766,1.0129658022738428
1985-08-13,3.8868069444444444,-0.16617248271461468,0.7960322049368369
1985-08-14,3.862905555555556,-0.15237648868339332,0.743804266461171
1985-08-15,3.8372222222222225,-0.1598384377192059,0.2666162154969838
1985-08-16,3.8076680555555553,-0.17182070355942644,0.4534859813372044
1985-08-17,3.775329166666667,-0.1790689703179204,0.5044064703179199
1985-08-18,3.741473611111111,-0.134339849564936,0.49353290512049114
1985-08-19,3.706115277777778,-0.09532976003325565,0.5242144822554773
1985-08-20,3.6716583333333332,-0.05826592853646957,0.5216075952031362
1985-08-21,3.6369083333333334,-0.014703061227011285,0.5127947278936776
1985-08-22,3.6006375,-0.04287351577246585,0.7542360157724654
1985-08-23,3.5631875,0.022996169718810612,0.7308163302811885
1985-08-24,3.5250319444444447,0.06259709947087659,1.5307042894180127
1985-08-25,3.485325,0.10803479460402632,3.4896402053959736
1985-08-26,3.445129166666667,0.11858051315315392,3.601623653513512
1985-08-27,3.406298611111111,0.11405079552230005,3.5603172600332553
1985-08-28,3.367501388888889,0.026241635742685704,2.9219236420350923
1985-08-29,3.328234722222222,-0.00823790971185972,2.5550031874896377
1985-08-30,3.288136111111111,-0.045008949656763206,2.5975395052123185
1985-08-31,3.247663888888889,0.04795500810264902,2.277714436341795
1985-09-01,3.2078166666666665,0.12849352968207972,2.2523564703179204
1985-09-02,3.169858333333333,0.17538977623855362,2.09941855709478
1985-09-03,3.1327138888888886,0.27971549937904944,2.721903945065395
1985-09-04,3.0958527777777776,0.3635488212339622,1.831265067654927
1985-09-05,3.061143055555555,0.4040260939612349,1.177497517149877
1985-09-06,3.0307958333333334,0.3788453891862119,1.2120254441471219
1985-09-07,3.003736111111111,0.37963133510372027,1.238299220451836
1985-09-08,2.9785430555555554,0.33544477260372035,1.3100121718407238
1985-09-09,2.9564305555555555,0.3643367749185351,1.2415660028592417
1985-09-10,2.936601388888889,0.514807388344461,1.110924556099982
1985-09-11,2.920141666666667,0.5376305827889055,1.0872277505444274
1985-09-12,2.9070444444444448,0.4949600272333499,1.1429955283222053
1985-09-13,2.896386111111111,0.49662098788149794,1.204326234340725
1985-09-14,2.8876375000000003,0.47570971473334994,1.2103194519333167
1985-09-15,2.8794250000000003,0.5283973073259426,1.6651776926740567
1985-09-16,2.8714125,0.5651246105666834,1.6294628894333165
1985-09-17,2.865666666666667,0.5455026776963129,1.6548306556370203
1985-09-18,2.862326388888889,0.5103209184370536,1.5710193593407236
1985-09-19,2.859654166666667,0.43731462214075734,1.6466978778592418
1985-09-20,2.859019444444445,0.42783646241853507,1.6568107598036863
1985-09-21,2.860313888888889,0.41578625408520165,1.4905665236925763
1985-09-22,2.863366666666667,0.3136183952889055,1.5846816047110943
1985-09-23,2.8679402777777776,0.33642587214075753,0.7559671834147981
1985-09-24,2.875579166666667,0.28234751565927585,-1.1622600156592762
1985-09-25,2.885847222222222,0.2558598420481646,-1.42404039760372
1985-09-26,2.8955041666666665,0.29264128880742396,-1.473478788807424
1985-09-27,2.901777777777778,0.32368025871483147,-1.5107913698259428
1985-09-28,2.9035055555555553,0.3322542401963129,-1.5210931290852017
1985-09-29,2.905748611111111,0.3316346568629795,-1.522716601307424
1985-09-30,2.9092000000000002,0.24482230732594254,-1.440022307325943
1985-10-01,2.9115208333333333,0.11616522399260916,-1.3306860573259427
1985-10-02,2.911847222222222,0.022069471677794328,-1.2369166939000162
1985-10-03,2.9110652777777775,-0.1206328315629463,-1.7937657795481645
1985-10-04,2.908711111111111,-0.18902258850739087,-1.72768852260372
1985-10-05,2.9006,-0.2039141047110945,-1.8760192286222388
1985-10-06,2.8862263888888893,-0.27291434776665,-1.8756453744555726
1985-10-07,2.8690152777777778,-0.3051572181370204,-1.8261913929740907
1985-10-08,2.8516958333333333,-0.2999337806370204,-1.7667620526963128
1985-10-09,2.8329750000000002,-0.33445717184072404,-1.714184494825943
1985-10-10,2.8137902777777777,-0.44370401211850197,-1.5857529323259425
1985-10-11,2.79335,-0.4828114426740575,-1.5262052239926096
1985-10-12,2.7716458333333334,-0.46414806304442785,-1.5231644369555724
1985-10-13,2.7498819444444447,-0.5173540352666499,-1.500527909177795
1985-10-14,2.727693055555555,-0.4947984681370205,-1.501227920751868
1985-10-15,2.7054638888888887,-0.5233943940629464,-2.095069494825942
1985-10-16,2.6825180555555552,-0.5328582945259094,-2.0673264276963126
1985-10-17,2.6595277777777775,-0.4915492435999834,-2.085645200844461
1985-10-18,2.6363958333333333,-0.41680228758146504,-2.137260212418535
1985-10-19,2.613209722222222,-0.4217763385073909,-2.1071000503814976
1985-10-20,2.589781944444444,-0.46663122276665014,-2.0388173883444605
1985-10-21,2.5652263888888887,-0.4026943130444278,-2.0781987425111277
1985-10-22,2.5393388888888886,-0.3639181787851685,-2.091087376770387
1985-10-23,2.5094277777777774,-0.3776845560999835,-2.0474098883444602
1985-10-24,2.4674555555555555,-0.3483911764703538,-2.0347310457518684
1985-10-25,2.416347222222222,-0.2895741162851687,-2.04243977260372
1985-10-26,2.3657875,-0.31731783156294635,-1.9641363351037204
1985-10-27,2.3196458333333334,-0.2966407135073909,-1.938671786492609
1985-10-28,2.2787166666666665,-0.29173550517405755,-1.9026478281592756
1985-10-29,2.2391347222222224,-0.23469192878516856,-1.9071094601037206
1985-10-30,2.200297222222222,-0.14897896582220566,-1.9193182564000162
1985-10-31,2.162543055555555,-0.06844585239627972,-1.8470972031592756
1985-11-01,2.12525,-0.01862322508146481,-1.5482934415852017
1985-11-02,2.0858986111111104,-0.03530623434072408,-1.472259043437053
1985-11-03,2.0473555555555554,-0.029864046840724114,-1.439158175381498
1985-11-04,2.0151902777777777,-0.06775380378516854,-1.3504364739926091
1985-11-05,1.9861763888888886,0.03105302233589053,-0.8642294112247791
1985-11-06,1.9575888888888886,0.0305050310594902,-0.7930939199483787
1985-11-07,1.9295041666666664,0.03686623399796589,-0.8210370673312989
1985-11-08,1.901873611111111,0.06685749891991248,-0.4860644433643569
1985-11-09,1.8733083333333331,0.08326047183084001,-0.44923547183083995
1985-11-10,1.844022222222222,0.11941637173901258,0.14256140603876527
1985-11-11,1.815847222222222,0.1470528386811614,0.14643327242994994
1985-11-12,1.792609722222222,0.18256469588960944,0.4518255818881687
1985-11-13,1.7750194444444443,0.18891858707418244,0.8220619684813734
1985-11-14,1.7629888888888887,0.17629473491623948,0.8653830428615387
1985-11-15,1.7569305555555554,0.15251257238180407,0.8952235387293074
1985-11-16,1.754661111111111,0.07848643601816786,0.971519119537388
1985-11-17,1.757095833333333,-0.0004612682977183022,1.048032101631052
1985-11-18,1.762359722222222,0.040701587533319324,1.0352720235777915
1985-11-19,1.7689374999999998,0.04912748285012372,1.103268350483209
1985-11-20,1.7788319444444443,0.025421261546175113,1.1314134606760473
1985-11-21,1.7907458333333333,0.020818678901546983,1.2474354877651195
1985-11-22,1.806073611111111,-0.02905082293500033,1.317977211823889
1985-11-23,1.8329694444444442,-0.05023497123619397,1.4049321934584162
1985-11-24,1.8741138888888886,-0.09321372467972029,1.4654331691241644
1985-11-25,1.9241430555555554,-0.09599717279725936,1.4181874505750367
1985-11-26,1.9799374999999997,-0.05596561861911424,1.3223614519524474
1985-11-27,2.038955555555555,-0.036045669124164875,1.2434234469019427
1985-11-28,2.0977402777777776,-0.05386257683766328,1.4897889657265522
1985-11-29,2.155508333333333,-0.1373418008964328,1.5845001342297662
1985-11-30,2.2139625,-0.1732937866631913,1.4899979533298582
1985-12-01,2.277430555555555,-0.1762693720626403,1.1181721498404182
1985-12-02,2.3534958333333336,-0.12374578390837038,0.9695832839083705
1985-12-03,2.4397861111111108,-0.15041892440423824,0.909966146626461
1985-12-04,2.528270833333333,-0.1636749390966165,0.8030707724299504
1985-12-05,2.617456944444444,-0.14779169759064778,0.16433475314620347
1985-12-06,2.7065375,-0.09885666545107002,-0.015680834548930378
1985-12-07,2.794845833333333,-0.06195531099744281,-0.12489052233589057
1985-12-08,2.8824819444444443,-0.08742179400938063,-0.4760601504350632
1985-12-09,2.9701958333333334,-0.14205875452361366,-0.26813707880971965
1985-12-10,3.057713888888889,-0.1620991356071766,-0.8606147532817121
1985-12-11,3.144327777777778,-0.16617248271461468,-0.9464886283964964
1985-12-12,3.2262097222222224,-0.15237648868339332,-1.357833233538829
1985-12-13,3.302538888888889,-0.1598384377192059,-1.7857004511696832
1985-12-14,3.374001388888889,-0.17182070355942644,-1.860847351996129
1985-12-15,3.4401319444444445,-0.1790689703179204,-1.9193963074598572
1985-12-16,3.5026458333333332,-0.134339849564936,-2.026305983768397
1985-12-17,3.5611125,-0.09532976003325565,-2.1237827399667446
1985-12-18,3.6170416666666663,-0.05826592853646957,-2.1954424047968635
1985-12-19,3.6715833333333334,-0.014703061227011285,-2.3728802721063222
1985-12-20,3.7237430555555555,-0.04287351577246585,-2.411202873116423
1985-12-21,3.7749499999999996,0.022996169718810612,-2.651612836385477
1985-12-22,3.8263805555555557,0.06259709947087659,-2.778644321693099
1985-12-23,3.8777680555555554,0.10803479460402632,-2.9681361834929145
1985-12-24,3.9246652777777777,0.11858051315315392,-3.078579124264265
1985-12-25,3.9658624999999996,0.11405079552230005,-2.9329132955223
1985-12-26,4.0032250000000005,0.026241635742685704,-2.8541333024093527
1985-12-27,4.037611111111111,-0.00823790971185972,-2.8370398680659177
1985-12-28,4.07157361111111,-0.045008949656763206,-3.00289799478768
1985-12-29,4.105215277777777,0.04795500810264902,-3.083836952547093
1985-12-30,4.136990277777778,0.12849352968207972,-3.2338171407931906
1985-12-31,4.162004166666667,0.17538977623855362,-3.286060609571887
1986-01-01,4.175805555555556,0.27971549937904944,-3.3721877216012723
1986-01-02,4.182711111111111,0.3635488212339622,-3.4549265990117397
1986-01-03,4.188556944444445,0.4040260939612349,-3.4702497050723458
1986-01-04,4.191833333333333,0.3788453891862119,-3.3920120558528786
1986-01-05,4.192765277777777,0.37963133510372027,-3.3687299462148306
1986-01-06,4.194054166666667,0.33544477260372035,-3.2278322726037203
1986-01-07,4.194384722222223,0.3643367749185351,-3.3053881638074243
1986-01-08,4.193130555555555,0.514807388344461,-3.69227127723335
1986-01-09,4.1888555555555556,0.5376305827889055,-3.6634861383444615
1986-01-10,4.181644444444444,0.4949600272333499,-3.4116044716777942
1986-01-11,4.173284722222222,0.49662098788149794,-2.369572376770387
1986-01-12,4.1624944444444445,0.47570971473334994,-1.9892041591777945
1986-01-13,4.150133333333333,0.5283973073259426,-0.5681973073259422
1986-01-14,4.137694444444445,0.5651246105666834,-0.12815238834446063
1986-01-15,4.1251291666666665,0.5455026776963129,0.34203482230368676
1986-01-16,4.1124277777777785,0.5103209184370536,0.9585846371185012
1986-01-17,4.099573611111111,0.43731462214075734,1.032445100081465
1986-01-18,4.0874041666666665,0.42783646241853507,1.381426037581464
1986-01-19,4.077202777777778,0.41578625408520165,1.695344301470353
1986-01-20,4.068575,0.3136183952889055,1.817139938044427
1986-01-21,4.060241666666666,0.33642587214075753,1.8046657945259095
1986-01-22,4.054084722222221,0.28234751565927585,1.8732344287851692
1986-01-23,4.0525722222222225,0.2558598420481646,3.069901269062946
1986-01-24,4.051190277777778,0.29264128880742396,3.7171684334147983
1986-01-25,4.047193055555555,0.32368025871483147,4.388126685729612
1986-01-26,4.042780555555555,0.3322542401963129,4.4596318709148
1986-01-27,4.03741111111111,0.3316346568629795,4.33395423202591
1986-01-28,4.031336111111111,0.24482230732594254,4.313841581562946
1986-01-29,4.027243055555555,0.11616522399260916,4.7065917204518355
1986-01-30,4.026952777777777,0.022069471677794328,5.727311083877762
1986-01-31,4.028826388888889,-0.1206328315629463,7.264806442674056
1986-02-01,4.031248611111111,-0.18902258850739087,7.683107310729612
1986-02-02,4.0385986111111105,-0.2039141047110945,7.688982160266651
1986-02-03,4.0533166666666665,-0.27291434776665,7.658931014433318
1986-02-04,4.074129166666666,-0.3051572181370204,7.646361384803687
1986-02-05,4.099322222222222,-0.2999337806370204,7.50194489174813
1986-02-06,4.1354597222222225,-0.33445717184072404,7.499664116285168
1986-02-07,4.183673611111111,-0.44370401211850197,7.579363734340724
1986-02-08,4.239812499999999,-0.4828114426740575,7.496665609340724
1986-02-09,4.303243055555555,-0.46414806304442785,7.263238340822205
1986-02-10,4.370315277777777,-0.5173540352666499,6.212705424155538
1986-02-11,4.442273611111111,-0.4947984681370205,5.7695248570259094
1986-02-12,4.517452777777777,-0.5233943940629464,4.258608282951836
1986-02-13,4.592923611111111,-0.5328582945259094,3.727934683414798
1986-02-14,4.668672222222222,-0.4915492435999834,3.2028770213777604
1986-02-15,4.745229166666666,-0.41680228758146504,2.488239787581464
1986-02-16,4.8245555555555555,-0.4217763385073909,2.370220782951835
1986-02-17,4.906091666666667,-0.46663122276665014,2.0462062227666493
1986-02-18,4.987656944444444,-0.4026943130444278,1.6163707019333182
1986-02-19,5.070058333333334,-0.3639181787851685,1.5508598454518352
1986-02-20,5.154222222222222,-0.3776845560999835,1.4784623338777616
1986-02-21,5.245740277777777,-0.3483911764703538,1.3493175653592435
1986-02-22,5.351327777777778,-0.2895741162851687,0.11557967184072437
1986-02-23,5.472726388888889,-0.31731783156294635,-0.2767418906592767
1986-02-24,5.6054625,-0.2966407135073909,-1.0518217864926092
1986-02-25,5.742636111111111,-0.29173550517405755,-1.2865672726037196
1986-02-26,5.885786111111111,-0.23469192878516856,-1.4827608489926094
1986-02-27,6.033152777777778,-0.14897896582220566,-1.7491738119555722
1986-02-28,6.179109722222222,-0.06844585239627972,-2.2406638698259425
1986-03-01,6.32337361111111,-0.01862322508146481,-3.3660837193629787
1986-03-02,6.466666666666667,-0.03530623434072408,-4.921027098992609
1986-03-03,6.608811111111111,-0.029864046840724114,-5.27528039760372
1986-03-04,6.74576111111111,-0.06775380378516854,-5.403340640659275
1986-03-05,6.878876388888889,0.03105302233589053,-5.648262744558113
1986-03-06,7.0096625,0.0305050310594902,-5.73016753105949
1986-03-07,7.1363875,0.03686623399796589,-5.833587067331298
1986-03-08,7.256491666666667,0.06685749891991248,-5.955682498919913
1986-03-09,7.36907361111111,0.08326047183084001,-6.131000749608617
1986-03-10,7.475752777777777,0.11941637173901258,-6.329169149516789
1986-03-11,7.576288888888889,0.1470528386811614,-6.504675060903383
1986-03-12,7.669002777777777,0.18256469588960944,-6.540234140334053
1986-03-13,7.753531944444445,0.18891858707418244,-6.630450531518627
1986-03-14,7.829009722222223,0.17629473491623948,-6.693304457138462
1986-03-15,7.897636111111111,0.15251257238180407,-6.7381486834929145
1986-03-16,7.96404861111111,0.07848643601816786,-6.760868380462612
1986-03-17,8.026968055555555,-0.0004612682977183022,-6.747173453924503
1986-03-18,8.08564722222222,0.040701587533319324,-6.847682143088874
1986-03-19,8.139694444444444,0.04912748285012372,-6.628488593961235
1986-03-20,8.189,0.025421261546175113,-6.366087928212842
1986-03-21,8.234390277777777,0.020818678901546983,-6.179542290012657
1986-03-22,8.279225,-0.02905082293500033,-6.171840843731667
1986-03-23,8.316319444444444,-0.05023497123619397,-5.539417806541583
1986-03-24,8.329863888888887,-0.09321372467972029,-4.892316830875834
1986-03-25,8.3170375,-0.09599717279725936,-5.4043736605360735
1986-03-26,8.2864,-0.05596561861911424,-5.513767714714219
1986-03-27,8.247891666666668,-0.036045669124164875,-5.494845997542503
1986-03-28,8.2044,-0.05386257683766328,-5.376204089829003
1986-03-29,8.158641666666668,-0.1373418008964328,-5.117299865770235
1986-03-30,8.116622222222222,-0.1732937866631913,-4.696328435559031
1986-03-31,8.07463888888889,-0.1762693720626403,-4.4650361834929155
1986-04-01,8.024308333333334,-0.12374578390837038,-4.465562549424963
1986-04-02,7.966802777777778,-0.15041892440423824,-4.271383853373539
1986-04-03,7.910583333333333,-0.1636749390966165,-3.1609083942367175
1986-04-04,7.8565125,-0.14779169759064778,-2.960720802409352
1986-04-05,7.804422222222222,-0.09885666545107002,-2.232565556771152
1986-04-06,7.755341666666666,-0.06195531099744281,-1.920053022335891
1986-04-07,7.703781944444445,-0.08742179400938063,0.2103065162316031
1986-04-08,7.649595833333334,-0.14205875452361366,1.1161295878569486
1986-04-09,7.596018055555556,-0.1620991356071766,2.0107477467182893
1986-04-10,7.543345833333333,-0.16617248271461468,2.4681599827146137
1986-04-11,7.495694444444444,-0.15237648868339332,2.656348710905615
1986-04-12,7.454986111111111,-0.1598384377192059,3.0481856599414283
1986-04-13,7.423301388888889,-0.17182070355942644,3.1465193146705377
1986-04-14,7.398783333333332,-0.1790689703179204,3.1782856369845875
1986-04-15,7.376099999999999,-0.134339849564936,3.2235731828982686
1986-04-16,7.355997222222221,-0.09532976003325565,3.3316658711443683
1986-04-17,7.337606944444444,-0.05826592853646957,3.8719923174253577
1986-04-18,7.320751388888889,-0.014703061227011285,3.7586183390047885
1986-04-19,7.306525000000001,-0.04287351577246585,3.8010151824391345
1986-04-20,7.294177777777778,0.022996169718810612,3.810492719170078
1986-04-21,7.280533333333333,0.06259709947087659,3.985202900529122
1986-04-22,7.265111111111111,0.10803479460402632,5.390854094284864
1986-04-23,7.2536499999999995,0.11858051315315392,7.187102820180179
1986-04-24,7.249841666666667,0.11405079552230005,9.324107537811036
1986-04-25,7.252356944444445,0.026241635742685704,10.212401419812869
1986-04-26,7.257856944444445,-0.00823790971185972,10.54871429860075
1986-04-27,7.263341666666666,-0.045008949656763206,11.555333949656761
1986-04-28,7.267722222222222,0.04795500810264902,11.37165610300846
1986-04-29,7.268387499999999,0.12849352968207972,11.046452303651252
1986-04-30,7.268558333333333,0.17538977623855362,10.819051890428112
1986-05-01,7.277138888888889,0.27971549937904944,10.705145611732062
1986-05-02,7.292294444444444,0.3635488212339622,10.371490067654925
1986-05-03,7.305279166666667,0.4040260939612349,9.34502807270543
1986-05-04,7.315152777777778,0.3788453891862119,9.500335166369346
1986-05-05,7.3215055555555555,0.37963133510372027,8.875529776007392
1986-05-06,7.324131944444444,0.33544477260372035,8.683089949618502
1986-05-07,7.33193611111111,0.3643367749185351,7.341060447303687
1986-05-08,7.345786111111112,0.514807388344461,6.390739833877761
1986-05-09,7.36061111111111,0.5376305827889055,5.532091639433316
1986-05-10,7.376205555555555,0.4949600272333499,5.155167750544429
1986-05-11,7.391495833333334,0.49662098788149794,4.902216512118503
1986-05-12,7.406143055555555,0.47570971473334994,4.564147229711095
1986-05-13,7.420568055555555,0.5283973073259426,4.4790346371185015
1986-05-14,7.435148611111111,0.5651246105666834,4.727060111655538
1986-05-15,7.450076388888889,0.5455026776963129,4.803420933414799
1986-05-16,7.465083333333333,0.5103209184370536,4.920262414896278
1986-05-17,7.479966666666666,0.43731462214075734,4.420718711192576
1986-05-18,7.4946013888888885,0.42783646241853507,4.176895482025909
1986-05-19,7.509159722222222,0.41578625408520165,3.8940540236925774
1986-05-20,7.522515277777778,0.3136183952889055,3.62619966026665
1986-05-21,7.534566666666667,0.33642587214075753,3.8276741278592437
1986-05-22,7.5438930555555554,0.28234751565927585,1.788759428785169
1986-05-23,7.547944444444445,0.2558598420481646,-0.5801376198259423
1986-05-24,7.551519444444445,0.29264128880742396,-2.706827399918536
1986-05-25,7.5584138888888885,0.32368025871483147,-3.5524274809370535
1986-05-26,7.566529166666666,0.3322542401963129,-3.876783406862979
1986-05-27,7.574404166666667,0.3316346568629795,-4.828372156862979
1986-05-28,7.5815,0.24482230732594254,-4.592988973992609
1986-05-29,7.586652777777777,0.11616522399260916,-3.5808180017703863
1986-05-30,7.589745833333334,0.022069471677794328,-3.183481971677795
1986-05-31,7.592174999999999,-0.1206328315629463,-3.0298755017703867
1986-06-01,7.596776388888888,-0.18902258850739087,-2.9524204670481646
1986-06-02,7.5992194444444445,-0.2039141047110945,-2.294305339733351
1986-06-03,7.596602777777777,-0.27291434776665,-2.438688430011127
1986-06-04,7.590223611111111,-0.3051572181370204,-1.8170663929740907
1986-06-05,7.580494444444444,-0.2999337806370204,-1.8112273304740893
1986-06-06,7.555877777777777,-0.33445717184072404,-2.4630872726037194
1986-06-07,7.512691666666667,-0.44370401211850197,-2.2119876545481647
1986-06-08,7.4618,-0.4828114426740575,-2.12165522399261
1986-06-09,7.405991666666666,-0.46414806304442785,-2.0845102702889053
1986-06-10,7.348526388888889,-0.5173540352666499,-1.9568390202889046
1986-06-11,7.289213888888888,-0.4947984681370205,-1.6560820874185338
1986-06-12,7.231301388888888,-0.5233943940629464,-1.4809069948259417
1986-06-13,7.1781999999999995,-0.5328582945259094,-1.7160083721407569
1986-06-14,7.127531944444444,-0.4915492435999834,-1.8413160341777934
1986-06-15,7.076749999999999,-0.41680228758146504,-2.082614379085201
1986-06-16,7.02436111111111,-0.4217763385073909,-2.003918105937052
1986-06-17,6.9701708333333325,-0.46663122276665014,-1.888872943900016
1986-06-18,6.913738888888888,-0.4026943130444278,-1.85304457584446
1986-06-19,6.856297222222222,-0.3639181787851685,-1.6553790434370534
1986-06-20,6.798977777777777,-0.3776845560999835,-2.0209598883444606
1986-06-21,6.735290277777777,-0.3483911764703538,-1.9868991013074226
1986-06-22,6.658140277777777,-0.2895741162851687,-2.095232828159276
1986-06-23,6.562519444444444,-0.31731783156294635,-1.3765349462148306
1986-06-24,6.453211111111111,-0.2966407135073909,-1.2859037309370533
1986-06-25,6.341083333333333,-0.29173550517405755,-1.1786811614926085
1986-06-26,6.224769444444444,-0.23469192878516856,-1.2117441823259414
1986-06-27,6.105973611111111,-0.14897896582220566,-1.3806613119555708
1986-06-28,5.9902999999999995,-0.06844585239627972,-2.3335208142703863
1986-06-29,5.879104166666666,-0.01862322508146481,-2.599147608251868
1986-06-30,5.771219444444444,-0.03530623434072408,-2.48891321010372
1986-07-01,5.662054166666666,-0.029864046840724114,-2.427856786492608
1986-07-02,5.555290277777777,-0.06775380378516854,-2.997203140659275
1986-07-03,5.451998611111111,0.03105302233589053,-3.0673849667803346
1986-07-04,5.350697222222221,0.0305050310594902,-3.700535586615045
1986-07-05,5.252977777777778,0.03686623399796589,-3.6905106784424104
1986-07-06,5.161701388888888,0.06685749891991248,-2.247558887808801
1986-07-07,5.079134722222221,0.08326047183084001,-2.1303951940530617
1986-07-08,5.003216666666666,0.11941637173901258,-2.009299705072346
1986-07-09,4.93188611111111,0.1470528386811614,-1.964938949792272
1986-07-10,4.862566666666666,0.18256469588960944,-1.959464695889609
1986-07-11,4.794798611111111,0.18891858707418244,-1.9307171981852942
1986-07-12,4.7244,0.17629473491623948,-1.8676947349162396
1986-07-13,4.647105555555555,0.15251257238180407,-1.7092847946040257
1986-07-14,4.565393055555555,0.07848643601816786,-1.557879491573723
1986-07-15,4.4823708333333325,-0.0004612682977183022,-1.4052428983689476
1986-07-16,4.400018055555555,0.040701587533319324,-1.3873863097555408
1986-07-17,4.319802777777777,0.04912748285012372,-1.0709302606279012
1986-07-18,4.241991666666666,0.025421261546175113,-0.6627462615461748
1986-07-19,4.1680013888888885,0.020818678901546983,-0.6641534011237684
1986-07-20,4.0955305555555555,-0.02905082293500033,-0.5448130659538881
1986-07-21,4.0312874999999995,-0.05023497123619397,-0.45938586209713855
1986-07-22,3.9870486111111108,-0.09321372467972029,-0.37216821976472353
1986-07-23,3.961720833333333,-0.09599717279725936,-0.368390327202741
1986-07-24,3.9463930555555553,-0.05596561861911424,-0.19976077026977496
1986-07-25,3.9330916666666664,-0.036045669124164875,-0.20637933087583546
1986-07-26,3.9238861111111105,-0.05386257683766328,-0.17935686760678116
1986-07-27,3.9168763888888884,-0.1373418008964328,-0.08886792132578955
1986-07-28,3.9038625,-0.1732937866631913,-0.03356871333680886
1986-07-29,3.8830430555555555,-0.1762693720626403,0.01889298317375146
1986-07-30,3.858220833333333,-0.12374578390837038,-0.008808382758296152
1986-07-31,3.8329111111111107,-0.15041892440423824,0.6761744799597937
1986-08-01,3.8048472222222216,-0.1636749390966165,0.7174943835410612
1986-08-02,3.7749916666666667,-0.14779169759064778,0.7201333642573143
1986-08-03,3.743606944444444,-0.09885666545107002,0.697916387673293
1986-08-04,3.708745833333333,-0.06195531099744281,0.921876144330776
1986-08-05,3.675797222222222,-0.08742179400938063,-0.465042094879508
1986-08-06,3.645397222222222,-0.14205875452361366,-0.5410051343652749
1986-08-07,3.6145847222222223,-0.1620991356071766,-0.5604855866150458
1986-08-08,3.5837708333333333,-0.16617248271461468,-0.41359835061871864
1986-08-09,3.552881944444444,-0.15237648868339332,-0.35117212242771806
1986-08-10,3.5204958333333334,-0.1598384377192059,-0.30199072894746104
1986-08-11,3.4863180555555555,-0.17182070355942644,0.46916931467053746
1986-08-12,3.453011111111111,-0.1790689703179204,0.9940578592068092
1986-08-13,3.421418055555556,-0.134339849564936,1.1479217940093798
1986-08-14,3.3912041666666664,-0.09532976003325565,1.139125593366589
1986-08-15,3.361806944444444,-0.05826592853646957,1.4317923174253586
1986-08-16,3.3321819444444443,-0.014703061227011285,1.1575211167825668
1986-08-17,3.3020638888888887,-0.04287351577246585,0.8514762935502432
1986-08-18,3.2686652777777776,0.022996169718810612,1.0040052191700775
1986-08-19,3.2336875,0.06259709947087659,1.1073820671957897
1986-08-20,3.201698611111111,0.10803479460402632,1.0939332609515289
1986-08-21,3.173898611111111,0.11858051315315392,1.1111875424024014
1986-08-22,3.147069444444444,0.11405079552230005,0.6335464266999227
1986-08-23,3.1211138888888885,0.026241635742685704,0.9029778087017585
1986-08-24,3.0982555555555553,-0.00823790971185972,1.2383156874896375
1986-08-25,3.076405555555555,-0.045008949656763206,1.2969367274345411
1986-08-26,3.0563527777777777,0.04795500810264902,1.5173588807862404
1986-08-27,3.042273611111111,0.12849352968207972,1.5765661925401422
1986-08-28,3.0341125,0.17538977623855362,2.062497723761447
1986-08-29,3.0273916666666665,0.27971549937904944,2.05355950062095
1986-08-30,3.021098611111111,0.3635488212339622,1.344352567654927
1986-08-31,3.01815,0.4040260939612349,1.3071572393720983
1986-09-01,3.0184888888888888,0.3788453891862119,1.3319990552582324
1986-09-02,3.0225416666666667,0.37963133510372027,1.327160331562946
1986-09-03,3.0317208333333334,0.33544477260372035,1.3701677273962791
1986-09-04,3.0368666666666666,0.3643367749185351,1.3351298917481318
1986-09-05,3.0360430555555555,0.514807388344461,1.185482889433317
1986-09-06,3.034668055555555,0.5376305827889055,1.1527013616555388
1986-09-07,3.0330402777777774,0.4949600272333499,1.0843330283222066
1986-09-08,3.0316166666666664,0.49662098788149794,1.0394290121185024
1986-09-09,3.030447222222222,0.47570971473334994,0.8981763963777607
1986-09-10,3.029497222222222,0.5283973073259426,0.016105470451835635
1986-09-11,3.028391666666667,0.5651246105666834,-0.5628496105666834
1986-09-12,3.0270652777777776,0.5455026776963129,-0.6879012888074235
1986-09-13,3.025795833333333,0.5103209184370536,-0.6514500851037197
1986-09-14,3.025094444444444,0.43731462214075734,-0.878075733251868
1986-09-15,3.024711111111111,0.42783646241853507,-0.8512142401963128
1986-09-16,3.0228624999999996,0.41578625408520165,-0.796315420751868
1986-09-17,3.0200930555555554,0.3136183952889055,-0.45237811751112783
1986-09-18,3.017902777777777,0.33642587214075753,-0.46766198325186753
1986-09-19,3.0138124999999993,0.28234751565927585,-0.28749334899260814
1986-09-20,3.0047083333333333,0.2558598420481646,-0.047901508714831564
1986-09-21,2.993311111111111,0.29264128880742396,-0.21628573325186778
1986-09-22,2.9799527777777772,0.32368025871483147,-0.5849663698259422
1986-09-23,2.9640041666666663,0.3322542401963129,-0.8555917401963127
1986-09-24,2.950306944444444,0.3316346568629795,-0.8322749346407565
1986-09-25,2.9382263888888884,0.24482230732594254,-1.0040486962148312
1986-09-26,2.924984722222222,0.11616522399260916,-0.9881499462148311
1986-09-27,2.9113249999999997,0.022069471677794328,-1.4327278050111274
1986-09-28,2.8977194444444443,-0.1206328315629463,-1.365086612881498
1986-09-29,2.8812874999999996,-0.18902258850739087,-1.2815982448259422
1986-09-30,2.8620277777777776,-0.2039141047110945,-1.24778033973335
1986-10-01,2.8428138888888883,-0.27291434776665,-1.159566207788905
1986-10-02,2.8233263888888884,-0.3051572181370204,-1.1078358374185349
1986-10-03,2.801191666666666,-0.2999337806370204,-1.3409245526963125
1986-10-04,2.7827527777777776,-0.33445717184072404,-1.288628939270387
1986-10-05,2.7710069444444443,-0.44370401211850197,-1.1676362656592758
1986-10-06,2.7602249999999997,-0.4828114426740575,-1.1177468906592756
1986-10-07,2.7491805555555553,-0.46414806304442785,-1.1253658258444608
1986-10-08,2.7373916666666664,-0.5173540352666499,-1.06137096473335
1986-10-09,2.7253749999999997,-0.4947984681370205,-1.1492431985296458
1986-10-10,2.710476388888889,-0.5233943940629464,-1.1057486614926093
1986-10-11,2.6907249999999996,-0.5328582945259094,-1.0765333721407568
1986-10-12,2.668268055555555,-0.4915492435999834,-1.1163854786222385
1986-10-13,2.6451152777777778,-0.41680228758146504,-1.1679796568629794
1986-10-14,2.6203097222222222,-0.4217763385073909,-1.138200050381498
1986-10-15,2.5944930555555556,-0.46663122276665014,-1.0848618327889055
1986-10-16,2.571269444444445,-0.4026943130444278,-1.1672417980666836
1986-10-17,2.5512,-0.3639181787851685,-1.7092818212148315
1986-10-18,2.5336458333333334,-0.3776845560999835,-1.7912946105666834
1986-10-19,2.5210819444444446,-0.3483911764703538,-1.4143574346407575
1986-10-20,2.514911111111111,-0.2895741162851687,-0.9823369948259423
1986-10-21,2.5150472222222224,-0.31731783156294635,-0.7377293906592759
1986-10-22,2.5202180555555556,-0.2966407135073909,-0.17357734204816483
1986-10-23,2.5267347222222227,-0.29173550517405755,-0.02966588371483181
1986-10-24,2.5312,-0.23469192878516856,-0.09684140454816467
1986-10-25,2.5326597222222222,-0.14897896582220566,-0.04134742306668321
1986-10-26,2.5340791666666664,-0.06844585239627972,-0.02229998093705292
1986-10-27,2.5376430555555554,-0.01862322508146481,-0.07135316380742344
1986-10-28,2.5452208333333335,-0.03530623434072408,-0.06224793232594231
1986-10-29,2.5592819444444443,-0.029864046840724114,-0.03608456427038705
1986-10-30,2.5773569444444444,-0.06775380378516854,-0.015936473992608946
1986-10-31,2.59585,0.03105302233589053,-0.1332363556692236
1986-11-01,2.6143875,0.0305050310594902,-0.0695591977261566
1986-11-02,2.6352694444444444,0.03686623399796589,0.23553098822425628
1986-11-03,2.662922222222222,0.06685749891991248,0.17788694552453216
1986-11-04,2.6959958333333334,0.08326047183084001,0.12841036150249324
1986-11-05,2.731213888888889,0.11941637173901258,0.05703640603876499
1986-11-06,2.769090277777778,0.1470528386811614,0.012856883541060932
1986-11-07,2.8111125,0.18256469588960944,-0.0646771958896093
1986-11-08,2.8573125,0.18891858707418244,-0.11723108707418209
1986-11-09,2.908561111111111,0.17629473491623948,-0.15585584602735036
1986-11-10,2.9656124999999998,0.15251257238180407,-0.18912507238180357
1986-11-11,3.0259680555555555,0.07848643601816786,-0.17545449157372306
1986-11-12,3.0879652777777773,-0.0004612682977183022,-0.15850400948005872
1986-11-13,3.1517791666666666,0.040701587533319324,-0.15981408753331927
1986-11-14,3.216379166666667,0.04912748285012372,-0.03883998285012372
1986-11-15,3.2812055555555557,0.025421261546175113,-0.07429348376839731
1986-11-16,3.3441472222222224,0.020818678901546983,-0.13263256779043586
1986-11-17,3.402763888888889,-0.02905082293500033,-0.08537973262055504
1986-11-18,3.455413888888889,-0.05023497123619397,-0.6318455843193613
1986-11-19,3.5003083333333334,-0.09321372467972029,-1.3220946086536132
1986-11-20,3.5393847222222226,-0.09599717279725936,-1.2447208827582967
1986-11-21,3.5748527777777777,-0.05596561861911424,-1.73555382582533
1986-11-22,3.6084680555555555,-0.036045669124164875,-1.8020890530980573
1986-11-23,3.6411847222222224,-0.05386257683766328,-1.2636554787178922
1986-11-24,3.674541666666667,-0.1373418008964328,-1.3788665324369007
1986-11-25,3.707945833333333,-0.1732937866631913,-1.4833187133368082
1986-11-26,3.7391402777777776,-0.1762693720626403,-1.4698709057151373
1986-11-27,3.7662402777777775,-0.12374578390837038,-1.549494493869407
1986-11-28,3.7907291666666665,-0.15041892440423824,-1.5926435755957615
1986-11-29,3.8171388888888886,-0.1636749390966165,-1.6061306164589386
1986-11-30,3.845213888888889,-0.14779169759064778,-1.6500888579649078
1986-12-01,3.8732652777777776,-0.09885666545107002,-1.8087419456600409
1986-12-02,3.8999805555555556,-0.06195531099744281,-2.2046919112247796
1986-12-03,3.9209402777777775,-0.08742179400938063,-2.200185150435064
1986-12-04,3.936486111111111,-0.14205875452361366,-2.1610940232541638
1986-12-05,3.9499347222222223,-0.1620991356071766,-2.1545022532817124
1986-12-06,3.961241666666667,-0.16617248271461468,-2.1830691839520524
1986-12-07,3.9690624999999997,-0.15237648868339332,-2.2046860113166065
1986-12-08,3.9739555555555555,-0.1598384377192059,-2.2021171178363494
1986-12-09,3.978827777777778,-0.17182070355942644,-2.152340407551685
1986-12-10,3.9841208333333338,-0.1790689703179204,-2.1483851963487473
1986-12-11,3.989061111111111,-0.134339849564936,-2.1980545948795087
1986-12-12,3.993606944444444,-0.09532976003325565,-2.2416105177445225
1986-12-13,3.9996625,-0.05826592853646957,-2.3810632381301975
1986-12-14,4.009440277777777,-0.014703061227011285,-2.5407372165507662
1986-12-15,4.021013888888889,-0.04287351577246585,-2.420140373116423
1986-12-16,4.034175,0.022996169718810612,-2.025504503052144
1986-12-17,4.050245833333333,0.06259709947087659,-1.6581762661375432
1986-12-18,4.066755555555556,0.10803479460402632,-0.8374570168262487
1986-12-19,4.0825097222222215,0.11858051315315392,-0.21209023537537602
1986-12-20,4.099256944444445,0.11405079552230005,0.1286922600332547
1986-12-21,4.116275,0.026241635742685704,0.7014833642573138
1986-12-22,4.131848611111111,-0.00823790971185972,0.9750559652674144
1986-12-23,4.146977777777778,-0.045008949656763206,0.5276978385456523
1986-12-24,4.161568055555556,0.04795500810264902,0.46114360300846186
1986-12-25,4.175152777777777,0.12849352968207972,0.7353536925401438
1986-12-26,4.188284722222222,0.17538977623855362,1.471992168205891
1986-12-27,4.201398611111111,0.27971549937904944,2.134552556176506
1986-12-28,4.213615277777778,0.3635488212339622,2.2715025676549274
1986-12-29,4.227756944444444,0.4040260939612349,2.315883628260988
1986-12-30,4.251908333333333,0.3788453891862119,2.318579610813789
1986-12-31,4.284551388888888,0.37963133510372027,2.294150609340725
1987-01-01,4.320304166666666,0.33544477260372035,2.8642510607296137
1987-01-02,4.358924999999999,0.3643367749185351,3.8670715584148008
1987-01-03,4.400063888888889,0.514807388344461,3.9051287227666505
1987-01-04,4.443205555555556,0.5376305827889055,4.112830528322206
1987-01-05,4.486805555555556,0.4949600272333499,4.352234417211094
1987-01-06,4.530316666666667,0.49662098788149794,4.904395678785169
1987-01-07,4.573770833333333,0.47570971473334994,5.079186118599985
1987-01-08,4.616481944444445,0.5283973073259426,5.004454081562946
1987-01-09,4.658506944444444,0.5651246105666834,4.924035111655541
1987-01-10,4.700531944444444,0.5455026776963129,5.006965377859241
1987-01-11,4.742005555555556,0.5103209184370536,5.143340192674057
1987-01-12,4.781061111111111,0.43731462214075734,5.170290933414799
1987-01-13,4.815352777777777,0.42783646241853507,5.057810759803688
1987-01-14,4.846480555555555,0.41578625408520165,5.238733190359243
1987-01-15,4.8786347222222215,0.3136183952889055,4.9364135491555405
1987-01-16,4.911375,0.33642587214075753,4.459532461192578
1987-01-17,4.945975,0.28234751565927585,3.595677484340726
1987-01-18,4.984987499999999,0.2558598420481646,2.931152657951837
1987-01-19,5.023791666666666,0.29264128880742396,2.1722337111925762
1987-01-20,5.060847222222222,0.32368025871483147,1.427472519062947
1987-01-21,5.0982375,0.3322542401963129,0.9845082598036883
1987-01-22,5.133344444444445,0.3316346568629795,0.8623542320259083
1987-01-23,5.166718055555556,0.24482230732594254,0.8954596371185009
1987-01-24,5.201218055555556,0.11616522399260916,0.6246167204518345
1987-01-25,5.2363027777777775,0.022069471677794328,-0.16003891612223825
1987-01-26,5.272215277777777,-0.1206328315629463,-0.8332491128814972
1987-01-27,5.310018055555555,-0.18902258850739087,-0.7393288003814984
1987-01-28,5.344866666666666,-0.2039141047110945,-0.3632858952889052
1987-01-29,5.368988888888888,-0.27291434776665,-0.315074541122238
1987-01-30,5.385159722222221,-0.3051572181370204,-0.30800250408520075
1987-01-31,5.398294444444444,-0.2999337806370204,-0.8880273304740898
1987-02-01,5.408676388888888,-0.33445717184072404,-1.9342192170481638
1987-02-02,5.420547222222222,-0.44370401211850197,-2.0665098767703864
1987-02-03,5.443786111111111,-0.4828114426740575,-2.3243080017703868
1987-02-04,5.476081944444443,-0.46414806304442785,-2.6156005480666824
1987-02-05,5.508551388888888,-0.5173540352666499,-3.1921973536222383
1987-02-06,5.541026388888888,-0.4947984681370205,-3.430894587418534
1987-02-07,5.573466666666666,-0.5233943940629464,-3.3334056059370525
1987-02-08,5.608149999999999,-0.5328582945259094,-3.3589583721407563
1987-02-09,5.64656111111111,-0.4915492435999834,-3.5440118675111267
1987-02-10,5.686755555555555,-0.41680228758146504,-3.669286601307424
1987-02-11,5.7290722222222215,-0.4217763385073909,-3.3339625503814974
1987-02-12,5.7737083333333326,-0.46663122276665014,-2.830410443900016
1987-02-13,5.817947222222221,-0.4026943130444278,-3.0699195758444597
1987-02-14,5.857783333333332,-0.3639181787851685,-3.2011984878814967
1987-02-15,5.892144444444444,-0.3776845560999835,-3.1074598883444606
1987-02-16,5.919270833333333,-0.3483911764703538,-2.892546323529646
1987-02-17,5.937701388888889,-0.2895741162851687,-2.5441272726037205
1987-02-18,5.95066111111111,-0.31731783156294635,-2.01500994621483
1987-02-19,5.961304166666666,-0.2966407135073909,-1.6886634531592755
1987-02-20,5.970694444444444,-0.29173550517405755,-1.661958939270386
1987-02-21,5.981097222222221,-0.23469192878516856,-1.7274052934370525
1987-02-22,5.993281944444444,-0.14897896582220566,-1.8196363119555719
1987-02-23,6.0036597222222206,-0.06844585239627972,-1.9138805364926073
1987-02-24,6.008894444444444,-0.01862322508146481,-1.9689378860296451
1987-02-25,6.006581944444443,-0.03530623434072408,-1.9499423767703856
1987-02-26,5.997827777777777,-0.029864046840724114,-2.1162970642703867
1987-02-27,5.985429166666666,-0.06775380378516854,-1.3883420295481648
1987-02-28,5.971244444444444,0.03105302233589053,0.2520358665529984
1987-03-01,5.956454166666666,0.0305050310594902,0.6620408022738437
1987-03-02,5.9392125,0.03686623399796589,1.4385879326687003
1987-03-03,5.915688888888888,0.06685749891991248,1.6871202788578665
1987-03-04,5.889641666666666,0.08326047183084001,2.0460978615024943
1987-03-05,5.855449999999999,0.11941637173901258,2.1754669615943203
1987-03-06,5.811627777777778,0.1470528386811614,2.191652716874393
1987-03-07,5.765854166666667,0.18256469588960944,2.201914470777056
1987-03-08,5.717426388888889,0.18891858707418244,2.2303216907035956
1987-03-09,5.667955555555555,0.17629473491623948,2.1277497095282047
1987-03-10,5.615976388888889,0.15251257238180407,2.2035110387293066
1987-03-11,5.561136111111111,0.07848643601816786,2.3323774528707206
1987-03-12,5.504813888888889,-0.0004612682977183022,2.335314046075496
1987-03-13,5.446766666666667,0.040701587533319324,2.0078650791333477
1987-03-14,5.3894625000000005,0.04912748285012372,1.5554100171498755
1987-03-15,5.3330222222222226,0.025421261546175113,1.5772231828982686
1987-03-16,5.279065277777778,0.020818678901546983,1.9461160433206748
1987-03-17,5.230277777777777,-0.02905082293500033,1.9311063784905556
1987-03-18,5.187486111111111,-0.05023497123619397,2.096082193458416
1987-03-19,5.15224861111111,-0.09321372467972029,1.9289651135686094
1987-03-20,5.1243541666666665,-0.09599717279725936,1.580309672797259
1987-03-21,5.103322222222221,-0.05596561861911424,1.2193100630635594
1987-03-22,5.090168055555555,-0.036045669124164875,1.2065442802352762
1987-03-23,5.082387499999999,-0.05386257683766328,1.2304750768376642
1987-03-24,5.075252777777777,-0.1373418008964328,1.2947556897853216
1987-03-25,5.069825,-0.1732937866631913,1.3604687866631913
1987-03-26,5.0696916666666665,-0.1762693720626403,1.4142443720626399
1987-03-27,5.076811111111111,-0.12374578390837038,1.5442680061305925
1987-03-28,5.088106944444444,-0.15041892440423824,1.7783119799597933
1987-03-29,5.098533333333333,-0.1636749390966165,0.80780827242995
1987-03-30,5.108159722222222,-0.14779169759064778,-0.8190346912982415
1987-03-31,5.118488888888889,-0.09885666545107002,-1.266965556771152
1987-04-01,5.132670833333333,-0.06195531099744281,-2.072048855669224
1987-04-02,5.1544944444444445,-0.08742179400938063,-2.307405983768397
1987-04-03,5.1748361111111105,-0.14205875452361366,-1.6767773565874966
1987-04-04,5.1914750000000005,-0.1620991356071766,0.4586241356071765
1987-04-05,5.211544444444444,-0.16617248271461468,0.4629613716035055
1987-04-06,5.235275,-0.15237648868339332,0.4254348220167283
1987-04-07,5.2617125,-0.1598384377192059,0.40779260438587306
1987-04-08,5.292147222222223,-0.17182070355942644,0.4223401480038701
1987-04-09,5.331081944444445,-0.1790689703179204,0.9406536925401439
1987-04-10,5.380233333333333,-0.134339849564936,1.1934398495649368
1987-04-11,5.434344444444445,-0.09532976003325565,1.1816519822554776
1987-04-12,5.486383333333333,-0.05826592853646957,1.4242159285364693
1987-04-13,5.5328375,-0.014703061227011285,1.3565322278936782
1987-04-14,5.576976388888889,-0.04287351577246585,1.2205637935502436
1987-04-15,5.622898611111111,0.022996169718810612,0.7497718858367461
1987-04-16,5.678963888888889,0.06259709947087659,0.5957723449735687
1987-04-17,5.7440444444444445,0.10803479460402632,0.11292076095152992
1987-04-18,5.807109722222222,0.11858051315315392,-0.14102356870870875
1987-04-19,5.866527777777778,0.11405079552230005,-0.32391190663341063
1987-04-20,5.921059722222223,0.026241635742685704,0.13636530870175897
1987-04-21,5.969611111111112,-0.00823790971185972,0.15129346526741544
1987-04-22,6.015026388888889,-0.045008949656763206,0.1423158941012082
1987-04-23,6.060433333333334,0.04795500810264902,0.003944991897350814
1987-04-24,6.105730555555556,0.12849352968207972,-0.1462240852376353
1987-04-25,6.1517277777777775,0.17538977623855362,-0.28411755401633004
1987-04-26,6.198469444444444,0.27971549937904944,-0.6248516104901591
1987-04-27,6.248311111111111,0.3635488212339622,-1.1018599323450722
1987-04-28,6.2982861111111115,0.4040260939612349,-1.3916455384056792
1987-04-29,6.337386111111111,0.3788453891862119,-1.5342315002973224
1987-04-30,6.366975,0.37963133510372027,-1.5706063351037192
1987-05-01,6.390254166666667,0.33544477260372035,-1.5613656059370538
1987-05-02,6.408258333333334,0.3643367749185351,-1.4722617749185358
1987-05-03,6.424534722222223,0.514807388344461,-1.0806754439000177
1987-05-04,6.4376875,0.5376305827889055,-3.126318082788906
1987-05-05,6.447044444444444,0.4949600272333499,-2.8806711383444603
1987-05-06,6.454609722222222,0.49662098788149794,-2.7328973767703872
1987-05-07,6.462420833333333,0.47570971473334994,-2.7191305480666834
1987-05-08,6.468119444444444,0.5283973073259426,-2.810516751770386
1987-05-09,6.46665,0.5651246105666834,-3.395774610566683
1987-05-10,6.454854166666666,0.5455026776963129,-3.3973568443629794
1987-05-11,6.437990277777778,0.5103209184370536,-3.419977862881498
1987-05-12,6.422994444444444,0.43731462214075734,-3.535642399918535
1987-05-13,6.4115111111111105,0.42783646241853507,-3.2273475735296455
1987-05-14,6.4016972222222215,0.41578625408520165,-3.1731501429740896
1987-05-15,6.38812361111111,0.3136183952889055,-2.666075339733349
1987-05-16,6.362316666666667,0.33642587214075753,-2.6074092054740903
1987-05-17,6.327663888888889,0.28234751565927585,-2.440011404548165
1987-05-18,6.295837499999999,0.2558598420481646,-2.182697342048164
1987-05-19,6.276741666666666,0.29264128880742396,-1.9723829554740906
1987-05-20,6.269797222222222,0.32368025871483147,-1.9374774809370525
1987-05-21,6.264936111111111,0.3322542401963129,-1.1831903513074242
1987-05-22,6.2603027777777775,0.3316346568629795,-1.1309374346407577
1987-05-23,6.256461111111111,0.24482230732594254,-1.0402834184370544
1987-05-24,6.253959722222222,0.11616522399260916,-0.8847916128814977
1987-05-25,6.251995833333333,0.022069471677794328,-0.7510653050111276
1987-05-26,6.249940277777777,-0.1206328315629463,-0.5269741128814978
1987-05-27,6.244605555555555,-0.18902258850739087,-0.24691630038149712
1987-05-28,6.2435430555555556,-0.2039141047110945,-0.1866289508444613
1987-05-29,6.257022222222222,-0.27291434776665,0.031892125544428884
1987-05-30,6.279105555555556,-0.3051572181370204,0.04205166258146559
1987-05-31,6.307529166666667,-0.2999337806370204,0.36240461397035456
1987-06-01,6.340994444444444,-0.33445717184072404,0.21146272739628075
1987-06-02,6.372256944444445,-0.44370401211850197,-1.2142195989926092
1987-06-03,6.391954166666666,-0.4828114426740575,-1.0831427239926092
1987-06-04,6.402775,-0.46414806304442785,-0.914960270288905
1987-06-05,6.415045833333334,-0.5173540352666499,-1.030691798066684
1987-06-06,6.428847222222222,-0.4947984681370205,-1.0417154207518693
1987-06-07,6.442205555555557,-0.5233943940629464,-0.17481116149261045
1987-06-08,6.45327638888889,-0.5328582945259094,1.112915238970353
1987-06-09,6.460877777777778,-0.4915492435999834,2.121004799155537
1987-06-10,6.466904166666668,-0.41680228758146504,2.057898120914798
1987-06-11,6.471593055555556,-0.4217763385073909,1.9055166162851678
1987-06-12,6.474811111111111,-0.46663122276665014,1.6354867783222042
1987-06-13,6.478466666666667,-0.4026943130444278,1.6958943130444266
1987-06-14,6.4840736111111115,-0.3639181787851685,1.767511234340723
1987-06-15,6.4907361111111115,-0.3776845560999835,4.154615111655537
1987-06-16,6.497131944444444,-0.3483911764703538,4.28825923202591
1987-06-17,6.501616666666667,-0.2895741162851687,4.268957449618502
1987-06-18,6.496656944444444,-0.31731783156294635,4.322327553785169
1987-06-19,6.480979166666666,-0.2966407135073909,3.995994880174057
1987-06-20,6.46158611111111,-0.29173550517405755,3.295149394062947
1987-06-21,6.441215277777777,-0.23469192878516856,3.2641433176740575
1987-06-22,6.4199527777777785,-0.14897896582220566,3.1996928547110937
1987-06-23,6.397458333333333,-0.06844585239627972,3.1176541857296125
1987-06-24,6.380729166666667,-0.01862322508146481,3.27322739174813
1987-06-25,6.391895833333333,-0.03530623434072408,3.268743734340725
1987-06-26,6.428994444444445,-0.029864046840724114,3.8105362690629443
1987-06-27,6.467983333333333,-0.06775380378516854,3.7651038037851685
1987-06-28,6.506659722222222,0.03105302233589053,3.4646205887752197
1987-06-29,6.5476,0.0305050310594902,3.4242283022738422
1987-06-30,6.587038888888889,0.03686623399796589,3.0244282104464784
1987-07-01,6.624602777777778,0.06685749891991248,3.0655397233023094
1987-07-02,6.6594444444444445,0.08326047183084001,3.095295083724715
1987-07-03,6.701983333333334,0.11941637173901258,2.6666002949276533
1987-07-04,6.753568055555556,0.1470528386811614,2.157712439096616
1987-07-05,6.802598611111112,0.18256469588960944,2.072836692999277
1987-07-06,6.849895833333333,0.18891858707418244,2.06485224625915
1987-07-07,6.899613888888888,0.17629473491623948,1.296758042861538
1987-07-08,6.953261111111111,0.15251257238180407,0.1128929831737516
1987-07-09,7.008580555555556,0.07848643601816786,-1.1927336582403896
1987-07-10,7.0640374999999995,-0.0004612682977183022,-1.193576231702281
1987-07-11,7.120359722222222,0.040701587533319324,-1.295061309755541
1987-07-12,7.176323611111111,0.04912748285012372,-1.3581177606279011
1987-07-13,7.230919444444445,0.025421261546175113,-1.5493407059906201
1987-07-14,7.283813888888889,0.020818678901546983,-2.087632567790436
1987-07-15,7.334772222222222,-0.02905082293500033,-4.338054732620556
1987-07-16,7.385027777777778,-0.05023497123619397,-4.253459473208251
1987-07-17,7.434148611111111,-0.09321372467972029,-3.8392682197647243
1987-07-18,7.4800125,-0.09599717279725936,-1.8720153272027402
1987-07-19,7.523188888888889,-0.05596561861911424,-1.7705566036031075
1987-07-20,7.562947222222222,-0.036045669124164875,-1.8629015530980577
1987-07-21,7.59935,-0.05386257683766328,-1.80182075649567
1987-07-22,7.635555555555555,-0.1373418008964328,-1.672213754659123
1987-07-23,7.671659722222222,-0.1732937866631913,-1.4350326022256976
1987-07-24,7.700247222222222,-0.1762693720626403,-1.4939778501595815
1987-07-25,7.699715277777778,-0.12374578390837038,-1.2943028272027413
1987-07-26,7.672681944444444,-0.15041892440423824,-1.8709296867068734
1987-07-27,7.641765277777778,-0.1636749390966165,-0.9257570053478281
1987-07-28,7.612501388888889,-0.14779169759064778,-0.8980430246315748
1987-07-29,7.584144444444444,-0.09885666545107002,-0.8579544456600405
1987-07-30,7.554480555555556,-0.06195531099744281,-0.5468585778914464
1987-07-31,7.523975,-0.08742179400938063,-0.5922198726572854
1987-08-01,7.500119444444444,-0.14205875452361366,-0.5837273565874963
1987-08-02,7.480208333333334,-0.1620991356071766,-0.5211091977261573
1987-08-03,7.4573,-0.16617248271461468,-0.4947941839520522
1987-08-04,7.433705555555555,-0.15237648868339332,-0.11599573353882892
1987-08-05,7.41015,-0.1598384377192059,-0.08531156228079387
1987-08-06,7.382555555555555,-0.17182070355942644,-0.11740151866279605
1987-08-07,7.347658333333333,-0.1790689703179204,0.030410636984586847
1987-08-08,7.305733333333333,-0.134339849564936,-0.014060150435064533
1987-08-09,7.261218055555556,-0.09532976003325565,0.08311170447769921
1987-08-10,7.218704166666667,-0.05826592853646957,0.08889509520313606
1987-08-11,7.184458333333333,-0.014703061227011285,0.08024472789367856
1987-08-12,7.165343055555556,-0.04287351577246585,0.13419712688357693
1987-08-13,7.1548888888888875,0.022996169718810612,0.061448274725635486
1987-08-14,7.135319444444443,0.06259709947087659,-0.10524987724865247
1987-08-15,7.1067430555555555,0.10803479460402632,-0.4701111834929155
1987-08-16,7.080691666666667,0.11858051315315392,-1.1179388464864872
1987-08-17,7.056779166666666,0.11405079552230005,-3.001163295522299
1987-08-18,7.0349861111111105,0.026241635742685704,-3.253227746853796
1987-08-19,7.017799999999999,-0.00823790971185972,-3.275562090288139
1987-08-20,7.003570833333333,-0.045008949656763206,-3.356561883676569
1987-08-21,6.989318055555556,0.04795500810264902,-3.5176063969915377
1987-08-22,6.9769958333333335,0.12849352968207972,-3.8234893630154123
1987-08-23,6.967783333333333,0.17538977623855362,-2.309173109571886
1987-08-24,6.9596374999999995,0.27971549937904944,2.5029803339542838
1987-08-25,6.949129166666667,0.3635488212339622,3.211988678766037
1987-08-26,6.935605555555556,0.4040260939612349,2.3137016838165416
1987-08-27,6.918577777777777,0.3788453891862119,2.824243499702677
1987-08-28,6.8986777777777775,0.37963133510372027,2.7836908871185035
1987-08-29,6.8801749999999995,0.33544477260372035,2.528046894062948
1987-08-30,6.862829166666666,0.3643367749185351,2.509167391748133
1987-08-31,6.844772222222222,0.514807388344461,2.4250870560999855
1987-09-01,6.827836111111111,0.5376305827889055,2.766866639433315
1987-09-02,6.814141666666666,0.4949600272333499,2.849231639433317
1987-09-03,6.8022430555555555,0.49662098788149794,2.589802623229612
1987-09-04,6.7899111111111115,0.47570971473334994,2.634379174155539
1987-09-05,6.77802638888889,0.5283973073259426,3.130909637118501
1987-09-06,6.769669444444444,0.5651246105666834,2.925205944988872
1987-09-07,6.768623611111112,0.5455026776963129,2.941540377859242
1987-09-08,6.771219444444444,0.5103209184370536,2.9037929704518364
1987-09-09,6.772405555555556,0.43731462214075734,2.975279822303687
1987-09-10,6.767269444444445,0.42783646241853507,2.98789409313702
1987-09-11,6.7491875,0.41578625408520165,3.0113595792481327
1987-09-12,6.725016666666667,0.3136183952889055,3.1596982713777617
1987-09-13,6.7126069444444445,0.33642587214075753,3.1096338500814666
1987-09-14,6.710122222222222,0.28234751565927585,3.1715302621185018
1987-09-15,6.703204166666667,0.2558598420481646,3.2049359912851685
1987-09-16,6.683943055555555,0.29264128880742396,2.832748988970356
1987-09-17,6.655697222222221,0.32368025871483147,2.8266225190629486
1987-09-18,6.627609722222221,0.3322542401963129,2.846136037581467
1987-09-19,6.5995027777777775,0.3316346568629795,2.8745292320259104
1987-09-20,6.571949999999999,0.24482230732594254,2.9888943593407253
1987-09-21,6.547012499999999,0.11616522399260916,3.142488942674059
1987-09-22,6.5251166666666665,0.022069471677794328,1.5164805283222056
1987-09-23,6.503419444444444,-0.1206328315629463,-3.4487866128814977
1987-09-24,6.483236111111111,-0.18902258850739087,-4.3052135226037205
1987-09-25,6.467248611111112,-0.2039141047110945,-4.010667839733351
1987-09-26,6.453106944444444,-0.27291434776665,-3.587192596677795
1987-09-27,6.438947222222222,-0.3051572181370204,-3.500456670751868
1987-09-28,6.423301388888889,-0.2999337806370204,-3.4900342749185347
1987-09-29,6.407423611111112,-0.33445717184072404,-3.4396331059370544
1987-09-30,6.392806944444445,-0.44370401211850197,-3.3754362656592756
1987-10-01,6.378393055555556,-0.4828114426740575,-3.707581612881498
1987-10-02,6.363887500000001,-0.46414806304442785,-3.736072770288907
1987-10-03,6.347836111111111,-0.5173540352666499,-3.7661487425111266
1987-10-04,6.3302375,-0.4947984681370205,-3.7937723651963124
1987-10-05,6.3129486111111115,-0.5233943940629464,-3.8175542170481647
1987-10-06,6.296119444444445,-0.5328582945259094,-3.333261149918535
1987-10-07,6.280329166666666,-0.4915492435999834,-3.157113256400016
1987-10-08,6.2652986111111115,-0.41680228758146504,-2.9654963235296465
1987-10-09,6.250140277777778,-0.4217763385073909,-2.851363939270387
1987-10-10,6.2350763888888885,-0.46663122276665014,-1.365445166122238
1987-10-11,6.219322222222222,-0.4026943130444278,0.6080387574888728
1987-10-12,6.202641666666667,-0.3639181787851685,0.886943178785169
1987-10-13,6.184920833333333,-0.3776845560999835,0.9257637227666511
1987-10-14,6.166540277777778,-0.3483911764703538,1.295184232025909
1987-10-15,6.151088888888889,-0.2895741162851687,1.6908185607296127
1987-10-16,6.1461902777777775,-0.31731783156294635,1.8624608871185024
1987-10-17,6.150645833333334,-0.2966407135073909,1.9063282135073907
1987-10-18,6.1588666666666665,-0.29173550517405755,1.8932021718407246
1987-10-19,6.171426388888889,-0.23469192878516856,1.8235988732296127
1987-10-20,6.186283333333334,-0.14897896582220566,1.7230289658222053
1987-10-21,6.197902777777777,-0.06844585239627972,2.07020974128517
1987-10-22,6.196416666666666,-0.01862322508146481,2.493539891748132
1987-10-23,6.164641666666666,-0.03530623434072408,2.50499790100739
1987-10-24,6.108773611111111,-0.029864046840724114,2.5997571023962776
1987-10-25,6.047495833333333,-0.06775380378516854,2.4709246371185025
1987-10-26,5.981954166666667,0.03105302233589053,1.617326144330776
1987-10-27,5.914365277777778,0.0305050310594902,1.6534630244960649
1987-10-28,5.848163888888889,0.03686623399796589,1.7266365437798112
1987-10-29,5.7825125,0.06685749891991248,1.7812966677467539
1987-10-30,5.71606388888889,0.08326047183084001,1.8313423059469367
1987-10-31,5.647959722222222,0.11941637173901258,1.863290572705432
1987-11-01,5.578298611111112,0.1470528386811614,1.903648550207727
1987-11-02,5.5096597222222226,0.18256469588960944,1.9394422485548348
1987-11-03,5.442718055555556,0.18891858707418244,1.9386966907035956
1987-11-04,5.374323611111111,0.17629473491623948,1.5030483206393175
1987-11-05,5.305615277777778,0.15251257238180407,1.0738721498404178
1987-11-06,5.237955555555555,0.07848643601816786,1.0135580084262774
1987-11-07,5.171409722222222,-0.0004612682977183022,0.8863848794088294
1987-11-08,5.107168055555555,0.040701587533319324,0.8154636902444591
1987-11-09,5.043370833333333,0.04912748285012372,-0.5551649828501234
1987-11-10,4.9795125,0.025421261546175113,-2.307600428212842
1987-11-11,4.915598611111111,0.020818678901546983,-2.5107506233459915
1987-11-12,4.852143055555556,-0.02905082293500033,-2.0424255659538884
1987-11-13,4.7892069444444445,-0.05023497123619397,-2.066971973208251
1987-11-14,4.726483333333334,-0.09321372467972029,-2.3826029419869474
1987-11-15,4.667181944444445,-0.09599717279725936,-2.4308514383138524
1987-11-16,4.611223611111111,-0.05596561861911424,-2.2659246591586633
1987-11-17,4.553286111111111,-0.036045669124164875,-2.186907108653613
1987-11-18,4.491723611111111,-0.05386257683766328,-2.1061943676067814
1987-11-19,4.427568055555556,-0.1373418008964328,-1.6648929213257895
1987-11-20,4.362327777777778,-0.1732937866631913,-0.9100339911145862
1987-11-21,4.305411111111112,-0.1762693720626403,-0.569808405715138
1987-11-22,4.280111111111111,-0.12374578390837038,-0.6113653272027404
1987-11-23,4.284202777777779,-0.15041892440423824,-0.5897838533735404
1987-11-24,4.293940277777779,-0.1636749390966165,0.6924013279855046
1987-11-25,4.301863888888889,-0.14779169759064778,0.748261142035093
1987-11-26,4.308515277777778,-0.09885666545107002,0.6836747210066252
1987-11-27,4.3152791666666666,-0.06195531099744281,0.6713428109974432
1987-11-28,4.322048611111112,-0.08742179400938063,0.8200398495649359
1987-11-29,4.330058333333334,-0.14205875452361366,0.8680004211902792
1987-11-30,4.342365277777779,-0.1620991356071766,0.875733857829398
1987-12-01,4.359670833333334,-0.16617248271461468,0.8625016493812805
1987-12-02,4.3801305555555565,-0.15237648868339332,0.8255792664611696
1987-12-03,4.401504166666667,-0.1598384377192059,0.8116676043858715
1987-12-04,4.422761111111112,-0.17182070355942644,0.8047262591149819
1987-12-05,4.440737500000001,-0.1790689703179204,0.9359981369845862
1987-12-06,4.454880555555556,-0.134339849564936,1.0484592940093793
1987-12-07,4.466094444444444,-0.09532976003325565,1.0592353155888123
1987-12-08,4.475384722222222,-0.05826592853646957,1.0132145396475813
1987-12-09,4.481133333333333,-0.014703061227011285,0.987236394560345
1987-12-10,4.478118055555556,-0.04287351577246585,0.836755460216911
1987-12-11,4.470523611111111,0.022996169718810612,0.7271468858367456
1987-12-12,4.4639291666666665,0.06259709947087659,0.3318070671957903
1987-12-13,4.457493055555555,0.10803479460402632,0.0021388165070852505
1987-12-14,4.449647222222222,0.11858051315315392,-0.01822773537537574
1987-12-15,4.438919444444444,0.11405079552230005,-0.027636906633411035
1987-12-16,4.424563888888889,0.026241635742685704,0.07086114203509206
1987-12-17,4.408884722222222,-0.00823790971185972,0.5926865208229708
1987-12-18,4.393175,-0.045008949656763206,1.008833949656763
1987-12-19,4.377427777777778,0.04795500810264902,0.9049505474529058
1987-12-20,4.359730555555555,0.12849352968207972,-0.22822408523763427
1987-12-21,4.337809722222222,0.17538977623855362,-1.0138661651274419
1987-12-22,4.311836111111111,0.27971549937904944,-1.1405516104901603
1987-12-23,4.281763888888889,0.3635488212339622,-1.237646043456185
1987-12-24,4.24965,0.4040260939612349,-2.590009427294568
1987-12-25,4.222575,0.3788453891862119,-2.6200870558528786
1987-12-26,4.201758333333333,0.37963133510372027,-2.6003896684370535
1987-12-27,4.183366666666666,0.33544477260372035,-2.5824781059370534
1987-12-28,4.166336111111111,0.3643367749185351,-2.7433395526963125
1987-12-29,4.148915277777778,0.514807388344461,-2.8777226661222395
1987-12-30,4.130543055555555,0.5376305827889055,-2.8821736383444607
1987-12-31,4.112033333333333,0.4949600272333499,-2.820993360566683
1988-01-01,4.09345,0.49662098788149794,-2.8024043212148313
1988-01-02,4.075375,0.47570971473334994,-2.6160847147333506
1988-01-03,4.059943055555555,0.5283973073259426,-2.600673696214831
1988-01-04,4.048763888888889,0.5651246105666834,-2.3942218327889053
1988-01-05,4.04057361111111,0.5455026776963129,-2.528409622140756
1988-01-06,4.035237499999999,0.5103209184370536,-2.133225085103719
1988-01-07,4.0344138888888885,0.43731462214075734,-1.9317285110296458
1988-01-08,4.041287499999999,0.42783646241853507,-1.9524572957518678
1988-01-09,4.057220833333334,0.41578625408520165,-1.9563404207518689
1988-01-10,4.0776055555555555,0.3136183952889055,-1.8725572841777942
1988-01-11,4.097536111111111,0.33642587214075753,-1.8249619832518684
1988-01-12,4.118545833333334,0.28234751565927585,-1.7918933489926094
1988-01-13,4.142068055555556,0.2558598420481646,-1.7325945642703866
1988-01-14,4.166834722222222,0.29264128880742396,-1.3838093443629798
1988-01-15,4.192311111111111,0.32368025871483147,-1.4063247031592752
1988-01-16,4.220233333333333,0.3322542401963129,-1.9551542401963125
1988-01-17,4.252186111111111,0.3316346568629795,-2.3444874346407576
1988-01-18,4.287384722222223,0.24482230732594254,-2.5575403628814986
1988-01-19,4.322112499999999,0.11616522399260916,-2.4592777239926082
1988-01-20,4.3533180555555555,0.022069471677794328,-2.1450541939000165
1988-01-21,4.384991666666666,-0.1206328315629463,-1.5690255017703867
1988-01-22,4.419368055555555,-0.18902258850739087,-1.0206788003814977
1988-01-23,4.454537500000001,-0.2039141047110945,-0.881623395288906
1988-01-24,4.4934375,-0.27291434776665,-0.8421898189000163
1988-01-25,4.539259722222222,-0.3051572181370204,-0.7897691707518684
1988-01-26,4.5895624999999995,-0.2999337806370204,-0.8439620526963123
1988-01-27,4.6431375,-0.33445717184072404,-0.8630136614926089
1988-01-28,4.698988888888889,-0.44370401211850197,-0.5716182101037198
1988-01-29,4.754109722222221,-0.4828114426740575,-0.2396316128814966
1988-01-30,4.809397222222222,-0.46414806304442785,0.1280841741555389
1988-01-31,4.866879166666667,-0.5173540352666499,0.31547486859998286
1988-02-01,4.924786111111111,-0.4947984681370205,0.14067902369257673
1988-02-02,4.982322222222222,-0.5233943940629464,0.08573883850739161
1988-02-03,5.039275,-0.5328582945259094,-0.3347500388074237
1988-02-04,5.094493055555555,-0.4915492435999834,-0.3186104786222378
1988-02-05,5.1472138888888885,-0.41680228758146504,-0.8087449346407567
1988-02-06,5.1954125,-0.4217763385073909,-0.6056361614926087
1988-02-07,5.239670833333333,-0.46663122276665014,-0.18137294390001635
1988-02-08,5.284222222222223,-0.4026943130444278,0.6308054241555385
1988-02-09,5.3306499999999994,-0.3639181787851685,0.8486015121185023
1988-02-10,5.377833333333333,-0.3776845560999835,1.0605178894333165
1988-02-11,5.423702777777779,-0.3483911764703538,1.1656883986925748
1988-02-12,5.469361111111112,-0.2895741162851687,1.361879671840724
1988-02-13,5.516518055555556,-0.31731783156294635,0.9281331093407246
1988-02-14,5.563713888888889,-0.2966407135073909,0.6119268246185028
1988-02-15,5.605722222222222,-0.29173550517405755,0.5646799496185022
1988-02-16,5.640043055555555,-0.23469192878516856,0.4663155398962804
1988-02-17,5.668483333333333,-0.14897896582220566,0.35016229915553937
1988-02-18,5.6980152777777775,-0.06844585239627972,0.21343057461850218
1988-02-19,5.734083333333333,-0.01862322508146481,0.05153989174813174
1988-02-20,5.771558333333333,-0.03530623434072408,-0.4312520989926084
1988-02-21,5.807111111111111,-0.029864046840724114,-0.9865803976037197
1988-02-22,5.842327777777777,-0.06775380378516854,-1.1432406406592748
1988-02-23,5.872727777777778,0.03105302233589053,-0.9521141334470019
1988-02-24,5.893245833333333,0.0305050310594902,-0.6427508643928229
1988-02-25,5.906759722222222,0.03686623399796589,-0.4286259562201879
1988-02-26,5.915923611111111,0.06685749891991248,-0.3427811100310241
1988-02-27,5.922598611111111,0.08326047183084001,-0.5655257496086177
1988-02-28,5.928872222222222,0.11941637173901258,-0.6366219272945685
1988-02-29,5.932425,0.1470528386811614,-0.6738111720144948
1988-03-01,5.932502777777778,0.18256469588960944,-0.7200674736673875
1988-03-02,5.931566666666667,0.18891858707418244,-0.6514852537408499
1988-03-03,5.933336111111111,0.17629473491623948,-0.6582975126940173
1988-03-04,5.938008333333333,0.15251257238180407,-0.639187572381804
1988-03-05,5.943566666666666,0.07848643601816786,-0.5770531026848349
1988-03-06,5.948720833333334,-0.0004612682977183022,-0.2865928983689492
1988-03-07,5.951366666666667,0.040701587533319324,0.1692650791333471
1988-03-08,5.952730555555555,0.04912748285012372,-0.012858038405679034
1988-03-09,5.954133333333333,0.025421261546175113,-0.9098879282128416
1988-03-10,5.954537500000001,0.020818678901546983,-1.0296895122348817
1988-03-11,5.954854166666667,-0.02905082293500033,-0.8818033437316672
1988-03-12,5.958336111111111,-0.05023497123619397,-0.457101139874917
1988-03-13,5.962544444444444,-0.09321372467972029,-0.7523307197647239
1988-03-14,5.963091666666666,-0.09599717279725936,-0.6490944938694069
1988-03-15,5.961027777777778,-0.05596561861911424,-0.5790621591586649
1988-03-16,5.961470833333333,-0.036045669124164875,0.06957483579083171
1988-03-17,5.9662291666666665,-0.05386257683766328,0.42330007683766335
1988-03-18,5.974130555555556,-0.1373418008964328,1.232211245340877
1988-03-19,5.984518055555555,-0.1732937866631913,1.358775731107637
1988-03-20,5.9965874999999995,-0.1762693720626403,1.3373485387293074
1988-03-21,6.007422222222222,-0.12374578390837038,1.6646568950194813
1988-03-22,6.014206944444444,-0.15041892440423824,1.9272119799597935
1988-03-23,6.018184722222221,-0.1636749390966165,3.1618235502077288
1988-03-24,6.021455555555555,-0.14779169759064778,4.171002808701761
1988-03-25,6.024401388888888,-0.09885666545107002,4.822788609895515
1988-03-26,6.027056944444444,-0.06195531099744281,5.177231699886332
1988-03-27,6.02971111111111,-0.08742179400938063,5.752710682898269
1988-03-28,6.032477777777778,-0.14205875452361366,5.929580976745836
1988-03-29,6.034488888888889,-0.1620991356071766,5.648610246718286
1988-03-30,6.034506944444445,-0.16617248271461468,5.991665538270167
1988-03-31,6.032165277777778,-0.15237648868339332,6.165211210905616
1988-04-01,6.0295875,-0.1598384377192059,6.089584271052541
1988-04-02,6.024963888888889,-0.17182070355942644,6.105190148003871
1988-04-03,6.018104166666666,-0.1790689703179204,6.1246314703179205
1988-04-04,6.011225,-0.134339849564936,5.978448182898269
1988-04-05,6.011140277777778,-0.09532976003325565,5.680856148922143
1988-04-06,6.0218138888888895,-0.05826592853646957,4.867785372980913
1988-04-07,6.0351888888888885,-0.014703061227011285,4.654180839004789
1988-04-08,6.044026388888889,-0.04287351577246585,4.742180460216911
1988-04-09,6.047466666666667,0.022996169718810612,4.821537163614522
1988-04-10,6.046738888888889,0.06259709947087659,4.401664011640234
1988-04-11,6.040699999999999,0.10803479460402632,3.7749318720626404
1988-04-12,6.031741666666667,0.11858051315315392,4.001677820180178
1988-04-13,6.024606944444445,0.11405079552230005,4.102342260033256
1988-04-14,6.02091111111111,0.026241635742685704,4.085847253146205
1988-04-15,6.0183277777777775,-0.00823790971185972,3.453910131934083
1988-04-16,6.015577777777778,-0.045008949656763206,3.1527645052123185
1988-04-17,6.014134722222222,0.04795500810264902,2.3275769363417957
1988-04-18,6.0132361111111114,0.12849352968207972,2.146603692540141
1988-04-19,6.0100444444444445,0.17538977623855362,1.9418991126503344
1988-04-20,6.007015277777778,0.27971549937904944,1.5302692228431722
1988-04-21,6.007747222222223,0.3635488212339622,1.2030372898771475
1988-04-22,6.011352777777778,0.4040260939612349,-0.06637887173901247
1988-04-23,6.0142902777777785,0.3788453891862119,-1.4011356669639903
1988-04-24,6.014520833333334,0.37963133510372027,-2.4994855017703874
1988-04-25,6.012404166666666,0.33544477260372035,-3.0818489392703867
1988-04-26,6.008572222222222,0.3643367749185351,-3.7159089971407564
1988-04-27,6.003845833333333,0.514807388344461,-4.000319888344461
1988-04-28,5.9982597222222225,0.5376305827889055,-3.9765569716777946
1988-04-29,5.991070833333334,0.4949600272333499,-4.62069752723335
1988-04-30,5.982902777777778,0.49662098788149794,-4.752523765659276
1988-05-01,5.973590277777777,0.47570971473334994,-4.6782999925111275
1988-05-02,5.967369444444444,0.5283973073259426,-3.919433418437053
1988-05-03,5.966368055555556,0.5651246105666834,-3.779159332788906
1988-05-04,5.974056944444445,0.5455026776963129,-3.660559622140758
1988-05-05,5.9847986111111116,0.5103209184370536,-3.6471195295481653
1988-05-06,5.987927777777778,0.43731462214075734,-3.6859090665852023
1988-05-07,5.988594444444445,0.42783646241853507,-3.7717642401963136
1988-05-08,5.993388888888889,0.41578625408520165,-3.6838418096407577
1988-05-09,6.002331944444444,0.3136183952889055,-3.9089503397333503
1988-05-10,6.011463888888889,0.33642587214075753,-3.55122309436298
1988-05-11,6.018265277777778,0.28234751565927585,-3.0436127934370543
1988-05-12,6.023822222222222,0.2558598420481646,-3.252348730937053
1988-05-13,6.029300000000001,0.29264128880742396,-3.476941288807425
1988-05-14,6.0346777777777785,0.32368025871483147,-3.51335803649261
1988-05-15,6.037522222222222,0.3322542401963129,-3.4014431290852016
1988-05-16,6.035981944444445,0.3316346568629795,-3.3572832679740907
1988-05-17,6.028425,0.24482230732594254,-3.173247307325943
1988-05-18,6.015794444444445,0.11616522399260916,-2.7852930017703876
1988-05-19,6.002943055555556,0.022069471677794328,-2.265679193900017
1988-05-20,5.98848888888889,-0.1206328315629463,-2.101189390659277
1988-05-21,5.971325,-0.18902258850739087,-2.0156357448259428
1988-05-22,5.947977777777778,-0.2039141047110945,-1.9773970064000168
1988-05-23,5.9152375,-0.27291434776665,-1.8766564855666832
1988-05-24,5.876034722222222,-0.3051572181370204,-1.8068775040852016
1988-05-25,5.838729166666667,-0.2999337806370204,-1.775462052696313
1988-05-26,5.803122222222223,-0.33445717184072404,-1.7036650503814987
1988-05-27,5.764663888888888,-0.44370401211850197,-1.292626543437053
1988-05-28,5.727381944444444,-0.4828114426740575,-1.0749038351037192
1988-05-29,5.6902180555555555,-0.46414806304442785,-0.8864033258444606
1988-05-30,5.651263888888889,-0.5173540352666499,-0.8972431869555717
1988-05-31,5.612209722222222,-0.4947984681370205,-0.7370779207518674
1988-06-01,5.568983333333333,-0.5233943940629464,-1.420255605937053
1988-06-02,5.520366666666666,-0.5328582945259094,-1.5428417054740895
1988-06-03,5.463933333333333,-0.4915492435999834,-1.6120507564000164
1988-06-04,5.401068055555555,-0.41680228758146504,-0.15893243464075718
1988-06-05,5.339441666666666,-0.4217763385073909,0.9083346718407248
1988-06-06,5.2782,-0.46663122276665014,1.3320978894333164
1988-06-07,5.216054166666666,-0.4026943130444278,1.267973479711095
1988-06-08,5.152824999999999,-0.3639181787851685,1.2830931787851694
1988-06-09,5.0905249999999995,-0.3776845560999835,0.9164928894333173
1988-06-10,5.0323111111111105,-0.3483911764703538,0.5390800653592431
1988-06-11,4.9754402777777775,-0.2895741162851687,0.7238005051740585
1988-06-12,4.917293055555556,-0.31731783156294635,0.9470247760073904
1988-06-13,4.859284722222222,-0.2966407135073909,1.0096893246185017
1988-06-14,4.804291666666666,-0.29173550517405755,1.0527771718407248
1988-06-15,4.753213888888888,-0.23469192878516856,1.0064780398962805
1988-06-16,4.706779166666666,-0.14897896582220566,1.3121997991555403
1988-06-17,4.664672222222222,-0.06844585239627972,1.030773630174057
1988-06-18,4.624131944444445,-0.01862322508146481,0.6114912806370207
1988-06-19,4.585555555555555,-0.03530623434072408,0.5777506787851695
1988-06-20,4.549793055555556,-0.029864046840724114,0.6234043246185017
1988-06-21,4.523586111111111,-0.06775380378516854,0.6881676926740583
1988-06-22,4.511694444444444,0.03105302233589053,0.6012525332196662
1988-06-23,4.510401388888889,0.0305050310594902,0.6030935800516218
1988-06-24,4.510330555555555,0.03686623399796589,0.5968032104464801
1988-06-25,4.510154166666666,0.06685749891991248,0.5143216677467553
1988-06-26,4.513704166666667,0.08326047183084001,0.2577020281691607
1988-06-27,4.517533333333334,0.11941637173901258,0.019716961594320084
1988-06-28,4.5238,0.1470528386811614,-0.23551950534782765
1988-06-29,4.533125,0.18256469588960944,-0.31068969588960926
1988-06-30,4.5447125,0.18891858707418244,-0.5096310870741824
1988-07-01,4.555043055555555,0.17629473491623948,0.47199554286153844
1988-07-02,4.5613013888888885,0.15251257238180407,0.7451860387293071
1988-07-03,4.5706125,0.07848643601816786,2.6335677306484992
1988-07-04,4.5830527777777785,-0.0004612682977183022,1.81940849051994
1988-07-05,4.594524999999999,0.040701587533319324,1.5367734124666812
1988-07-06,4.6062625,0.04912748285012372,1.4829433504832101
1988-07-07,4.618256944444445,0.025421261546175113,1.4273217940093796
1988-07-08,4.631241666666667,0.020818678901546983,1.4386063210984525
1988-07-09,4.643877777777778,-0.02905082293500033,1.4758397118238888
1988-07-10,4.652920833333334,-0.05023497123619397,1.4339808045695264
1988-07-11,4.661002777777778,-0.09321372467972029,1.2972109469019415
1988-07-12,4.670333333333334,-0.09599717279725936,1.210330506130592
1988-07-13,4.678886111111112,-0.05596561861911424,1.4270795075080023
1988-07-14,4.685855555555555,-0.036045669124164875,1.3038567802352763
1988-07-15,4.693063888888889,-0.05386257683766328,1.3681320212821084
1988-07-16,4.701255555555555,-0.1373418008964328,1.0197529120075446
1988-07-17,4.708227777777778,-0.1732937866631913,1.089066008885413
1988-07-18,4.7121208333333335,-0.1762693720626403,1.0834818720626394
1988-07-19,4.714354166666666,-0.12374578390837038,1.0270582839083706
1988-07-20,4.7160472222222225,-0.15041892440423824,1.0367050355153489
1988-07-21,4.714301388888889,-0.1636749390966165,1.0510402168743933
1988-07-22,4.709004166666666,-0.14779169759064778,1.040454197590647
1988-07-23,4.702591666666667,-0.09885666545107002,1.17893166545107
1988-07-24,4.696540277777778,-0.06195531099744281,2.520081699886331
1988-07-25,4.691086111111111,-0.08742179400938063,2.533335682898269
1988-07-26,4.6838625,-0.14205875452361366,2.6061962545236135
1988-07-27,4.674398611111112,-0.1620991356071766,2.7330338578293984
1988-07-28,4.663494444444445,-0.16617248271461468,2.7190113716035027
1988-07-29,4.651805555555556,-0.15237648868339332,2.8402375997945044
1988-07-30,4.637163888888889,-0.1598384377192059,2.814341215496984
1988-07-31,4.625223611111112,-0.17182070355942644,1.7982637591149813
1988-08-01,4.622548611111112,-0.1790689703179204,1.5588536925401428
1988-08-02,4.619327777777778,-0.134339849564936,-0.21232126154617553
1988-08-03,4.604790277777779,-0.09532976003325565,-0.4177938510778565
1988-08-04,4.580001388888889,-0.05826592853646957,-0.9757354603524199
1988-08-05,4.550808333333333,-0.014703061227011285,-1.274105272106322
1988-08-06,4.521340277777778,-0.04287351577246585,-1.2374667620053121
1988-08-07,4.493665277777778,0.022996169718810612,-1.297328114163255
1988-08-08,4.4700041666666674,0.06259709947087659,-1.3009345994708772
1988-08-09,4.451366666666667,0.10803479460402632,-1.3277347946040263
1988-08-10,4.435684722222223,0.11858051315315392,-1.3592652353753762
1988-08-11,4.422297222222222,0.11405079552230005,-1.2936813510778558
1988-08-12,4.418713888888889,0.026241635742685704,-1.235622191298242
1988-08-13,4.434758333333333,-0.00823790971185972,-1.2371870902881403
1988-08-14,4.467297222222222,-0.045008949656763206,-1.2829549392321256
1988-08-15,4.505988888888889,0.04795500810264902,-1.3246105636582042
1988-08-16,4.546116666666666,0.12849352968207972,-1.3316101963487466
1988-08-17,4.5886402777777775,0.17538977623855362,-1.4210300540163316
1988-08-18,4.633152777777777,0.27971549937904944,-1.569868277156827
1988-08-19,4.678530555555556,0.3635488212339622,-1.5767460434561846
1988-08-20,4.728568055555556,0.4040260939612349,-0.9642608161834577
1988-08-21,4.786286111111112,0.3788453891862119,-0.8464648336306567
1988-08-22,4.847519444444444,0.37963133510372027,-0.9694841128814972
1988-08-23,4.9079,0.33544477260372035,-2.35734477260372
1988-08-24,4.967444444444444,0.3643367749185351,-2.3371145526963124
1988-08-25,5.027997222222222,0.514807388344461,-2.510137943900016
1988-08-26,5.090366666666666,0.5376305827889055,-2.663997249455572
1988-08-27,5.154483333333332,0.4949600272333499,-2.684776693900016
1988-08-28,5.2196486111111104,0.49662098788149794,-2.8506029323259416
1988-08-29,5.285694444444444,0.47570971473334994,-2.348070825844461
1988-08-30,5.346404166666666,0.5283973073259426,-2.4614681406592753
1988-08-31,5.3970263888888885,0.5651246105666834,-2.544817666122239
1988-09-01,5.435904166666666,0.5455026776963129,-1.5527401776963123
1988-09-02,5.470694444444444,0.5103209184370536,-1.7170153628814973
1988-09-03,5.510141666666666,0.43731462214075734,-1.870789622140757
1988-09-04,5.55047361111111,0.42783646241853507,-1.853976740196312
1988-09-05,5.590268055555555,0.41578625408520165,-1.881720976307423
1988-09-06,5.628766666666666,0.3136183952889055,-1.8180517286222377
1988-09-07,5.6650527777777775,0.33642587214075753,-1.889478649918535
1988-09-08,5.700077777777778,0.28234751565927585,-1.8704252934370533
1988-09-09,5.734002777777777,0.2558598420481646,-1.8778626198259412
1988-09-10,5.765334722222222,0.29264128880742396,-2.0583093443629785
1988-09-11,5.785425,0.32368025871483147,-2.366105258714831
1988-09-12,5.785116666666666,0.3322542401963129,-2.374370906862979
1988-09-13,5.767751388888889,0.3316346568629795,-2.1337193790852016
1988-09-14,5.743340277777778,0.24482230732594254,-1.877495918437054
1988-09-15,5.718205555555555,0.11616522399260916,-1.8250374462148307
1988-09-16,5.692926388888889,0.022069471677794328,-1.6839958605666827
1988-09-17,5.667676388888889,-0.1206328315629463,-1.5160435573259423
1988-09-18,5.641940277777778,-0.18902258850739087,-1.5442510226037198
1988-09-19,5.612709722222222,-0.2039141047110945,-2.203128950844461
1988-09-20,5.577420833333333,-0.27291434776665,-2.2491731522333502
1988-09-21,5.5399611111111104,-0.3051572181370204,-2.2994705596407568
1988-09-22,5.498505555555555,-0.2999337806370204,-2.058905108251868
1988-09-23,5.452481944444445,-0.33445717184072404,-2.0383581059370544
1988-09-24,5.406761111111111,-0.44370401211850197,-1.9830570989926093
1988-09-25,5.360622222222222,-0.4828114426740575,-1.9311441128814983
1988-09-26,5.314198611111111,-0.46414806304442785,-1.904383881400017
1988-09-27,5.267381944444445,-0.5173540352666499,-1.9246945758444618
1988-09-28,5.220251388888888,-0.4947984681370205,-2.447786254085201
1988-09-29,5.177227777777778,-0.5233943940629464,-1.7915000503814986
1988-09-30,5.140458333333333,-0.5328582945259094,-1.041933372140757
1988-10-01,5.113547222222222,-0.4915492435999834,-2.1556646452889052
1988-10-02,5.097269444444445,-0.41680228758146504,-2.4501338235296464
1988-10-03,5.086820833333333,-0.4217763385073909,-2.1933778281592757
1988-10-04,5.080329166666667,-0.46663122276665014,-2.1220312772333507
1988-10-05,5.081365277777778,-0.4026943130444278,-2.01767096473335
1988-10-06,5.0935958333333335,-0.3639181787851685,-1.8793443212148322
1988-10-07,5.1121541666666666,-0.3776845560999835,-1.56213627723335
1988-10-08,5.133197222222222,-0.3483911764703538,-1.5778060457518683
1988-10-09,5.155802777777778,-0.2895741162851687,-1.2042286614926097
1988-10-10,5.179875000000001,-0.31731783156294635,-0.7808905017703884
1988-10-11,5.207691666666666,-0.2966407135073909,1.2666157135073908
1988-10-12,5.238433333333333,-0.29173550517405755,3.8639688385073905
1988-10-13,5.271329166666667,-0.23469192878516856,5.052362762118502
1988-10-14,5.3050500000000005,-0.14897896582220566,5.435928965822206
1988-10-15,5.337876388888889,-0.06844585239627972,5.266236130174055
1988-10-16,5.371313888888889,-0.01862322508146481,5.161309336192574
1988-10-17,5.405086111111111,-0.03530623434072408,5.144220123229612
1988-10-18,5.438384722222222,-0.029864046840724114,5.239479324618502
1988-10-19,5.467236111111111,-0.06775380378516854,6.248851026007391
1988-10-20,5.495487499999999,0.03105302233589053,6.965459477664109
1988-10-21,5.526466666666667,0.0305050310594902,6.935028302273842
1988-10-22,5.561726388888889,0.03686623399796589,6.688740710446478
1988-10-23,5.601219444444444,0.06685749891991248,6.570589723302309
1988-10-24,5.639829166666666,0.08326047183084001,6.516910361502494
1988-10-25,5.678536111111111,0.11941637173901258,6.442047517149877
1988-10-26,5.717527777777777,0.1470528386811614,6.375419383541062
1988-10-27,5.756929166666667,0.18256469588960944,6.300506137443724
1988-10-28,5.794461111111111,0.18891858707418244,6.256620301814707
1988-10-29,5.829711111111111,0.17629473491623948,5.751660820639317
1988-10-30,5.8635875,0.15251257238180407,5.037899927618196
1988-10-31,5.891572222222222,0.07848643601816786,5.048274675092944
1988-11-01,5.9133555555555555,-0.0004612682977183022,5.103105712742162
1988-11-02,5.932606944444444,0.040701587533319324,5.052024801355569
1988-11-03,5.950715277777777,0.04912748285012372,4.964823906038765
1988-11-04,5.962338888888889,0.025421261546175113,4.8075731828982695
1988-11-05,5.962945833333333,0.020818678901546983,4.62223548776512
1988-11-06,5.9574,-0.02905082293500033,4.355650822935001
1988-11-07,5.949797222222221,-0.05023497123619397,4.349771082347307
1988-11-08,5.941173611111111,-0.09321372467972029,3.9463734469019434
1988-11-09,5.931583333333332,-0.09599717279725936,3.539413839463927
1988-11-10,5.919745833333333,-0.05596561861911424,1.4175531186191148
1988-11-11,5.9062624999999995,-0.036045669124164875,-1.2218834975425021
1988-11-12,5.889976388888888,-0.05386257683766328,-2.6911138120512246
1988-11-13,5.870422222222221,-0.1373418008964328,-3.1457470879924543
1988-11-14,5.850069444444443,-0.1732937866631913,-3.088775657781252
1988-11-15,5.829031944444443,-0.1762693720626403,-3.0644292390484695
1988-11-16,5.807566666666666,-0.12374578390837038,-3.0951542160916294
1988-11-17,5.786573611111111,-0.15041892440423824,-3.181488020040206
1988-11-18,5.768862499999999,-0.1636749390966165,-3.871187560903383
1988-11-19,5.750129166666666,-0.14779169759064778,-4.6023374690760175
1988-11-20,5.72732361111111,-0.09885666545107002,-4.23446694566004
1988-11-21,5.703380555555555,-0.06195531099744281,-4.047425244558111
1988-11-22,5.678791666666666,-0.08742179400938063,-3.9393698726572857
1988-11-23,5.654883333333332,-0.14205875452361366,-3.8528245788097184
1988-11-24,5.631543055555555,-0.1620991356071766,-3.809443919948378
1988-11-25,5.608344444444444,-0.16617248271461468,-3.782171961729829
1988-11-26,5.585651388888888,-0.15237648868339332,-3.7732749002054944
1988-11-27,5.565741666666666,-0.1598384377192059,-3.74590322894746
1988-11-28,5.545679166666666,-0.17182070355942644,-3.816191796440573
1988-11-29,5.520251388888888,-0.1790689703179204,-3.469515751904301
1988-11-30,5.49647361111111,-0.134339849564936,-3.4174670948795076
1988-12-01,5.478259722222222,-0.09532976003325565,-2.8699299621889667
1988-12-02,5.4600180555555555,-0.05826592853646957,-2.784752127019086
1988-12-03,5.440681944444444,-0.014703061227011285,-2.7929788832174327
1988-12-04,5.420556944444444,-0.04287351577246585,-1.2590167620053112
1988-12-05,5.3989375,0.022996169718810612,-0.1449336697188102
1988-12-06,5.375102777777777,0.06259709947087659,0.19030012275134617
1988-12-07,5.349354166666667,0.10803479460402632,0.428277705395973
1988-12-08,5.3211763888888886,0.11858051315315392,0.5265764312912915
1988-12-09,5.289275,0.11405079552230005,0.8453408711443668
1988-12-10,5.246858333333333,0.026241635742685704,1.6062333642573146
1988-12-11,5.1847375,-0.00823790971185972,1.7208337430451939
1988-12-12,5.106319444444445,-0.045008949656763206,2.2650228385456517
1988-12-13,5.020413888888889,0.04795500810264902,2.066964436341795
1988-12-14,4.933547222222222,0.12849352968207972,2.2532925814290317
1988-12-15,4.848555555555555,0.17538977623855362,2.371721334872558
1988-12-16,4.7666361111111115,0.27971549937904944,2.349315056176506
1988-12-17,4.6865875,0.3635488212339622,2.3541970120993705
1988-12-18,4.60291111111111,0.4040260939612349,2.146729461594322
1988-12-19,4.512619444444445,0.3788453891862119,3.2222018330360105
1988-12-20,4.420230555555555,0.37963133510372027,3.0978047760073912
1988-12-21,4.330133333333333,0.33544477260372035,3.0427552273962792
1988-12-22,4.241116666666667,0.3643367749185351,3.045213225081464
1988-12-23,4.152777777777778,0.514807388344461,2.975414833877762
1988-12-24,4.0652027777777775,0.5376305827889055,3.0404999727666504
1988-12-25,3.978913888888889,0.4949600272333499,3.1694594172110944
1988-12-26,3.8996375,0.49662098788149794,3.2470748454518357
1988-12-27,3.8287555555555555,0.47570971473334994,3.338868063044428
1988-12-28,3.7625944444444444,0.5283973073259426,3.3523415815629467
1988-12-29,3.7032041666666666,0.5651246105666834,3.0493378894333167
1988-12-30,3.6492416666666667,0.5455026776963129,3.049922322303687
1988-12-31,3.5964930555555554,0.5103209184370536,2.569186026007391
1989-01-01,3.5446041666666663,0.43731462214075734,2.3030812111925756
1989-01-02,3.4971486111111107,0.42783646241853507,2.3370149264703537
1989-01-03,3.454344444444444,0.41578625408520165,0.9062026348036868
1989-01-04,3.413194444444444,0.3136183952889055,-0.10881283973334938
1989-01-05,3.3741749999999993,0.33642587214075753,-0.4232675388074227
1989-01-06,3.3370749999999996,0.28234751565927585,-0.5074225156592749
1989-01-07,3.3029027777777773,0.2558598420481646,-0.5164292864926083
1989-01-08,3.2728277777777772,0.29264128880742396,-0.7978023999185346
1989-01-09,3.2532236111111104,0.32368025871483147,-1.4429038698259415
1989-01-10,3.253313888888888,0.3322542401963129,-1.469568129085201
1989-01-11,3.2706388888888887,0.3316346568629795,-1.918273545751868
1989-01-12,3.2974263888888884,0.24482230732594254,-1.8429153628814976
1989-01-13,3.326544444444444,0.11616522399260916,-1.906709668437053
1989-01-14,3.3556722222222217,0.022069471677794328,-1.9224083605666826
1989-01-15,3.3835374999999996,-0.1206328315629463,-1.807904668437053
1989-01-16,3.4126124999999994,-0.18902258850739087,-1.7772565781592748
1989-01-17,3.4475388888888885,-0.2039141047110945,-1.8262914508444603
1989-01-18,3.4880333333333327,-0.27291434776665,-2.867452318900016
1989-01-19,3.5293374999999996,-0.3051572181370204,-3.0545136151963126
1989-01-20,3.568093055555555,-0.2999337806370204,-3.1091592749185346
1989-01-21,3.606369444444444,-0.33445717184072404,-3.11291227260372
1989-01-22,3.6447305555555554,-0.44370401211850197,-3.0383598767703868
1989-01-23,3.683370833333333,-0.4828114426740575,-3.038226057325942
1989-01-24,3.721023611111111,-0.46414806304442785,-3.09454221473335
1989-01-25,3.7516638888888885,-0.5173540352666499,-3.0719765202889056
1989-01-26,3.7739097222222218,-0.4947984681370205,-3.116777920751868
1989-01-27,3.793869444444444,-0.5233943940629464,-3.107808383714831
1989-01-28,3.811116666666666,-0.5328582945259094,-3.11559170547409
1989-01-29,3.8244041666666666,-0.4915492435999834,-3.170188256400017
1989-01-30,3.834006944444444,-0.41680228758146504,-3.2545379901963125
1989-01-31,3.84065,-0.4217763385073909,-3.257540328159276
1989-02-01,3.843797222222222,-0.46663122276665014,-3.2158326661222385
1989-02-02,3.838509722222222,-0.4026943130444278,-3.2744820758444613
1989-02-03,3.834959722222222,-0.3639181787851685,-3.3097082101037203
1989-02-04,3.8426902777777774,-0.3776845560999835,-3.3240057216777936
1989-02-05,3.853670833333333,-0.3483911764703538,-3.4466129901963125
1989-02-06,3.8633124999999997,-0.2895741162851687,-3.5260717170481644
1989-02-07,3.872263888888889,-0.31731783156294635,-3.515279390659276
1989-02-08,3.878327777777778,-0.2966407135073909,-3.54202039760372
1989-02-09,3.8823222222222222,-0.29173550517405755,-3.5509200503814977
1989-02-10,3.8852930555555556,-0.23469192878516856,-3.6109344601037203
1989-02-11,3.892863888888889,-0.14897896582220566,-3.719884923066683
1989-02-12,3.9088583333333333,-0.06844585239627972,-3.584745814270387
1989-02-13,3.926576388888889,-0.01862322508146481,-3.511953163807424
1989-02-14,3.943548611111111,-0.03530623434072408,-2.9369090434370535
1989-02-15,3.9594305555555556,-0.029864046840724114,-2.9505665087148314
1989-02-16,3.976123611111111,-0.06775380378516854,-2.6733698073259426
1989-02-17,3.9907166666666667,0.03105302233589053,-2.786436355669224
1989-02-18,4.001991666666667,0.0305050310594902,-2.4571633643928243
1989-02-19,4.01470138888889,0.03686623399796589,-2.4709009562201887
1989-02-20,4.03045,0.06685749891991248,-2.5159741655865795
1989-02-21,4.047730555555555,0.08326047183084001,-2.4349910273863946
1989-02-22,4.064176388888889,0.11941637173901258,-2.4175927606279015
1989-02-23,4.080373611111112,0.1470528386811614,-2.2227597831256065
1989-02-24,4.0980875,0.18256469588960944,-0.8316521958896097
1989-02-25,4.121318055555555,0.18891858707418244,-0.29090330929640473
1989-02-26,4.150233333333333,0.17629473491623948,-0.22686140158290613
1989-02-27,4.182643055555555,0.15251257238180407,0.12317770539597359
1989-02-28,4.217251388888888,0.07848643601816786,0.36726217509294323
1989-03-01,4.254573611111111,-0.0004612682977183022,0.45755432385327444
1989-03-02,4.295206944444445,0.040701587533319324,0.5404248013555691
1989-03-03,4.336341666666666,0.04912748285012372,1.3388641838165434
1989-03-04,4.382247222222222,0.025421261546175113,1.3549981828982687
1989-03-05,4.426255555555555,0.020818678901546983,1.3155924322095645
1989-03-06,4.458898611111111,-0.02905082293500033,1.332818878490556
1989-03-07,4.488118055555555,-0.05023497123619397,1.4287835823473054
1989-03-08,4.5180875,-0.09321372467972029,1.5507928913463864
1989-03-09,4.548215277777778,-0.09599717279725936,1.523448561686148
1989-03-10,4.581211111111111,-0.05596561861911424,1.4504211741746693
1989-03-11,4.616934722222222,-0.036045669124164875,1.394777613568609
1989-03-12,4.655748611111111,-0.05386257683766328,1.3737806323932185
1989-03-13,4.692095833333333,-0.1373418008964328,1.630912634229766
1989-03-14,4.721075,-0.1732937866631913,1.4302187866631912
1989-03-15,4.748579166666667,-0.1762693720626403,1.6166902053959729
1989-03-16,4.776477777777778,-0.12374578390837038,1.0229346727972588
1989-03-17,4.802386111111112,-0.15041892440423824,1.6936994799597938
1989-03-18,4.825261111111111,-0.1636749390966165,1.5637471613188392
1989-03-19,4.851333333333333,-0.14779169759064778,1.523791697590648
1989-03-20,4.882320833333333,-0.09885666545107002,1.2962024987844034
1989-03-21,4.913347222222222,-0.06195531099744281,1.3582747554418872
1989-03-22,4.941888888888888,-0.08742179400938063,1.3681995717871585
1989-03-23,4.968352777777778,-0.14205875452361366,1.4697059767458363
1989-03-24,4.994627777777778,-0.1620991356071766,1.4651380244960661
1989-03-25,5.020855555555555,-0.16617248271461468,1.2043169271590595
1989-03-26,5.045609722222221,-0.15237648868339332,-0.2785665668721616
1989-03-27,5.065098611111111,-0.1598384377192059,-0.8609268400585717
1989-03-28,5.079109722222222,-0.17182070355942644,-0.9436223519961292
1989-03-29,5.091681944444444,-0.1790689703179204,-1.3076129741265234
1989-03-30,5.1050402777777775,-0.134339849564936,-1.5703670948795079
1989-03-31,5.119309722222222,-0.09532976003325565,-1.6619799621889662
1989-04-01,5.133968055555555,-0.05826592853646957,-1.7133687936857522
1989-04-02,5.149766666666666,-0.014703061227011285,-2.4920636054396548
1989-04-03,5.167204166666667,-0.04287351577246585,-2.2846639842275347
1989-04-04,5.187268055555555,0.022996169718810612,0.49373577472563385
1989-04-05,5.2102625,0.06259709947087659,1.7834737338624564
1989-04-06,5.233880555555555,0.10803479460402632,1.7507513165070854
1989-04-07,5.257544444444445,0.11858051315315392,1.6972083757357352
1989-04-08,5.281675,0.11405079552230005,1.894274204477701
1989-04-09,5.305994444444444,0.026241635742685704,1.961097253146204
1989-04-10,5.329676388888889,-0.00823790971185972,2.120561520822972
1989-04-11,5.351361111111111,-0.045008949656763206,2.18831450521232
1989-04-12,5.370911111111111,0.04795500810264902,3.3651338807862388
1989-04-13,5.388166666666667,0.12849352968207972,3.9886731369845863
1989-04-14,5.401966666666667,0.17538977623855362,3.88064355709478
1989-04-15,5.4114249999999995,0.27971549937904944,3.715526167287617
1989-04-16,5.418454166666667,0.3635488212339622,3.4229970120993727
1989-04-17,5.424383333333333,0.4040260939612349,3.530923906038764
1989-04-18,5.429194444444445,0.3788453891862119,3.6022934997026774
1989-04-19,5.432343055555556,0.37963133510372027,3.4950256093407224
1989-04-20,5.433754166666667,0.33544477260372035,3.580134394062947
1989-04-21,5.4350375,0.3643367749185351,3.989959058414798
1989-04-22,5.435969444444445,0.514807388344461,3.7008898338777616
1989-04-23,5.437334722222223,0.5376305827889055,3.606701361655538
1989-04-24,5.438700000000001,0.4949600272333499,3.6586733060999834
1989-04-25,5.433222222222223,0.49662098788149794,4.015823456562946
1989-04-26,5.4191472222222234,0.47570971473334994,5.021476396377761
1989-04-27,5.402223611111111,0.5283973073259426,5.379379081562947
1989-04-28,5.383444444444445,0.5651246105666834,5.480764278322206
1989-04-29,5.361736111111112,0.5455026776963129,5.531761211192575
1989-04-30,5.338679166666667,0.5103209184370536,5.589999914896279
1989-05-01,5.314941666666667,0.43731462214075734,5.521743711192577
1989-05-02,5.286984722222223,0.42783646241853507,5.430512148692576
1989-05-03,5.255331944444445,0.41578625408520165,5.239215134803687
1989-05-04,5.222220833333334,0.3136183952889055,2.51016077137776
1989-05-05,5.187070833333334,0.33642587214075753,1.1701699611925753
1989-05-06,5.150608333333334,0.28234751565927585,1.2853774843407226
1989-05-07,5.113245833333334,0.2558598420481646,1.2595609912851673
1989-05-08,5.0785736111111115,0.29264128880742396,1.0407851000814645
1989-05-09,5.047948611111112,0.32368025871483147,1.0370377968407227
1989-05-10,5.018761111111112,0.3322542401963129,1.0639846486925753
1989-05-11,4.9903208333333335,0.3316346568629795,1.37837784313702
1989-05-12,4.962083333333334,0.24482230732594254,0.19942769267405683
1989-05-13,4.934734722222222,0.11616522399260916,-0.26689994621483154
1989-05-14,4.90757638888889,0.022069471677794328,-0.12131252723335045
1989-05-15,4.881881944444444,-0.1206328315629463,0.03641755378516914
1989-05-16,4.855659722222223,-0.18902258850739087,-0.3449704670481646
1989-05-17,4.827148611111111,-0.2039141047110945,-0.5912345064000167
1989-05-18,4.799305555555556,-0.27291434776665,-0.5360578744555726
1989-05-19,4.772218055555556,-0.3051572181370204,-0.5030608374185359
1989-05-20,4.7451791666666665,-0.2999337806370204,-0.6342453860296462
1989-05-21,4.717544444444444,-0.33445717184072404,-1.0260872726037198
1989-05-22,4.6893569444444445,-0.44370401211850197,-0.9296529323259427
1989-05-23,4.661155555555556,-0.4828114426740575,-0.8633441128814987
1989-05-24,4.635113888888889,-0.46414806304442785,-0.8666324925111277
1989-05-25,4.6176111111111116,-0.5173540352666499,-1.138923742511128
1989-05-26,4.610356944444445,-0.4947984681370205,-2.0748918096407576
1989-05-27,4.606806944444445,-0.5233943940629464,-2.436412550381499
1989-05-28,4.606265277777778,-0.5328582945259094,-2.377740316585202
1989-05-29,4.6091805555555565,-0.4915492435999834,-2.2819646452889066
1989-05-30,4.6124125000000005,-0.41680228758146504,-2.281276879085202
1989-05-31,4.615168055555555,-0.4217763385073909,-2.265725050381498
1989-06-01,4.622229166666667,-0.46663122276665014,-1.9689312772333505
1989-06-02,4.633941666666667,-0.4026943130444278,-1.9102473536222393
1989-06-03,4.633240277777778,-0.3639181787851685,-1.4523220989926102
1989-06-04,4.614165277777778,-0.3776845560999835,-1.2324807216777949
1989-06-05,4.5893,-0.3483911764703538,-1.376908823529646
1989-06-06,4.564436111111111,-0.2895741162851687,-1.3531953281592761
1989-06-07,4.535829166666667,-0.31731783156294635,-1.2615113351037206
1989-06-08,4.503158333333333,-0.2966407135073909,-1.2475176198259423
1989-06-09,4.4710680555555555,-0.29173550517405755,-1.3753325503814977
1989-06-10,4.439273611111111,-0.23469192878516856,-1.7249150156592759
1989-06-11,4.4017027777777775,-0.14897896582220566,-1.9767238119555726
1989-06-12,4.355645833333333,-0.06844585239627972,-2.142199980937053
1989-06-13,4.306536111111111,-0.01862322508146481,-2.4692462193629794
1989-06-14,4.257629166666666,-0.03530623434072408,-2.4036562656592753
1989-06-15,4.210747222222222,-0.029864046840724114,-2.3622165087148317
1989-06-16,4.165152777777777,-0.06775380378516854,-2.2790656406592755
1989-06-17,4.1193333333333335,0.03105302233589053,-2.3437196890025573
1989-06-18,4.075383333333333,0.0305050310594902,-2.3462216977261563
1989-06-19,4.0327111111111105,0.03686623399796589,-2.3345773451090763
1989-06-20,3.9880347222222223,0.06685749891991248,-2.319892221142135
1989-06-21,3.9421833333333334,0.08326047183084001,-2.259443805164173
1989-06-22,3.895879166666666,0.11941637173901258,-1.991628871739012
1989-06-23,3.847875,0.1470528386811614,-1.9202611720144946
1989-06-24,3.796970833333333,0.18256469588960944,-1.915202195889609
1989-06-25,3.738658333333333,0.18891858707418244,-1.9015769204075152
1989-06-26,3.6736013888888888,0.17629473491623948,-1.8185627904717947
1989-06-27,3.6048541666666667,0.15251257238180407,-1.7377000723818041
1989-06-28,3.5363749999999996,0.07848643601816786,-1.7231947693515008
1989-06-29,3.4723888888888883,-0.0004612682977183022,-1.5225942872578369
1989-06-30,3.4112777777777774,0.040701587533319324,-1.5103126986444302
1989-07-01,3.3489527777777774,0.04912748285012372,-1.4487469272945679
1989-07-02,3.2840333333333334,0.025421261546175113,-1.3684545948795084
1989-07-03,3.230886111111111,0.020818678901546983,-1.614038123345991
1989-07-04,3.197309722222222,-0.02905082293500033,-1.716592232620555
1989-07-05,3.1717458333333335,-0.05023497123619397,-1.6948441954304727
1989-07-06,3.147577777777778,-0.09321372467972029,-1.6056973864313908
1989-07-07,3.1246013888888893,-0.09599717279725936,-0.8472708827582965
1989-07-08,3.101486111111111,-0.05596561861911424,-0.6255204924919964
1989-07-09,3.075698611111111,-0.036045669124164875,-0.5133196086536127
1989-07-10,3.0467569444444447,-0.05386257683766328,-0.3935610342734479
1989-07-11,3.0213416666666664,-0.1373418008964328,-0.09899986577023298
1989-07-12,3.003548611111111,-0.1732937866631913,-0.015254824447919674
1989-07-13,2.989305555555555,-0.1762693720626403,0.020963816507085592
1989-07-14,2.9761111111111114,-0.12374578390837038,0.011634672797258883
1989-07-15,2.9647,-0.15041892440423824,0.049718924404238
1989-07-16,2.9561361111111113,-0.1636749390966165,0.07187216131883883
1989-07-17,2.9489013888888893,-0.14779169759064778,0.10489030870175861
1989-07-18,2.940704166666667,-0.09885666545107002,0.05815249878440304
1989-07-19,2.932190277777778,-0.06195531099744281,0.029765033219664755
1989-07-20,2.9262,-0.08742179400938063,0.06122179400938041
1989-07-21,2.9221902777777777,-0.14205875452361366,0.07353514341250272
1989-07-22,2.9181083333333335,-0.1620991356071766,0.21565746894050974
1989-07-23,2.913561111111111,-0.16617248271461468,0.3876113716035039
1989-07-24,2.9101319444444442,-0.15237648868339332,0.5802445442389492
1989-07-25,2.9121944444444443,-0.1598384377192059,0.8276439932747612
1989-07-26,2.919970833333333,-0.17182070355942644,0.8278498702260934
1989-07-27,2.9314444444444443,-0.1790689703179204,1.1102911925401429
1989-07-28,2.9420527777777776,-0.134339849564936,1.0346204051204917
1989-07-29,2.947748611111111,-0.09532976003325565,0.8432478155888117
1989-07-30,2.9514638888888887,-0.05826592853646957,0.7968020396475809
1989-07-31,2.9541277777777775,-0.014703061227011285,1.0705752834492346
1989-08-01,2.9551680555555557,-0.04287351577246585,1.3713721268835761
1989-08-02,2.9530555555555553,0.022996169718810612,1.1156149413923009
1989-08-03,2.946097222222222,0.06259709947087659,1.0819723449735679
1989-08-04,2.936466666666667,0.10803479460402632,1.0461652053959731
1989-08-05,2.92565,0.11858051315315392,1.0637694868468457
1989-08-06,2.9139194444444447,0.11405079552230005,0.36169642669992164
1989-08-07,2.9036319444444443,0.026241635742685704,0.4227930864795365
1989-08-08,2.8985555555555553,-0.00823790971185972,0.790682354156304
1989-08-09,2.9002083333333335,-0.045008949656763206,0.7698006163234297
1989-08-10,2.905961111111111,0.04795500810264902,0.6827505474529063
1989-08-11,2.9133458333333335,0.12849352968207972,0.5571606369845865
1989-08-12,2.921863888888889,0.17538977623855362,0.4807463348725574
1989-08-13,2.9306375000000005,0.27971549937904944,0.33864700062095004
1989-08-14,2.9385819444444445,0.3635488212339622,0.5088692343215933
1989-08-15,2.9480208333333335,0.4040260939612349,0.4586197393720982
1989-08-16,2.9591069444444447,0.3788453891862119,0.6243809997026769
1989-08-17,2.96995,0.37963133510372027,0.8574186648962797
1989-08-18,2.981091666666667,0.33544477260372035,0.8914635607296129
1989-08-19,2.992336111111111,0.3643367749185351,0.8516604473036871
1989-08-20,3.003448611111111,0.514807388344461,0.7100773338777613
1989-08-21,3.0134250000000002,0.5376305827889055,0.3409444172110946
1989-08-22,3.0221847222222222,0.4949600272333499,0.24385525054442841
1989-08-23,3.030775,0.49662098788149794,0.03260401211850189
1989-08-24,3.039330555555556,0.47570971473334994,-0.20804027028890543
1989-08-25,3.0477833333333333,0.5283973073259426,-0.2705139739926091
1989-08-26,3.053704166666667,0.5651246105666834,-0.6844954439000168
1989-08-27,3.0576291666666666,0.5455026776963129,-0.1041318443629794
1989-08-28,3.0613097222222225,0.5103209184370536,0.45070269267405694
1989-08-29,3.065033333333334,0.43731462214075734,0.5216520445259087
1989-08-30,3.070365277777778,0.42783646241853507,-0.060868406862979396
1989-08-31,3.0772263888888887,0.41578625408520165,-0.4553459763074238
1989-09-01,3.086075,0.3136183952889055,-0.23636006195557208
1989-09-02,3.0969625,0.33642587214075753,0.0846116278592422
1989-09-03,3.109125,0.28234751565927585,0.36719415100739106
1989-09-04,3.1304125000000003,0.2558598420481646,0.40172765795183496
1989-09-05,3.1584111111111115,0.29264128880742396,0.2872809334147974
1989-09-06,3.185754166666667,0.32368025871483147,0.025232241285168044
1989-09-07,3.211768055555556,0.3322542401963129,-0.4440222957518687
1989-09-08,3.2331541666666666,0.3316346568629795,-0.4954554901963128
1989-09-09,3.251388888888889,0.24482230732594254,-0.5585445295481652
1989-09-10,3.268158333333333,0.11616522399260916,-0.4019902239926087
1989-09-11,3.2844847222222224,0.022069471677794328,-0.11488752723334988
1989-09-12,3.3006013888888885,-0.1206328315629463,0.06769810934072468
1989-09-13,3.3165708333333335,-0.18902258850739087,0.005451755174057854
1989-09-14,3.330297222222222,-0.2039141047110945,0.03895021582220648
1989-09-15,3.3414972222222223,-0.27291434776665,0.05208379221109394
1989-09-16,3.3524166666666666,-0.3051572181370204,-0.18092611519631324
1989-09-17,3.363361111111111,-0.2999337806370204,-0.19809399714075732
1989-09-18,3.3743069444444442,-0.33445717184072404,-0.17484977260371998
1989-09-19,3.385447222222222,-0.44370401211850197,-0.09607654343705374
1989-09-20,3.3962305555555554,-0.4828114426740575,-0.1077524462148316
1989-09-21,3.405783333333333,-0.46414806304442785,-0.21930193695557226
1989-09-22,3.4138180555555553,-0.5173540352666499,-0.17613068695557188
1989-09-23,3.420723611111111,-0.4947984681370205,-0.1492584763074239
1989-09-24,3.4273541666666665,-0.5233943940629464,-0.12662643927038708
1989-09-25,3.432808333333333,-0.5328582945259094,0.4190499611925763
1989-09-26,3.4376499999999997,-0.4915492435999834,-0.18776742306668293
1989-09-27,3.4436833333333334,-0.41680228758146504,-0.6682143790852022
1989-09-28,3.4495097222222224,-0.4217763385073909,-0.6527333837148315
1989-09-29,3.452329166666667,-0.46663122276665014,-0.60703127723335
1989-09-30,3.451134722222222,-0.4026943130444278,-0.6697737425111276
1989-10-01,3.4489111111111113,-0.3639181787851685,-0.8326595989926097
1989-10-02,3.4474875,-0.3776845560999835,-1.1711362772333498
1989-10-03,3.445668055555555,-0.3483911764703538,-1.4392768790852015
1989-10-04,3.4346638888888887,-0.2895741162851687,-1.6134231059370534
1989-10-05,3.416725,-0.31731783156294635,-1.5677405017703872
1989-10-06,3.3969430555555555,-0.2966407135073909,-1.1849690087148312
1989-10-07,3.371265277777778,-0.29173550517405755,-0.450196439270387
1989-10-08,3.3436013888888887,-0.23469192878516856,-0.05790946010371997
1989-10-09,3.316015277777778,-0.14897896582220566,-0.08170297862223891
1989-10-10,3.288393055555555,-0.06844585239627972,-0.11194720315927513
1989-10-11,3.2609611111111105,-0.01862322508146481,-0.3423378860296458
1989-10-12,3.2337374999999997,-0.03530623434072408,-0.3554312656592761
1989-10-13,3.205634722222222,-0.029864046840724114,-0.4747706753814977
1989-10-14,3.1768680555555555,-0.06775380378516854,0.09221908156294595
1989-10-15,3.1483027777777775,0.03105302233589053,-0.0950224667803346
1989-10-16,3.1196291666666665,0.0305050310594902,-0.06580086439282329
1989-10-17,3.0932277777777775,0.03686623399796589,-0.04576067844240998
1989-10-18,3.0716638888888883,0.06685749891991248,-0.054188054475467415
1989-10-19,3.0585736111111106,0.08326047183084001,-0.05816741627528382
1989-10-20,3.053584722222222,0.11941637173901258,-0.07266776062790108
1989-10-21,3.0513624999999998,0.1470528386811614,-0.09808200534782777
1989-10-22,3.050831944444444,0.18256469588960944,-0.1330633070007201
1989-10-23,3.053370833333333,0.18891858707418244,-0.19895608707418214
1989-10-24,3.0590027777777777,0.17629473491623948,-0.19263084602735037
1989-10-25,3.0674291666666664,0.15251257238180407,-0.7906084057151374
1989-10-26,3.074633333333333,0.07848643601816786,-0.7291197693515008
1989-10-27,3.076808333333333,-0.0004612682977183022,-0.7760137317022813
1989-10-28,3.0767958333333336,0.040701587533319324,-0.6331640875333197
1989-10-29,3.079219444444444,0.04912748285012372,-0.4420135939612345
1989-10-30,3.0857513888888892,0.025421261546175113,-0.2605059837683977
1989-10-31,3.093425,0.020818678901546983,-0.2625770122348803
1989-11-01,3.099097222222222,-0.02905082293500033,-0.21937973262055493
1989-11-02,3.102288888888889,-0.05023497123619397,-0.10538725098602814
1989-11-03,3.1043555555555553,-0.09321372467972029,2.0265248357908314
1989-11-04,3.106506944444444,-0.09599717279725936,2.3014902283528147
1989-11-05,3.1097138888888884,-0.05596561861911424,2.797918396396893
1989-11-06,3.1155805555555554,-0.036045669124164875,2.258465113568609
1989-11-07,3.123386111111111,-0.05386257683766328,1.850809799059885
1989-11-08,3.131868055555555,-0.1373418008964328,1.8458070786742113
1989-11-09,3.1407124999999994,-0.1732937866631913,1.8169146199965256
1989-11-10,3.148498611111111,-0.1762693720626403,1.8107707609515287
1989-11-11,3.1551791666666666,-0.12374578390837038,1.7515666172417033
1989-11-12,3.1620124999999994,-0.15041892440423824,1.7660730910709046
1989-11-13,3.1687624999999997,-0.1636749390966165,1.239912439096617
1989-11-14,3.174731944444444,-0.14779169759064778,1.1863930864795367
1989-11-15,3.1804041666666665,-0.09885666545107002,1.1317858321177365
1989-11-16,3.183845833333333,-0.06195531099744281,1.091442810997443
1989-11-17,3.18245,-0.08742179400938063,1.1186384606760476
1989-11-18,3.1725763888888885,-0.14205875452361366,1.1831490323013918
1989-11-19,3.1561805555555553,-0.1620991356071766,1.2055852467182877
1989-11-20,3.1394930555555556,-0.16617248271461468,1.2263460938257256
1989-11-21,3.1229152777777776,-0.15237648868339332,1.231127877572282
1989-11-22,3.1042847222222223,-0.1598384377192059,1.4292203821636504
1989-11-23,3.0826722222222216,-0.17182070355942644,1.4628151480038716
1989-11-24,3.057611111111111,-0.1790689703179204,1.495457859206809
1989-11-25,3.032972222222222,-0.134339849564936,1.5943676273427134
1989-11-26,3.014470833333333,-0.09532976003325565,1.573858926699922
1989-11-27,2.9999055555555554,-0.05826592853646957,1.3493603729809136
1989-11-28,2.985961111111111,-0.014703061227011285,1.1144086167825669
1989-11-29,2.9739347222222223,-0.04287351577246585,0.9902721268835771
1989-11-30,2.964676388888889,0.022996169718810612,0.9326607747256337
1989-12-01,2.958,0.06259709947087659,0.8997362338624565
1989-12-02,2.9540180555555553,0.10803479460402632,0.7622804831737515
1989-12-03,2.9518194444444443,0.11858051315315392,-1.3370666242642648
1989-12-04,2.9507166666666667,0.11405079552230005,-1.6057674621889668
1989-12-05,2.9486999999999997,0.026241635742685704,-2.4392749690760187
1989-12-06,2.9424069444444445,-0.00823790971185972,-2.5988357013992514
1989-12-07,2.931386111111111,-0.045008949656763206,-2.5550438281210144
1989-12-08,2.9184652777777775,0.04795500810264902,-2.65675361921376
1989-12-09,2.9053069444444444,0.12849352968207972,-2.7371338074598577
1989-12-10,2.8935166666666667,0.17538977623855362,-2.7722397762385533
1989-12-11,2.8834638888888886,0.27971549937904944,-2.8665127216012714
1989-12-12,2.874831944444444,0.3635488212339622,-2.9197140990117396
1989-12-13,2.8659527777777773,0.4040260939612349,-2.870978871739012
1989-12-14,2.8571166666666663,0.3788453891862119,-2.7176287225195446
1989-12-15,2.857708333333333,0.37963133510372027,-2.46800633510372
1989-12-16,2.881004166666666,0.33544477260372035,-1.907115605937053
1989-12-17,2.923306944444444,0.3643367749185351,-1.3559770526963124
1989-12-18,2.9730791666666665,0.514807388344461,-0.12455322167779381
1989-12-19,3.025933333333333,0.5376305827889055,-0.003897249455571905
1989-12-20,3.0786944444444444,0.4949600272333499,-0.013654471677793822
1989-12-21,3.1313847222222218,0.49662098788149794,0.00566095656294735
1989-12-22,3.184236111111111,0.47570971473334994,0.1827208408222059
1989-12-23,3.2373222222222218,0.5283973073259426,0.3559471371185027
1989-12-24,3.2929125,0.5651246105666834,0.28262955609998297
1989-12-25,3.3506569444444443,0.5455026776963129,0.12550704452590933
1989-12-26,3.4068027777777776,0.5103209184370536,0.10454297045183525
1989-12-27,3.4603736111111107,0.43731462214075734,0.12397843341479842
1989-12-28,3.5135499999999995,0.42783646241853507,0.07994687091479907
1989-12-29,3.569723611111111,0.41578625408520165,0.0358234681370212
1989-12-30,3.633936111111111,0.3136183952889055,0.07377882693331733
1989-12-31,3.7062291666666662,0.33642587214075753,-0.021321705474090125
1990-01-01,3.781938888888889,0.28234751565927585,-0.04295307121483116
1990-01-02,3.850098611111111,0.2558598420481646,-0.08462511982594201
1990-01-03,3.907866666666666,0.29264128880742396,-0.17917462214075647
1990-01-04,3.961558333333333,0.32368025871483147,-0.2639052587148309
1990-01-05,4.014844444444444,0.3322542401963129,-0.32576535130742323
1990-01-06,4.072006944444444,0.3316346568629795,-0.3823082679740903
1990-01-07,4.131286111111111,0.24482230732594254,-0.3547750851037197
1990-01-08,4.191233333333333,0.11616522399260916,-0.2860652239926084
1990-01-09,4.250881944444444,0.022069471677794328,-0.2516180827889048
1990-01-10,4.309902777777777,-0.1206328315629463,-0.16793661288149747
1990-01-11,4.368354166666666,-0.18902258850739087,-0.17999824482594204
1990-01-12,4.427801388888889,-0.2039141047110945,-0.30488728417779465
1990-01-13,4.488130555555555,-0.27291434776665,-0.41554954112223874
1990-01-14,4.539822222222222,-0.3051572181370204,-0.685998337418535
1990-01-15,4.568808333333333,-0.2999337806370204,-1.2598745526963129
1990-01-16,4.578784722222222,-0.33445717184072404,-1.8579942170481647
1990-01-17,4.581395833333334,-0.44370401211850197,-3.1830251545481647
1990-01-18,4.580994444444444,-0.4828114426740575,-3.3365163351037204
1990-01-19,4.581529166666667,-0.46414806304442785,-3.3560477702889058
1990-01-20,4.5829361111111115,-0.5173540352666499,-3.362915409177795
1990-01-21,4.584484722222222,-0.4947984681370205,-3.7666862540852013
1990-01-22,4.586547222222222,-0.5233943940629464,-4.019152828159276
1990-01-23,4.5889875,-0.5328582945259094,-4.018462538807424
1990-01-24,4.591591666666666,-0.4915492435999834,-3.9737090897333496
1990-01-25,4.595104166666667,-0.41680228758146504,-3.6279685457518687
1990-01-26,4.600998611111111,-0.4217763385073909,-3.491555605937053
1990-01-27,4.607572222222222,-0.46663122276665014,-3.421607666122239
1990-01-28,4.609384722222222,-0.4026943130444278,-3.0550237425111275
1990-01-29,4.600970833333333,-0.3639181787851685,-2.9797193212148314
1990-01-30,4.5838986111111115,-0.3776845560999835,-2.914880721677795
1990-01-31,4.563195833333333,-0.3483911764703538,-2.905137990196313
1990-02-01,4.5500375,-0.2895741162851687,-2.9081300503814984
1990-02-02,4.5479666666666665,-0.31731783156294635,-2.7843155017703864
1990-02-03,4.552311111111111,-0.2966407135073909,-2.7390037309370534
1990-02-04,4.562626388888889,-0.29173550517405755,-2.7532242170481647
1990-02-05,4.575251388888889,-0.23469192878516856,-2.8228927934370533
1990-02-06,4.589495833333333,-0.14897896582220566,-2.9228502008444606
1990-02-07,4.605281944444444,-0.06844585239627972,-3.0191694253814974
1990-02-08,4.621683333333333,-0.01862322508146481,-2.9423934415852018
1990-02-09,4.638436111111111,-0.03530623434072408,-2.93346321010372
1990-02-10,4.659195833333333,-0.029864046840724114,-2.8266651198259427
1990-02-11,4.684113888888889,-0.06775380378516854,-2.6476934184370537
1990-02-12,4.708827777777778,0.03105302233589053,-2.5435474667803346
1990-02-13,4.732601388888889,0.0305050310594902,-0.6487730866150455
1990-02-14,4.755015277777778,0.03686623399796589,2.8534518215575906
1990-02-15,4.773911111111111,0.06685749891991248,3.8352313899689743
1990-02-16,4.784956944444444,0.08326047183084001,4.569115917058049
1990-02-17,4.790791666666667,0.11941637173901258,4.521458628260987
1990-02-18,4.796008333333334,0.1470528386811614,4.488605494652171
1990-02-19,4.800273611111111,0.18256469588960944,4.431828359665947
1990-02-20,4.802622222222222,0.18891858707418244,4.421792524036928
1990-02-21,4.801976388888889,0.17629473491623948,4.435062209528204
1990-02-22,4.800068055555555,0.15251257238180407,4.447752705395973
1990-02-23,4.798484722222222,0.07848643601816786,4.434695508426278
1990-02-24,4.7968472222222225,-0.0004612682977183022,4.0912807127421615
1990-02-25,4.794194444444444,0.040701587533319324,3.9191039680222364
1990-02-26,4.791148611111112,0.04912748285012372,4.338723906038765
1990-02-27,4.788291666666668,0.025421261546175113,5.025953738453823
1990-02-28,4.785380555555555,0.020818678901546983,6.467467432209565
1990-03-01,4.782469444444445,-0.02905082293500033,7.025581378490555
1990-03-02,4.779558333333334,-0.05023497123619397,7.459343304569528
1990-03-03,4.7763986111111105,-0.09321372467972029,7.47081511356861
1990-03-04,4.772077777777778,-0.09599717279725936,7.383919395019483
1990-03-05,4.766436111111111,-0.05596561861911424,7.27919617417467
1990-03-06,4.759543055555556,-0.036045669124164875,7.265169280235276
1990-03-07,4.751381944444445,-0.05386257683766328,7.291147299059886
1990-03-08,4.741905555555555,-0.1373418008964328,7.394436245340878
1990-03-09,4.731070833333333,-0.1732937866631913,7.455222953329859
1990-03-10,4.719731944444445,-0.1762693720626403,7.326537427618195
1990-03-11,4.708870833333334,-0.12374578390837038,7.2758749505750355
1990-03-12,4.695544444444444,-0.15041892440423824,7.1828744799597946
1990-03-13,4.678938888888888,-0.1636749390966165,7.046736050207728
1990-03-14,4.662656944444445,-0.14779169759064778,6.860468086479537
1990-03-15,4.6479083333333335,-0.09885666545107002,4.908281665451069
1990-03-16,4.635444444444444,-0.06195531099744281,1.3525108665529995
1990-03-17,4.626865277777778,-0.08742179400938063,0.35588984956493674
1990-03-18,4.626247222222222,-0.14205875452361366,-0.32552180103194156
1990-03-19,4.6311736111111115,-0.1620991356071766,-0.3107411421706008
1990-03-20,4.636745833333334,-0.16617248271461468,-0.10124001728538604
1990-03-21,4.64325,-0.15237648868339332,-0.12120684464994042
1990-03-22,4.652231944444445,-0.1598384377192059,0.08493982660809471
1990-03-23,4.664279166666667,-0.17182070355942644,0.1725415368927606
1990-03-24,4.677494444444445,-0.1790689703179204,0.16990785920680923
1990-03-25,4.692886111111111,-0.134339849564936,0.2651204051204919
1990-03-26,4.708906944444445,-0.09532976003325565,0.39175614892214505
1990-03-27,4.722847222222223,-0.05826592853646957,0.5287520396475803
1990-03-28,4.735581944444444,-0.014703061227011285,0.04012111678256716
1990-03-29,4.746433333333334,-0.04287351577246585,-1.0225598175608677
1990-03-30,4.755431944444444,0.022996169718810612,-2.637094780829921
1990-03-31,4.763848611111111,0.06259709947087659,-3.2244457105819877
1990-04-01,4.7720472222222226,0.10803479460402632,-3.7060820168262483
1990-04-02,4.779991666666667,0.11858051315315392,-3.6729055131531534
1990-04-03,4.788027777777778,0.11405079552230005,-3.4324119066334107
1990-04-04,4.797254166666667,0.026241635742685704,-3.2558291357426854
1990-04-05,4.808336111111112,-0.00823790971185972,-3.0210982013992513
1990-04-06,4.824902777777778,-0.045008949656763206,-2.8622271614543475
1990-04-07,4.846251388888889,0.04795500810264902,-2.752206396991537
1990-04-08,4.868784722222222,0.12849352968207972,-2.7442782519043014
1990-04-09,4.893543055555556,0.17538977623855362,-2.7922661651274425
1990-04-10,4.919933333333333,0.27971549937904944,-2.862315499379049
1990-04-11,4.945723611111111,0.3635488212339622,-2.0489390990117395
1990-04-12,4.9698013888888894,0.4040260939612349,-1.9361608161834574
1990-04-13,4.992855555555556,0.3788453891862119,-1.9607009447417671
1990-04-14,5.007188888888889,0.37963133510372027,-1.8044868906592755
1990-04-15,4.998318055555556,0.33544477260372035,-1.4580961614926093
1990-04-16,4.970508333333334,0.3643367749185351,-1.4345117749185354
1990-04-17,4.935179166666667,0.514807388344461,-1.4043198883444605
1990-04-18,4.8964388888888895,0.5376305827889055,-1.1564028050111284
1990-04-19,4.857358333333334,0.4949600272333499,-1.2583183605666834
1990-04-20,4.817868055555556,0.49662098788149794,-1.1911557101037205
1990-04-21,4.780430555555556,0.47570971473334994,-1.3394736036222388
1990-04-22,4.745218055555556,0.5283973073259426,-1.3809486962148312
1990-04-23,4.711736111111112,0.5651246105666834,-1.3651940550111274
1990-04-24,4.6775375,0.5455026776963129,-1.3523735110296453
1990-04-25,4.641886111111112,0.5103209184370536,-1.3725403628814985
1990-04-26,4.607759722222222,0.43731462214075734,-1.4180743443629789
1990-04-27,4.5725541666666665,0.42783646241853507,-1.315390629085201
1990-04-28,4.533383333333334,0.41578625408520165,-1.2771695874185354
1990-04-29,4.487590277777778,0.3136183952889055,-1.129208673066683
1990-04-30,4.436386111111111,0.33642587214075753,-1.1008119832518686
1990-05-01,4.3847375,0.28234751565927585,-0.9950850156592757
1990-05-02,4.334073611111112,0.2558598420481646,-0.9776001198259427
1990-05-03,4.283347222222223,0.29264128880742396,-1.1826551776963132
1990-05-04,4.234781944444444,0.32368025871483147,-1.2631288698259422
1990-05-05,4.187811111111111,0.3322542401963129,-1.4270653513074234
1990-05-06,4.136809722222223,0.3316346568629795,-1.4774443790852019
1990-05-07,4.082631944444445,0.24482230732594254,-1.5501209184370546
1990-05-08,4.028540277777778,0.11616522399260916,-1.4797055017703868
1990-05-09,3.9735041666666673,0.022069471677794328,-1.3392403050111277
1990-05-10,3.9172375,-0.1206328315629463,-1.016938001770386
1990-05-11,3.8612013888888894,-0.18902258850739087,-1.6295121337148313
1990-05-12,3.8061583333333338,-0.2039141047110945,-1.7119108952889053
1990-05-13,3.751677777777778,-0.27291434776665,-1.5580967633444611
1990-05-14,3.7049833333333337,-0.3051572181370204,-1.5118261151963128
1990-05-15,3.6805888888888894,-0.2999337806370204,-1.7023217749185349
1990-05-16,3.674788888888889,-0.33445717184072404,-1.6823317170481646
1990-05-17,3.676193055555556,-0.44370401211850197,-1.6978223767703868
1990-05-18,3.6815611111111117,-0.4828114426740575,-1.8347496684370534
1990-05-19,3.6865750000000004,-0.46414806304442785,-1.7260936036222387
1990-05-20,3.6902652777777787,-0.5173540352666499,-1.6442445758444617
1990-05-21,3.690333333333334,-0.4947984681370205,-1.5428681985296464
1990-05-22,3.686361111111112,-0.5233943940629464,-1.5573000503814987
1990-05-23,3.679995833333334,-0.5328582945259094,-1.4994708721407575
1990-05-24,3.6710208333333343,-0.4915492435999834,-0.9691382564000172
1990-05-25,3.660622222222223,-0.41680228758146504,-0.9324866013074247
1990-05-26,3.6486944444444447,-0.4217763385073909,-0.9545847726037198
1990-05-27,3.6380486111111114,-0.46663122276665014,-0.980417388344461
1990-05-28,3.633155555555556,-0.4026943130444278,-0.9461279091777943
1990-05-29,3.636683333333334,-0.3639181787851685,-0.9884318212148314
1990-05-30,3.646204166666667,-0.3776845560999835,-0.9841862772333496
1990-05-31,3.6580416666666675,-0.3483911764703538,-1.0253171568629798
1990-06-01,3.6705875000000003,-0.2895741162851687,-1.0966800503814977
1990-06-02,3.6818347222222227,-0.31731783156294635,-0.9215168906592763
1990-06-03,3.6882680555555556,-0.2966407135073909,-0.6572940087148309
1990-06-04,3.689925,-0.29173550517405755,-0.438522828159275
1990-06-05,3.6884791666666668,-0.23469192878516856,0.5978794287851685
1990-06-06,3.6837722222222222,-0.14897896582220566,0.5725400769333173
1990-06-07,3.6770625,-0.06844585239627972,0.7273833523962802
1990-06-08,3.6691069444444446,-0.01862322508146481,1.1338496139703547
1990-06-09,3.6595722222222227,-0.03530623434072408,1.2554006787851684
1990-06-10,3.644766666666667,-0.029864046840724114,1.16743071350739
1990-06-11,3.625216666666667,-0.06775380378516854,1.2102038037851683
1990-06-12,3.6050750000000003,0.03105302233589053,1.2942053109974427
1990-06-13,3.5848625000000007,0.0305050310594902,1.2049658022738432
1990-06-14,3.563290277777778,0.03686623399796589,1.2101768215575894
1990-06-15,3.541655555555556,0.06685749891991248,1.2281536121911996
1990-06-16,3.5205708333333336,0.08326047183084001,1.1938353615024935
1990-06-17,3.497447222222223,0.11941637173901258,1.1568030727054315
1990-06-18,3.473869444444445,0.1470528386811614,1.0894110502077274
1990-06-19,3.4512250000000004,0.18256469588960944,1.0245436374437233
1990-06-20,3.429319444444445,0.18891858707418244,1.5664286351480394
1990-06-21,3.4083750000000004,0.17629473491623948,1.60633026508376
1990-06-22,3.387454166666667,0.15251257238180407,2.0470332609515296
1990-06-23,3.3666277777777784,0.07848643601816786,1.4722191195373873
1990-06-24,3.346340277777778,-0.0004612682977183022,1.3797876571866072
1990-06-25,3.3270569444444447,0.040701587533319324,1.357908134688903
1990-06-26,3.3083736111111115,0.04912748285012372,1.4004989060387647
1990-06-27,3.2900375,0.025421261546175113,1.5442079051204924
1990-06-28,3.272115277777778,0.020818678901546983,1.9703993766540087
1990-06-29,3.254226388888889,-0.02905082293500033,2.275157767379445
1990-06-30,3.234688888888889,-0.05023497123619397,2.887212749013972
1990-07-01,3.2141027777777778,-0.09321372467972029,2.9907776135686097
1990-07-02,3.1986888888888894,-0.09599717279725936,2.8253082839083707
1990-07-03,3.188311111111111,-0.05596561861911424,3.3336545075080033
1990-07-04,3.1792430555555558,-0.036045669124164875,3.096135946901943
1990-07-05,3.171595833333334,-0.05386257683766328,2.379933410170996
1990-07-06,3.166245833333334,-0.1373418008964328,2.458429300896433
1990-07-07,3.162548611111111,-0.1732937866631913,2.5534118422187464
1990-07-08,3.158818055555556,-0.1762693720626403,2.1491179831737512
1990-07-09,3.155825,-0.12374578390837038,2.0632541172417036
1990-07-10,3.156616666666667,-0.15041892440423824,2.0388022577375713
1990-07-11,3.1611236111111114,-0.1636749390966165,2.0372179946521713
1990-07-12,3.166433333333334,-0.14779169759064778,1.8086916975906466
1990-07-13,3.1716361111111118,-0.09885666545107002,1.725887221006625
1990-07-14,3.177336111111112,-0.06195531099744281,1.6146191998863315
1990-07-15,3.1827111111111117,-0.08742179400938063,1.6040440162316025
1990-07-16,3.1886166666666673,-0.14205875452361366,1.6451087545236127
1990-07-17,3.1965930555555557,-0.1620991356071766,1.8791727467182877
1990-07-18,3.2041722222222226,-0.16617248271461468,1.779333593825726
1990-07-19,3.211855555555556,-0.15237648868339332,1.7478542664611705
1990-07-20,3.2201611111111115,-0.1598384377192059,1.095677326608095
1990-07-21,3.228340277777778,-0.17182070355942644,1.0764804257816485
1990-07-22,3.236568055555556,-0.1790689703179204,0.6151675814290314
1990-07-23,3.2424319444444447,-0.134339849564936,0.557241238453825
1990-07-24,3.2472013888888895,-0.09532976003325565,0.5161283711443663
1990-07-25,3.255934722222223,-0.05826592853646957,0.4703312063142469
1990-07-26,3.267343055555556,-0.014703061227011285,0.47869333900478883
1990-07-27,3.2778680555555555,-0.04287351577246585,0.3013387935502441
1990-07-28,3.287645833333334,0.022996169718810612,-0.17797533638547727
1990-07-29,3.297390277777778,0.06259709947087659,-0.46432071058198726
1990-07-30,3.307129166666667,0.10803479460402632,-0.6938306279373594
1990-07-31,3.316477777777778,0.11858051315315392,-0.7457249575975986
1990-08-01,3.321084722222223,0.11405079552230005,-0.729802184411189
1990-08-02,3.3207847222222227,0.026241635742685704,-1.4710263579649079
1990-08-03,3.318994444444445,-0.00823790971185972,-1.4424232013992515
1990-08-04,3.312206944444445,-0.045008949656763206,-1.785864661454348
1990-08-05,3.303072222222223,0.04795500810264902,-1.9023605636582048
1990-08-06,3.2944680555555563,0.12849352968207972,-2.0869615852376358
1990-08-07,3.282818055555556,0.17538977623855362,-2.173874498460776
1990-08-08,3.2679513888888896,0.27971549937904944,-2.5063335549346055
1990-08-09,3.252219444444445,0.3635488212339622,-2.612768265678407
1990-08-10,3.237036111111112,0.4040260939612349,-2.6380622050723463
1990-08-11,3.2209055555555564,0.3788453891862119,-2.588084278075101
1990-08-12,3.2042263888888893,0.37963133510372027,-2.453191057325942
1990-08-13,3.1941041666666674,0.33544477260372035,-2.3795489392703875
1990-08-14,3.190134722222223,0.3643367749185351,-2.120804830474091
1990-08-15,3.185193055555556,0.514807388344461,-2.2480004439000165
1990-08-16,3.179905555555556,0.5376305827889055,-2.3958694716777944
1990-08-17,3.1783138888888893,0.4949600272333499,-2.2819405827889057
1990-08-18,3.1818736111111114,0.49662098788149794,-2.2871612656592757
1990-08-19,3.185313888888889,0.47570971473334994,-2.2696902702889052
1990-08-20,3.1867180555555557,0.5283973073259426,-2.323782029548165
1990-08-21,3.186897222222222,0.5651246105666834,-2.360021832788905
1990-08-22,3.188293055555556,0.5455026776963129,-2.3417957332518684
1990-08-23,3.1916208333333334,0.5103209184370536,-2.312608418437053
1990-08-24,3.191538888888889,0.43731462214075734,-2.2395201776963125
1990-08-25,3.1885402777777783,0.42783646241853507,-2.177710073529646
1990-08-26,3.1849083333333335,0.41578625408520165,-2.083027920751868
1990-08-27,3.180191666666667,0.3136183952889055,-1.968810061955572
1990-08-28,3.174090277777778,0.33642587214075753,-1.9848494832518686
1990-08-29,3.166726388888889,0.28234751565927585,-2.319740571214831
1990-08-30,3.162922222222223,0.2558598420481646,-2.2044487309370537
1990-08-31,3.1647597222222226,0.29264128880742396,-1.365401011029646
1990-09-01,3.1664250000000003,0.32368025871483147,-1.3841052587148315
1990-09-02,3.1674250000000006,0.3322542401963129,-1.3936792401963132
1990-09-03,3.1722430555555556,0.3316346568629795,-1.3612110457518678
1990-09-04,3.1778916666666666,0.24482230732594254,-1.081047307325942
1990-09-05,3.1822069444444447,0.11616522399260916,-1.0850388351037201
1990-09-06,3.1898861111111114,0.022069471677794328,-0.9992889161222389
1990-09-07,3.200186111111111,-0.1206328315629463,-0.5745532795481643
1990-09-08,3.2104930555555558,-0.18902258850739087,-0.514137133714831
1990-09-09,3.2209611111111114,-0.2039141047110945,-0.509713673066683
1990-09-10,3.2323361111111115,-0.27291434776665,-0.38142176334446076
1990-09-11,3.244631944444445,-0.3051572181370204,-0.4601413929740907
1990-09-12,3.253251388888889,-0.2999337806370204,-0.49831760825186827
1990-09-13,3.2581027777777782,-0.33445717184072404,-0.7523122726037201
1990-09-14,3.2629513888888892,-0.44370401211850197,-0.38058071010371963
1990-09-15,3.2673208333333337,-0.4828114426740575,-0.4101760573259423
1990-09-16,3.2703486111111113,-0.46414806304442785,-0.5012005480666832
1990-09-17,3.269593055555556,-0.5173540352666499,-0.1882390202889057
1990-09-18,3.268523611111112,-0.4947984681370205,-0.1630584763074246
1990-09-19,3.2699708333333337,-0.5233943940629464,-0.1359097726037204
1990-09-20,3.273177777777778,-0.5328582945259094,-0.12298614991853507
1990-09-21,3.2789833333333336,-0.4915492435999834,-0.1394340897333496
1990-09-22,3.2881180555555556,-0.41680228758146504,0.14701756535924299
1990-09-23,3.312240277777778,-0.4217763385073909,0.7708693940629461
1990-09-24,3.352193055555556,-0.46663122276665014,0.6544381672110947
1990-09-25,3.397281944444445,-0.4026943130444278,0.46674570193331655
1990-09-26,3.4488680555555558,-0.3639181787851685,0.36905012322961295
1990-09-27,3.5060708333333337,-0.3776845560999835,0.3249470560999834
1990-09-28,3.563259722222223,-0.3483911764703538,0.23779812091479746
1990-09-29,3.615480555555556,-0.2895741162851687,0.03376022739627971
1990-09-30,3.6627083333333337,-0.31731783156294635,-0.8720571684370533
1990-10-01,3.711793055555556,-0.2966407135073909,-0.7831523420481648
1990-10-02,3.763547222222223,-0.29173550517405755,-0.8394783837148314
1990-10-03,3.816538888888889,-0.23469192878516856,-0.8318469601037202
1990-10-04,3.8700250000000005,-0.14897896582220566,-0.5043793675111277
1990-10-05,3.9224916666666667,-0.06844585239627972,-0.6923791476037199
1990-10-06,3.9747666666666666,-0.01862322508146481,-0.7934767749185347
1990-10-07,4.0281125,-0.03530623434072408,-1.0594729323259418
1990-10-08,4.082630555555555,-0.029864046840724114,-1.099766508714831
1990-10-09,4.138263888888889,-0.06775380378516854,-1.11751008510372
1990-10-10,4.201015277777778,0.03105302233589053,-1.3584016334470013
1990-10-11,4.271615277777778,0.0305050310594902,-1.4281203088372678
1990-10-12,4.341801388888889,0.03686623399796589,-0.051334289553521525
1990-10-13,4.4119527777777785,0.06685749891991248,-0.1118102766976901
1990-10-14,4.484716666666667,0.08326047183084001,-0.4866438051641732
1990-10-15,4.5573250000000005,0.11941637173901258,-0.455741371739013
1990-10-16,4.627456944444445,0.1470528386811614,0.10649021687439394
1990-10-17,4.695809722222222,0.18256469588960944,0.46362558188816894
1990-10-18,4.764101388888889,0.18891858707418244,0.37364669070359546
1990-10-19,4.832325000000001,0.17629473491623948,0.37738026508375977
1990-10-20,4.900877777777778,0.15251257238180407,0.3816096498404188
1990-10-21,4.969129166666667,0.07848643601816786,0.3567177306484999
1990-10-22,5.034741666666667,-0.0004612682977183022,0.00305293496438485
1990-10-23,5.085983333333333,0.040701587533319324,-0.7323515875333185
1990-10-24,5.120925,0.04912748285012372,-0.8003858161834553
1990-10-25,5.150715277777778,0.025421261546175113,-0.7998032059906186
1990-10-26,5.175237500000001,0.020818678901546983,-0.5813895122348811
1990-10-27,5.196173611111112,-0.02905082293500033,-0.4824561215094439
1990-10-28,5.220319444444446,-0.05023497123619397,-0.05008447320825066
1990-10-29,5.2470125,-0.09321372467972029,0.9965345580130541
1990-10-30,5.269918055555556,-0.09599717279725936,1.1564124505750368
1990-10-31,5.2886708333333345,-0.05596561861911424,1.2306281186191135
1990-11-01,5.307670833333334,-0.036045669124164875,1.2103748357908313
1990-11-02,5.328088888888889,-0.05386257683766328,1.1371070212821086
1990-11-03,5.351245833333334,-0.1373418008964328,0.7154293008964324
1990-11-04,5.3769833333333334,-0.1732937866631913,0.9326437866631926
1990-11-05,5.403090277777778,-0.1762693720626403,1.1541790942848622
1990-11-06,5.428322222222223,-0.12374578390837038,1.0134235616861476
1990-11-07,5.453380555555556,-0.15041892440423824,0.9930383688486821
1990-11-08,5.478422222222223,-0.1636749390966165,0.9812527168743939
1990-11-09,5.496330555555556,-0.14779169759064778,0.9474611420350924
1990-11-10,5.505959722222222,-0.09885666545107002,0.8738969432288493
1990-11-11,5.513881944444446,-0.06195531099744281,-0.1355933001136694
1990-11-12,5.520220833333333,-0.08742179400938063,-0.15546570599061862
1990-11-13,5.525127777777778,-0.14205875452361366,-0.1057356899208301
1990-11-14,5.533572222222222,-0.1620991356071766,0.005193580051621183
1990-11-15,5.546102777777778,-0.16617248271461468,-0.2989302950631625
1990-11-16,5.558341666666667,-0.15237648868339332,-1.04363184464994
1990-11-17,5.569313888888889,-0.1598384377192059,-1.065142117836349
1990-11-18,5.580080555555556,-0.17182070355942644,-1.1162598519961289
1990-11-19,5.590259722222222,-0.1790689703179204,-1.1278574185709676
1990-11-20,5.599697222222222,-0.134339849564936,-1.0173573726572847
1990-11-21,5.606790277777778,-0.09532976003325565,-0.43379385107785384
1990-11-22,5.609030555555556,-0.05826592853646957,2.49690203964758
1990-11-23,5.609097222222223,-0.014703061227011285,3.3459391723381233
1990-11-24,5.609997222222222,-0.04287351577246585,3.5815429602169093
1990-11-25,5.611138888888888,0.022996169718810612,4.266864941392303
1990-11-26,5.611634722222222,0.06259709947087659,4.181768178306902
1990-11-27,5.610197222222222,0.10803479460402632,3.7681013165070842
1990-11-28,5.607620833333334,0.11858051315315392,2.731131986846847
1990-11-29,5.6088875,0.11405079552230005,2.5490617044777
1990-11-30,5.613101388888889,0.026241635742685704,2.4503236420350927
1990-12-01,5.6158125000000005,-0.00823790971185972,2.468092076378526
1990-12-02,5.616440277777778,-0.045008949656763206,2.4205686718789856
1990-12-03,5.6109124999999995,0.04795500810264902,2.115799158564018
1990-12-04,5.600648611111112,0.12849352968207972,1.872857859206809
1990-12-05,5.5897652777777775,0.17538977623855362,1.7991782793170026
1990-12-06,5.578626388888889,0.27971549937904944,1.7059914450653955
1990-12-07,5.567659722222222,0.3635488212339622,1.6331247898771493
1990-12-08,5.5560986111111115,0.4040260939612349,1.8335419615943205
1990-12-09,5.544666666666666,0.3788453891862119,3.3578212774804546
1990-12-10,5.533852777777778,0.37963133510372027,3.891515887118502
1990-12-11,5.517490277777778,0.33544477260372035,3.4673982829518355
1990-12-12,5.495424999999999,0.3643367749185351,4.239904891748133
1990-12-13,5.472684722222223,0.514807388344461,4.261841222766649
1990-12-14,5.445923611111111,0.5376305827889055,3.9667791394333185
1990-12-15,5.412755555555555,0.4949600272333499,3.6866177505444298
1990-12-16,5.374669444444445,0.49662098788149794,3.7217095676740573
1990-12-17,5.336508333333334,0.47570971473334994,3.7674486185999845
1990-12-18,5.3008875,0.5283973073259426,3.7473818593407238
1990-12-19,5.265930555555556,0.5651246105666834,3.828278167211093
1990-12-20,5.230897222222222,0.5455026776963129,3.7286001000814646
1990-12-21,5.197520833333334,0.5103209184370536,3.315491581562946
1990-12-22,5.168352777777778,0.43731462214075734,0.44766593341479854
1990-12-23,5.141966666666667,0.42783646241853507,-0.40913646241853424
1990-12-24,5.1157055555555555,0.41578625408520165,-0.5861584763074231
1990-12-25,5.0884736111111115,0.3136183952889055,-1.4194253397333498
1990-12-26,5.059956944444444,0.33642587214075753,-1.3037161499185346
1990-12-27,5.029334722222222,0.28234751565927585,-0.9543489045481639
1990-12-28,4.9926055555555555,0.2558598420481646,-0.8557987309370523
1990-12-29,4.951427777777778,0.29264128880742396,-0.8330690665852014
1990-12-30,4.910576388888889,0.32368025871483147,-0.946589980937053
1990-12-31,4.870495833333333,0.3322542401963129,-0.7184167401963113
1991-01-01,4.831168055555556,0.3316346568629795,-0.49813604575186793
1991-01-02,4.7944125,0.24482230732594254,0.3380985260073919
1991-01-03,4.758902777777778,0.11616522399260916,0.4795986648962803
1991-01-04,4.72165,0.022069471677794328,0.5932805283222069
1991-01-05,4.684481944444444,-0.1206328315629463,0.8724842204518366
1991-01-06,4.6501125000000005,-0.18902258850739087,1.128910088507391
1991-01-07,4.625840277777778,-0.2039141047110945,1.0127404935999835
1991-01-08,4.612518055555556,-0.27291434776665,-0.39093704112223926
1991-01-09,4.601679166666667,-0.3051572181370204,-0.8768552818629796
1991-01-10,4.5945875,-0.2999337806370204,-0.87865371936298
1991-01-11,4.590936111111111,-0.33445717184072404,-1.5248122726037192
1991-01-12,4.586775000000001,-0.44370401211850197,-1.087070987881499
1991-01-13,4.581802777777779,-0.4828114426740575,-0.3153246684370543
1991-01-14,4.577138888888889,-0.46414806304442785,-0.209990825844461
1991-01-15,4.576413888888889,-0.5173540352666499,-0.1557265202889051
1991-01-16,4.577309722222223,-0.4947984681370205,-0.17784458741853554
1991-01-17,4.576215277777778,-0.5233943940629464,-0.15215421704816467
1991-01-18,4.575212500000001,-0.5328582945259094,-0.2720208721407579
1991-01-19,4.574558333333334,-0.4915492435999834,-0.3230090897333503
1991-01-20,4.571806944444445,-0.41680228758146504,-0.5463379901963132
1991-01-21,4.559587500000001,-0.4217763385073909,-0.5291444948259434
1991-01-22,4.538348611111112,-0.46663122276665014,-0.46305072167779515
1991-01-23,4.515183333333333,-0.4026943130444278,-0.5038223536222384
1991-01-24,4.488202777777778,-0.3639181787851685,-0.5436179323259432
1991-01-25,4.458643055555557,-0.3776845560999835,-0.6352918327889066
1991-01-26,4.4315194444444455,-0.3483911764703538,-0.9677949346407582
1991-01-27,4.410884722222223,-0.2895741162851687,-1.0426439392703868
1991-01-28,4.394908333333333,-0.31731783156294635,-1.019257168437053
1991-01-29,4.378837500000001,-0.2966407135073909,-1.0238634531592763
1991-01-30,4.362181944444445,-0.29173550517405755,-1.2137797726037205
1991-01-31,4.345397222222223,-0.23469192878516856,-1.434371960103721
1991-02-01,4.3295972222222225,-0.14897896582220566,-2.2169515897333496
1991-02-02,4.318652777777778,-0.06844585239627972,-2.2988735920481647
1991-02-03,4.317598611111111,-0.01862322508146481,-2.5379753860296463
1991-02-04,4.323372222222222,-0.03530623434072408,-2.626399321214831
1991-02-05,4.328122222222222,-0.029864046840724114,-2.7055915087148312
1991-02-06,4.321661111111112,-0.06775380378516854,-2.715240640659277
1991-02-07,4.297084722222222,0.03105302233589053,-2.783804411224779
1991-02-08,4.261409722222222,0.0305050310594902,-2.683914753281712
1991-02-09,4.225395833333334,0.03686623399796589,-2.5959287339979658
1991-02-10,4.187977777777778,0.06685749891991248,-2.522501943364357
1991-02-11,4.1466972222222225,0.08326047183084001,-2.9716243607197286
1991-02-12,4.106144444444444,0.11941637173901258,-3.6042274828501233
1991-02-13,4.068418055555556,0.1470528386811614,-3.6951375609033836
1991-02-14,4.032181944444445,0.18256469588960944,-3.652746640334054
1991-02-15,3.996102777777778,0.18891858707418244,-3.2370213648519597
1991-02-16,3.9604611111111114,0.17629473491623948,-2.921089179360684
1991-02-17,3.9243041666666674,0.15251257238180407,-2.861150072381804
1991-02-18,3.8879208333333333,0.07848643601816786,-2.750740602684834
1991-02-19,3.8538013888888893,-0.0004612682977183022,-2.637673453924504
1991-02-20,3.829340277777778,0.040701587533319324,-2.6543751986444297
1991-02-21,3.814080555555556,0.04912748285012372,-2.6475413717390124
1991-02-22,3.8017069444444447,0.025421261546175113,-2.599461539323953
1991-02-23,3.7949986111111116,0.020818678901546983,-2.5881506233459914
1991-02-24,3.791804166666667,-0.02905082293500033,-2.535086677065
1991-02-25,3.786538888888889,-0.05023497123619397,-2.508637250986028
1991-02-26,3.779461111111112,-0.09321372467972029,-2.4585807197647247
1991-02-27,3.7726541666666673,-0.09599717279725936,-2.306323660536074
1991-02-28,3.7669847222222224,-0.05596561861911424,-2.0920191036031075
1991-03-01,3.761622222222223,-0.036045669124164875,-2.018576553098057
1991-03-02,3.7562194444444446,-0.05386257683766328,-1.954690200940114
1991-03-03,3.7493486111111114,-0.1373418008964328,-1.8403401435480113
1991-03-04,3.7379013888888895,-0.1732937866631913,-1.792940935559031
1991-03-05,3.719683333333334,-0.1762693720626403,-1.7384139612706935
1991-03-06,3.6956736111111113,-0.12374578390837038,-1.5982611605360737
1991-03-07,3.6696347222222228,-0.15041892440423824,-1.1275491311513175
1991-03-08,3.6442166666666673,-0.1636749390966165,0.8944582724299492
1991-03-09,3.625795833333334,-0.14779169759064778,1.5416625309239804
1991-03-10,3.6158777777777784,-0.09885666545107002,1.438978887673292
1991-03-11,3.609765277777778,-0.06195531099744281,1.3915233665529987
1991-03-12,3.6119972222222225,-0.08742179400938063,1.2534245717871586
1991-03-13,3.6198180555555557,-0.14205875452361366,1.3002406989680584
1991-03-14,3.623256944444445,-0.1620991356071766,1.2215088578293987
1991-03-15,3.623441666666667,-0.16617248271461468,1.1983974827146147
1991-03-16,3.6247,-0.15237648868339332,1.1413431553500597
1991-03-17,3.627873611111111,-0.1598384377192059,0.8399648266080955
1991-03-18,3.632288888888889,-0.17182070355942644,0.6051984813372043
1991-03-19,3.637729166666667,-0.1790689703179204,0.8103398036512546
1991-03-20,3.643625,-0.134339849564936,0.7960481828982702
1991-03-21,3.6493680555555557,-0.09532976003325565,1.0059617044777005
1991-03-22,3.6549347222222224,-0.05826592853646957,2.0359978729809143
1991-03-23,3.660320833333334,-0.014703061227011285,2.6123822278936775
1991-03-24,3.6647500000000006,-0.04287351577246585,2.649456849105799
1991-03-25,3.6683236111111115,0.022996169718810612,2.611680219170078
1991-03-26,3.6725208333333335,0.06259709947087659,2.6245487338624565
1991-03-27,3.6793819444444447,0.10803479460402632,2.685583260951529
1991-03-28,3.6883236111111115,0.11858051315315392,2.711429209069068
1991-03-29,3.6968152777777785,0.11405079552230005,2.565800593366588
1991-03-30,3.7046875000000004,0.026241635742685704,2.397070864257315
1991-03-31,3.7127875,-0.00823790971185972,2.3354504097118607
1991-04-01,3.720948611111112,-0.045008949656763206,2.3233936718789856
1991-04-02,3.730577777777778,0.04795500810264902,2.196800547452907
1991-04-03,3.7421208333333333,0.12849352968207972,2.9040523036512536
1991-04-04,3.7542333333333335,0.17538977623855362,4.20904355709478
1991-04-05,3.767055555555556,0.27971549937904944,4.328895611732062
1991-04-06,3.7802888888888893,0.3635488212339622,3.749162289877148
1991-04-07,3.7945500000000005,0.4040260939612349,1.7157572393720981
1991-04-08,3.8101763888888893,0.3788453891862119,1.0733115552582322
1991-04-09,3.8267888888888892,0.37963133510372027,1.055579776007391
1991-04-10,3.8429208333333342,0.33544477260372035,1.041634394062946
1991-04-11,3.854065277777778,0.3643367749185351,1.0012646139703538
1991-04-12,3.8631166666666674,0.514807388344461,0.8440759449888711
1991-04-13,3.8766916666666673,0.5376305827889055,0.8306777505444273
1991-04-14,3.8932347222222226,0.4949600272333499,0.8571385838777605
1991-04-15,3.908715277777778,0.49662098788149794,0.8399970676740569
1991-04-16,3.920580555555556,0.47570971473334994,0.8720430630444276
1991-04-17,3.9413986111111114,0.5283973073259426,0.8642040815629465
1991-04-18,3.980451388888889,0.5651246105666834,0.6787573338777615
1991-04-19,4.026627777777778,0.5455026776963129,0.6358695445259096
1991-04-20,4.072901388888889,0.5103209184370536,0.5484443593407242
1991-04-21,4.119565277777777,0.43731462214075734,-0.4825465665852011
1991-04-22,4.166602777777777,0.42783646241853507,-1.117105906862979
1991-04-23,4.213831944444445,0.41578625408520165,-0.9706181985296466
1991-04-24,4.261323611111111,0.3136183952889055,-0.9159420064000163
1991-04-25,4.308613888888889,0.33642587214075753,-0.9953730943629795
1991-04-26,4.3549805555555565,0.28234751565927585,-1.1006614045481653
1991-04-27,4.400941666666667,0.2558598420481646,-1.1421348420481645
1991-04-28,4.447043055555556,0.29264128880742396,-1.084351011029646
1991-04-29,4.493594444444446,0.32368025871483147,-1.13460803649261
1991-04-30,4.540470833333334,0.3322542401963129,-1.070391740196313
1991-05-01,4.5869486111111115,0.3316346568629795,-0.8685832679740912
1991-05-02,4.633156944444446,0.24482230732594254,-0.5349792517703884
1991-05-03,4.678980555555556,0.11616522399260916,-1.1534791128814985
1991-05-04,4.72296388888889,0.022069471677794328,-2.067366693900017
1991-05-05,4.764541666666667,-0.1206328315629463,-2.310575501770387
1991-05-06,4.803166666666667,-0.18902258850739087,-2.170477411492609
1991-05-07,4.830508333333333,-0.2039141047110945,-2.145927561955572
1991-05-08,4.845526388888889,-0.27291434776665,-2.090945374455572
1991-05-09,4.856855555555557,-0.3051572181370204,-2.0453650040852027
1991-05-10,4.867218055555556,-0.2999337806370204,-1.7049509415852022
1991-05-11,4.877526388888889,-0.33445717184072404,-0.7220692170481644
1991-05-12,4.8882013888888896,-0.44370401211850197,-0.6008307101037206
1991-05-13,4.900893055555556,-0.4828114426740575,-0.5967482795481642
1991-05-14,4.915841666666667,-0.46414806304442785,-0.5420269369555719
1991-05-15,4.9346902777777775,-0.5173540352666499,-0.21866957584446056
1991-05-16,4.957947222222223,-0.4947984681370205,-0.09214875408520179
1991-05-17,4.969888888888889,-0.5233943940629464,0.04750550517405827
1991-05-18,4.963138888888889,-0.5328582945259094,0.052386072303687636
1991-05-19,4.949533333333333,-0.4915492435999834,0.004682576933317528
1991-05-20,4.934620833333334,-0.41680228758146504,-0.2334852124185351
1991-05-21,4.913811111111111,-0.4217763385073909,-0.22303477260371946
1991-05-22,4.885575,-0.46663122276665014,-0.17794377723334953
1991-05-23,4.854415277777777,-0.4026943130444278,-0.4123876314000159
1991-05-24,4.824465277777778,-0.3639181787851685,-0.452880432325942
1991-05-25,4.7968472222222225,-0.3776845560999835,-0.39316266612223827
1991-05-26,4.770268055555555,-0.3483911764703538,-0.24021021241853413
1991-05-27,4.744630555555556,-0.2895741162851687,-0.2967231059370533
1991-05-28,4.720026388888889,-0.31731783156294635,-0.3860418906592751
1991-05-29,4.695191666666666,-0.2966407135073909,-0.40921761982594124
1991-05-30,4.670031944444444,-0.29173550517405755,-0.5086297726037194
1991-05-31,4.64706111111111,-0.23469192878516856,-0.7903691823259411
1991-06-01,4.630183333333333,-0.14897896582220566,-1.1522043675111269
1991-06-02,4.614020833333333,-0.06844585239627972,-1.1892416476037198
1991-06-03,4.588763888888889,-0.01862322508146481,-1.3071406638074237
1991-06-04,4.5568430555555555,-0.03530623434072408,-1.284536821214831
1991-06-05,4.525947222222222,-0.029864046840724114,-1.3027498420481645
1991-06-06,4.505270833333333,-0.06775380378516854,-1.0768503628814974
1991-06-07,4.495504166666667,0.03105302233589053,-1.0538905223358896
1991-06-08,4.488341666666667,0.0305050310594902,-0.8521800310594901
1991-06-09,4.484554166666666,0.03686623399796589,-1.042087067331298
1991-06-10,4.4842763888888895,0.06685749891991248,-1.9571338878088016
1991-06-11,4.48403888888889,0.08326047183084001,-1.9982993607197292
1991-06-12,4.482543055555556,0.11941637173901258,-2.033292760627902
1991-06-13,4.47965,0.1470528386811614,-2.083369505347828
1991-06-14,4.473219444444444,0.18256469588960944,-2.4014508070007192
1991-06-15,4.463416666666667,0.18891858707418244,-2.5490019204075156
1991-06-16,4.453247222222222,0.17629473491623948,0.4271247095282059
1991-06-17,4.44155138888889,0.15251257238180407,2.15326937206264
1991-06-18,4.428791666666667,0.07848643601816786,2.2590552306484986
1991-06-19,4.416415277777778,-0.0004612682977183022,2.354712657186607
1991-06-20,4.408738888888889,0.040701587533319324,2.410559523577792
1991-06-21,4.407931944444445,0.04912748285012372,2.4032739060387645
1991-06-22,4.408852777777778,0.025421261546175113,2.4837259606760473
1991-06-23,4.4075347222222225,0.020818678901546983,2.506979932209563
1991-06-24,4.4043,-0.02905082293500033,2.4944174896016658
1991-06-25,4.400643055555555,-0.05023497123619397,2.363258582347305
1991-06-26,4.396056944444444,-0.09321372467972029,2.46949011356861
1991-06-27,4.3903625,-0.09599717279725936,2.5956346727972597
1991-06-28,4.3843902777777775,-0.05596561861911424,2.9432420075080032
1991-06-29,4.377805555555556,-0.036045669124164875,2.962906780235276
1991-06-30,4.367900000000001,-0.05386257683766328,2.99062924350433
1991-07-01,4.349918055555555,-0.1373418008964328,3.0920904120075443
1991-07-02,4.329454166666667,-0.1732937866631913,3.0801729533298565
1991-07-03,4.315772222222222,-0.1762693720626403,2.756830483173751
1991-07-04,4.3075375000000005,-0.12374578390837038,2.6772082839083695
1991-07-05,4.3002875,-0.15041892440423824,2.6244647577375715
1991-07-06,4.292430555555555,-0.1636749390966165,2.4255777168743946
1991-07-07,4.284415277777778,-0.14779169759064778,2.3080430864795365
1991-07-08,4.276293055555556,-0.09885666545107002,2.0725636098955142
1991-07-09,4.263073611111111,-0.06195531099744281,1.931215033219665
1991-07-10,4.240830555555556,-0.08742179400938063,1.9055912384538238
1991-07-11,4.21445,-0.14205875452361366,1.9866087545236126
1991-07-12,4.1876,-0.1620991356071766,2.4221658022738435
1991-07-13,4.160205555555556,-0.16617248271461468,2.4843002604923923
1991-07-14,4.132022222222222,-0.15237648868339332,3.3350209331278378
1991-07-15,4.1027347222222215,-0.1598384377192059,3.2457703821636508
1991-07-16,4.072436111111111,-0.17182070355942644,0.15038459244831545
1991-07-17,4.041651388888889,-0.1790689703179204,-1.1989157519043017
1991-07-18,4.0110875,-0.134339849564936,-1.2314143171017302
1991-07-19,3.981477777777778,-0.09532976003325565,-1.245148017744522
1991-07-20,3.9526972222222225,-0.05826592853646957,-1.3370979603524193
1991-07-21,3.9241027777777777,-0.014703061227011285,-1.3527330498840997
1991-07-22,3.8965430555555556,-0.04287351577246585,-1.3593362064497558
1991-07-23,3.869783333333334,0.022996169718810612,-1.0007795030521436
1991-07-24,3.8441083333333337,0.06259709947087659,-0.7643720994708766
1991-07-25,3.8189583333333337,0.10803479460402632,-0.6156597946040259
1991-07-26,3.793120833333334,0.11858051315315392,-0.3847013464864873
1991-07-27,3.768097222222223,0.11405079552230005,-0.41914801774452237
1991-07-28,3.753845833333334,0.026241635742685704,-0.698754135742686
1991-07-29,3.751865277777778,-0.00823790971185972,-0.6952940347325847
1991-07-30,3.7540458333333335,-0.045008949656763206,-0.23103688367656966
1991-07-31,3.7749750000000004,0.04795500810264902,0.6230699918973512
1991-08-01,3.818869444444445,0.12849352968207972,0.4776370258734759
1991-08-02,3.8694013888888894,0.17538977623855362,0.3818755015392237
1991-08-03,3.9206722222222226,0.27971549937904944,0.22627894506539475
1991-08-04,3.9722736111111114,0.3635488212339622,0.09117756765492685
1991-08-05,4.023351388888889,0.4040260939612349,-0.009377482850123742
1991-08-06,4.073680555555557,0.3788453891862119,-0.037859278075102254
1991-08-07,4.127841666666667,0.37963133510372027,-0.11680633510372085
1991-08-08,4.186756944444445,0.33544477260372035,0.6601316162851685
1991-08-09,4.250306944444445,0.3643367749185351,0.5760229473036882
1991-08-10,4.317725000000001,0.514807388344461,0.36146761165553865
1991-08-11,4.385248611111112,0.5376305827889055,-0.00887919390001668
1991-08-12,4.454093055555556,0.4949600272333499,-0.06705308278890448
1991-08-13,4.529856944444445,0.49662098788149794,-0.9611445989926097
1991-08-14,4.612459722222223,0.47570971473334994,-0.9925027702889055
1991-08-15,4.684473611111112,0.5283973073259426,-1.1468709184370534
1991-08-16,4.737627777777778,0.5651246105666834,-1.6174190550111276
1991-08-17,4.783561111111112,0.5455026776963129,-1.644397122140758
1991-08-18,4.830534722222223,0.5103209184370536,-1.6561889739926094
1991-08-19,4.87875,0.43731462214075734,-1.6370646221407568
1991-08-20,4.927798611111111,0.42783646241853507,-1.6766350735296456
1991-08-21,4.97751388888889,0.41578625408520165,-1.7149668096407575
1991-08-22,5.027009722222223,0.3136183952889055,-2.017294784177795
1991-08-23,5.074870833333334,0.33642587214075753,-2.2022967054740903
1991-08-24,5.1215930555555556,0.28234751565927585,-2.3042739045481646
1991-08-25,5.168501388888889,0.2558598420481646,-2.5733612309370533
1991-08-26,5.213795833333334,0.29264128880742396,-2.554103788807424
1991-08-27,5.246295833333334,0.32368025871483147,-2.617642758714831
1991-08-28,5.2654097222222225,0.3322542401963129,-2.6453306290852012
1991-08-29,5.281755555555556,0.3316346568629795,-3.090723545751868
1991-08-30,5.281605555555556,0.24482230732594254,-3.971761196214832
1991-08-31,5.260254166666666,0.11616522399260916,-3.8577527239926077
1991-09-01,5.234613888888889,0.022069471677794328,-3.739683360566683
1991-09-02,5.210293055555556,-0.1206328315629463,-3.5719935573259427
1991-09-03,5.1864541666666675,-0.18902258850739087,-3.4780982448259428
1991-09-04,5.164297222222222,-0.2039141047110945,-3.441049784177794
1991-09-05,5.144554166666667,-0.27291434776665,-3.3523064855666833
1991-09-06,5.122194444444445,-0.3051572181370204,-3.297703892974091
1991-09-07,5.097031944444446,-0.2999337806370204,-4.120431497140758
1991-09-08,5.073209722222223,-0.33445717184072404,-4.070419217048165
1991-09-09,5.049798611111112,-0.44370401211850197,-3.94109459899261
1991-09-10,5.0263875,-0.4828114426740575,-3.987576057325942
1991-09-11,5.001202777777777,-0.46414806304442785,-3.9367213814000164
1991-09-12,4.965686111111111,-0.5173540352666499,-3.7043320758444604
1991-09-13,4.921294444444445,-0.4947984681370205,-3.629829309640758
1991-09-14,4.8924916666666665,-0.5233943940629464,-3.572430605937053
1991-09-15,4.885555555555555,-0.5328582945259094,-3.561030594362979
1991-09-16,4.884743055555556,-0.4915492435999834,-3.5748604786222384
1991-09-17,4.883977777777778,-0.41680228758146504,-3.644842156862979
1991-09-18,4.8833930555555565,-0.4217763385073909,-3.6379500503814985
1991-09-19,4.8823444444444455,-0.46663122276665014,-3.5920465550111285
1991-09-20,4.880836111111112,-0.4026943130444278,-3.6358084647333495
1991-09-21,4.879022222222222,-0.3639181787851685,-3.7327707101037197
1991-09-22,4.8756819444444455,-0.3776845560999835,-3.408664055011128
1991-09-23,4.870713888888889,-0.3483911764703538,-3.4399893790852016
1991-09-24,4.864143055555556,-0.2895741162851687,-3.5179022726037203
1991-09-25,4.856940277777778,-0.31731783156294635,-3.426955779548165
1991-09-26,4.851594444444444,-0.2966407135073909,-1.081953730937053
1991-09-27,4.847976388888888,-0.29173550517405755,-0.645574217048164
1991-09-28,4.842705555555556,-0.23469192878516856,-0.5036802934370535
1991-09-29,4.831611111111111,-0.14897896582220566,3.187034521377761
1991-09-30,4.816198611111111,-0.06844585239627972,4.602580574618502
1991-10-01,4.800494444444444,-0.01862322508146481,4.6147954473036865
1991-10-02,4.784783333333333,-0.03530623434072408,4.658856234340724
1991-10-03,4.769045833333333,-0.029864046840724114,4.667151546840723
1991-10-04,4.752940277777778,-0.06775380378516854,4.721146859340723
1991-10-05,4.735430555555555,0.03105302233589053,4.739516422108554
1991-10-06,4.716830555555555,0.0305050310594902,5.884664413384956
1991-10-07,4.694372222222222,0.03686623399796589,5.92242821044648
1991-10-08,4.667870833333334,0.06685749891991248,5.936938334413423
1991-10-09,4.641140277777778,0.08326047183084001,5.947265917058051
1991-10-10,4.613943055555556,0.11941637173901258,5.938307239372101
1991-10-11,4.586415277777777,0.1470528386811614,6.229531883541062
1991-10-12,4.562409722222222,0.18256469588960944,7.2730255818881675
1991-10-13,4.541563888888889,0.18891858707418244,7.433850857370261
1991-10-14,4.517291666666667,0.17629473491623948,7.585413598417092
1991-10-15,4.491226388888888,0.15251257238180407,7.638261038729308
1991-10-16,4.466469444444444,0.07848643601816786,7.7107107862040545
1991-10-17,4.440497222222222,-0.0004612682977183022,8.114964046075498
1991-10-18,4.413870833333334,0.040701587533319324,8.19276091246668
1991-10-19,4.391909722222222,0.04912748285012372,8.40362946159432
1991-10-20,4.3762138888888895,0.025421261546175113,8.463698182898268
1991-10-21,4.3658625,0.020818678901546983,8.480318821098452
1991-10-22,4.377254166666667,-0.02905082293500033,8.076463322935
1991-10-23,4.419219444444445,-0.05023497123619397,8.003015526791748
1991-10-24,4.474491666666667,-0.09321372467972029,7.990722058013051
1991-10-25,4.531230555555556,-0.09599717279725936,7.725766617241703
1991-10-26,4.588238888888889,-0.05596561861911424,5.268393396396892
1991-10-27,4.646030555555556,-0.036045669124164875,4.753015113568608
1991-10-28,4.707401388888889,-0.05386257683766328,4.515794521282107
1991-10-29,4.775615277777778,-0.1373418008964328,0.7657265231186557
1991-10-30,4.8480125,-0.1732937866631913,-0.662052046670142
1991-10-31,4.920566666666667,-0.1762693720626403,-0.777963961270693
1991-11-01,4.993124999999999,-0.12374578390837038,-0.9153792160916285
1991-11-02,5.065673611111111,-0.15041892440423824,-0.9552546867068727
1991-11-03,5.138215277777777,-0.1636749390966165,-0.9235403386811607
1991-11-04,5.210756944444444,-0.14779169759064778,-0.8532985801871295
1991-11-05,5.283280555555555,-0.09885666545107002,-2.065757223437818
1991-11-06,5.359297222222222,-0.06195531099744281,-2.0726752445581123
1991-11-07,5.438859722222222,-0.08742179400938063,-2.1021045948795085
1991-11-08,5.518470833333334,-0.14205875452361366,-2.1264120788097194
1991-11-09,5.598577777777778,-0.1620991356071766,-1.798478642170601
1991-11-10,5.681191666666666,-0.16617248271461468,-2.2713525172853846
1991-11-11,5.766495833333334,-0.15237648868339332,-3.588786011316607
1991-11-12,5.8522694444444445,-0.1598384377192059,-3.868431006725238
1991-11-13,5.9378472222222225,-0.17182070355942644,-3.2630265186627954
1991-11-14,6.023445833333333,-0.1790689703179204,-3.2973768630154123
1991-11-15,6.108954166666667,-0.134339849564936,-3.4076143171017304
1991-11-16,6.194334722222222,-0.09532976003325565,-3.5633382955223
1991-11-17,6.278902777777778,-0.05826592853646957,-3.6983035159079742
1991-11-18,6.358426388888889,-0.014703061227011285,-4.003723327661877
1991-11-19,6.431345833333333,-0.04287351577246585,-4.039472317560867
1991-11-20,6.499594444444444,0.022996169718810612,-3.920590614163254
1991-11-21,6.546191666666666,0.06259709947087659,-3.9781220994708755
1991-11-22,6.561966666666666,0.10803479460402632,-4.039334794604025
1991-11-23,6.5662416666666665,0.11858051315315392,-4.0541555131531535
1991-11-24,6.569780555555555,0.11405079552230005,-4.053164684411188
1991-11-25,6.562777777777777,0.026241635742685704,-3.9583527468537953
1991-11-26,6.543362499999999,-0.00823790971185972,-3.9044579236214716
1991-11-27,6.519529166666667,-0.045008949656763206,-3.843853550343236
1991-11-28,6.478181944444444,0.04795500810264902,-3.8954702858804255
1991-11-29,6.414976388888888,0.12849352968207972,-4.0021365852376345
1991-11-30,6.345408333333332,0.17538977623855362,-3.979464776238552
1991-12-01,6.275598611111111,0.27971549937904944,-4.013980777156826
1991-12-02,6.205748611111111,0.3635488212339622,-4.033964099011739
1991-12-03,6.135906944444445,0.4040260939612349,-4.095599705072346
1991-12-04,6.06565,0.3788453891862119,-4.258495389186211
1991-12-05,5.991805555555556,0.37963133510372027,-4.216103557325942
1991-12-06,5.922316666666667,0.33544477260372035,-4.23009477260372
1991-12-07,5.862615277777778,0.3643367749185351,-4.241952052696313
1991-12-08,5.8052,0.514807388344461,-4.335674055011127
1991-12-09,5.747784722222223,0.5376305827889055,-4.689081971677794
1991-12-10,5.686919444444444,0.4949600272333499,-4.588879471677793
1991-12-11,5.617294444444445,0.49662098788149794,-4.520915432325943
1991-12-12,5.541893055555556,0.47570971473334994,-4.452602770288905
1991-12-13,5.4672777777777775,0.5283973073259426,-5.224341751770386
1991-12-14,5.393877777777778,0.5651246105666834,-5.2346690550111274
1991-12-15,5.322850000000001,0.5455026776963129,-5.164352677696313
1991-12-16,5.252984722222223,0.5103209184370536,-5.331305640659276
1991-12-17,5.182755555555556,0.43731462214075734,-5.078736844362979
1991-12-18,5.114094444444445,0.42783646241853507,-3.9959309068629802
1991-12-19,5.04755,0.41578625408520165,-3.419002920751868
1991-12-20,4.982334722222223,0.3136183952889055,-2.8229531175111284
1991-12-21,4.918819444444445,0.33642587214075753,1.5380880167481314
1991-12-22,4.857175,0.28234751565927585,4.447477484340724
1991-12-23,4.795570833333334,0.2558598420481646,4.577569324618501
1991-12-24,4.734602777777779,0.29264128880742396,4.764422600081463
1991-12-25,4.684130555555555,0.32368025871483147,4.787189185729614
1991-12-26,4.6452875,0.3322542401963129,5.002124926470353
1991-12-27,4.609156944444445,0.3316346568629795,5.28354173202591
1991-12-28,4.589604166666667,0.24482230732594254,5.389906859340725
1991-12-29,4.5915375,0.11616522399260916,5.516630609340725
1991-12-30,4.599461111111111,0.022069471677794328,5.602802750544428
1991-12-31,4.607629166666667,-0.1206328315629463,5.737336998229613
1992-01-01,4.615823611111111,-0.18902258850739087,5.797532310729614
1992-01-02,4.623829166666667,-0.2039141047110945,5.804418271377761
1992-01-03,4.631009722222222,-0.27291434776665,5.866237958877762
1992-01-04,4.640555555555556,-0.3051572181370204,5.884601662581465
1992-01-05,4.645068055555556,-0.2999337806370204,5.874865725081465
1992-01-06,4.639086111111112,-0.33445717184072404,5.915371060729613
1992-01-07,4.630640277777778,-0.44370401211850197,6.0330637343407245
1992-01-08,4.620583333333334,-0.4828114426740575,6.08889477600739
1992-01-09,4.610587500000001,-0.46414806304442785,6.610560563044428
1992-01-10,4.607172222222223,-0.5173540352666499,6.970515146377761
1992-01-11,4.610073611111112,-0.4947984681370205,6.950724857025909
1992-01-12,4.609916666666667,-0.5233943940629464,6.97947772739628
1992-01-13,4.606340277777779,-0.5328582945259094,6.992518016748131
1992-01-14,4.604443055555556,-0.4915492435999834,6.953106188044428
1992-01-15,4.609675,-0.41680228758146504,6.8731272875814655
1992-01-16,4.620484722222223,-0.4217763385073909,6.677624949618501
1992-01-17,4.629630555555556,-0.46663122276665014,5.69366733387776
1992-01-18,4.6364736111111124,-0.4026943130444278,5.076220701933316
1992-01-19,4.640936111111111,-0.3639181787851685,4.41731540100739
1992-01-20,4.644516666666667,-0.3776845560999835,0.09383455609998248
1992-01-21,4.648731944444445,-0.3483911764703538,-2.7033407679740913
1992-01-22,4.6574847222222235,-0.2895741162851687,-2.799910605937055
1992-01-23,4.673294444444444,-0.31731783156294635,-2.905309946214831
1992-01-24,4.694430555555556,-0.2966407135073909,-2.9434565087148314
1992-01-25,4.717712500000001,-0.29173550517405755,-3.156310328159277
1992-01-26,4.740916666666667,-0.23469192878516856,-3.4808914045481654
1992-01-27,4.764281944444445,-0.14897896582220566,-3.589969645288906
1992-01-28,4.789368055555556,-0.06844585239627972,-3.695588869825943
1992-01-29,4.815994444444445,-0.01862322508146481,-3.7720378860296466
1992-01-30,4.843626388888889,-0.03530623434072408,-3.7829868212148314
1992-01-31,4.881351388888889,-0.029864046840724114,-3.8261540087148314
1992-02-01,4.929641666666666,-0.06775380378516854,-3.8365545295481644
1992-02-02,4.980622222222222,0.03105302233589053,-3.9863419112247795
1992-02-03,5.033498611111112,0.0305050310594902,-3.6740036421706024
1992-02-04,5.088831944444444,0.03686623399796589,-1.907364845109077
1992-02-05,5.146913888888889,0.06685749891991248,-1.435104721142135
1992-02-06,5.205911111111111,0.08326047183084001,-1.5041715829419513
1992-02-07,5.266494444444445,0.11941637173901258,-1.6072441495167906
1992-02-08,5.328675,0.1470528386811614,-2.2273945053478275
1992-02-09,5.390684722222222,0.18256469588960944,-2.550582751445164
1992-02-10,5.451893055555555,0.18891858707418244,-2.5774783092964038
1992-02-11,5.515695833333333,0.17629473491623948,-2.219657234916239
1992-02-12,5.581720833333334,0.15251257238180407,-2.2615667390484706
1992-02-13,5.644116666666666,0.07848643601816786,-1.7042697693515005
1992-02-14,5.698680555555555,-0.0004612682977183022,-1.67355262059117
1992-02-15,5.748977777777778,0.040701587533319324,-1.467012698644431
1992-02-16,5.796429166666666,0.04912748285012372,-1.154889982850123
1992-02-17,5.838951388888888,0.025421261546175113,-0.8157059837683964
1992-02-18,5.879416666666666,0.020818678901546983,-0.8682353455682128
1992-02-19,5.901079166666666,-0.02905082293500033,-0.8560283437316651
1992-02-20,5.892545833333333,-0.05023497123619397,-0.8563108620971385
1992-02-21,5.867673611111111,-0.09321372467972029,-0.8014598864313908
1992-02-22,5.834925,-0.09599717279725936,-0.8112611605360737
1992-02-23,5.7967249999999995,-0.05596561861911424,-0.8200927147142187
1992-02-24,5.756129166666666,-0.036045669124164875,-0.7994168308758345
1992-02-25,5.713738888888889,-0.05386257683766328,-0.7195429787178924
1992-02-26,5.670087499999999,-0.1373418008964328,-0.5924123657702333
1992-02-27,5.625386111111111,-0.1732937866631913,-0.5117589911145867
1992-02-28,5.585086111111111,-0.1762693720626403,-0.46848340571513747
1992-02-29,5.5498125,-0.12374578390837038,-0.4857333827582962
1992-03-01,5.505338888888889,-0.15041892440423824,-0.41458663115131733
1992-03-02,5.4509875,-0.1636749390966165,-0.2953125609033836
1992-03-03,5.396105555555556,-0.14779169759064778,-0.2563138579649079
1992-03-04,5.341123611111112,-0.09885666545107002,-0.614933612326708
1992-03-05,5.284436111111111,-0.06195531099744281,-2.4234808001136683
1992-03-06,5.225915277777778,-0.08742179400938063,-2.8991601504350646
1992-03-07,5.1668375,-0.14205875452361366,-2.7917787454763863
1992-03-08,5.107731944444445,-0.1620991356071766,-2.704299475503935
1992-03-09,5.046393055555556,-0.16617248271461468,-2.6388872395076084
1992-03-10,4.9816,-0.15237648868339332,-2.6212235113166074
1992-03-11,4.915556944444445,-0.1598384377192059,-2.4180518400585727
1992-03-12,4.8498874999999995,-0.17182070355942644,-2.7264001297739062
1992-03-13,4.784572222222223,-0.1790689703179204,-2.365503251904302
1992-03-14,4.718945833333334,-0.134339849564936,-2.165939317101731
1992-03-15,4.6529875,-0.09532976003325565,-0.6179910733000777
1992-03-16,4.586104166666667,-0.05826592853646957,-0.8151715714635309
1992-03-17,4.5221680555555555,-0.014703061227011285,-1.1627983276618772
1992-03-18,4.463431944444444,-0.04287351577246585,-1.4338917620053122
1992-03-19,4.407325,0.022996169718810612,-1.3949878363854773
1992-03-20,4.370359722222222,0.06259709947087659,-1.3762901550264321
1992-03-21,4.3631319444444445,0.10803479460402632,-1.2548334057151378
1992-03-22,4.367940277777778,0.11858051315315392,-0.3408541242642645
1992-03-23,4.373381944444445,0.11405079552230005,0.4225672600332555
1992-03-24,4.378734722222222,0.026241635742685704,1.0190236420350924
1992-03-25,4.384319444444444,-0.00823790971185972,1.048918465267415
1992-03-26,4.391698611111112,-0.045008949656763206,1.0586436718789844
1992-03-27,4.401204166666667,0.04795500810264902,1.0145074918973507
1992-03-28,4.411530555555556,0.12849352968207972,1.1889759147623642
1992-03-29,4.416665277777778,0.17538977623855362,1.1519449459836684
1992-03-30,4.417268055555556,0.27971549937904944,1.2733497783987284
1992-03-31,4.4187625,0.3635488212339622,3.378022012099372
1992-04-01,4.420872222222222,0.4040260939612349,3.584101683816542
1992-04-02,4.427300000000001,0.3788453891862119,3.6505212774804545
1992-04-03,4.441670833333333,0.37963133510372027,3.753697831562946
1992-04-04,4.454493055555556,0.33544477260372035,4.0980621718407235
1992-04-05,4.460733333333334,0.3643367749185351,4.239263225081465
1992-04-06,4.466977777777778,0.514807388344461,4.082548167211095
1992-04-07,4.4748833333333335,0.5376305827889055,4.043819417211094
1992-04-08,4.485729166666667,0.4949600272333499,4.075644139433316
1992-04-09,4.500297222222223,0.49662098788149794,4.0150817898962785
1992-04-10,4.515797222222222,0.47570971473334994,3.8444930630444283
1992-04-11,4.529473611111111,0.5283973073259426,3.755129081562945
1992-04-12,4.541722222222223,0.5651246105666834,3.4218198338777617
1992-04-13,4.5519,0.5455026776963129,2.7772639889703536
1992-04-14,4.559825,0.5103209184370536,1.2865207482296128
1992-04-15,4.566527777777779,0.43731462214075734,1.6841576000814644
1992-04-16,4.570455555555556,0.42783646241853507,1.7893746486925752
1992-04-17,4.571365277777778,0.41578625408520165,2.0208484681370207
1992-04-18,4.571045833333333,0.3136183952889055,2.3363357713777617
1992-04-19,4.571141666666667,0.33642587214075753,2.3367657945259093
1992-04-20,4.576305555555556,0.28234751565927585,2.2293469287851675
1992-04-21,4.587873611111111,0.2558598420481646,1.3149332135073903
1992-04-22,4.601127777777778,0.29264128880742396,0.5085642667481309
1992-04-23,4.616838888888889,0.32368025871483147,0.07581418572961313
1992-04-24,4.637658333333334,0.3322542401963129,0.045420759803686206
1992-04-25,4.663216666666667,0.3316346568629795,0.020148676470354066
1992-04-26,4.689834722222222,0.24482230732594254,0.02267630378516919
1992-04-27,4.716205555555556,0.11616522399260916,-0.06937077954816502
1992-04-28,4.742797222222222,0.022069471677794328,1.2487999727666508
1992-04-29,4.767888888888889,-0.1206328315629463,1.3220772760073907
1992-04-30,4.791220833333333,-0.18902258850739087,-0.7965315781592754
1992-05-01,4.813223611111111,-0.2039141047110945,-1.0106428397333498
1992-05-02,4.830204166666666,-0.27291434776665,-0.8789564855666827
1992-05-03,4.8391013888888885,-0.3051572181370204,-0.963610837418535
1992-05-04,4.849480555555555,-0.2999337806370204,-1.2848801082518675
1992-05-05,4.870658333333333,-0.33445717184072404,-1.4058678281592758
1992-05-06,4.896194444444445,-0.44370401211850197,-1.3214904323259429
1992-05-07,4.920547222222222,-0.4828114426740575,-1.3074024462148308
1992-05-08,4.944723611111111,-0.46414806304442785,-1.3485755480666828
1992-05-09,4.968773611111111,-0.5173540352666499,-1.3164195758444606
1992-05-10,4.9924333333333335,-0.4947984681370205,-1.356634865196313
1992-05-11,5.019347222222223,-0.5233943940629464,-1.2656194948259425
1992-05-12,5.048766666666666,-0.5328582945259094,-1.289908372140757
1992-05-13,5.076890277777778,-0.4915492435999834,-1.429674367511128
1992-05-14,5.098538888888889,-0.41680228758146504,-1.535403267974091
1992-05-15,5.114751388888889,-0.4217763385073909,-1.948975050381498
1992-05-16,5.1334430555555555,-0.46663122276665014,-2.0224784994555716
1992-05-17,5.1555277777777775,-0.4026943130444278,-2.327166798066683
1992-05-18,5.179083333333333,-0.3639181787851685,-2.7021651545481644
1992-05-19,5.202059722222222,-0.3776845560999835,-2.7540418327889054
1992-05-20,5.219040277777777,-0.3483911764703538,-2.717982434640757
1992-05-21,5.224845833333333,-0.2895741162851687,-2.768938383714831
1992-05-22,5.223201388888889,-0.31731783156294635,-2.747550223992609
1992-05-23,5.215833333333332,-0.2966407135073909,-2.887859286492608
1992-05-24,5.201969444444444,-0.29173550517405755,-2.8772339392703863
1992-05-25,5.183476388888888,-0.23469192878516856,-2.9157844601037195
1992-05-26,5.162690277777777,-0.14897896582220566,-2.7147113119555715
1992-05-27,5.139683333333332,-0.06844585239627972,-2.8412374809370524
1992-05-28,5.114923611111111,-0.01862322508146481,-4.043300386029647
1992-05-29,5.089173611111111,-0.03530623434072408,-3.9115340434370536
1992-05-30,5.0535652777777775,-0.029864046840724114,-3.7567012309370535
1992-05-31,5.008004166666667,-0.06775380378516854,-3.6502503628814984
1992-06-01,4.962308333333333,0.03105302233589053,-2.69002802233589
1992-06-02,4.917494444444444,0.0305050310594902,-1.3869994755039345
1992-06-03,4.871418055555555,0.03686623399796589,-0.7836176228868547
1992-06-04,4.819109722222223,0.06685749891991248,-0.5159672211421349
1992-06-05,4.761691666666667,0.08326047183084001,-0.15261880516417364
1992-06-06,4.703819444444445,0.11941637173901258,-0.05456914951679208
1992-06-07,4.645411111111111,0.1470528386811614,0.0688693835410614
1992-06-08,4.586866666666666,0.18256469588960944,0.13656863744372472
1992-06-09,4.529036111111111,0.18891858707418244,0.18204530181470688
1992-06-10,4.471647222222222,0.17629473491623948,0.2700580428615388
1992-06-11,4.419537500000001,0.15251257238180407,0.3946165942848622
1992-06-12,4.375606944444445,0.07848643601816786,0.512906619537387
1992-06-13,4.340708333333334,-0.0004612682977183022,0.6377529349643836
1992-06-14,4.310766666666668,0.040701587533319324,0.6265317458000118
1992-06-15,4.279280555555556,0.04912748285012372,0.649591961594319
1992-06-16,4.246331944444444,0.025421261546175113,0.7079134606760484
1992-06-17,4.211197222222222,0.020818678901546983,0.7923174322095645
1992-06-18,4.175077777777778,-0.02905082293500033,0.9006397118238891
1992-06-19,4.1395125,-0.05023497123619397,2.10538913790286
1992-06-20,4.108477777777779,-0.09321372467972029,2.525402613568607
1992-06-21,4.083455555555556,-0.09599717279725936,2.5535416172417027
1992-06-22,4.063152777777778,-0.05596561861911424,3.0708128408413367
1992-06-23,4.045647222222222,-0.036045669124164875,3.750398446901944
1992-06-24,4.028265277777777,-0.05386257683766328,4.260597299059888
1992-06-25,4.011036111111111,-0.1373418008964328,4.160305689785322
1992-06-26,3.9948569444444444,-0.1732937866631913,4.354103508885413
1992-06-27,3.9753652777777777,-0.1762693720626403,4.287904094284863
1992-06-28,3.953215277777778,-0.12374578390837038,3.9861971727972594
1992-06-29,3.9430638888888887,-0.15041892440423824,3.872021702182016
1992-06-30,3.9503500000000003,-0.1636749390966165,3.76165827242995
1992-07-01,3.964104166666667,-0.14779169759064778,2.694687530923981
1992-07-02,3.9849694444444443,-0.09885666545107002,1.3575538876732935
1992-07-03,4.015061111111111,-0.06195531099744281,0.7205608665529978
1992-07-04,4.047230555555556,-0.08742179400938063,1.4875245717871584
1992-07-05,4.081251388888889,-0.14205875452361366,1.2144740323013916
1992-07-06,4.120711111111111,-0.1620991356071766,1.206721357829399
1992-07-07,4.164248611111111,-0.16617248271461468,1.1215905382701703
1992-07-08,4.207861111111111,-0.15237648868339332,1.04618204423895
1992-07-09,4.251430555555556,-0.1598384377192059,1.0307412154969824
1992-07-10,4.292548611111112,-0.17182070355942644,1.5056054257816476
1992-07-11,4.3274333333333335,-0.1790689703179204,1.4776356369845873
1992-07-12,4.360983333333333,-0.134339849564936,1.5556898495649354
1992-07-13,4.397030555555556,-0.09532976003325565,1.469965871144366
1992-07-14,4.434779166666667,-0.05826592853646957,1.395153428536469
1992-07-15,4.474368055555555,-0.014703061227011285,1.312001672338123
1992-07-16,4.515225,-0.04287351577246585,1.3876485157724652
1992-07-17,4.558488888888888,0.022996169718810612,1.2338482747256334
1992-07-18,4.603233333333334,0.06259709947087659,1.125169567195789
1992-07-19,4.647812500000001,0.10803479460402632,-0.19851396127069365
1992-07-20,4.692302777777778,0.11858051315315392,-0.6128832909309323
1992-07-21,4.736993055555556,0.11405079552230005,-0.38804385107785655
1992-07-22,4.780733333333333,0.026241635742685704,-0.7043083024093518
1992-07-23,4.8234625,-0.00823790971185972,-1.3962245902881405
1992-07-24,4.873098611111111,-0.045008949656763206,-1.8550896614543477
1992-07-25,4.9308250000000005,0.04795500810264902,-2.0714466747693163
1992-07-26,4.989951388888889,0.12849352968207972,-2.3547782519043015
1992-07-27,5.053213888888889,0.17538977623855362,-2.461603665127442
1992-07-28,5.118627777777778,0.27971549937904944,-2.631009943823494
1992-07-29,5.180986111111111,0.3635488212339622,-2.72720159901174
1992-07-30,5.2399305555555555,0.4040260939612349,-2.826623316183457
1992-07-31,5.291972222222222,0.3788453891862119,-2.589484278075101
1992-08-01,5.326337499999999,0.37963133510372027,-2.5109688351037196
1992-08-02,5.345102777777777,0.33544477260372035,-2.4708808837148313
1992-08-03,5.361269444444444,0.3643367749185351,-3.536939552696312
1992-08-04,5.376084722222222,0.514807388344461,-3.7312254439000165
1992-08-05,5.385820833333334,0.5376305827889055,-3.851784749455573
1992-08-06,5.393295833333333,0.4949600272333499,-3.865255860566683
1992-08-07,5.401956944444445,0.49662098788149794,-3.903911265659276
1992-08-08,5.410595833333334,0.47570971473334994,-3.9123055480666835
1992-08-09,5.4190125,0.5283973073259426,-4.045743140659276
1992-08-10,5.426431944444444,0.5651246105666834,-3.0578898883444614
1992-08-11,5.4315444444444445,0.5455026776963129,-3.0507137888074243
1992-08-12,5.435916666666667,0.5103209184370536,-3.016904251770388
1992-08-13,5.441372222222222,0.43731462214075734,-2.9493535110296465
1992-08-14,5.4470875,0.42783646241853507,-2.885257295751869
1992-08-15,5.452611111111111,0.41578625408520165,-2.9700640318629787
1992-08-16,5.457765277777778,0.3136183952889055,-2.87305033973335
1992-08-17,5.462898611111111,0.33642587214075753,-2.9009911499185352
1992-08-18,5.464490277777777,0.28234751565927585,-2.8485044601037197
1992-08-19,5.4607069444444445,0.2558598420481646,-2.8165667864926096
1992-08-20,5.455556944444444,0.29264128880742396,-3.092531566585201
1992-08-21,5.448615277777777,0.32368025871483147,-2.8819622031592753
1992-08-22,5.438629166666667,0.3322542401963129,-2.83088340686298
1992-08-23,5.418697222222223,0.3316346568629795,-2.8316652124185357
1992-08-24,5.389430555555555,0.24482230732594254,-2.7155861962148315
1992-08-25,5.361525,0.11616522399260916,-2.559023557325943
1992-08-26,5.338008333333333,0.022069471677794328,-2.1800778050111274
1992-08-27,5.318448611111111,-0.1206328315629463,-1.7108157795481647
1992-08-28,5.299930555555555,-0.18902258850739087,-1.2592413003814977
1992-08-29,5.2792458333333325,-0.2039141047110945,0.22600160471109498
1992-08-30,5.26031111111111,-0.27291434776665,0.28926990332220615
1992-08-31,5.250365277777777,-0.3051572181370204,2.0344586070259107
1992-09-01,5.248105555555555,-0.2999337806370204,2.129161558414799
1992-09-02,5.243943055555555,-0.33445717184072404,2.1288474496185015
1992-09-03,5.235463888888889,-0.44370401211850197,2.596240123229613
1992-09-04,5.228020833333333,-0.4828114426740575,3.598457276007392
1992-09-05,5.2203124999999995,-0.46414806304442785,3.611502229711095
1992-09-06,5.211245833333333,-0.5173540352666499,3.6724415352666506
1992-09-07,5.202029166666666,-0.4947984681370205,3.659102634803688
1992-09-08,5.190606944444443,-0.5233943940629464,3.206120782951836
1992-09-09,5.176937499999999,-0.5328582945259094,2.311254127859244
1992-09-10,5.1612430555555555,-0.4915492435999834,2.8086395213777613
1992-09-11,5.1432375,-0.41680228758146504,2.748564787581465
1992-09-12,5.127297222222222,-0.4217763385073909,2.769479116285168
1992-09-13,5.114533333333333,-0.46663122276665014,2.766764556099983
1992-09-14,5.104483333333333,-0.4026943130444278,2.7592109797110957
1992-09-15,5.097158333333333,-0.3639181787851685,2.727759845451836
1992-09-16,5.09097361111111,-0.3776845560999835,2.7477109449888735
1992-09-17,5.089759722222222,-0.3483911764703538,2.7196314542481317
1992-09-18,5.096036111111111,-0.2895741162851687,2.729204671840725
1992-09-19,5.106430555555556,-0.31731783156294635,2.7255539426740585
1992-09-20,5.120747222222223,-0.2966407135073909,2.3485601579518356
1992-09-21,5.139425,-0.29173550517405755,2.2989771718407237
1992-09-22,5.167418055555556,-0.23469192878516856,3.899273873229613
1992-09-23,5.206569444444445,-0.14897896582220566,4.296742854711094
1992-09-24,5.247433333333333,-0.06844585239627972,4.186012519062946
1992-09-25,5.284224999999999,-0.01862322508146481,3.8353982250814664
1992-09-26,5.318548611111111,-0.03530623434072408,3.51042428989628
1992-09-27,5.355422222222222,-0.029864046840724114,3.256108491285171
1992-09-28,5.393283333333333,-0.06775380378516854,2.7964704704518373
1992-09-29,5.428411111111111,0.03105302233589053,2.5018691998863316
1992-09-30,5.462462499999999,0.0305050310594902,0.6576991356071776
1992-10-01,5.496397222222222,0.03686623399796589,0.5054032104464791
1992-10-02,5.534418055555555,0.06685749891991248,0.7347244455245325
1992-10-03,5.577525,0.08326047183084001,0.6212145281691603
1992-10-04,5.623627777777777,0.11941637173901258,-0.22737748285012355
1992-10-05,5.673819444444445,0.1470528386811614,0.08746105020772707
1992-10-06,5.7279125,0.18256469588960944,0.027189470777057023
1992-10-07,5.784134722222222,0.18891858707418244,-0.031386642629738365
1992-10-08,5.8418930555555555,0.17629473491623948,-0.12185445713846133
1992-10-09,5.897369444444444,0.15251257238180407,-0.28088201682624814
1992-10-10,5.949299999999999,0.07848643601816786,-0.6361197693515004
1992-10-11,6.000861111111112,-0.0004612682977183022,-0.39773317614672665
1992-10-12,6.049265277777778,0.040701587533319324,-0.4273001986444306
1992-10-13,6.096231944444444,0.04912748285012372,-0.4803594272945667
1992-10-14,6.142486111111111,0.025421261546175113,-0.5495740393239523
1992-10-15,6.186202777777778,0.020818678901546983,-0.5843547900126584
1992-10-16,6.2288097222222225,-0.02905082293500033,-0.5194255659538887
1992-10-17,6.270354166666667,-0.05023497123619397,-0.27711919543047375
1992-10-18,6.309870833333334,-0.09321372467972029,-0.3323237753202805
1992-10-19,6.346277777777778,-0.09599717279725936,-0.28894727164718537
1992-10-20,6.378459722222223,-0.05596561861911424,-0.3308274369364423
1992-10-21,6.407019444444444,-0.036045669124164875,0.07869289134638827
1992-10-22,6.428825,-0.05386257683766328,-1.6132957564956698
1992-10-23,6.440655555555555,-0.1373418008964328,-1.8199804213257886
1992-10-24,6.448311111111111,-0.1732937866631913,-1.2460173244479196
1992-10-25,6.454877777777778,-0.1762693720626403,-0.6889417390484707
1992-10-26,6.459069444444443,-0.12374578390837038,-0.7166569938694061
1992-10-27,6.457576388888889,-0.15041892440423824,-0.8898241311513178
1992-10-28,6.4456388888888885,-0.1636749390966165,-1.4506306164589386
1992-10-29,6.427570833333333,-0.14779169759064778,-1.5961124690760191
1992-10-30,6.401840277777778,-0.09885666545107002,-1.6189836123267074
1992-10-31,6.368124999999999,-0.06195531099744281,-1.6151696890025555
1992-11-01,6.334075,-0.08742179400938063,-1.8156532059906196
1992-11-02,6.297856944444444,-0.14205875452361366,-2.0207981899208303
1992-11-03,6.251825,-0.1620991356071766,-1.6920591977261568
1992-11-04,6.1961,-0.16617248271461468,-1.992594183952053
1992-11-05,6.136475,-0.15237648868339332,-1.9760985113166065
1992-11-06,6.0749305555555555,-0.1598384377192059,-1.91109211783635
1992-11-07,6.014295833333334,-0.17182070355942644,-1.8391417964405743
1992-11-08,5.958279166666666,-0.1790689703179204,-1.8108768630154126
1992-11-09,5.9039569444444435,-0.134339849564936,-2.0962837615461747
1992-11-10,5.84777361111111,-0.09532976003325565,-2.1931105177445214
1992-11-11,5.791598611111111,-0.05826592853646957,-1.574999349241308
1992-11-12,5.733734722222222,-0.014703061227011285,-1.397364994328543
1992-11-13,5.675061111111111,-0.04287351577246585,-0.7341875953386453
1992-11-14,5.617377777777778,0.022996169718810612,-0.6210406141632543
1992-11-15,5.56035,0.06259709947087659,-0.5202804328042102
1992-11-16,5.50386111111111,0.10803479460402632,-0.657562572381803
1992-11-17,5.44706111111111,0.11858051315315392,-0.25830829093093094
1992-11-18,5.3900375,0.11405079552230005,0.34424503781103266
1992-11-19,5.334526388888888,0.026241635742685704,0.79256530870176
1992-11-20,5.28054861111111,-0.00823790971185972,0.5786892986007499
1992-11-21,5.219656944444443,-0.045008949656763206,2.084685338545653
1992-11-22,5.149566666666666,0.04795500810264902,2.819811658564018
1992-11-23,5.077259722222221,0.12849352968207972,2.2552467480956992
1992-11-24,5.0060125,0.17538977623855362,1.7182643904281132
1992-11-25,4.937384722222221,0.27971549937904944,1.655233111732062
1992-11-26,4.872902777777778,0.3635488212339622,2.32554840098826
1992-11-27,4.814545833333333,0.4040260939612349,1.940761406038766
1992-11-28,4.764320833333333,0.3788453891862119,2.0268337774804555
1992-11-29,4.7267569444444435,0.37963133510372027,2.1722783871185025
1992-11-30,4.697688888888888,0.33544477260372035,2.237199671840724
1992-12-01,4.667852777777777,0.3643367749185351,2.2208104473036876
1992-12-02,4.637005555555555,0.514807388344461,2.2891870560999843
1992-12-03,4.6095597222222215,0.5376305827889055,2.7078096949888733
1992-12-04,4.5836444444444435,0.4949600272333499,3.2070621949888722
1992-12-05,4.5559611111111105,0.49662098788149794,3.6617512343407257
1992-12-06,4.528138888888889,0.47570971473334994,3.7438180630444284
1992-12-07,4.500484722222222,0.5283973073259426,3.961117970451836
1992-12-08,4.473094444444444,0.5651246105666834,4.121447611655541
1992-12-09,4.447034722222222,0.5455026776963129,4.171129266748133
1992-12-10,4.421347222222223,0.5103209184370536,4.13499852600739
1992-12-11,4.394530555555556,0.43731462214075734,3.5771548223036858
1992-12-12,4.3671444444444445,0.42783646241853507,3.9870190931370204
1992-12-13,4.338561111111111,0.41578625408520165,3.4526526348036883
1992-12-14,4.308963888888889,0.3136183952889055,3.4590843824888724
1992-12-15,4.2784513888888895,0.33642587214075753,3.32578940563702
1992-12-16,4.246063888888889,0.28234751565927585,3.2982552621185013
1992-12-17,4.2128250000000005,0.2558598420481646,2.9869818246185016
1992-12-18,4.1797875,0.29264128880742396,2.3652378778592427
1992-12-19,4.1471,0.32368025871483147,1.961219741285168
1992-12-20,4.112897222222222,0.3322542401963129,1.8075152042481313
1992-12-21,4.086618055555555,0.3316346568629795,0.42108062091479753
1992-12-22,4.073152777777778,0.24482230732594254,-0.4806417517703867
1992-12-23,4.064609722222222,0.11616522399260916,-0.34344161288149805
1992-12-24,4.056472222222222,0.022069471677794328,-0.2412083605666831
1992-12-25,4.046526388888889,-0.1206328315629463,-0.09022689065927586
1992-12-26,4.035402777777778,-0.18902258850739087,-0.7017135226037201
1992-12-27,4.024233333333333,-0.2039141047110945,-0.6769858952889055
1992-12-28,4.010615277777777,-0.27291434776665,-0.6393675966777936
1992-12-29,3.9932555555555553,-0.3051572181370204,-0.7054316707518682
1992-12-30,3.9773152777777776,-0.2999337806370204,-0.6947148304740904
1992-12-31,3.964527777777778,-0.33445717184072404,-0.6690706059370541
1993-01-01,3.954548611111111,-0.44370401211850197,-0.7378445989926089
1993-01-02,3.9455694444444442,-0.4828114426740575,-1.5517580017703867
1993-01-03,3.9377347222222223,-0.46414806304442785,-2.0472533258444616
1993-01-04,3.9316916666666666,-0.5173540352666499,-2.41667096473335
1993-01-05,3.925968055555556,-0.4947984681370205,-2.466836254085202
1993-01-06,3.920563888888889,-0.5233943940629464,-2.674169494825943
1993-01-07,3.9154430555555555,-0.5328582945259094,-2.7209180943629794
1993-01-08,3.911697222222222,-0.4915492435999834,-2.6854813119555723
1993-01-09,3.909655555555555,-0.41680228758146504,-2.7581866013074237
1993-01-10,3.9055930555555554,-0.4217763385073909,-2.750483383714831
1993-01-11,3.8983541666666666,-0.46663122276665014,-3.1627229439000164
1993-01-12,3.888033333333333,-0.4026943130444278,-2.960339020288905
1993-01-13,3.8748055555555556,-0.3639181787851685,-2.9578873767703873
1993-01-14,3.860725,-0.3776845560999835,-2.800707110566683
1993-01-15,3.8469152777777778,-0.3483911764703538,-2.8161907679740907
1993-01-16,3.8323569444444443,-0.2895741162851687,-2.8604494948259425
1993-01-17,3.8139,-0.31731783156294635,-2.8142488351037205
1993-01-18,3.791120833333333,-0.2966407135073909,-2.8121467864926086
1993-01-19,3.7678111111111106,-0.29173550517405755,-2.79374227260372
1993-01-20,3.7370972222222223,-0.23469192878516856,-2.8200719601037205
1993-01-21,3.6934263888888887,-0.14897896582220566,-2.8621140897333497
1993-01-22,3.644691666666666,-0.06844585239627972,-2.892912480937053
1993-01-23,3.597994444444444,-0.01862322508146481,-2.8960378860296454
1993-01-24,3.555416666666666,-0.03530623434072408,-2.779443765659275
1993-01-25,3.512063888888888,-0.029864046840724114,-2.3231998420481643
1993-01-26,3.4686472222222218,-0.06775380378516854,-1.861893418437053
1993-01-27,3.427181944444444,0.03105302233589053,-0.9679016334470011
1993-01-28,3.385143055555555,0.0305050310594902,-0.8093147532817121
1993-01-29,3.3407513888888882,0.03686623399796589,-0.7709509562201872
1993-01-30,3.2943638888888884,0.06685749891991248,-0.7538880544754674
1993-01-31,3.246922222222222,0.08326047183084001,-0.7228493607197286
1993-02-01,3.197058333333333,0.11941637173901258,-0.7131413717390126
1993-02-02,3.1437888888888885,0.1470528386811614,-0.6898417275700499
1993-02-03,3.0877638888888885,0.18256469588960944,-0.669328584778498
1993-02-04,3.0320638888888887,0.18891858707418244,-0.6199824759630711
1993-02-05,2.982555555555555,0.17629473491623948,-0.5588502904717944
1993-02-06,2.9438111111111107,0.15251257238180407,-0.6046570168262481
1993-02-07,2.9112777777777774,0.07848643601816786,-0.5750975471292785
1993-02-08,2.879622222222222,-0.0004612682977183022,-0.4644942872578368
1993-02-09,2.8523249999999996,0.040701587533319324,-0.47835992086665213
1993-02-10,2.8277041666666665,0.04912748285012372,-0.536498316183457
1993-02-11,2.804343055555556,0.025421261546175113,-0.7467643171017313
1993-02-12,2.784276388888889,0.020818678901546983,-0.750428401123769
1993-02-13,2.765579166666667,-0.02905082293500033,-0.8111950103983332
1993-02-14,2.7482555555555557,-0.05023497123619397,-0.7730205843193616
1993-02-15,2.733301388888889,-0.09321372467972029,-0.7150876642091687
1993-02-16,2.722873611111111,-0.09599717279725936,-0.6352097716471848
1993-02-17,2.717077777777778,-0.05596561861911424,-0.5447788258253303
1993-02-18,2.713719444444444,-0.036045669124164875,-0.5613404419869459
1993-02-19,2.7169944444444445,-0.05386257683766328,0.1248681323932186
1993-02-20,2.729658333333333,-0.1373418008964328,0.6330168008964331
1993-02-21,2.744695833333333,-0.1732937866631913,1.6652646199965246
1993-02-22,2.7573333333333334,-0.1762693720626403,1.8479360387293071
1993-02-23,2.7676930555555557,-0.12374578390837038,1.7483860616861489
1993-02-24,2.7818,-0.15041892440423824,1.342618924404238
1993-02-25,2.802838888888889,-0.1636749390966165,0.9548360502077273
1993-02-26,2.826229166666667,-0.14779169759064778,-0.02577080240935184
1993-02-27,2.8511652777777776,-0.09885666545107002,-0.2036419456600405
1993-02-28,2.8776958333333336,-0.06195531099744281,0.18492614433077584
1993-03-01,2.904629166666667,-0.08742179400938063,0.23512596067604738
1993-03-02,2.932383333333333,-0.14205875452361366,0.32834208785694746
1993-03-03,2.9638138888888887,-0.1620991356071766,0.45728524671828774
1993-03-04,3.0003111111111114,-0.16617248271461468,0.4615280382701703
1993-03-05,3.039726388888889,-0.15237648868339332,0.411983433127838
1993-03-06,3.079151388888889,-0.1598384377192059,0.4196870488303168
1993-03-07,3.1139833333333335,-0.17182070355942644,0.4291707035594262
1993-03-08,3.1389097222222224,-0.1790689703179204,0.4114925814290313
1993-03-09,3.1568986111111115,-0.134339849564936,0.3487745717871578
1993-03-10,3.1741208333333333,-0.09532976003325565,0.2925422600332557
1993-03-11,3.1902347222222227,-0.05826592853646957,0.23936453964758014
1993-03-12,3.2070541666666665,-0.014703061227011285,0.17898222789367804
1993-03-13,3.225344444444445,-0.04287351577246585,0.18886240466135412
1993-03-14,3.2430250000000003,0.022996169718810612,0.10531216361452242
1993-03-15,3.2600472222222225,0.06259709947087659,0.04868901164023416
1993-03-16,3.2765819444444446,0.10803479460402632,-0.013283405715137642
1993-03-17,3.2928597222222225,0.11858051315315392,-0.015106902042043166
1993-03-18,3.308669444444445,0.11405079552230005,-0.09305357330007816
1993-03-19,3.324163888888889,0.026241635742685704,-0.14540552463157477
1993-03-20,3.339951388888889,-0.00823790971185972,-0.1267134791770294
1993-03-21,3.358772222222222,-0.045008949656763206,-0.7797632725654591
1993-03-22,3.384419444444444,0.04795500810264902,-1.170707785880426
1993-03-23,3.4141375,0.12849352968207972,-2.0222976963487462
1993-03-24,3.4438513888888886,0.17538977623855362,-1.9862411651274423
1993-03-25,3.4730625,0.27971549937904944,-1.8324446660457163
1993-03-26,3.497365277777778,0.3635488212339622,-1.7515807656784068
1993-03-27,3.514104166666667,0.4040260939612349,-1.7261302606279014
1993-03-28,3.5258319444444446,0.3788453891862119,-1.7190106669639893
1993-03-29,3.534504166666667,0.37963133510372027,-1.7404688351037199
1993-03-30,3.5417500000000004,0.33544477260372035,-2.1558614392703874
1993-03-31,3.550230555555556,0.3643367749185351,-2.245567330474091
1993-04-01,3.560165277777778,0.514807388344461,-2.435972666122239
1993-04-02,3.570454166666667,0.5376305827889055,-2.418418082788906
1993-04-03,3.5828166666666665,0.4949600272333499,-2.4114433605666834
1993-04-04,3.5971333333333337,0.49662098788149794,-2.206087654548165
1993-04-05,3.6112125,0.47570971473334994,-1.880588881400017
1993-04-06,3.623430555555556,0.5283973073259426,-0.5024945295481654
1993-04-07,3.634701388888889,0.5651246105666834,1.0018406672110949
1993-04-08,3.646709722222222,0.5455026776963129,1.1214542667481315
1993-04-09,3.6590138888888895,0.5103209184370536,1.1499985260073906
1993-04-10,3.675472222222223,0.43731462214075734,1.4922131556370202
1993-04-11,3.6998430555555553,0.42783646241853507,1.54932048202591
1993-04-12,3.7358166666666666,0.41578625408520165,1.5537304125814648
1993-04-13,3.7797750000000003,0.3136183952889055,1.6739399380444282
1993-04-14,3.8245375000000004,0.33642587214075753,1.606703294525909
1993-04-15,3.870111111111111,0.28234751565927585,1.6895413732296127
1993-04-16,3.916240277777778,0.2558598420481646,1.6792332135073904
1993-04-17,3.962466666666667,0.29264128880742396,1.684225377859243
1993-04-18,4.009326388888889,0.32368025871483147,1.6063266857296135
1993-04-19,4.056852777777778,0.3322542401963129,1.5502263153592426
1993-04-20,4.098705555555556,0.3316346568629795,1.5083264542481307
1993-04-21,4.130309722222222,0.24482230732594254,1.4022013037851684
1993-04-22,4.154748611111112,0.11616522399260916,1.2354194982296123
1993-04-23,4.178948611111111,0.022069471677794328,1.000315250544428
1993-04-24,4.2073277777777776,-0.1206328315629463,0.871305053785169
1993-04-25,4.239620833333333,-0.18902258850739087,1.3574017551740578
1993-04-26,4.274359722222222,-0.2039141047110945,1.8588877158222057
1993-04-27,4.3115625,-0.27291434776665,1.8873518477666502
1993-04-28,4.35085,-0.3051572181370204,2.093973884803687
1993-04-29,4.388516666666667,-0.2999337806370204,2.1044171139703542
1993-04-30,4.422640277777777,-0.33445717184072404,2.1264835607296138
1993-05-01,4.455672222222222,-0.44370401211850197,2.1683651232296137
1993-05-02,4.490052777777779,-0.4828114426740575,2.0397586648962793
1993-05-03,4.524698611111111,-0.46414806304442785,1.989116118599984
1993-05-04,4.5585375,-0.5173540352666499,1.7928165352666505
1993-05-05,4.591919444444445,-0.4947984681370205,1.4928790236925766
1993-05-06,4.626561111111111,-0.5233943940629464,0.35383328295183514
1993-05-07,4.662695833333333,-0.5328582945259094,-1.2198375388074232
1993-05-08,4.698895833333333,-0.4915492435999834,-1.4036799230666834
1993-05-09,4.735093055555556,-0.41680228758146504,-1.5192907679740904
1993-05-10,4.768347222222222,-0.4217763385073909,-1.810237550381498
1993-05-11,4.805047222222222,-0.46663122276665014,-1.8357493327889052
1993-05-12,4.841698611111111,-0.4026943130444278,-1.7580042980666837
1993-05-13,4.873195833333334,-0.3639181787851685,-1.8689443212148324
1993-05-14,4.905745833333334,-0.3776845560999835,-1.847727943900017
1993-05-15,4.939158333333333,-0.3483911764703538,-1.9381004901963128
1993-05-16,4.9736013888888895,-0.2895741162851687,-2.065360605937054
1993-05-17,5.008294444444445,-0.31731783156294635,-2.1506432795481656
1993-05-18,5.042569444444444,-0.2966407135073909,-2.202928730937053
1993-05-19,5.076538888888889,-0.29173550517405755,-2.1741367170481647
1993-05-20,5.114113888888889,-0.23469192878516856,-1.6084219601037208
1993-05-21,5.155304166666667,-0.14897896582220566,-0.757325200844462
1993-05-22,5.198456944444445,-0.06844585239627972,-0.8810110920481652
1993-05-23,5.239916666666667,-0.01862322508146481,-0.9722934415852023
1993-05-24,5.2749958333333336,-0.03530623434072408,-1.0540229323259425
1993-05-25,5.306066666666667,-0.029864046840724114,-1.7295359531592762
1993-05-26,5.336780555555556,-0.06775380378516854,-2.100360085103721
1993-05-27,5.368,0.03105302233589053,-1.7237196890025572
1993-05-28,5.399283333333333,0.0305050310594902,-1.9271216977261563
1993-05-29,5.432501388888889,0.03686623399796589,-2.0200342895535215
1993-05-30,5.467715277777778,0.06685749891991248,-1.7345727766976904
1993-05-31,5.503561111111111,0.08326047183084001,-1.7878215829419506
1993-06-01,5.538173611111111,0.11941637173901258,-1.776589982850123
1993-06-02,5.5699861111111115,0.1470528386811614,-1.4267056164589391
1993-06-03,5.599829166666667,0.18256469588960944,-1.4347271958896093
1993-06-04,5.6279875,0.18891858707418244,-1.5835727537408488
1993-06-05,5.648461111111112,0.17629473491623948,-1.924755846027351
1993-06-06,5.6554722222222225,0.15251257238180407,-1.9113181279373601
1993-06-07,5.655509722222222,0.07848643601816786,-1.8423294915737232
1993-06-08,5.655098611111112,-0.0004612682977183022,-1.7639706761467266
1993-06-09,5.653006944444445,0.040701587533319324,-0.8050418653110977
1993-06-10,5.639077777777778,0.04912748285012372,0.027128072705431355
1993-06-11,5.615243055555556,0.025421261546175113,1.7010023495649356
1993-06-12,5.590105555555556,0.020818678901546983,1.7350757655428974
1993-06-13,5.563405555555556,-0.02905082293500033,1.8426452673794445
1993-06-14,5.5349861111111105,-0.05023497123619397,1.926248860125084
1993-06-15,5.504554166666667,-0.09321372467972029,2.098659558013054
1993-06-16,5.473431944444444,-0.09599717279725936,2.1235652283528155
1993-06-17,5.441677777777777,-0.05596561861911424,2.467621174174671
1993-06-18,5.409269444444444,-0.036045669124164875,2.412442891346388
1993-06-19,5.375895833333333,-0.05386257683766328,1.8413000768376635
1993-06-20,5.342504166666666,-0.1373418008964328,1.2298376342297663
1993-06-21,5.310419444444444,-0.1732937866631913,1.7552076755520811
1993-06-22,5.280270833333333,-0.1762693720626403,2.4773318720626407
1993-06-23,5.254706944444444,-0.12374578390837038,2.9200388394639263
1993-06-24,5.2326194444444445,-0.15041892440423824,2.9834661466264607
1993-06-25,5.209834722222222,-0.1636749390966165,2.793506883541061
1993-06-26,5.186418055555556,-0.14779169759064778,2.297040308701759
1993-06-27,5.162284722222222,-0.09885666545107002,2.231238609895515
1993-06-28,5.141475,-0.06195531099744281,2.21514697766411
1993-06-29,5.125016666666666,-0.08742179400938063,1.9104051273427138
1993-06-30,5.1076597222222215,-0.14205875452361366,2.1850656989680592
1993-07-01,5.089352777777778,-0.1620991356071766,2.551079691162733
1993-07-02,5.070919444444445,-0.16617248271461468,2.4865863716035026
1993-07-03,5.053106944444444,-0.15237648868339332,2.4242695442389492
1993-07-04,5.036643055555555,-0.1598384377192059,2.4481953821636515
1993-07-05,5.026066666666666,-0.17182070355942644,2.845087370226094
1993-07-06,5.029679166666666,-0.1790689703179204,2.8650564703179207
1993-07-07,5.042461111111111,-0.134339849564936,2.806878738453825
1993-07-08,5.055672222222222,-0.09532976003325565,2.754657537811033
1993-07-09,5.0696861111111104,-0.05826592853646957,1.9972464840920257
1993-07-10,5.0849111111111105,-0.014703061227011285,3.4717919501159007
1993-07-11,5.102090277777777,-0.04287351577246585,1.9377832379946893
1993-07-12,5.1211,0.022996169718810612,2.16090383028119
1993-07-13,5.140854166666666,0.06259709947087659,2.046215400529124
1993-07-14,5.161263888888889,0.10803479460402632,2.242701316507085
1993-07-15,5.191356944444444,0.11858051315315392,2.212062542402402
1993-07-16,5.231841666666666,0.11405079552230005,2.184440871144367
1993-07-17,5.273705555555555,0.026241635742685704,1.9303861420350934
1993-07-18,5.315758333333332,-0.00823790971185972,2.024812909711862
1993-07-19,5.35488611111111,-0.045008949656763206,2.11478950521232
1993-07-20,5.387193055555555,0.04795500810264902,1.8215186030084631
1993-07-21,5.415545833333333,0.12849352968207972,1.337960636984588
1993-07-22,5.444115277777778,0.17538977623855362,0.6021616126503353
1993-07-23,5.471466666666666,0.27971549937904944,-0.0005154993790491003
1993-07-24,5.509369444444443,0.3635488212339622,-0.13691826567840498
1993-07-25,5.566156944444444,0.4040260939612349,-0.03351637173901223
1993-07-26,5.639556944444444,0.3788453891862119,-0.08473566696398971
1993-07-27,5.725243055555556,0.37963133510372027,-0.17120772399260942
1993-07-28,5.809911111111111,0.33544477260372035,-0.21168921704816496
1993-07-29,5.892629166666666,0.3643367749185351,-0.34896594158520045
1993-07-30,5.978731944444444,0.514807388344461,-0.49053933278890516
1993-07-31,6.066029166666666,0.5376305827889055,-0.970993082788905
1993-08-01,6.1518541666666655,0.4949600272333499,-1.288480860566681
1993-08-02,6.2420124999999995,0.49662098788149794,-1.380633487881497
1993-08-03,6.350227777777777,0.47570971473334994,-1.331937492511127
1993-08-04,6.471368055555555,0.5283973073259426,-1.724432029548164
1993-08-05,6.590791666666666,0.5651246105666834,-1.897582943900015
1993-08-06,6.7093694444444445,0.5455026776963129,-1.9888721221407564
1993-08-07,6.834411111111111,0.5103209184370536,-2.076398696214831
1993-08-08,6.962433333333333,0.43731462214075734,-2.2457479554740907
1993-08-09,7.090558333333333,0.42783646241853507,-4.7333947957518685
1993-08-10,7.210456944444444,0.41578625408520165,-4.749243198529646
1993-08-11,7.319729166666667,0.3136183952889055,-5.0706808952889055
1993-08-12,7.429513888888889,0.33642587214075753,-5.201606427696313
1993-08-13,7.545072222222222,0.28234751565927585,-5.602753071214832
1993-08-14,7.6619069444444445,0.2558598420481646,-5.752766786492609
1993-08-15,7.778277777777777,0.29264128880742396,-5.914585733251868
1993-08-16,7.896452777777778,0.32368025871483147,-6.118799703159276
1993-08-17,8.013595833333333,0.3322542401963129,-6.3465167401963125
1993-08-18,8.134169444444444,0.3316346568629795,-6.5968041013074235
1993-08-19,8.260443055555555,0.24482230732594254,-6.672265362881498
1993-08-20,8.38752361111111,0.11616522399260916,-6.753355501770385
1993-08-21,8.509658333333334,0.022069471677794328,-6.810061138344462
1993-08-22,8.628050000000002,-0.1206328315629463,-6.205083835103722
1993-08-23,8.735600000000002,-0.18902258850739087,-5.783910744825945
1993-08-24,8.826895833333335,-0.2039141047110945,-5.516648395288907
1993-08-25,8.902975000000001,-0.27291434776665,-5.501060652233352
1993-08-26,8.968205555555556,-0.3051572181370204,-5.518381670751869
1993-08-27,9.031130555555556,-0.2999337806370204,-4.537530108251869
1993-08-28,9.091547222222223,-0.33445717184072404,-4.493090050381499
1993-08-29,9.147429166666667,-0.44370401211850197,-4.738391821214831
1993-08-30,9.199569444444444,-0.4828114426740575,-4.848424668437054
1993-08-31,9.250131944444444,-0.46414806304442785,-4.981650548066683
1993-09-01,9.295075,-0.5173540352666499,-4.973387631400017
1993-09-02,9.322500000000002,-0.4947984681370205,-5.1593681985296485
1993-09-03,9.336054166666667,-0.5233943940629464,-4.972326439270387
1993-09-04,9.347531944444444,-0.5328582945259094,-4.421006983251869
1993-09-05,9.357520833333334,-0.4915492435999834,-4.478304923066684
1993-09-06,9.362141666666666,-0.41680228758146504,-4.559672712418534
1993-09-07,9.364890277777778,-0.4217763385073909,-4.630113939270387
1993-09-08,9.357776388888889,-0.46663122276665014,-4.511145166122239
1993-09-09,9.344894444444444,-0.4026943130444278,-4.015533464733349
1993-09-10,9.336940277777778,-0.3639181787851685,-4.016022098992609
1993-09-11,9.326380555555556,-0.3776845560999835,-3.8440293327889066
1993-09-12,9.308845833333333,-0.3483911764703538,-3.833787990196312
1993-09-13,9.27944861111111,-0.2895741162851687,-1.622874494825942
1993-09-14,9.240094444444445,-0.31731783156294635,-1.4144432795481647
1993-09-15,9.198338888888888,-0.2966407135073909,-1.2793648420481638
1993-09-16,9.159322222222222,-0.29173550517405755,-1.2435867170481651
1993-09-17,9.120884722222222,-0.23469192878516856,-1.2378594601037207
1993-09-18,9.082527777777777,-0.14897896582220566,-1.3082154786222377
1993-09-19,9.046427777777776,-0.06844585239627972,-1.300648592048162
1993-09-20,9.014593055555554,-0.01862322508146481,-1.3186364971407554
1993-09-21,8.985452777777777,-0.03530623434072408,-1.6284798767703856
1993-09-22,8.955288888888887,-0.029864046840724114,0.5819084912851684
1993-09-23,8.922754166666667,-0.06775380378516854,1.981999637118501
1993-09-24,8.888222222222222,0.03105302233589053,4.703724755441887
1993-09-25,8.853056944444443,0.0305050310594902,5.2361046911627325
1993-09-26,8.817898611111112,0.03686623399796589,4.2979018215575895
1993-09-27,8.782847222222221,0.06685749891991248,5.099295278857866
1993-09-28,8.747506944444442,0.08326047183084001,5.483899250391383
1993-09-29,8.713313888888887,0.11941637173901258,5.483936406038767
1993-09-30,8.681806944444443,0.1470528386811614,5.623806883541062
1993-10-01,8.651425,0.18256469588960944,6.9893436374437234
1993-10-02,8.620543055555554,0.18891858707418244,9.919871690703596
1993-10-03,8.589944444444445,0.17629473491623948,9.71142748730598
1993-10-04,8.560181944444444,0.15251257238180407,9.267972149840416
1993-10-05,8.530444444444445,0.07848643601816786,9.65740245287072
1993-10-06,8.499590277777777,-0.0004612682977183022,11.026870990519944
1993-10-07,8.466391666666667,0.040701587533319324,11.471573412466679
1993-10-08,8.442391666666667,0.04912748285012372,12.883814183816543
1993-10-09,8.430993055555556,0.025421261546175113,12.000919016231604
1993-10-10,8.423033333333333,0.020818678901546983,12.01181465443179
1993-10-11,8.417940277777777,-0.02905082293500033,12.226777211823888
1993-10-12,8.416705555555556,-0.05023497123619397,13.539862749013974
1993-10-13,8.418031944444444,-0.09321372467972029,12.730181780235277
1993-10-14,8.419576388888888,-0.09599717279725936,13.56142078390837
1993-10-15,8.421005555555556,-0.05596561861911424,13.466293396396894
1993-10-16,8.42185,-0.036045669124164875,13.536195669124167
1993-10-17,8.42635138888889,-0.05386257683766328,13.592177854615443
1993-10-18,8.436306944444445,-0.1373418008964328,13.640368189785319
1993-10-19,8.447894444444445,-0.1732937866631913,13.61273267555208
1993-10-20,8.462605555555555,-0.1762693720626403,13.612330483173752
1993-10-21,8.477933333333333,-0.12374578390837038,13.793479117241707
1993-10-22,8.490040277777778,-0.15041892440423824,11.441378646626463
1993-10-23,8.50021388888889,-0.1636749390966165,9.698794383541056
1993-10-24,8.510101388888888,-0.14779169759064778,7.036690308701759
1993-10-25,8.523254166666666,-0.09885666545107002,6.462269165451069
1993-10-26,8.535725,-0.06195531099744281,6.33089697766411
1993-10-27,8.544909722222222,-0.08742179400938063,5.480512071787158
1993-10-28,8.555593055555555,-0.14205875452361366,5.15879903230139
1993-10-29,8.568193055555556,-0.1620991356071766,5.164239413384953
1993-10-30,8.581902777777778,-0.16617248271461468,5.01860303827017
1993-10-31,8.596372222222222,-0.15237648868339332,3.624337599794505
1993-11-01,8.613490277777778,-0.1598384377192059,0.7100148266080937
1993-11-02,8.633879166666668,-0.17182070355942644,0.6516082035594234
1993-11-03,8.654769444444444,-0.1790689703179204,0.5802995258734776
1993-11-04,8.675933333333335,-0.134339849564936,0.2304065162316014
1993-11-05,8.6977875,-0.09532976003325565,-0.8354577399667453
1993-11-06,8.7217625,-0.05826592853646957,-1.0471632381301976
1993-11-07,8.750476388888888,-0.014703061227011285,-2.5087733276618773
1993-11-08,8.786186111111112,-0.04287351577246585,-2.5229792620053137
1993-11-09,8.82886388888889,0.022996169718810612,-2.679193391941034
1993-11-10,8.873158333333333,0.06259709947087659,-3.0880887661375422
1993-11-11,8.915625,0.10803479460402632,-4.31799312793736
1993-11-12,8.948366666666667,0.11858051315315392,-5.793947179819821
1993-11-13,8.97143472222222,0.11405079552230005,-6.751152184411187
1993-11-14,8.993351388888888,0.026241635742685704,-6.614593024631573
1993-11-15,9.014970833333333,-0.00823790971185972,-6.213066256954806
1993-11-16,9.033041666666666,-0.045008949656763206,-6.249699383676569
1993-11-17,9.046391666666665,0.04795500810264902,-6.35701334143598
1993-11-18,9.058831944444442,0.12849352968207972,-6.449992140793189
1993-11-19,9.068670833333332,0.17538977623855362,-6.518060609571886
1993-11-20,9.077072222222222,0.27971549937904944,-7.104121054934605
1993-11-21,9.076640277777777,0.3635488212339622,-7.445522432345073
1993-11-22,9.060041666666667,0.4040260939612349,-7.594401093961236
1993-11-23,9.024975,0.3788453891862119,-7.690820389186212
1993-11-24,8.973558333333333,0.37963133510372027,-7.638523001770387
1993-11-25,8.925225000000001,0.33544477260372035,-7.5460031059370545
1993-11-26,8.881725,0.3643367749185351,-7.531395108251868
1993-11-27,8.83671527777778,0.514807388344461,-7.636855999455573
1993-11-28,8.792977777777779,0.5376305827889055,-7.615941693900017
1993-11-29,8.752056944444444,0.4949600272333499,-7.532350305011127
1993-11-30,8.707768055555555,0.49662098788149794,-7.494389043437052
1993-12-01,8.64373611111111,0.47570971473334994,-7.389112492511127
1993-12-02,8.565184722222222,0.5283973073259426,-7.398248696214831
1993-12-03,8.4862375,0.5651246105666834,-7.35602877723335
1993-12-04,8.405618055555555,0.5455026776963129,-7.259120733251868
1993-12-05,8.318255555555556,0.5103209184370536,-7.3912431406592765
1993-12-06,8.223984722222223,0.43731462214075734,-7.643966011029647
1993-12-07,8.1180625,0.42783646241853507,-7.384232295751868
1993-12-08,7.997277777777778,0.41578625408520165,-6.648397365196312
1993-12-09,7.872116666666667,0.3136183952889055,-6.421068395288906
1993-12-10,7.746751388888889,0.33642587214075753,-5.943177261029645
1993-12-11,7.614105555555556,0.28234751565927585,-5.5437864045481655
1993-12-12,7.480548611111111,0.2558598420481646,-5.381075119825942
1993-12-13,7.349124999999999,0.29264128880742396,-5.305099622140757
1993-12-14,7.2143791666666655,0.32368025871483147,-5.2740594253814965
1993-12-15,7.078030555555555,0.3322542401963129,-5.370951462418535
1993-12-16,6.939951388888888,0.3316346568629795,-4.362252712418534
1993-12-17,6.801787499999999,0.24482230732594254,-3.8646098073259414
1993-12-18,6.663926388888889,0.11616522399260916,-3.597758279548165
1993-12-19,6.526330555555555,0.022069471677794328,-2.728066693900016
1993-12-20,6.3876930555555544,-0.1206328315629463,-2.384726890659275
1993-12-21,6.257879166666666,-0.18902258850739087,-1.9805232448259416
1993-12-22,6.145294444444444,-0.2039141047110945,-1.7190470064000158
1993-12-23,6.05109861111111,-0.27291434776665,-1.3921842633444605
1993-12-24,5.969255555555554,-0.3051572181370204,-0.6197650040852003
1993-12-25,5.885030555555555,-0.2999337806370204,-0.29809677491853365
1993-12-26,5.799879166666666,-0.33445717184072404,-0.09042199482594199
1993-12-27,5.7166,-0.44370401211850197,0.14543734545183618
1993-12-28,5.631780555555555,-0.4828114426740575,0.29036422045183596
1993-12-29,5.544881944444445,-0.46414806304442785,0.4429327852666504
1993-12-30,5.46324861111111,-0.5173540352666499,0.6117720908222066
1993-12-31,5.4014291666666665,-0.4947984681370205,1.1167026348036866
1994-01-01,5.353623611111111,-0.5233943940629464,1.5484374496185023
1994-01-02,5.308249999999999,-0.5328582945259094,2.09360829452591
1994-01-03,5.265581944444444,-0.4915492435999834,2.217633965822206
1994-01-04,5.227952777777778,-0.41680228758146504,2.215516176470353
1994-01-05,5.193745833333333,-0.4217763385073909,2.6540305051740583
1994-01-06,5.164787499999999,-0.46663122276665014,3.460177056099984
1994-01-07,5.141418055555555,-0.4026943130444278,4.979942924155539
1994-01-08,5.11459861111111,-0.3639181787851685,5.6569862343407245
1994-01-09,5.084951388888888,-0.3776845560999835,5.577399833877763
1994-01-10,5.0605972222222215,-0.3483911764703538,5.426460620914797
1994-01-11,5.045305555555554,-0.2895741162851687,5.457268560729614
1994-01-12,5.038151388888888,-0.31731783156294635,5.477833109340724
1994-01-13,5.0345305555555555,-0.2966407135073909,5.454110157951836
1994-01-14,5.028988888888889,-0.29173550517405755,5.505746616285167
1994-01-15,5.021991666666667,-0.23469192878516856,4.579033595451835
1994-01-16,5.0154499999999995,-0.14897896582220566,4.244862299155539
1994-01-17,5.008868055555555,-0.06844585239627972,4.236577796840724
1994-01-18,5.002058333333332,-0.01862322508146481,3.555564891748132
1994-01-19,4.997488888888888,-0.03530623434072408,3.5141506787851684
1994-01-20,4.9961375,-0.029864046840724114,3.282726546840725
1994-01-21,4.996288888888889,-0.06775380378516854,3.183131581562946
1994-01-22,4.997518055555554,0.03105302233589053,2.9037622554418885
1994-01-23,4.999369444444444,0.0305050310594902,2.4404588578293986
1994-01-24,5.0020291666666665,0.03686623399796589,3.1631045993353677
1994-01-25,5.006709722222222,0.06685749891991248,3.386099445524532
1994-01-26,5.01257361111111,0.08326047183084001,3.9058325837247154
1994-01-27,5.018437499999999,0.11941637173901258,3.9948127949276535
1994-01-28,5.023124999999999,0.1470528386811614,4.645488827985504
1994-01-29,5.025422222222222,0.18256469588960944,4.623013081888167
1994-01-30,5.02556388888889,0.18891858707418244,4.1395175240369255
1994-01-31,5.0270375,0.17629473491623948,3.7973344317504267
1994-02-01,5.030258333333333,0.15251257238180407,3.3275624276181963
1994-02-02,5.033070833333333,0.07848643601816786,3.2764427306484984
1994-02-03,5.038423611111112,-0.0004612682977183022,3.3993709905199396
1994-02-04,5.047645833333332,0.040701587533319324,3.3539859124666807
1994-02-05,5.058391666666666,0.04912748285012372,2.382814183816543
1994-02-06,5.067390277777777,0.025421261546175113,0.2611884606760477
1994-02-07,5.0747333333333335,0.020818678901546983,0.4247813210984519
1994-02-08,5.0810875,-0.02905082293500033,0.4112966562683344
1994-02-09,5.0855805555555555,-0.05023497123619397,0.18832108234730577
1994-02-10,5.089438888888888,-0.09321372467972029,0.6877748357908323
1994-02-11,5.095236111111111,-0.09599717279725936,0.7150943950194814
1994-02-12,5.1047416666666665,-0.05596561861911424,0.6142239519524471
1994-02-13,5.120875,-0.036045669124164875,0.28183733579083126
1994-02-14,5.138355555555556,-0.05386257683766328,0.2965070212821075
1994-02-15,5.151111111111111,-0.1373418008964328,0.34989735645198994
1994-02-16,5.162944444444444,-0.1732937866631913,0.38668267555208014
1994-02-17,5.172466666666666,-0.1762693720626403,0.3904693720626411
1994-02-18,5.179004166666666,-0.12374578390837038,0.3314082839083709
1994-02-19,5.1844,-0.15041892440423824,0.3526855910709048
1994-02-20,5.188411111111112,-0.1636749390966165,0.3845971613188383
1994-02-21,5.191152777777777,-0.14779169759064778,0.3746389198128709
1994-02-22,5.190445833333333,-0.09885666545107002,0.13374416545106999
1994-02-23,5.185241666666666,-0.06195531099744281,-0.8712863556692237
1994-02-24,5.177176388888888,-0.08742179400938063,-1.0354212615461746
1994-02-25,5.167908333333333,-0.14205875452361366,-1.5568495788097196
1994-02-26,5.158458333333333,-0.1620991356071766,-1.6793591977261566
1994-02-27,5.148579166666666,-0.16617248271461468,-2.1504066839520513
1994-02-28,5.138206944444445,-0.15237648868339332,-1.9071637890943849
1994-03-01,5.1255749999999995,-0.1598384377192059,-1.6490698956141268
1994-03-02,5.106690277777777,-0.17182070355942644,-1.4475362408850174
1994-03-03,5.080881944444444,-0.1790689703179204,-1.1091463074598569
1994-03-04,5.051658333333333,-0.134339849564936,-1.1223184837683968
1994-03-05,5.021466666666667,-0.09532976003325565,-1.2131369066334112
1994-03-06,4.989647222222223,-0.05826592853646957,-1.4707146270190865
1994-03-07,4.953095833333334,-0.014703061227011285,-1.5057261054396558
1994-03-08,4.905898611111112,-0.04287351577246585,-1.457025095338646
1994-03-09,4.849104166666667,0.022996169718810612,-2.3217670030521442
1994-03-10,4.790498611111111,0.06259709947087659,-2.4984290439153214
1994-03-11,4.732905555555556,0.10803479460402632,-2.4872736834929157
1994-03-12,4.674851388888889,0.11858051315315392,-2.838431902042043
1994-03-13,4.614215277777777,0.11405079552230005,-2.7929327399667443
1994-03-14,4.550513888888888,0.026241635742685704,-2.641755524631574
1994-03-15,4.484008333333333,-0.00823790971185972,-2.5421037569548064
1994-03-16,4.419549999999999,-0.045008949656763206,-2.455541050343236
1994-03-17,4.361149999999999,0.04795500810264902,-2.422438341435982
1994-03-18,4.307998611111111,0.12849352968207972,-2.528158807459857
1994-03-19,4.267852777777778,0.17538977623855362,-2.5225758873496646
1994-03-20,4.240044444444444,0.27971549937904944,-2.5584266104901605
1994-03-21,4.216226388888889,0.3635488212339622,-2.6181085434561844
1994-03-22,4.196224999999999,0.4040260939612349,-2.661251093961234
1994-03-23,4.179316666666667,0.3788453891862119,-2.619495389186212
1994-03-24,4.165851388888889,0.37963133510372027,-2.6121493906592756
1994-03-25,4.152749999999999,0.33544477260372035,-2.3538614392703865
1994-03-26,4.1358125,0.3643367749185351,-2.0818159415852016
1994-03-27,4.117952777777777,0.514807388344461,-2.214426832788905
1994-03-28,4.100772222222222,0.5376305827889055,-2.2200694716777942
1994-03-29,4.081113888888889,0.4949600272333499,-2.440073916122239
1994-03-30,4.0600402777777775,0.49662098788149794,-2.7166612656592757
1994-03-31,4.04266111111111,0.47570971473334994,-2.884037492511127
1994-04-01,4.029612500000001,0.5283973073259426,-2.4130098073259427
1994-04-02,4.019886111111111,0.5651246105666834,-2.5663440550111276
1994-04-03,4.014090277777778,0.5455026776963129,-2.515926288807424
1994-04-04,4.009348611111111,0.5103209184370536,-2.1493361962148314
1994-04-05,4.004827777777778,0.43731462214075734,-2.144475733251869
1994-04-06,4.0066125,0.42783646241853507,-1.974115629085202
1994-04-07,4.022727777777778,0.41578625408520165,-1.8128473651963128
1994-04-08,4.046608333333333,0.3136183952889055,-1.694226728622239
1994-04-09,4.070922222222222,0.33642587214075753,-1.6436814276963134
1994-04-10,4.0987486111111116,0.28234751565927585,-1.5737627934370542
1994-04-11,4.126618055555555,0.2558598420481646,-1.5558112309370533
1994-04-12,4.153070833333333,0.29264128880742396,-1.1890454554740897
1994-04-13,4.179908333333334,0.32368025871483147,-0.8782552587148318
1994-04-14,4.205409722222222,0.3322542401963129,0.012336037581464954
1994-04-15,4.229405555555555,0.3316346568629795,0.032959787581465616
1994-04-16,4.251731944444444,0.24482230732594254,0.06211241489627997
1994-04-17,4.2691180555555555,0.11616522399260916,0.26038338711850245
1994-04-18,4.275343055555555,0.022069471677794328,0.3449208060999828
1994-04-19,4.271911111111111,-0.1206328315629463,0.4780550537851688
1994-04-20,4.266631944444445,-0.18902258850739087,0.55872397739628
1994-04-21,4.260065277777777,-0.2039141047110945,0.5808488269333182
1994-04-22,4.251647222222222,-0.27291434776665,0.6506004588777612
1994-04-23,4.243215277777778,-0.3051572181370204,0.6932752736925756
1994-04-24,4.2380555555555555,-0.2999337806370204,0.5128782250814645
1994-04-25,4.237313888888888,-0.33445717184072404,0.37247661628517
1994-04-26,4.237479166666667,-0.44370401211850197,0.499891512118502
1994-04-27,4.239148611111111,-0.4828114426740575,0.5396628315629475
1994-04-28,4.244584722222222,-0.46414806304442785,0.5155633408222069
1994-04-29,4.249769444444444,-0.5173540352666499,0.5635845908222075
1994-04-30,4.252051388888889,-0.4947984681370205,0.49608041258146546
1994-05-01,4.252454166666666,-0.5233943940629464,-0.11272643927038617
1994-05-02,4.2508736111111105,-0.5328582945259094,-0.28068198325186755
1994-05-03,4.246659722222223,-0.4915492435999834,-0.3454438119555724
1994-05-04,4.2408777777777775,-0.41680228758146504,-0.46140882352964535
1994-05-05,4.234334722222222,-0.4217763385073909,-0.3592250503814976
1994-05-06,4.225931944444444,-0.46663122276665014,-0.4006340550111268
1994-05-07,4.218183333333333,-0.4026943130444278,-0.6244890202889051
1994-05-08,4.21603611111111,-0.3639181787851685,-0.547451265659275
1994-05-09,4.216588888888889,-0.3776845560999835,-0.5165709994555725
1994-05-10,4.215465277777778,-0.3483911764703538,-0.5884074346407573
1994-05-11,4.214966666666667,-0.2895741162851687,-0.7853925503814984
1994-05-12,4.215395833333334,-0.31731783156294635,-1.1790780017703872
1994-05-13,4.215398611111111,-0.2966407135073909,-1.5354245642703863
1994-05-14,4.215518055555556,-0.29173550517405755,-1.8334492170481653
1994-05-15,4.216318055555556,-0.23469192878516856,-1.9326261267703875
1994-05-16,4.217405555555556,-0.14897896582220566,-1.655759923066683
1994-05-17,4.2185375,-0.06844585239627972,-1.0307583142703873
1994-05-18,4.220174999999999,-0.01862322508146481,0.7601148917481324
1994-05-19,4.2243208333333335,-0.03530623434072408,1.1906520676740566
1994-05-20,4.231344444444444,-0.029864046840724114,1.4278529357296135
1994-05-21,4.239161111111111,-0.06775380378516854,1.759592692674058
1994-05-22,4.247225,0.03105302233589053,1.7767219776641099
1994-05-23,4.255531944444444,0.0305050310594902,1.8299630244960656
1994-05-24,4.263648611111112,0.03686623399796589,2.1114851548909224
1994-05-25,4.269266666666667,0.06685749891991248,1.8485425010800876
1994-05-26,4.272625,0.08326047183084001,2.6344478615024944
1994-05-27,4.274236111111112,0.11941637173901258,2.627014183816542
1994-05-28,4.275295833333333,0.1470528386811614,2.787317994652172
1994-05-29,4.278856944444445,0.18256469588960944,2.9179116929992794
1994-05-30,4.283884722222222,0.18891858707418244,3.1618633573702617
1994-05-31,4.286755555555555,0.17629473491623948,3.1252830428615397
1994-06-01,4.288376388888889,0.15251257238180407,3.1474443720626413
1994-06-02,4.291545833333333,0.07848643601816786,3.5489677306484984
1994-06-03,4.294026388888888,-0.0004612682977183022,3.474768212742164
1994-06-04,4.295230555555555,0.040701587533319324,3.690401190244459
1994-06-05,4.295694444444443,0.04912748285012372,3.9898447393721
1994-06-06,4.292833333333332,0.025421261546175113,4.059078738453825
1994-06-07,4.2886194444444445,0.020818678901546983,3.918895209987342
1994-06-08,4.286211111111111,-0.02905082293500033,4.333506378490554
1994-06-09,4.284827777777777,-0.05023497123619397,4.540073860125084
1994-06-10,4.283863888888888,-0.09321372467972029,4.631016502457498
1994-06-11,4.285024999999999,-0.09599717279725936,4.736305506130595
1994-06-12,4.287422222222222,-0.05596561861911424,4.661543396396893
1994-06-13,4.285116666666666,-0.036045669124164875,4.007929002457498
1994-06-14,4.279459722222223,-0.05386257683766328,4.024069521282107
1994-06-15,4.274465277777778,-0.1373418008964328,3.7162098564519885
1994-06-16,4.269255555555556,-0.1732937866631913,2.9633715644409686
1994-06-17,4.263473611111111,-0.1762693720626403,1.1104624276181956
1994-06-18,4.2569944444444445,-0.12374578390837038,0.6187513394639257
1994-06-19,4.2486,-0.15041892440423824,0.6561522577375718
1994-06-20,4.238619444444445,-0.1636749390966165,0.39072216131883825
1994-06-21,4.228509722222222,-0.14779169759064778,0.26061530870175853
1994-06-22,4.218259722222222,-0.09885666545107002,0.15893027656218112
1994-06-23,4.208251388888889,-0.06195531099744281,-0.18562941122477902
1994-06-24,4.199741666666667,-0.08742179400938063,0.05534679400937989
1994-06-25,4.1932833333333335,-0.14205875452361366,-0.6558912454763866
1994-06-26,4.187822222222222,-0.1620991356071766,-0.23438975328171185
1994-06-27,4.182318055555555,-0.16617248271461468,-0.3538122395076073
1994-06-28,4.176473611111112,-0.15237648868339332,-0.5314304557610516
1994-06-29,4.17075,-0.1598384377192059,-0.560578228947461
1994-06-30,4.168063888888889,-0.17182070355942644,-0.5459098519961293
1994-07-01,4.169884722222222,-0.1790689703179204,-0.5404824185709687
1994-07-02,4.175459722222222,-0.134339849564936,-0.9151198726572853
1994-07-03,4.188018055555555,-0.09532976003325565,-1.0983549621889657
1994-07-04,4.20602361111111,-0.05826592853646957,-1.5387576825746407
1994-07-05,4.224793055555555,-0.014703061227011285,-1.942423327661877
1994-07-06,4.244445833333333,-0.04287351577246585,-1.4902389842275334
1994-07-07,4.2626986111111105,0.022996169718810612,-1.5560281141632548
1994-07-08,4.277784722222222,0.06259709947087659,-2.032381821693099
1994-07-09,4.2921875,0.10803479460402632,-2.2695556279373594
1994-07-10,4.312633333333332,0.11858051315315392,-2.372880513153153
1994-07-11,4.336447222222223,0.11405079552230005,-2.515498017744523
1994-07-12,4.358879166666666,0.026241635742685704,-2.449120802409352
1994-07-13,4.383286111111111,-0.00823790971185972,-2.4137148680659184
1994-07-14,4.409841666666666,-0.045008949656763206,-2.2814993836765693
1994-07-15,4.4395138888888885,0.04795500810264902,-2.4041355636582042
1994-07-16,4.476444444444445,0.12849352968207972,-2.521604640793191
1994-07-17,4.511595833333333,0.17538977623855362,-2.5483189429052198
1994-07-18,4.537369444444444,0.27971549937904944,-2.0787516104901598
1994-07-19,4.559606944444445,0.3635488212339622,-2.052822432345074
1994-07-20,4.579766666666666,0.4040260939612349,-2.0774594272945675
1994-07-21,4.598291666666666,0.3788453891862119,-2.0704703891862115
1994-07-22,4.616088888888889,0.37963133510372027,-2.036720223992609
1994-07-23,4.632493055555556,0.33544477260372035,-1.9112711614926097
1994-07-24,4.649254166666667,0.3643367749185351,-2.1692576082518693
1994-07-25,4.666084722222222,0.514807388344461,-2.38255877723335
1994-07-26,4.682347222222223,0.5376305827889055,-2.7949778050111287
1994-07-27,4.698708333333333,0.4949600272333499,-2.8100016939000163
1994-07-28,4.715547222222222,0.49662098788149794,-2.7651682101037194
1994-07-29,4.732388888888889,0.47570971473334994,-2.9740986036222385
1994-07-30,4.748162499999999,0.5283973073259426,-3.0422264739926086
1994-07-31,4.762673611111111,0.5651246105666834,-3.0094648883444615
1994-08-01,4.771761111111111,0.5455026776963129,-2.8125971221407577
1994-08-02,4.772633333333333,0.5103209184370536,-2.7782875851037208
1994-08-03,4.768962500000001,0.43731462214075734,-2.7539437888074247
1994-08-04,4.764818055555555,0.42783646241853507,-2.77565451797409
1994-08-05,4.760766666666667,0.41578625408520165,-3.1942195874185355
1994-08-06,4.757608333333334,0.3136183952889055,-2.773226728622239
1994-08-07,4.753470833333334,0.33642587214075753,-2.536230038807425
1994-08-08,4.745973611111111,0.28234751565927585,-2.3429877934370538
1994-08-09,4.731520833333334,0.2558598420481646,-2.270047342048165
1994-08-10,4.711406944444445,0.29264128880742396,-1.3593815665852018
1994-08-11,4.690959722222222,0.32368025871483147,-1.2019733142703866
1994-08-12,4.673120833333334,0.3322542401963129,-1.1960417401963133
1994-08-13,4.655900000000001,0.3316346568629795,-1.010534656862981
1994-08-14,4.634708333333333,0.24482230732594254,-0.9025306406592764
1994-08-15,4.6067583333333335,0.11616522399260916,-0.7459235573259433
1994-08-16,4.581025,0.022069471677794328,-0.6797611383444613
1994-08-17,4.562901388888889,-0.1206328315629463,-0.6489352239926094
1994-08-18,4.545191666666667,-0.18902258850739087,-0.898502411492609
1994-08-19,4.528173611111111,-0.2039141047110945,-0.9039261730666831
1994-08-20,4.512734722222222,-0.27291434776665,-0.820153707788905
1994-08-21,4.499540277777777,-0.3051572181370204,-0.8133830596407567
1994-08-22,4.489295833333333,-0.2999337806370204,-0.8900287193629792
1994-08-23,4.478731944444444,-0.33445717184072404,-0.7596081059370532
1994-08-24,4.467877777777778,-0.44370401211850197,-0.3898404323259427
1994-08-25,4.455436111111111,-0.4828114426740575,-0.32795800177038736
1994-08-26,4.440929166666667,-0.46414806304442785,-0.35044777028890534
1994-08-27,4.4266375,-0.5173540352666499,-0.3462834647333499
1994-08-28,4.411923611111111,-0.4947984681370205,-0.3044584763074237
1994-08-29,4.398144444444444,-0.5233943940629464,-0.2624167170481648
1994-08-30,4.385159722222222,-0.5328582945259094,0.02603190563702007
1994-08-31,4.373643055555556,-0.4915492435999834,0.42457285471109396
1994-09-01,4.364101388888889,-0.41680228758146504,1.532367565359242
1994-09-02,4.355183333333334,-0.4217763385073909,1.724259671840724
1994-09-03,4.346743055555556,-0.46663122276665014,1.778888167211095
1994-09-04,4.336947222222222,-0.4026943130444278,1.6730804241555386
1994-09-05,4.327236111111111,-0.3639181787851685,1.305682067674058
1994-09-06,4.3288013888888885,-0.3776845560999835,1.0275498338777622
1994-09-07,4.341604166666667,-0.3483911764703538,1.0857870098036861
1994-09-08,4.356569444444444,-0.2895741162851687,2.1796713385073914
1994-09-09,4.372422222222223,-0.31731783156294635,1.2725622760073907
1994-09-10,4.389411111111111,-0.2966407135073909,1.0655629357296128
1994-09-11,4.408308333333333,-0.29173550517405755,1.0564271718407243
1994-09-12,4.428779166666667,-0.23469192878516856,1.1455794287851688
1994-09-13,4.449531944444445,-0.14897896582220566,1.942780354711095
1994-09-14,4.4704250000000005,-0.06844585239627972,3.7500208523962786
1994-09-15,4.491227777777778,-0.01862322508146481,3.892728780637021
1994-09-16,4.5094513888888885,-0.03530623434072408,3.6875215121185025
1994-09-17,4.524777777777778,-0.029864046840724114,3.6894196023962795
1994-09-18,4.539543055555555,-0.06775380378516854,3.7425440815629476
1994-09-19,4.557351388888889,0.03105302233589053,3.629262255441887
1994-09-20,4.578149999999999,0.0305050310594902,3.6160116356071783
1994-09-21,4.598415277777777,0.03686623399796589,3.6050518215575913
1994-09-22,4.618781944444445,0.06685749891991248,3.6933605566356422
1994-09-23,4.638875,0.08326047183084001,4.113197861502493
1994-09-24,4.659618055555555,0.11941637173901258,4.299632239372098
1994-09-25,4.681754166666666,0.1470528386811614,4.249526327985504
1994-09-26,4.702854166666667,0.18256469588960944,4.666581137443724
1994-09-27,4.723902777777777,0.18891858707418244,4.59117863514804
1994-09-28,4.745069444444444,0.17629473491623948,4.583302487305984
1994-09-29,4.7650875,0.15251257238180407,4.237066594284862
1994-09-30,4.7838625,0.07848643601816786,3.671317730648499
1994-10-01,4.8017763888888885,-0.0004612682977183022,2.5616848794088294
1994-10-02,4.819905555555556,0.040701587533319324,2.6900595235777924
1994-10-03,4.838316666666666,0.04912748285012372,2.9282225171498775
1994-10-04,4.858054166666666,0.025421261546175113,3.040524571787159
1994-10-05,4.87585,0.020818678901546983,3.02699798776512
1994-10-06,4.882126388888889,-0.02905082293500033,3.0492577673794448
1994-10-07,4.8786555555555555,-0.05023497123619397,2.835246082347305
1994-10-08,4.873555555555555,-0.09321372467972029,1.6836581691241648
1994-10-09,4.864404166666667,-0.09599717279725936,1.6872596727972593
1994-10-10,4.852683333333333,-0.05596561861911424,1.6586156186191139
1994-10-11,4.841251388888889,-0.036045669124164875,1.6081276135686091
1994-10-12,4.82733611111111,-0.05386257683766328,1.1868597990598866
1994-10-13,4.811930555555556,-0.1373418008964328,0.3820779120075438
1994-10-14,4.796384722222222,-0.1732937866631913,-1.4750909355590303
1994-10-15,4.781306944444444,-0.1762693720626403,-1.6720375723818037
1994-10-16,4.767229166666667,-0.12374578390837038,-1.976483382758296
1994-10-17,4.754938888888889,-0.15041892440423824,-2.0155199644846507
1994-10-18,4.7440625,-0.1636749390966165,-2.0337208942367173
1994-10-19,4.7301013888888885,-0.14779169759064778,-2.0273096912982407
1994-10-20,4.712723611111111,-0.09885666545107002,-1.7158669456600404
1994-10-21,4.696229166666667,-0.06195531099744281,-1.7519405223358906
1994-10-22,4.68085138888889,-0.08742179400938063,-1.882762928212842
1994-10-23,4.664502777777778,-0.14205875452361366,-2.275110689920831
1994-10-24,4.647222222222222,-0.1620991356071766,-2.531789753281712
1994-10-25,4.629976388888888,-0.16617248271461468,-2.445137239507607
1994-10-26,4.6130708333333335,-0.15237648868339332,-2.754361011316607
1994-10-27,4.596231944444444,-0.1598384377192059,-2.7310601733919047
1994-10-28,4.580029166666667,-0.17182070355942644,-2.5198751297739066
1994-10-29,4.564130555555556,-0.1790689703179204,-2.4890615852376357
1994-10-30,4.546641666666666,-0.134339849564936,-2.495968483768397
1994-10-31,4.526973611111112,-0.09532976003325565,-2.5176438510778563
1994-11-01,4.506122222222222,-0.05826592853646957,-2.898856293685753
1994-11-02,4.486902777777777,-0.014703061227011285,-3.1701997165507656
1994-11-03,4.472680555555556,-0.04287351577246585,-3.10380703978309
1994-11-04,4.463408333333334,0.022996169718810612,-2.7020711697188107
1994-11-05,4.4565625,0.06259709947087659,-0.890159599470877
1994-11-06,4.4499,0.10803479460402632,-0.6756014612706933
1994-11-07,4.437779166666667,0.11858051315315392,-0.6580263464864875
1994-11-08,4.424773611111112,0.11405079552230005,-0.639157739966745
1994-11-09,4.41385138888889,0.026241635742685704,-0.3914263579649092
1994-11-10,4.401258333333334,-0.00823790971185972,-0.009020423621473655
1994-11-11,4.397493055555556,-0.045008949656763206,0.22118256076787463
1994-11-12,4.402469444444445,0.04795500810264902,0.1232422141195732
1994-11-13,4.403118055555556,0.12849352968207972,0.07572174809569754
1994-11-14,4.398106944444445,0.17538977623855362,0.03383661265033472
1994-11-15,4.392754166666666,0.27971549937904944,-0.029136332712382196
1994-11-16,4.388156944444445,0.3635488212339622,-0.10803909901173975
1994-11-17,4.383340277777777,0.4040260939612349,-0.11069970507234539
1994-11-18,4.378384722222222,0.3788453891862119,0.653103221924899
1994-11-19,4.373209722222223,0.37963133510372027,0.6941589426740572
1994-11-20,4.367152777777777,0.33544477260372035,0.7297357829518356
1994-11-21,4.359622222222222,0.3643367749185351,0.6327076695259104
1994-11-22,4.349795833333333,0.514807388344461,0.24373011165553904
1994-11-23,4.338475,0.5376305827889055,0.21722775054442833
1994-11-24,4.329798611111111,0.4949600272333499,0.20324136165553924
1994-11-25,4.323784722222222,0.49662098788149794,0.04626095656294599
1994-11-26,4.320980555555556,0.47570971473334994,0.06930972971109478
1994-11-27,4.322750000000001,0.5283973073259426,-0.16881397399260945
1994-11-28,4.327056944444445,0.5651246105666834,-0.21751488834446153
1994-11-29,4.335001388888889,0.5455026776963129,-0.22617073325186754
1994-11-30,4.347922222222222,0.5103209184370536,-0.20390980732594066
1994-12-01,4.364616666666667,0.43731462214075734,-0.14826462214075686
1994-12-02,4.3797875,0.42783646241853507,-0.17329062908520182
1994-12-03,4.388615277777777,0.41578625408520165,-0.30240153186297924
1994-12-04,4.393643055555556,0.3136183952889055,-0.657928117511128
1994-12-05,4.3984958333333335,0.33642587214075753,-2.426255038807424
1994-12-06,4.4060958333333335,0.28234751565927585,-2.591110015659276
1994-12-07,4.421352777777777,0.2558598420481646,-2.5958792864926084
1994-12-08,4.44147361111111,0.29264128880742396,-2.649781566585201
1994-12-09,4.461461111111111,0.32368025871483147,-2.2251413698259426
1994-12-10,4.4817888888888895,0.3322542401963129,-2.495709795751869
1994-12-11,4.495752777777778,0.3316346568629795,-2.6990541013074236
1994-12-12,4.502897222222222,0.24482230732594254,-2.619386196214831
1994-12-13,4.514561111111111,0.11616522399260916,-2.536059668437053
1994-12-14,4.531811111111111,0.022069471677794328,-2.3668805827889052
1994-12-15,4.552161111111111,-0.1206328315629463,-2.280528279548165
1994-12-16,4.575301388888889,-0.18902258850739087,-2.2359454670481647
1994-12-17,4.599773611111111,-0.2039141047110945,-2.278526173066683
1994-12-18,4.625826388888889,-0.27291434776665,-2.980912041122239
1994-12-19,4.6518652777777785,-0.3051572181370204,-3.088708059640758
1994-12-20,4.67795,-0.2999337806370204,-2.914349552696313
1994-12-21,4.705641666666667,-0.33445717184072404,-2.8415178281592763
1994-12-22,4.735369444444444,-0.44370401211850197,-2.7259987656592757
1994-12-23,4.7670125,-0.4828114426740575,-2.7182010573259427
1994-12-24,4.797086111111111,-0.46414806304442785,-2.766938048066683
1994-12-25,4.824990277777777,-0.5173540352666499,-2.7416362425111274
1994-12-26,4.854451388888888,-0.4947984681370205,-2.7913195874185344
1994-12-27,4.885286111111111,-0.5233943940629464,-2.593891717048165
1994-12-28,4.916599999999999,-0.5328582945259094,-2.4767417054740894
1994-12-29,4.948029166666666,-0.4915492435999834,-2.3758132564000163
1994-12-30,4.977476388888888,-0.41680228758146504,-1.5753407679740898
1994-12-31,5.004330555555556,-0.4217763385073909,-1.4348875503814984
1995-01-01,5.0309944444444445,-0.46663122276665014,-1.0080298883444612
1995-01-02,5.0598833333333335,-0.4026943130444278,-0.36052235362223883
1995-01-03,5.088577777777777,-0.3639181787851685,-0.37032626565927573
1995-01-04,5.108836111111111,-0.3776845560999835,-0.4808182216777943
1995-01-05,5.119891666666667,-0.3483911764703538,-0.5631671568629799
1995-01-06,5.128759722222222,-0.2895741162851687,-0.6308522726037203
1995-01-07,5.137733333333333,-0.31731783156294635,-0.5757488351037205
1995-01-08,5.1462375,-0.2966407135073909,-1.2295967864926087
1995-01-09,5.151895833333333,-0.29173550517405755,-1.171160328159275
1995-01-10,5.153806944444444,-0.23469192878516856,1.0008849843407246
1995-01-11,5.154186111111111,-0.14897896582220566,1.852126188044428
1995-01-12,5.154233333333333,-0.06844585239627972,2.607879185729614
1995-01-13,5.153836111111111,-0.01862322508146481,2.485787113970354
1995-01-14,5.152873611111111,-0.03530623434072408,2.5037659565629466
1995-01-15,5.151459722222222,-0.029864046840724114,2.499737657951836
1995-01-16,5.150995833333333,-0.06775380378516854,2.5380913037851687
1995-01-17,5.149158333333332,0.03105302233589053,2.4411219776641104
1995-01-18,5.14528611111111,0.0305050310594902,2.4032088578293993
1995-01-19,5.1425624999999995,0.03686623399796589,2.252904599335368
1995-01-20,5.1418888888888885,0.06685749891991248,2.170920278857865
1995-01-21,5.1434625,0.08326047183084001,2.249610361502494
1995-01-22,5.145801388888889,0.11941637173901258,2.455448906038764
1995-01-23,5.147338888888889,0.1470528386811614,3.0596082724299505
1995-01-24,5.148643055555555,0.18256469588960944,3.5017922485548363
1995-01-25,5.145740277777778,0.18891858707418244,4.215341135148041
1995-01-26,5.140327777777777,0.17629473491623948,4.566710820639316
1995-01-27,5.138586111111111,0.15251257238180407,4.51856798317375
1995-01-28,5.1437986111111105,0.07848643601816786,4.563048286204055
1995-01-29,5.154305555555556,-0.0004612682977183022,4.058489046075495
1995-01-30,5.165512499999999,0.040701587533319324,4.501785912466682
1995-01-31,5.17927361111111,0.04912748285012372,4.070932239372099
1995-02-01,5.194322222222222,0.025421261546175113,3.3392565162316026
1995-02-02,5.210154166666666,0.020818678901546983,3.26436048776512
1995-02-03,5.233965277777777,-0.02905082293500033,3.290418878490556
1995-02-04,5.264706944444443,-0.05023497123619397,3.6801946934584167
1995-02-05,5.295812499999999,-0.09321372467972029,3.6920678913463867
1995-02-06,5.326915277777777,-0.09599717279725936,3.6230818950194794
1995-02-07,5.356481944444443,-0.05596561861911424,3.5534836741746685
1995-02-08,5.385569444444444,-0.036045669124164875,3.5438095580130535
1995-02-09,5.416462499999999,-0.05386257683766328,1.4690667435043305
1995-02-10,5.448154166666666,-0.1373418008964328,0.5891876342297672
1995-02-11,5.481102777777776,-0.1732937866631913,-0.2038089911145858
1995-02-12,5.5149680555555545,-0.1762693720626403,-0.2216986834929142
1995-02-13,5.548001388888888,-0.12374578390837038,-0.057255604980518016
1995-02-14,5.5803625,-0.15041892440423824,0.012723091070905329
1995-02-15,5.611783333333333,-0.1636749390966165,0.11822493909661586
1995-02-16,5.6439611111111105,-0.14779169759064778,0.29183058647953664
1995-02-17,5.676138888888888,-0.09885666545107002,0.33705110989551573
1995-02-18,5.7086749999999995,-0.06195531099744281,0.47961364433077647
1995-02-19,5.7534069444444444,-0.08742179400938063,0.4466815162316029
1995-02-20,5.814783333333333,-0.14205875452361366,0.30727542119028045
1995-02-21,5.886884722222222,-0.1620991356071766,0.09021441338495517
1995-02-22,5.964424999999999,-0.16617248271461468,-0.42358585061871845
1995-02-23,6.042936111111111,-0.15237648868339332,-0.8432262890943838
1995-02-24,6.124504166666666,-0.1598384377192059,-0.5296657289474607
1995-02-25,6.205306944444444,-0.17182070355942644,-0.4744862408850171
1995-02-26,6.279268055555555,-0.1790689703179204,-0.3595324185709677
1995-02-27,6.344261111111111,-0.134339849564936,-0.5952545948795085
1995-02-28,6.400019444444444,-0.09532976003325565,-1.0216896844111882
1995-03-01,6.451291666666666,-0.05826592853646957,-1.7680257381301967
1995-03-02,6.497804166666667,-0.014703061227011285,-1.8577677721063224
1995-03-03,6.537577777777777,-0.04287351577246585,-1.5587042620053122
1995-03-04,6.573865277777777,0.022996169718810612,-1.5358614474965888
1995-03-05,6.610345833333334,0.06259709947087659,-1.4586095994708779
1995-03-06,6.647434722222222,0.10803479460402632,-1.8051361834929154
1995-03-07,6.684683333333333,0.11858051315315392,-1.8445971798198202
1995-03-08,6.721661111111111,0.11405079552230005,-1.8427119066334112
1995-03-09,6.760716666666666,0.026241635742685704,-1.7906249690760188
1995-03-10,6.802163888888888,-0.00823790971185972,-1.999592645843696
1995-03-11,6.8345208333333325,-0.045008949656763206,-2.1675118836765694
1995-03-12,6.8555930555555555,0.04795500810264902,-2.287214730324872
1995-03-13,6.872044444444445,0.12849352968207972,-2.4245379741265247
1995-03-14,6.887765277777778,0.17538977623855362,-2.519821720682998
1995-03-15,6.9055430555555555,0.27971549937904944,-2.7089252216012722
1995-03-16,6.923594444444445,0.3635488212339622,-2.8158099323450747
1995-03-17,6.9414847222222225,0.4040260939612349,-2.6078441495167906
1995-03-18,6.9595819444444444,0.3788453891862119,-2.430094000297323
1995-03-19,6.979976388888889,0.37963133510372027,-2.339941057325943
1995-03-20,6.9986347222222225,0.33544477260372035,-2.1280794948259425
1995-03-21,7.0027791666666666,0.3643367749185351,-1.9457826082518677
1995-03-22,6.989356944444445,0.514807388344461,-2.082830999455572
1995-03-23,6.963766666666666,0.5376305827889055,-2.1597305827889053
1995-03-24,6.929079166666666,0.4949600272333499,-2.275372527233349
1995-03-25,6.888527777777778,0.49662098788149794,-2.3261487656592768
1995-03-26,6.839680555555555,0.47570971473334994,-3.338390270288905
1995-03-27,6.7853819444444445,0.5283973073259426,-3.041445918437054
1995-03-28,6.731773611111111,0.5651246105666834,-2.630231555011127
1995-03-29,6.6783,0.5455026776963129,-1.3104693443629807
1995-03-30,6.629797222222223,0.5103209184370536,-1.2231181406592766
1995-03-31,6.589490277777777,0.43731462214075734,-0.946138233251868
1995-04-01,6.555883333333334,0.42783646241853507,-0.47371979575186923
1995-04-02,6.529377777777778,0.41578625408520165,-0.7071640318629805
1995-04-03,6.507008333333333,0.3136183952889055,-0.7076267286222393
1995-04-04,6.485297222222222,0.33642587214075753,-0.8620564276963134
1995-04-05,6.463086111111111,0.28234751565927585,-0.9211002934370542
1995-04-06,6.4405777777777775,0.2558598420481646,-0.8767709531592756
1995-04-07,6.418863888888889,0.29264128880742396,-0.9008385110296464
1995-04-08,6.39725138888889,0.32368025871483147,-0.7912649809370544
1995-04-09,6.375225,0.3322542401963129,-0.7778125735296464
1995-04-10,6.362219444444445,0.3316346568629795,-0.762520767974092
1995-04-11,6.3691375,0.24482230732594254,-0.6826264739926096
1995-04-12,6.389434722222222,0.11616522399260916,-0.30626661288149853
1995-04-13,6.412097222222222,0.022069471677794328,-0.22416669390001648
1995-04-14,6.4335152777777775,-0.1206328315629463,-0.2568824462148312
1995-04-15,6.453691666666666,-0.18902258850739087,-0.25266907815927553
1995-04-16,6.472479166666666,-0.2039141047110945,-0.47189839528890565
1995-04-17,6.488859722222221,-0.27291434776665,-0.8006120411222375
1995-04-18,6.501659722222222,-0.3051572181370204,-1.259169170751869
1995-04-19,6.511294444444443,-0.2999337806370204,-0.618360663807423
1995-04-20,6.519647222222222,-0.33445717184072404,1.9508099496185014
1995-04-21,6.528026388888889,-0.44370401211850197,3.605344289896279
1995-04-22,6.537719444444444,-0.4828114426740575,4.691425331562946
1995-04-23,6.550194444444444,-0.46414806304442785,4.909286951933315
1995-04-24,6.566468055555555,-0.5173540352666499,4.930219313044428
1995-04-25,6.583168055555555,-0.4947984681370205,5.6429637459147965
1995-04-26,6.594913888888889,-0.5233943940629464,4.926147171840723
1995-04-27,6.602404166666666,-0.5328582945259094,4.358454127859244
1995-04-28,6.6096375,-0.4915492435999834,3.039911743599983
1995-04-29,6.6157305555555554,-0.41680228758146504,3.0910717320259087
1995-04-30,6.617416666666666,-0.4217763385073909,2.95269300517406
1995-05-01,6.614688888888889,-0.46663122276665014,2.5706090005444286
1995-05-02,6.609245833333333,-0.4026943130444278,2.473448479711097
1995-05-03,6.603425,-0.3639181787851685,2.4404931787851702
1995-05-04,6.601086111111111,-0.3776845560999835,2.456598444988874
1995-05-05,6.601806944444444,-0.3483911764703538,2.426584232025911
1995-05-06,6.602619444444445,-0.2895741162851687,2.363288005174058
1995-05-07,6.602963888888889,-0.31731783156294635,2.3656872760073915
1995-05-08,6.602977777777777,-0.2966407135073909,2.2803296023962796
1995-05-09,6.603483333333333,-0.29173550517405755,2.3579188385073904
1995-05-10,6.604454166666667,-0.23469192878516856,2.335237762118502
1995-05-11,6.596791666666666,-0.14897896582220566,2.6818539658222065
1995-05-12,6.57926111111111,-0.06844585239627972,2.858851407951837
1995-05-13,6.559515277777778,-0.01862322508146481,3.177107947303687
1995-05-14,6.5392875,-0.03530623434072408,3.287018734340724
1995-05-15,6.520215277777777,-0.029864046840724114,3.2936487690629477
1995-05-16,6.500740277777778,-0.06775380378516854,3.319346859340723
1995-05-17,6.47976111111111,0.03105302233589053,3.322852533219665
1995-05-18,6.457870833333333,0.0305050310594902,3.7729574689405116
1995-05-19,6.4343611111111105,0.03686623399796589,2.7567726548909235
1995-05-20,6.4088416666666665,0.06685749891991248,0.10296750108008697
1995-05-21,6.382425,0.08326047183084001,-1.4096854718308396
1995-05-22,6.3563527777777775,0.11941637173901258,-2.476435816183457
1995-05-23,6.332369444444444,0.1470528386811614,-2.7290889497922723
1995-05-24,6.309991666666666,0.18256469588960944,-2.7882230292229426
1995-05-25,6.291731944444444,0.18891858707418244,-3.525317198185293
1995-05-26,6.27649861111111,0.17629473491623948,-3.006460012694016
1995-05-27,6.258391666666666,0.15251257238180407,-3.0302375723818034
1995-05-28,6.234452777777777,0.07848643601816786,-2.9322725471292785
1995-05-29,6.206312499999999,-0.0004612682977183022,-2.2295178983689476
1995-05-30,6.177477777777778,0.040701587533319324,-0.947846031977763
1995-05-31,6.146866666666667,0.04912748285012372,-0.5246608161834575
1995-06-01,6.115836111111111,0.025421261546175113,-0.3155907059906196
1995-06-02,6.084902777777778,0.020818678901546983,-0.24572145667932443
1995-06-03,6.050325000000001,-0.02905082293500033,-0.10127417706500058
1995-06-04,6.013187500000001,-0.05023497123619397,0.17638080456952715
1995-06-05,5.976240277777778,-0.09321372467972029,0.36497344690194217
1995-06-06,5.939538888888889,-0.09599717279725936,0.44579161724170346
1995-06-07,5.904106944444445,-0.05596561861911424,0.38352534084133577
1995-06-08,5.870243055555556,-0.036045669124164875,0.39513594690194176
1995-06-09,5.840075000000001,-0.05386257683766328,0.5881209101709961
1995-06-10,5.812758333333333,-0.1373418008964328,2.342250134229765
1995-06-11,5.784334722222223,-0.1732937866631913,2.246625731107636
1995-06-12,5.755720833333333,-0.1762693720626403,2.2228818720626404
1995-06-13,5.729541666666666,-0.12374578390837038,2.216204117241704
1995-06-14,5.7043944444444445,-0.15041892440423824,2.2760244799597937
1995-06-15,5.679802777777778,-0.1636749390966165,2.171872161318839
1995-06-16,5.657513888888889,-0.14779169759064778,2.0879444753684253
1995-06-17,5.6385000000000005,-0.09885666545107002,1.6370233321177363
1995-06-18,5.618759722222222,-0.06195531099744281,1.6195289221085536
1995-06-19,5.585700000000001,-0.08742179400938063,1.5690551273427136
1995-06-20,5.5375555555555565,-0.14205875452361366,1.6408365323013905
1995-06-21,5.480829166666666,-0.1620991356071766,1.7662699689405104
1995-06-22,5.4181388888888895,-0.16617248271461468,1.8467002604923926
1995-06-23,5.353827777777778,-0.15237648868339332,2.027548710905615
1995-06-24,5.2867041666666665,-0.1598384377192059,2.1344676043858732
1995-06-25,5.220181944444445,-0.17182070355942644,1.5033054257816485
1995-06-26,5.160070833333334,-0.1790689703179204,1.564664803651253
1995-06-27,5.107119444444445,-0.134339849564936,1.5728870717871577
1995-06-28,5.060551388888889,-0.09532976003325565,0.8491117044777001
1995-06-29,5.0221486111111115,-0.05826592853646957,-0.4655493492413089
1995-06-30,4.993941666666666,-0.014703061227011285,-0.8819052721063217
1995-07-01,4.969905555555555,-0.04287351577246585,-0.7693653731164226
1995-07-02,4.9460999999999995,0.022996169718810612,-0.5267628363854762
1995-07-03,4.922358333333333,0.06259709947087659,0.2867112338624556
1995-07-04,4.898620833333332,0.10803479460402632,0.05934437206264209
1995-07-05,4.875468055555555,0.11858051315315392,0.04395143129129005
1995-07-06,4.852956944444443,0.11405079552230005,0.02932559336658988
1995-07-07,4.8295916666666665,0.026241635742685704,0.14050003092398108
1995-07-08,4.804183333333333,-0.00823790971185972,0.11972124304519377
1995-07-09,4.778018055555555,-0.045008949656763206,0.0006575607678743073
1995-07-10,4.750984722222222,0.04795500810264902,-2.133273063658205
1995-07-11,4.721743055555555,0.12849352968207972,-2.5309032519043013
1995-07-12,4.688934722222221,0.17538977623855362,-2.8033244984607744
1995-07-13,4.651881944444444,0.27971549937904944,-2.8275974438234934
1995-07-14,4.620799999999999,0.3635488212339622,-2.7180154879006277
1995-07-15,4.603862499999999,0.4040260939612349,-2.739221927294567
1995-07-16,4.593434722222222,0.3788453891862119,-2.6299467780751002
1995-07-17,4.581265277777778,0.37963133510372027,-2.628896612881498
1995-07-18,4.572008333333333,0.33544477260372035,-2.6561197726037196
1995-07-19,4.578443055555555,0.3643367749185351,-2.691446497140756
1995-07-20,4.600345833333334,0.514807388344461,-2.8638198883444614
1995-07-21,4.6363875,0.5376305827889055,-2.919684749455572
1995-07-22,4.684040277777777,0.4949600272333499,-2.6990003050111273
1995-07-23,4.733980555555555,0.49662098788149794,-2.873601543437053
1995-07-24,4.787376388888889,0.47570971473334994,-2.9664194369555723
1995-07-25,4.841338888888888,0.5283973073259426,-3.073069529548164
1995-07-26,4.893169444444444,0.5651246105666834,-3.1616273883444608
1995-07-27,4.946222222222222,0.5455026776963129,-2.9537248999185346
1995-07-28,4.995138888888889,0.5103209184370536,-2.9667931406592754
1995-07-29,5.029815277777778,0.43731462214075734,-2.9284632332518683
1995-07-30,5.051081944444444,0.42783646241853507,-2.7735850735296457
1995-07-31,5.067105555555555,0.41578625408520165,-2.8875584763074227
1995-08-01,5.081629166666667,0.3136183952889055,-3.0635808952889056
1995-08-02,5.095572222222222,0.33642587214075753,-3.989664761029646
1995-08-03,5.108454166666666,0.28234751565927585,-3.962135015659275
1995-08-04,5.119402777777777,0.2558598420481646,-4.027262619825942
1995-08-05,5.129254166666666,0.29264128880742396,-3.9478954554740895
1995-08-06,5.139833333333334,0.32368025871483147,-3.700846925381498
1995-08-07,5.151633333333334,0.3322542401963129,-3.514554240196313
1995-08-08,5.159886111111112,0.3316346568629795,-2.8401874346407574
1995-08-09,5.156783333333333,0.24482230732594254,-2.7462723073259427
1995-08-10,5.146922222222223,0.11616522399260916,-2.609420779548165
1995-08-11,5.1379069444444445,0.022069471677794328,-2.271643082788905
1995-08-12,5.128815277777778,-0.1206328315629463,-1.9135157795481648
1995-08-13,5.111676388888889,-0.18902258850739087,-1.9846538003814982
1995-08-14,5.080831944444444,-0.2039141047110945,-1.9082511730666831
1995-08-15,5.044093055555556,-0.27291434776665,-1.8771787077889062
1995-08-16,5.009095833333333,-0.3051572181370204,-1.8086052818629796
1995-08-17,4.975451388888889,-0.2999337806370204,-1.7781842749185348
1995-08-18,4.941906944444444,-0.33445717184072404,-1.7101164392703863
1995-08-19,4.908876388888888,-0.44370401211850197,-1.09150571010372
1995-08-20,4.869870833333334,-0.4828114426740575,-0.9390593906592761
1995-08-21,4.823745833333334,-0.46414806304442785,-1.1115977702889055
1995-08-22,4.775584722222222,-0.5173540352666499,-0.9662306869555717
1995-08-23,4.726318055555556,-0.4947984681370205,-0.922519587418535
1995-08-24,4.679704166666667,-0.5233943940629464,-0.701643105937054
1995-08-25,4.635451388888889,-0.5328582945259094,-0.5582597610296457
1995-08-26,4.589775,-0.4915492435999834,-0.7648924230666835
1995-08-27,4.54615,-0.41680228758146504,-0.1910143790852014
1995-08-28,4.509301388888889,-0.4217763385073909,1.1958082829518353
1995-08-29,4.477454166666666,-0.46663122276665014,1.803177056099985
1995-08-30,4.446615277777777,-0.4026943130444278,1.7720790352666504
1995-08-31,4.414477777777778,-0.3639181787851685,1.7801070676740571
1995-09-01,4.377745833333334,-0.3776845560999835,1.831272056099983
1995-09-02,4.340059722222222,-0.3483911764703538,1.8399981209147982
1995-09-03,4.305616666666667,-0.2895741162851687,1.9519574496185013
1995-09-04,4.2736,-0.31731783156294635,2.0007178315629455
1995-09-05,4.243181944444444,-0.2966407135073909,1.7267921023962796
1995-09-06,4.212426388888889,-0.29173550517405755,1.564309116285169
1995-09-07,4.1822791666666665,-0.23469192878516856,1.6624127621185023
1995-09-08,4.161509722222222,-0.14897896582220566,1.7241359102666498
1995-09-09,4.150805555555555,-0.06844585239627972,1.6623069635073906
1995-09-10,4.142620833333332,-0.01862322508146481,1.3450023917481322
1995-09-11,4.135486111111112,-0.03530623434072408,1.0471534565629455
1995-09-12,4.127927777777778,-0.029864046840724114,2.869936269062946
1995-09-13,4.120201388888889,-0.06775380378516854,4.450885748229614
1995-09-14,4.112719444444444,0.03105302233589053,4.4362275332196655
1995-09-15,4.105337499999999,0.0305050310594902,4.458490802273846
1995-09-16,4.099056944444445,0.03686623399796589,4.5374101548909245
1995-09-17,4.094383333333334,0.06685749891991248,4.516425834413423
1995-09-18,4.093972222222222,0.08326047183084001,4.0364339726136045
1995-09-19,4.097818055555555,0.11941637173901258,5.2744322393721
1995-09-20,4.103654166666667,0.1470528386811614,5.443959661318838
1995-09-21,4.111765277777778,0.18256469588960944,5.451336692999278
1995-09-22,4.120998611111111,0.18891858707418244,5.4190828018147075
1995-09-23,4.1304847222222225,0.17629473491623948,5.316887209528205
1995-09-24,4.139970833333333,0.15251257238180407,5.350183260951528
1995-09-25,4.148451388888889,0.07848643601816786,5.624395508426278
1995-09-26,4.155925,-0.0004612682977183022,5.090202934964385
1995-09-27,4.164123611111111,0.040701587533319324,4.118508134688902
1995-09-28,4.174530555555556,0.04912748285012372,3.4986752949276534
1995-09-29,4.187066666666667,0.025421261546175113,3.4078454051204905
1995-09-30,4.201195833333333,0.020818678901546983,3.32898548776512
1995-10-01,4.219976388888889,-0.02905082293500033,3.3844077673794444
1995-10-02,4.240768055555556,-0.05023497123619397,3.3851335823473048
1995-10-03,4.259680555555557,-0.09321372467972029,3.2728665024574974
1995-10-04,4.276144444444445,-0.09599717279725936,3.2821860616861476
1995-10-05,4.288748611111112,-0.05596561861911424,3.3648836741746693
1995-10-06,4.298968055555557,-0.036045669124164875,3.4324109469019413
1995-10-07,4.305583333333335,-0.05386257683766328,2.637279243504328
1995-10-08,4.309879166666667,-0.1373418008964328,2.5857959675631
1995-10-09,4.314684722222223,-0.1732937866631913,2.608942397774301
1995-10-10,4.318526388888889,-0.1762693720626403,2.6037429831737504
1995-10-11,4.320377777777778,-0.12374578390837038,2.499701339463926
1995-10-12,4.321590277777778,-0.15041892440423824,0.6711619799597934
1995-10-13,4.323119444444445,-0.1636749390966165,-0.8864445053478283
1995-10-14,4.324966666666667,-0.14779169759064778,-0.9818416357426857
1995-10-15,4.32731388888889,-0.09885666545107002,-1.0487905567711528
1995-10-16,4.329220833333334,-0.06195531099744281,-1.1685988556692244
1995-10-17,4.330068055555556,-0.08742179400938063,-1.1483129282128426
1995-10-18,4.324831944444445,-0.14205875452361366,-1.100773189920831
1995-10-19,4.314194444444444,-0.1620991356071766,-2.474095308837268
1995-10-20,4.302234722222223,-0.16617248271461468,-2.700395572840942
1995-10-21,4.291180555555556,-0.15237648868339332,-2.80547073353883
1995-10-22,4.282673611111111,-0.1598384377192059,-2.7898351733919053
1995-10-23,4.274123611111111,-0.17182070355942644,-2.8096362408850184
1995-10-24,4.265750000000001,-0.1790689703179204,-2.90268102968208
1995-10-25,4.259312500000001,-0.134339849564936,-3.179972650435065
1995-10-26,4.2548111111111115,-0.09532976003325565,-3.2144813510778563
1995-10-27,4.245786111111112,-0.05826592853646957,-3.6635201825746426
1995-10-28,4.227690277777778,-0.014703061227011285,-3.784653883217433
1995-10-29,4.205211111111112,-0.04287351577246585,-3.7370042620053123
1995-10-30,4.182905555555556,0.022996169718810612,-3.7442350586077
1995-10-31,4.161031944444445,0.06259709947087659,-3.786962377248655
1995-11-01,4.141194444444444,0.10803479460402632,-3.3928959057151378
1995-11-02,4.1227625,0.11858051315315392,-3.260009679819821
1995-11-03,4.103372222222222,0.11405079552230005,-2.8484230177445227
1995-11-04,4.084776388888889,0.026241635742685704,-2.7876846912982414
1995-11-05,4.0680861111111115,-0.00823790971185972,-2.852514868065918
1995-11-06,4.051597222222223,-0.045008949656763206,-2.7999216058987932
1995-11-07,4.0339083333333345,0.04795500810264902,-2.873863341435984
1995-11-08,4.0159416666666665,0.12849352968207972,-2.9364351963487465
1995-11-09,3.9995361111111114,0.17538977623855362,-2.966925887349665
1995-11-10,3.985620833333334,0.27971549937904944,-3.020669666045717
1995-11-11,3.967419444444445,0.3635488212339622,-3.0193015990117407
1995-11-12,3.940794444444445,0.4040260939612349,-2.97582053840568
1995-11-13,3.9113763888888893,0.3788453891862119,-2.843888444741768
1995-11-14,3.881738888888889,0.37963133510372027,-2.805036890659276
1995-11-15,3.851425,0.33544477260372035,-2.567203105937054
1995-11-16,3.8205444444444443,0.3643367749185351,-2.423547886029646
1995-11-17,3.7914152777777774,0.514807388344461,-1.663555999455572
1995-11-18,3.757731944444444,0.5376305827889055,-1.5093625272333497
1995-11-19,3.7167805555555553,0.4949600272333499,-0.8627405827889054
1995-11-20,3.6718124999999997,0.49662098788149794,-0.7337668212148314
1995-11-21,3.623541666666666,0.47570971473334994,-0.6642513814000162
1995-11-22,3.5751430555555554,0.5283973073259426,-0.668540362881498
1995-11-23,3.5261152777777776,0.5651246105666834,-0.6562398883444609
1995-11-24,3.4751874999999997,0.5455026776963129,-0.5856901776963125
1995-11-25,3.422773611111111,0.5103209184370536,-0.49776119621483117
1995-11-26,3.3729402777777775,0.43731462214075734,-0.2005882332518678
1995-11-27,3.328316666666667,0.42783646241853507,0.3758468709147987
1995-11-28,3.286508333333333,0.41578625408520165,0.4750387459147988
1995-11-29,3.244975,0.3136183952889055,0.5820732713777605
1995-11-30,3.203133333333333,0.33642587214075753,0.6011074611925755
1995-12-01,3.1591486111111107,0.28234751565927585,0.27883720656294697
1995-12-02,3.1138138888888887,0.2558598420481646,0.22565960239628025
1995-12-03,3.0700680555555553,0.29264128880742396,-0.1847093443629793
1995-12-04,3.0269069444444443,0.32368025871483147,-0.26692053649260944
1995-12-05,2.9830444444444444,0.3322542401963129,-0.2142986846407573
1995-12-06,2.9423652777777773,0.3316346568629795,-0.16666660130742333
1995-12-07,2.905411111111111,0.24482230732594254,0.0800999148962798
1995-12-08,2.868266666666667,0.11616522399260916,0.2475681093407241
1995-12-09,2.830751388888889,0.022069471677794328,0.379179139433317
1995-12-10,2.794836111111111,-0.1206328315629463,0.5211300537851684
1995-12-11,2.7662402777777775,-0.18902258850739087,0.5511156440629468
1995-12-12,2.7460388888888887,-0.2039141047110945,0.6032085491555391
1995-12-13,2.7281625,-0.27291434776665,0.7054185144333165
1995-12-14,2.7114000000000003,-0.3051572181370204,0.7857572181370203
1995-12-15,2.6987180555555557,-0.2999337806370204,0.6595490584147978
1995-12-16,2.6891527777777777,-0.33445717184072404,0.584971060729613
1995-12-17,2.6800930555555555,-0.44370401211850197,-0.16172237677038714
1995-12-18,2.6779069444444445,-0.4828114426740575,-0.0010955017703870862
1995-12-19,2.6847208333333334,-0.46414806304442785,-0.5889061036222389
1995-12-20,2.6950458333333334,-0.5173540352666499,0.07764153526664974
1995-12-21,2.706990277777778,-0.4947984681370205,0.09180819035924243
1995-12-22,2.7198944444444444,-0.5233943940629464,0.2111666162851682
1995-12-23,2.7340791666666666,-0.5328582945259094,0.3804457945259089
1995-12-24,2.749894444444444,-0.4915492435999834,0.4926547991555391
1995-12-25,2.7669041666666665,-0.41680228758146504,1.0902314542481322
1995-12-26,2.7854166666666664,-0.4217763385073909,1.251693005174058
1995-12-27,2.8056083333333337,-0.46663122276665014,0.8000228894333167
1995-12-28,2.826204166666667,-0.4026943130444278,0.6724901463777615
1995-12-29,2.8467041666666666,-0.3639181787851685,0.7145473454518353
1995-12-30,2.8671555555555557,-0.3776845560999835,0.7255290005444281
1995-12-31,2.8859625,-0.3483911764703538,1.1494286764703534
1996-01-01,2.902738888888889,-0.2895741162851687,1.0758352273962797
1996-01-02,2.916561111111111,-0.31731783156294635,0.9830900537851683
1996-01-03,2.9277111111111114,-0.2966407135073909,0.9539296023962796
1996-01-04,2.939252777777778,-0.29173550517405755,0.9201493940629464
1996-01-05,2.951013888888889,-0.23469192878516856,0.85367803989628
1996-01-06,2.9625583333333334,-0.14897896582220566,0.7177539658222056
1996-01-07,2.974222222222222,-0.06844585239627972,0.7322236301740576
1996-01-08,2.986020833333333,-0.01862322508146481,0.6709357250814656
1996-01-09,2.996290277777778,-0.03530623434072408,0.67734928989628
1996-01-10,3.0047805555555556,-0.029864046840724114,1.1337501579518356
1996-01-11,3.012802777777778,-0.06775380378516854,2.0276176926740574
1996-01-12,3.0205402777777777,0.03105302233589053,1.9987400332196645
1996-01-13,3.0267861111111114,0.0305050310594902,1.9537088578293977
1996-01-14,3.0286333333333335,0.03686623399796589,1.9158337660020341
1996-01-15,3.026451388888889,0.06685749891991248,1.8650244455245317
1996-01-16,3.019733333333333,0.08326047183084001,1.8390061948358263
1996-01-17,3.008020833333333,0.11941637173901258,1.5518961282609873
1996-01-18,2.991315277777778,0.1470528386811614,1.5402985502077273
1996-01-19,2.9698374999999997,0.18256469588960944,0.816931137443724
1996-01-20,2.9468097222222225,0.18891858707418244,0.7846050240369283
1996-01-21,2.9261041666666667,0.17629473491623948,0.7142677650837607
1996-01-22,2.909784722222222,0.15251257238180407,0.620702705395974
1996-01-23,2.8949499999999997,0.07848643601816786,0.6148968973151654
1996-01-24,2.8795222222222225,-0.0004612682977183022,0.050272379408828886
1996-01-25,2.863068055555556,0.040701587533319324,-0.22410297642220878
1996-01-26,2.844429166666667,0.04912748285012372,-0.2372233161834573
1996-01-27,2.8247472222222223,0.025421261546175113,-0.19783515043506442
1996-01-28,2.8057236111111115,0.020818678901546983,-0.2755422900126583
1996-01-29,2.787538888888889,-0.02905082293500033,-0.22515473262055524
1996-01-30,2.7726625,-0.05023497123619397,-0.6610941954304728
1996-01-31,2.7607305555555555,-0.09321372467972029,-0.5941834975425019
1996-02-01,2.751075,-0.09599717279725936,-0.32574449386940774
1996-02-02,2.744320833333333,-0.05596561861911424,-0.31635521471421896
1996-02-03,2.7386694444444446,-0.036045669124164875,-0.30862377532028007
1996-02-04,2.7332722222222223,-0.05386257683766328,-0.25207631205122527
1996-02-05,2.7273763888888887,-0.1373418008964328,-0.23903458799245633
1996-02-06,2.720801388888889,-0.1732937866631913,-0.3045076022256977
1996-02-07,2.714054166666667,-0.1762693720626403,-0.2881181279373597
1996-02-08,2.707515277777778,-0.12374578390837038,-0.010769493869407676
1996-02-09,2.701466666666667,-0.15041892440423824,-0.448381075595762
1996-02-10,2.6955930555555554,-0.1636749390966165,-1.3675847831256052
1996-02-11,2.690111111111111,-0.14779169759064778,-1.5286527468537965
1996-02-12,2.6853430555555553,-0.09885666545107002,-1.2481530567711518
1996-02-13,2.6835666666666667,-0.06195531099744281,-0.7252780223358904
1996-02-14,2.6851152777777783,-0.08742179400938063,-0.5966934837683977
1996-02-15,2.690655555555556,-0.14205875452361366,-0.5475968010319423
1996-02-16,2.6990569444444446,-0.1620991356071766,-0.3026244755039347
1996-02-17,2.709309722222222,-0.16617248271461468,-0.02847057284094115
1996-02-18,2.7194111111111114,-0.15237648868339332,0.16529871090561538
1996-02-19,2.726725,-0.1598384377192059,0.23378010438587224
1996-02-20,2.7302902777777778,-0.17182070355942644,0.3635304257816484
1996-02-21,2.727484722222222,-0.1790689703179204,0.4105842480956989
1996-02-22,2.7211027777777783,-0.134339849564936,0.37890373845382413
1996-02-23,2.7116833333333332,-0.09532976003325565,0.39031309336658926
1996-02-24,2.699447222222222,-0.05826592853646957,0.264152039647581
1996-02-25,2.6879194444444447,-0.014703061227011285,0.21978361678256678
1996-02-26,2.677190277777778,-0.04287351577246585,0.2693499046613544
1996-02-27,2.665536111111111,0.022996169718810612,0.21480105250341183
1996-02-28,2.6528097222222224,0.06259709947087659,0.18792651164023427
1996-02-29,2.6366944444444442,0.10803479460402632,0.15860409428486277
1996-03-01,2.6182597222222217,0.11858051315315392,0.22382643129129137
1996-03-02,2.605047222222222,0.11405079552230005,-0.0120980177445216
1996-03-03,2.607270833333333,0.026241635742685704,0.02782086425731442
1996-03-04,2.6220374999999994,-0.00823790971185972,0.025533743045193895
1996-03-05,2.6386125,-0.045008949656763206,0.0037297829900966722
1996-03-06,2.6553041666666664,0.04795500810264902,-0.1152591747693153
1996-03-07,2.6717069444444443,0.12849352968207972,-0.17286714079319054
1996-03-08,2.687663888888889,0.17538977623855362,-0.24272033179410907
1996-03-09,2.7042958333333336,0.27971549937904944,-0.6870113327123832
1996-03-10,2.7205041666666667,0.3635488212339622,-0.7870529879006292
1996-03-11,2.732220833333333,0.4040260939612349,-0.8272469272945681
1996-03-12,2.739375,0.3788453891862119,-0.7548870558528781
1996-03-13,2.7470388888888886,0.37963133510372027,-1.0883368906592752
1996-03-14,2.7545111111111114,0.33544477260372035,-1.6089558837148317
1996-03-15,2.7601902777777774,0.3643367749185351,-1.748193719362979
1996-03-16,2.7660180555555556,0.514807388344461,-1.8654921105666833
1996-03-17,2.7731041666666667,0.5376305827889055,-2.108401416122239
1996-03-18,2.7835666666666663,0.4949600272333499,-2.355193360566683
1996-03-19,2.806748611111111,0.49662098788149794,-2.597702932325942
1996-03-20,2.852772222222222,0.47570971473334994,-2.6911486036222385
1996-03-21,2.9132652777777777,0.5283973073259426,-2.178329251770387
1996-03-22,2.9772444444444446,0.5651246105666834,-1.852369055011128
1996-03-23,3.043216666666667,0.5455026776963129,-1.9690526776963133
1996-03-24,3.112372222222222,0.5103209184370536,-2.074693140659276
1996-03-25,3.1854027777777776,0.43731462214075734,-2.0747173999185353
1996-03-26,3.2610944444444447,0.42783646241853507,-1.9685975735296466
1996-03-27,3.3382208333333336,0.41578625408520165,-1.888673754085202
1996-03-28,3.4193152777777778,0.3136183952889055,-1.8459336730666835
1996-03-29,3.5056958333333332,0.33642587214075753,-1.812121705474091
1996-03-30,3.595366666666667,0.28234751565927585,-1.6170475156592765
1996-03-31,3.686329166666667,0.2558598420481646,-1.7508556753814983
1996-04-01,3.7710583333333334,0.29264128880742396,-1.799032955474091
1996-04-02,3.8388138888888887,0.32368025871483147,-1.7864941476037204
1996-04-03,3.893725,0.3322542401963129,-1.773645906862979
1996-04-04,3.9476666666666667,0.3316346568629795,-1.8186346568629792
1996-04-05,4.002522222222223,0.24482230732594254,-1.7853445295481651
1996-04-06,4.058155555555556,0.11616522399260916,-1.7519874462148326
1996-04-07,4.114211111111111,0.022069471677794328,-1.7139472494555719
1996-04-08,4.168159722222223,-0.1206328315629463,-1.6118602239926096
1996-04-09,4.221126388888889,-0.18902258850739087,-1.5957704670481654
1996-04-10,4.278880555555556,-0.2039141047110945,-1.647299784177795
1996-04-11,4.340931944444445,-0.27291434776665,-1.5053509300111283
1996-04-12,4.400369444444444,-0.3051572181370204,-1.4495455596407578
1996-04-13,4.454269444444445,-0.2999337806370204,-0.9760023304740912
1996-04-14,4.505379166666668,-0.33445717184072404,-0.9795886614926104
1996-04-15,4.5560125,-0.44370401211850197,-0.9596418212148309
1996-04-16,4.605576388888888,-0.4828114426740575,-0.9904316128814974
1996-04-17,4.650625,-0.46414806304442785,-1.0324769369555724
1996-04-18,4.6837277777777775,-0.5173540352666499,-1.0090404091777943
1996-04-19,4.695954166666667,-0.4947984681370205,-1.0438223651963128
1996-04-20,4.693568055555556,-0.5233943940629464,-1.7601736614926096
1996-04-21,4.6881458333333335,-0.5328582945259094,-2.2492875388074243
1996-04-22,4.684172222222221,-0.4915492435999834,-2.2976229786222384
1996-04-23,4.682948611111112,-0.41680228758146504,-2.2304796568629803
1996-04-24,4.682519444444444,-0.4217763385073909,-2.1774097726037196
1996-04-25,4.681297222222222,-0.46663122276665014,-2.3103326661222385
1996-04-26,4.679006944444445,-0.4026943130444278,-2.52064596473335
1996-04-27,4.673343055555556,-0.3639181787851685,-2.5687582101037205
1996-04-28,4.662826388888889,-0.3776845560999835,-2.667808499455572
1996-04-29,4.6508513888888885,-0.3483911764703538,-2.885460212418535
1996-04-30,4.6387125000000005,-0.2895741162851687,-2.8144717170481655
1996-05-01,4.627734722222222,-0.31731783156294635,-1.744750223992609
1996-05-02,4.619279166666667,-0.2966407135073909,0.8126948801740577
1996-05-03,4.612480555555555,-0.29173550517405755,1.2405882829518362
1996-05-04,4.605586111111111,-0.23469192878516856,1.1834391510073914
1996-05-05,4.598558333333333,-0.14897896582220566,1.1034206324888725
1996-05-06,4.5952013888888885,-0.06844585239627972,1.026244463507391
1996-05-07,4.595713888888889,-0.01862322508146481,0.9759093361925761
1996-05-08,4.608775,-0.03530623434072408,1.141864567674058
1996-05-09,4.637883333333334,-0.029864046840724114,1.3136473801740571
1996-05-10,4.6711583333333335,-0.06775380378516854,1.3682621371185018
1996-05-11,4.7049916666666665,0.03105302233589053,1.0322886443307766
1996-05-12,4.740688888888888,0.0305050310594902,1.361139413384955
1996-05-13,4.780076388888888,0.03686623399796589,0.8363907104464791
1996-05-14,4.8222375,0.06685749891991248,0.7602383344134205
1996-05-15,4.864672222222222,0.08326047183084001,0.7017339726136049
1996-05-16,4.907833333333333,0.11941637173901258,0.6450836282609874
1996-05-17,4.9530458333333325,0.1470528386811614,1.0965679946521734
1996-05-18,5.000327777777778,0.18256469588960944,2.8321075263326136
1996-05-19,5.048790277777778,0.18891858707418244,5.682624468481373
1996-05-20,5.094918055555555,0.17629473491623948,6.063787209528207
1996-05-21,5.1365388888888885,0.15251257238180407,6.230615205395975
1996-05-22,5.174002777777778,0.07848643601816786,6.332510786204055
1996-05-23,5.208480555555555,-0.0004612682977183022,6.321980712742162
1996-05-24,5.244965277777777,0.040701587533319324,6.320666468022237
1996-05-25,5.283731944444445,0.04912748285012372,6.562807239372098
1996-05-26,5.3212319444444445,0.025421261546175113,6.576680127342714
1996-05-27,5.3577819444444446,0.020818678901546983,7.364066043320677
1996-05-28,5.393983333333333,-0.02905082293500033,7.708067489601667
1996-05-29,5.429627777777777,-0.05023497123619397,7.663273860125084
1996-05-30,5.465211111111111,-0.09321372467972029,7.55100261356861
1996-05-31,5.501695833333333,-0.09599717279725936,6.408968006130593
1996-06-01,5.537268055555556,-0.05596561861911424,3.666697563063558
1996-06-02,5.570677777777777,-0.036045669124164875,3.262034558013053
1996-06-03,5.604643055555554,-0.05386257683766328,3.4198861879487756
1996-06-04,5.639615277777777,-0.1373418008964328,3.470726523118657
1996-06-05,5.671163888888888,-0.1732937866631913,3.475129897774304
1996-06-06,5.698990277777778,-0.1762693720626403,3.450279094284863
1996-06-07,5.7157374999999995,-0.12374578390837038,3.2053416172417033
1996-06-08,5.719030555555555,-0.15041892440423824,3.0217217021820146
1996-06-09,5.719405555555555,-0.1636749390966165,2.9819360502077275
1996-06-10,5.718536111111111,-0.14779169759064778,2.9619222531462026
1996-06-11,5.721369444444444,-0.09885666545107002,2.461820554339959
1996-06-12,5.730444444444444,-0.06195531099744281,2.4178441998863325
1996-06-13,5.741715277777778,-0.08742179400938063,2.4230398495649363
1996-06-14,5.7542180555555555,-0.14205875452361366,2.4645073656347245
1996-06-15,5.767372222222223,-0.1620991356071766,2.448726913384954
1996-06-16,5.7808972222222215,-0.16617248271461468,1.8919419271590592
1996-06-17,5.79452361111111,-0.15237648868339332,0.0428528775722829
1996-06-18,5.8081375,-0.1598384377192059,-2.8659657289474607
1996-06-19,5.824865277777778,-0.17182070355942644,-3.2853779075516845
1996-06-20,5.847275,-0.1790689703179204,-3.4562060296820794
1996-06-21,5.8726513888888885,-0.134339849564936,-2.979311539323952
1996-06-22,5.898793055555556,-0.09532976003325565,-2.8837966288556345
1996-06-23,5.921993055555555,-0.05826592853646957,-2.9743937936857527
1996-06-24,5.942830555555556,-0.014703061227011285,-3.3124608276618774
1996-06-25,5.967383333333332,-0.04287351577246585,-3.2931764842275335
1996-06-26,5.994894444444444,0.022996169718810612,-4.201557280829921
1996-06-27,6.024591666666667,0.06259709947087659,-4.620855432804209
1996-06-28,6.0600805555555555,0.10803479460402632,-4.701782016826248
1996-06-29,6.098904166666666,0.11858051315315392,-4.733151346486488
1996-06-30,6.132058333333333,0.11405079552230005,-4.697442462188967
1996-07-01,6.149340277777777,0.026241635742685704,-4.385248580187129
1996-07-02,6.153755555555555,-0.00823790971185972,-4.266850979177028
1996-07-03,6.155319444444444,-0.045008949656763206,-4.406977161454348
1996-07-04,6.156063888888888,0.04795500810264902,-4.408685563658205
1996-07-05,6.15663611111111,0.12849352968207972,-3.6707963074598564
1996-07-06,6.157101388888889,0.17538977623855362,-3.5761578317941094
1996-07-07,6.156747222222222,0.27971549937904944,-1.140796054934605
1996-07-08,6.153552777777778,0.3635488212339622,-0.2327682656784063
1996-07-09,6.148029166666667,0.4040260939612349,-0.24438859396123613
1996-07-10,6.1430291666666665,0.3788453891862119,-0.037207889186210985
1996-07-11,6.132008333333333,0.37963133510372027,-0.027306335103719825
1996-07-12,6.112409722222223,0.33544477260372035,0.040145505174056295
1996-07-13,6.090104166666667,0.3643367749185351,0.033559058414797116
1996-07-14,6.068069444444445,0.514807388344461,-0.09487683278890668
1996-07-15,6.049697222222223,0.5376305827889055,-0.09899447167779518
1996-07-16,6.031523611111112,0.4949600272333499,-0.03815030501112854
1996-07-17,6.003454166666667,0.49662098788149794,-0.011741821214831416
1996-07-18,5.955701388888889,0.47570971473334994,0.0542555630444293
1996-07-19,5.894131944444444,0.5283973073259426,0.063137414896281
1996-07-20,5.830038888888888,0.5651246105666834,0.06150316721109572
1996-07-21,5.764672222222222,0.5455026776963129,-0.4658415665852008
1996-07-22,5.698433333333333,0.5103209184370536,-0.6107542517703859
1996-07-23,5.631466666666666,0.43731462214075734,0.18555204452591045
1996-07-24,5.562681944444444,0.42783646241853507,0.3274815931370206
1996-07-25,5.490444444444444,0.41578625408520165,0.3614359681370213
1996-07-26,5.413052777777778,0.3136183952889055,0.5299954935999835
1996-07-27,5.329215277777777,0.33642587214075753,0.6830255167481325
1996-07-28,5.238684722222223,0.28234751565927585,0.9756344287851686
1996-07-29,5.1460791666666665,0.2558598420481646,1.0933943246185018
1996-07-30,5.0592041666666665,0.29264128880742396,1.3651545445259092
1996-07-31,4.9877513888888885,0.32368025871483147,1.1495683523962803
1996-08-01,4.928586111111111,0.3322542401963129,1.1248263153592428
1996-08-02,4.872051388888889,0.3316346568629795,1.4753139542481317
1996-08-03,4.817193055555555,0.24482230732594254,1.5749846371185017
1996-08-04,4.762597222222222,0.11616522399260916,0.9402375537851684
1996-08-05,4.707991666666667,0.022069471677794328,0.9739388616555389
1996-08-06,4.654655555555555,-0.1206328315629463,-1.3606893906592756
1996-08-07,4.603527777777778,-0.18902258850739087,-1.9255051892703872
1996-08-08,4.553552777777778,-0.2039141047110945,-1.884638673066683
1996-08-09,4.5038277777777775,-0.27291434776665,-1.9142467633444606
1996-08-10,4.4560375,-0.3051572181370204,-0.5792136151963128
1996-08-11,4.411586111111111,-0.2999337806370204,0.31868100285924267
1996-08-12,4.368606944444444,-0.33445717184072404,0.6101835607296129
1996-08-13,4.3242875000000005,-0.44370401211850197,0.8197498454518345
1996-08-14,4.276058333333333,-0.4828114426740575,0.9484197760073905
1996-08-15,4.227844444444445,-0.46414806304442785,1.0269702852666496
1996-08-16,4.193784722222222,-0.5173540352666499,1.114569313044427
1996-08-17,4.18753888888889,-0.4947984681370205,1.0982595792481304
1996-08-18,4.1999305555555555,-0.5233943940629464,1.1144638385073904
1996-08-19,4.2151,-0.5328582945259094,1.2210916278592432
1996-08-20,4.22935,-0.4915492435999834,1.2501992435999836
1996-08-21,4.242441666666666,-0.41680228758146504,1.3910272875814655
1996-08-22,4.257938888888889,-0.4217763385073909,0.6341707829518355
1996-08-23,4.276620833333333,-0.46663122276665014,0.7083437227666504
1996-08-24,4.295811111111111,-0.4026943130444278,1.1412165352666503
1996-08-25,4.317680555555555,-0.3639181787851685,1.1109042898962804
1996-08-26,4.3441319444444435,-0.3776845560999835,1.4542192783222065
1996-08-27,4.372209722222222,-0.3483911764703538,2.1071814542481317
1996-08-28,4.399338888888888,-0.2895741162851687,2.0285685607296142
1996-08-29,4.425145833333333,-0.31731783156294635,1.8111719982296142
1996-08-30,4.451920833333332,-0.2966407135073909,1.7743865468407254
1996-08-31,4.479572222222222,-0.29173550517405755,1.6388299496185017
1996-09-01,4.505070833333333,-0.23469192878516856,1.393954428785169
1996-09-02,4.528294444444445,-0.14897896582220566,1.2423511880444271
1996-09-03,4.547620833333333,-0.06844585239627972,1.1424916857296126
1996-09-04,4.5629430555555555,-0.01862322508146481,1.0516801695259095
1996-09-05,4.566669444444444,-0.03530623434072408,1.0559701232296135
1996-09-06,4.556280555555555,-0.029864046840724114,0.7565834912851699
1996-09-07,4.542676388888889,-0.06775380378516854,0.8097440815629458
1996-09-08,4.529536111111111,0.03105302233589053,0.6947441998863323
1996-09-09,4.516972222222222,0.0305050310594902,-0.5471439199483793
1996-09-10,4.502958333333332,0.03686623399796589,-1.458157900664632
1996-09-11,4.488091666666666,0.06685749891991248,-1.687282498919912
1996-09-12,4.484765277777777,0.08326047183084001,-1.425025749608617
1996-09-13,4.505877777777777,0.11941637173901258,-0.855627482850123
1996-09-14,4.545705555555555,0.1470528386811614,-0.9550917275700495
1996-09-15,4.587508333333332,0.18256469588960944,-1.0327396958896082
1996-09-16,4.622288888888889,0.18891858707418244,-1.073874142629738
1996-09-17,4.652752777777778,0.17629473491623948,-1.0877141793606842
1996-09-18,4.684941666666667,0.15251257238180407,-1.1064542390484713
1996-09-19,4.7228875,0.07848643601816786,-1.1157072693515004
1996-09-20,4.765443055555555,-0.0004612682977183022,-1.2329817872578364
1996-09-21,4.805408333333333,0.040701587533319324,-1.3137765875333194
1996-09-22,4.841970833333333,0.04912748285012372,-1.429764982850123
1996-09-23,4.879230555555555,0.025421261546175113,-1.883985150435064
1996-09-24,4.918605555555556,0.020818678901546983,-1.8680909011237692
1996-09-25,4.959605555555555,-0.02905082293500033,-2.3072213992872213
1996-09-26,5.001129166666666,-0.05023497123619397,-3.185894195430472
1996-09-27,5.0459,-0.09321372467972029,-2.977352941986946
1996-09-28,5.093754166666667,-0.09599717279725936,-3.085423660536074
1996-09-29,5.141775,-0.05596561861911424,-3.184142714714219
1996-09-30,5.195754166666667,-0.036045669124164875,-3.3163751642091683
1996-10-01,5.259276388888889,-0.05386257683766328,-2.849747145384559
1996-10-02,5.326675,-0.1373418008964328,-2.7673331991035672
1996-10-03,5.400166666666667,-0.1732937866631913,-2.8058728800034762
1996-10-04,5.479665277777778,-0.1762693720626403,-2.8837292390484714
1996-10-05,5.570077777777778,-0.12374578390837038,-2.8963319938694077
1996-10-06,5.67268888888889,-0.15041892440423824,-2.955269964484651
1996-10-07,5.777172222222223,-0.1636749390966165,-3.0464972831256065
1996-10-08,5.881058333333334,-0.14779169759064778,-3.1639333024093523
1996-10-09,5.978975,-0.09885666545107002,-3.30211833454893
1996-10-10,6.068429166666666,-0.06195531099744281,-3.08214052233589
1996-10-11,6.153419444444445,-0.08742179400938063,-3.141664317101731
1996-10-12,6.225968055555556,-0.14205875452361366,-3.4909093010319423
1996-10-13,6.273580555555556,-0.1620991356071766,-4.148814753281712
1996-10-14,6.302527777777778,-0.16617248271461468,-4.109688628396496
1996-10-15,6.326333333333333,-0.15237648868339332,-3.1832901779832734
1996-10-16,6.3495791666666666,-0.1598384377192059,-2.2120740622807937
1996-10-17,6.372320833333333,-0.17182070355942644,-2.054166796440573
1996-10-18,6.392154166666666,-0.1790689703179204,-2.139085196348745
1996-10-19,6.406788888888888,-0.134339849564936,-1.9554490393239514
1996-10-20,6.417087499999999,-0.09532976003325565,-1.8180910733000768
1996-10-21,6.4277,-0.05826592853646957,-1.3447674047968636
1996-10-22,6.439870833333333,-0.014703061227011285,-1.4611677721063212
1996-10-23,6.4495347222222215,-0.04287351577246585,-1.5179945397830883
1996-10-24,6.456091666666667,0.022996169718810612,-1.6714211697188102
1996-10-25,6.459626388888889,0.06259709947087659,-1.6988901550264317
1996-10-26,6.457320833333334,0.10803479460402632,-1.7173556279373605
1996-10-27,6.448363888888889,0.11858051315315392,-1.953277735375377
1996-10-28,6.436315277777778,0.11405079552230005,-1.9373660733000786
1996-10-29,6.422854166666667,0.026241635742685704,-1.2970958024093528
1996-10-30,6.4029375,-0.00823790971185972,-1.2413662569548063
1996-10-31,6.373554166666667,-0.045008949656763206,-1.7802118836765697
1996-11-01,6.339905555555555,0.04795500810264902,-1.8638605636582042
1996-11-02,6.303875,0.12849352968207972,-1.9083685296820794
1996-11-03,6.266268055555556,0.17538977623855362,-1.9176578317941095
1996-11-04,6.231341666666667,0.27971549937904944,-2.0887238327123834
1996-11-05,6.199923611111111,0.3635488212339622,-1.8991390990117398
1996-11-06,6.170295833333333,0.4040260939612349,-1.9116552606279016
1996-11-07,6.142165277777778,0.3788453891862119,-1.5450106669639898
1996-11-08,6.1204,0.37963133510372027,-1.5223646684370533
1996-11-09,6.10766111111111,0.33544477260372035,-1.8117725503814972
1996-11-10,6.099443055555556,0.3643367749185351,-1.6871131638074235
1996-11-11,6.090991666666667,0.514807388344461,0.7952009449888722
1996-11-12,6.0787958333333325,0.5376305827889055,4.0259069172110955
1996-11-13,6.063198611111111,0.4949600272333499,5.33484136165554
1996-11-14,6.046343055555555,0.49662098788149794,4.573369289896281
1996-11-15,6.028951388888888,0.47570971473334994,3.7003388963777617
1996-11-16,6.011543055555556,0.5283973073259426,3.5377263037851687
1996-11-17,5.994154166666666,0.5651246105666834,4.03072122276665
1996-11-18,5.9769902777777775,0.5455026776963129,4.295507044525911
1996-11-19,5.9603874999999995,0.5103209184370536,4.366958248229614
1996-11-20,5.944155555555556,0.43731462214075734,4.224863155637021
1996-11-21,5.928716666666666,0.42783646241853507,4.3844468709148
1996-11-22,5.915529166666666,0.41578625408520165,4.455684579248134
1996-11-23,5.903263888888889,0.3136183952889055,4.970451049155539
1996-11-24,5.892297222222222,0.33642587214075753,5.029276905637022
1996-11-25,5.886479166666666,0.28234751565927585,5.384173317674059
1996-11-26,5.883061111111111,0.2558598420481646,6.045079046840724
1996-11-27,5.878990277777778,0.29264128880742396,6.34170176674813
1996-11-28,5.875226388888889,0.32368025871483147,5.990760019062946
1996-11-29,5.87175,0.3322542401963129,7.407995759803688
1996-11-30,5.866326388888888,0.3316346568629795,8.500038954248133
1996-12-01,5.8583125,0.24482230732594254,8.690531859340725
1996-12-02,5.84986111111111,0.11616522399260916,9.334306998229614
1996-12-03,5.840983333333333,0.022069471677794328,9.439280528322206
1996-12-04,5.829020833333333,-0.1206328315629463,9.565611998229615
1996-12-05,5.814238888888889,-0.18902258850739087,9.389783699618505
1996-12-06,5.798856944444444,-0.2039141047110945,9.420057160266653
1996-12-07,5.784204166666667,-0.27291434776665,9.188043514433316
1996-12-08,5.7706125,-0.3051572181370204,9.22354471813702
1996-12-09,5.755184722222221,-0.2999337806370204,9.3267490584148
1996-12-10,5.737901388888888,-0.33445717184072404,9.286889116285169
1996-12-11,5.721752777777778,-0.44370401211850197,6.787951234340725
1996-12-12,5.709529166666666,-0.4828114426740575,3.576282276007392
1996-12-13,5.7002,-0.46414806304442785,2.440614729711094
1996-12-14,5.6871430555555555,-0.5173540352666499,2.4485443130444287
1996-12-15,5.667462499999999,-0.4947984681370205,2.370002634803688
1996-12-16,5.645844444444444,-0.5233943940629464,2.374883282951835
1996-12-17,5.626698611111111,-0.5328582945259094,1.8631596834147972
1996-12-18,5.608322222222222,-0.4915492435999834,1.3298936880444274
1996-12-19,5.588155555555556,-0.41680228758146504,1.058313398692575
1996-12-20,5.5677513888888885,-0.4217763385073909,0.8583582829518357
1996-12-21,5.547663888888888,-0.46663122276665014,0.8243006672110954
1996-12-22,5.528,-0.4026943130444278,0.841360979711095
1996-12-23,5.509062499999999,-0.3639181787851685,0.5608556787851692
1996-12-24,5.490138888888889,-0.3776845560999835,0.5152123338777621
1996-12-25,5.4710472222222215,-0.3483911764703538,0.24801062091479897
1996-12-26,5.453119444444444,-0.2895741162851687,-0.4145453281592756
1996-12-27,5.437094444444444,-0.31731783156294635,-0.7031099462148307
1996-12-28,5.4228861111111115,-0.2966407135073909,-0.9249120642703872
1996-12-29,5.410694444444443,-0.29173550517405755,-2.3439589392703857
1996-12-30,5.4018597222222215,-0.23469192878516856,-3.503167793437053
1996-12-31,5.395647222222222,-0.14897896582220566,-3.7003349230666833
1997-01-01,5.389536111111111,-0.06844585239627972,-4.271423592048165
1997-01-02,5.383425,-0.01862322508146481,-4.222468441585202
1997-01-03,5.3777375,-0.03530623434072408,-3.6837645989926093
1997-01-04,5.3729097222222215,-0.029864046840724114,-3.6717123420481643
1997-01-05,5.368756944444444,-0.06775380378516854,-3.5153364739926087
1997-01-06,5.361416666666666,0.03105302233589053,-3.3894696890025564
1997-01-07,5.350643055555555,0.0305050310594902,-3.3521480866150446
1997-01-08,5.3413055555555555,0.03686623399796589,-3.3825051228868546
1997-01-09,5.332805555555555,0.06685749891991248,-3.418329721142134
1997-01-10,5.3127652777777765,0.08326047183084001,-3.3950257496086165
1997-01-11,5.268284722222221,0.11941637173901258,-3.403034427294567
1997-01-12,5.204552777777777,0.1470528386811614,-3.572272283125605
1997-01-13,5.138875,0.18256469588960944,-3.6711063625562756
1997-01-14,5.079451388888888,0.18891858707418244,-3.618036642629737
1997-01-15,5.021631944444444,0.17629473491623948,-3.54759334602735
1997-01-16,4.959347222222222,0.15251257238180407,-3.4631931279373593
1997-01-17,4.893481944444444,0.07848643601816786,-3.3233017137959453
1997-01-18,4.830512499999999,-0.0004612682977183022,-3.2457178983689476
1997-01-19,4.768906944444444,0.040701587533319324,-3.2252751986444297
1997-01-20,4.705109722222222,0.04912748285012372,-3.050237205072346
1997-01-21,4.640026388888889,0.025421261546175113,-3.052447650435064
1997-01-22,4.574016666666667,0.020818678901546983,-3.059502012234881
1997-01-23,4.507636111111111,-0.02905082293500033,-2.9512519548427774
1997-01-24,4.4402333333333335,-0.05023497123619397,-2.925331695430473
1997-01-25,4.368925000000001,-0.09321372467972029,-2.8203779419869477
1997-01-26,4.292695833333333,-0.09599717279725936,-2.741365327202741
1997-01-27,4.216009722222223,-0.05596561861911424,-2.704710770269776
1997-01-28,4.135327777777778,-0.036045669124164875,-2.6439487753202804
1997-01-29,4.044597222222222,-0.05386257683766328,-2.5487346453845587
1997-01-30,3.948959722222222,-0.1373418008964328,-2.399284587992456
1997-01-31,3.8508125,-0.1732937866631913,-2.2751853800034754
1997-02-01,3.7505597222222224,-0.1762693720626403,-2.2666236834929157
1997-02-02,3.6506527777777777,-0.12374578390837038,-2.7359069938694076
1997-02-03,3.5515194444444447,-0.15041892440423824,-2.622767186706873
1997-02-04,3.4531027777777776,-0.1636749390966165,-2.625427838681161
1997-02-05,3.358048611111111,-0.14779169759064778,-2.254590246853797
1997-02-06,3.2661166666666666,-0.09885666545107002,-2.2375933345489303
1997-02-07,3.173840277777778,-0.06195531099744281,-2.241884966780335
1997-02-08,3.081558333333333,-0.08742179400938063,-2.163469872657286
1997-02-09,3.000593055555555,-0.14205875452361366,-2.0475343010319413
1997-02-10,2.9455263888888887,-0.1620991356071766,-1.9724272532817122
1997-02-11,2.9101166666666662,-0.16617248271461468,-1.8046108506187182
1997-02-12,2.879058333333333,-0.15237648868339332,-1.7823485113166064
1997-02-13,2.8478319444444447,-0.1598384377192059,-1.387326840058572
1997-02-14,2.8169763888888886,-0.17182070355942644,-1.0101556853294622
1997-02-15,2.7885694444444447,-0.1790689703179204,-0.6191671407931909
1997-02-16,2.7635555555555555,-0.134339849564936,-0.6388823726572863
1997-02-17,2.7376444444444448,-0.09532976003325565,-0.6519813510778558
1997-02-18,2.7102402777777774,-0.05826592853646957,-0.010974349241307843
1997-02-19,2.6845416666666666,-0.014703061227011285,-0.14317193877298848
1997-02-20,2.6597472222222223,-0.04287351577246585,-0.010207039783089504
1997-02-21,2.6344583333333333,0.022996169718810612,-0.11278783638547732
1997-02-22,2.608998611111111,0.06259709947087659,-0.12692904391532117
1997-02-23,2.5844347222222224,0.10803479460402632,-0.14780285015958206
1997-02-24,2.563938888888889,0.11858051315315392,-0.06818606870870973
1997-02-25,2.550695833333333,0.11405079552230005,0.1015867044777001
1997-02-26,2.5412333333333335,0.026241635742685704,1.0211916975906474
1997-02-27,2.5368597222222222,-0.00823790971185972,1.262044854156304
1997-02-28,2.5449208333333333,-0.045008949656763206,1.2907547829900965
1997-03-01,2.561015277777778,0.04795500810264902,1.1816963807862397
1997-03-02,2.5800986111111115,0.12849352968207972,1.0820745258734754
1997-03-03,2.6008513888888887,0.17538977623855362,1.0144255015392243
1997-03-04,2.6188305555555558,0.27971549937904944,0.8921206117320615
1997-03-05,2.6339333333333332,0.3635488212339622,1.139851178766038
1997-03-06,2.6487041666666666,0.4040260939612349,1.140269739372099
1997-03-07,2.6669847222222227,0.3788453891862119,0.6381698885915655
1997-03-08,2.690098611111111,0.37963133510372027,0.614270053785169
1997-03-09,2.715011111111111,0.33544477260372035,0.6335441162851687
1997-03-10,2.7412069444444445,0.3643367749185351,0.5784562806370206
1997-03-11,2.7687291666666667,0.514807388344461,0.40046344498887243
1997-03-12,2.7954388888888886,0.5376305827889055,0.35093052832220606
1997-03-13,2.8220902777777774,0.4949600272333499,0.2386163616555394
1997-03-14,2.850406944444444,0.49662098788149794,0.34397206767405836
1997-03-15,2.8792999999999997,0.47570971473334994,0.01365695193331723
1997-03-16,2.9082291666666666,0.5283973073259426,-0.39929314065927557
1997-03-17,2.937251388888889,0.5651246105666834,-0.8203759994555719
1997-03-18,2.966359722222222,0.5455026776963129,-0.5935290665852012
1997-03-19,2.997118055555555,0.5103209184370536,0.1172276926740583
1997-03-20,3.0293680555555556,0.43731462214075734,-0.4326826776963131
1997-03-21,3.0623875,0.42783646241853507,-0.48822396241853466
1997-03-22,3.0972291666666667,0.41578625408520165,-0.6070154207518687
1997-03-23,3.133611111111111,0.3136183952889055,-0.22122950640001665
1997-03-24,3.170827777777778,0.33642587214075753,-0.21925364991853552
1997-03-25,3.209366666666667,0.28234751565927585,-0.1453808489926094
1997-03-26,3.2485444444444447,0.2558598420481646,-0.22773761982594243
1997-03-27,3.2846124999999997,0.29264128880742396,-0.45158712214075664
1997-03-28,3.3155555555555556,0.32368025871483147,-0.4665691476037203
1997-03-29,3.3434,0.3322542401963129,-0.4103209068629794
1997-03-30,3.3681930555555555,0.3316346568629795,-0.43049437908520155
1997-03-31,3.3902347222222224,0.24482230732594254,-0.3657236962148316
1997-04-01,3.412091666666667,0.11616522399260916,-0.2589235573259427
1997-04-02,3.4348263888888892,0.022069471677794328,-0.18422919390001674
1997-04-03,3.4604708333333334,-0.1206328315629463,-0.01383800177038702
1997-04-04,3.488276388888889,-0.18902258850739087,-0.12825380038149833
1997-04-05,3.515534722222222,-0.2039141047110945,-0.07262061751112825
1997-04-06,3.5352791666666668,-0.27291434776665,0.3999685144333165
1997-04-07,3.546570833333333,-0.3051572181370204,0.4209197181370206
1997-04-08,3.5585569444444443,-0.2999337806370204,0.4037101695259094
1997-04-09,3.572436111111111,-0.33445717184072404,0.4243543940629461
1997-04-10,3.5856722222222226,-0.44370401211850197,0.5203651232296126
1997-04-11,3.598420833333333,-0.4828114426740575,0.8750572760073914
1997-04-12,3.6116277777777777,-0.46414806304442785,0.843186951933317
1997-04-13,3.625840277777778,-0.5173540352666499,0.7418470908222055
1997-04-14,3.638994444444444,-0.4947984681370205,0.6721373570259099
1997-04-15,3.649758333333333,-0.5233943940629464,0.6919693940629466
1997-04-16,3.6580541666666666,-0.5328582945259094,0.6931374611925761
1997-04-17,3.6661819444444443,-0.4915492435999834,0.40736729915553893
1997-04-18,3.6744166666666667,-0.41680228758146504,-0.38194771241853503
1997-04-19,3.678870833333333,-0.4217763385073909,-0.47576116149260855
1997-04-20,3.6803138888888887,-0.46663122276665014,-0.25301599945557196
1997-04-21,3.680698611111111,-0.4026943130444278,-0.31733763140001625
1997-04-22,3.687813888888889,-0.3639181787851685,-0.6812290434370539
1997-04-23,3.7064902777777777,-0.3776845560999835,-0.7481390550111275
1997-04-24,3.728675,-0.3483911764703538,-0.8579504901963126
1997-04-25,3.749886111111111,-0.2895741162851687,-0.7819786614926091
1997-04-26,3.7710777777777778,-0.31731783156294635,-0.14475994621483168
1997-04-27,3.790775,-0.2966407135073909,-0.4561342864926093
1997-04-28,3.8108527777777774,-0.29173550517405755,-0.6304506059370529
1997-04-29,3.836227777777778,-0.23469192878516856,-0.11653584899260891
1997-04-30,3.8716013888888883,-0.14897896582220566,-0.13462242306668254
1997-05-01,3.913901388888889,-0.06844585239627972,-0.2574555364926094
1997-05-02,3.9565,-0.01862322508146481,-0.3532101082518691
1997-05-03,4.000011111111111,-0.03530623434072408,-0.43337154343705364
1997-05-04,4.043681944444444,-0.029864046840724114,-0.5904845642703864
1997-05-05,4.0894055555555555,-0.06775380378516854,-0.44298508510371964
1997-05-06,4.143663888888889,0.03105302233589053,0.4226164221085548
1997-05-07,4.204770833333333,0.0305050310594902,0.7467241356071771
1997-05-08,4.26477361111111,0.03686623399796589,0.7200268215575906
1997-05-09,4.322233333333333,0.06685749891991248,0.8532425010800881
1997-05-10,4.380197222222222,0.08326047183084001,0.8818756392802716
1997-05-11,4.439593055555555,0.11941637173901258,0.49165723937209954
1997-05-12,4.498795833333332,0.1470528386811614,0.46381799465217366
1997-05-13,4.556319444444444,0.18256469588960944,0.37711585966594696
1997-05-14,4.614145833333333,0.18891858707418244,0.31593557959248464
1997-05-15,4.675805555555556,0.17629473491623948,0.2725663761948719
1997-05-16,4.741459722222222,0.15251257238180407,0.24569437206264041
1997-05-17,4.806219444444444,0.07848643601816786,0.25896078620405416
1997-05-18,4.869568055555556,-0.0004612682977183022,0.6022265460754954
1997-05-19,4.937448611111111,0.040701587533319324,0.4591831346889029
1997-05-20,5.008665277777778,0.04912748285012372,0.7178739060387641
1997-05-21,5.080104166666667,0.025421261546175113,0.7978079051204916
1997-05-22,5.143319444444444,0.020818678901546983,0.8125285433206748
1997-05-23,5.1931569444444445,-0.02905082293500033,0.8538938784905556
1997-05-24,5.23845,-0.05023497123619397,1.0351183045695265
1997-05-25,5.2848125,-0.09321372467972029,0.9077345580130532
1997-05-26,5.333711111111111,-0.09599717279725936,0.22995272835281585
1997-05-27,5.382804166666666,-0.05596561861911424,-0.4575052147142186
1997-05-28,5.427173611111112,-0.036045669124164875,-0.6671279419869467
1997-05-29,5.465091666666666,-0.05386257683766328,-1.287562423162336
1997-05-30,5.4935277777777785,-0.1373418008964328,-1.3355193102146785
1997-05-31,5.515401388888889,-0.1732937866631913,-1.3024409355590312
1997-06-01,5.537404166666667,-0.1762693720626403,-1.2344681279373595
1997-06-02,5.560504166666666,-0.12374578390837038,-1.3100917160916288
1997-06-03,5.5849416666666665,-0.15041892440423824,-1.3185227422624286
1997-06-04,5.606675,-0.1636749390966165,-1.5746667275700508
1997-06-05,5.619373611111111,-0.14779169759064778,-2.9815819135204635
1997-06-06,5.626934722222222,-0.09885666545107002,-3.4227447234378188
1997-06-07,5.635143055555555,-0.06195531099744281,-3.0021877445581127
1997-06-08,5.644394444444444,-0.08742179400938063,-3.096305983768397
1997-06-09,5.654038888888889,-0.14205875452361366,-3.1543134676986084
1997-06-10,5.661258333333333,-0.1620991356071766,-3.175159197726156
1997-06-11,5.666459722222222,-0.16617248271461468,-2.904287239507608
1997-06-12,5.672065277777778,-0.15237648868339332,-2.821022122427718
1997-06-13,5.678388888888889,-0.1598384377192059,-2.815217117836349
1997-06-14,5.683255555555555,-0.17182070355942644,-2.695768185329462
1997-06-15,5.686531944444444,-0.1790689703179204,-2.7067963074598573
1997-06-16,5.69136111111111,-0.134339849564936,-2.4263545948795073
1997-06-17,5.6977125,-0.09532976003325565,-2.776049406633411
1997-06-18,5.703136111111111,-0.05826592853646957,-2.7708701825746416
1997-06-19,5.7060611111111115,-0.014703061227011285,-3.0513580498841004
1997-06-20,5.707081944444445,-0.04287351577246585,-3.0785417620053126
1997-06-21,5.709123611111111,0.022996169718810612,-1.458786447496589
1997-06-22,5.712797222222223,0.06259709947087659,-0.4770609883597658
1997-06-23,5.716530555555556,0.10803479460402632,-0.7092320168262483
1997-06-24,5.718529166666666,0.11858051315315392,-0.7027763464864871
1997-06-25,5.714595833333334,0.11405079552230005,-0.4963132955223004
1997-06-26,5.707081944444445,0.026241635742685704,0.016676419812869353
1997-06-27,5.701659722222223,-0.00823790971185972,0.7545781874896365
1997-06-28,5.695365277777778,-0.045008949656763206,1.5729770052123184
1997-06-29,5.696325,0.04795500810264902,3.103386658564018
1997-06-30,5.706766666666667,0.12849352968207972,3.050406470317921
1997-07-01,5.717144444444445,0.17538977623855362,3.026799112650334
1997-07-02,5.7258249999999995,0.27971549937904944,3.0991261672876176
1997-07-03,5.732355555555555,0.3635488212339622,3.208428956543816
1997-07-04,5.7381569444444445,0.4040260939612349,3.857483628260987
1997-07-05,5.7395805555555555,0.3788453891862119,4.780907388591565
1997-07-06,5.733540277777777,0.37963133510372027,5.021161720451834
1997-07-07,5.724083333333334,0.33544477260372035,4.57480522739628
1997-07-08,5.713383333333333,0.3643367749185351,4.446279891748133
1997-07-09,5.70125,0.514807388344461,4.539275944988874
1997-07-10,5.689905555555555,0.5376305827889055,4.640130528322208
1997-07-11,5.679541666666666,0.4949600272333499,4.406164972766652
1997-07-12,5.668902777777777,0.49662098788149794,4.306142901007393
1997-07-13,5.658223611111111,0.47570971473334994,4.332400007488872
1997-07-14,5.648254166666666,0.5283973073259426,4.561348526007391
1997-07-15,5.639751388888889,0.5651246105666834,4.533457333877761
1997-07-16,5.631406944444445,0.5455026776963129,4.227423711192576
1997-07-17,5.620080555555555,0.5103209184370536,5.211931859340724
1997-07-18,5.606484722222222,0.43731462214075734,5.563867322303688
1997-07-19,5.591605555555556,0.42783646241853507,5.500891315359243
1997-07-20,5.574726388888888,0.41578625408520165,5.54248735702591
1997-07-21,5.556951388888889,0.3136183952889055,3.9000968824888744
1997-07-22,5.538647222222222,0.33642587214075753,2.8292602389703547
1997-07-23,5.519316666666667,0.28234751565927585,2.99866915100739
1997-07-24,5.4997694444444445,0.2558598420481646,3.1940373801740565
1997-07-25,5.483441666666666,0.29264128880742396,3.412250377859243
1997-07-26,5.471995833333333,0.32368025871483147,3.096657241285169
1997-07-27,5.462801388888889,0.3322542401963129,2.399277704248133
1997-07-28,5.455633333333333,0.3316346568629795,1.6533986764703543
1997-07-29,5.4406944444444445,0.24482230732594254,0.23714991489628015
1997-07-30,5.415751388888889,0.11616522399260916,0.33375005378516837
1997-07-31,5.38956111111111,0.022069471677794328,0.5453694172110946
1997-08-01,5.362333333333333,-0.1206328315629463,0.9439661648962805
1997-08-02,5.33515,-0.18902258850739087,1.0302059218407251
1997-08-03,5.308477777777778,-0.2039141047110945,0.34510299359998375
1997-08-04,5.288012499999999,-0.27291434776665,-0.5157648189000155
1997-08-05,5.274890277777777,-0.3051572181370204,-0.3297330596407559
1997-08-06,5.261430555555555,-0.2999337806370204,-0.30683010825186735
1997-08-07,5.246102777777777,-0.33445717184072404,-0.02131227260371943
1997-08-08,5.2314236111111105,-0.44370401211850197,-0.03871959899260802
1997-08-09,5.21746111111111,-0.4828114426740575,-0.09798300177038466
1997-08-10,5.202505555555555,-0.46414806304442785,-0.145357492511127
1997-08-11,5.190351388888889,-0.5173540352666499,-0.07966402028890607
1997-08-12,5.183658333333332,-0.4947984681370205,-0.09785986519631212
1997-08-13,5.180776388888889,-0.5233943940629464,-0.4457153281592756
1997-08-14,5.180325,-0.5328582945259094,-0.4361333721407573
1997-08-15,5.179416666666667,-0.4915492435999834,-0.33986742306668327
1997-08-16,5.179588888888889,-0.41680228758146504,-1.1287866013074237
1997-08-17,5.181519444444444,-0.4217763385073909,-1.4350764392703863
1997-08-18,5.1845,-0.46663122276665014,-1.5985354439000168
1997-08-19,5.188681944444444,-0.4026943130444278,-1.7389876314000168
1997-08-20,5.186058333333333,-0.3639181787851685,-1.7758068212148315
1997-08-21,5.172131944444445,-0.3776845560999835,-1.7357807216777943
1997-08-22,5.154779166666666,-0.3483911764703538,-1.8660546568629783
1997-08-23,5.138122222222222,-0.2895741162851687,-2.108548105937053
1997-08-24,5.120502777777777,-0.31731783156294635,-2.499851612881497
1997-08-25,5.100334722222222,-0.2966407135073909,-2.5633606753814977
1997-08-26,5.075523611111111,-0.29173550517405755,-2.3987881059370535
1997-08-27,5.044573611111111,-0.23469192878516856,-2.331881682325942
1997-08-28,5.003630555555555,-0.14897896582220566,-0.029318256400016007
1997-08-29,4.955770833333332,-0.06844585239627972,-0.030658314270386164
1997-08-30,4.907616666666666,-0.01862322508146481,-0.0823267749185335
1997-08-31,4.858549999999999,-0.03530623434072408,-0.4305770989926082
1997-09-01,4.807879166666666,-0.029864046840724114,-0.6486817864926087
1997-09-02,4.753479166666667,-0.06775380378516854,-0.4207253628814985
1997-09-03,4.692433333333333,0.03105302233589053,-0.47081968900255694
1997-09-04,4.626659722222222,0.0305050310594902,-0.7801647532817116
1997-09-05,4.562188888888889,0.03686623399796589,-0.7420551228868547
1997-09-06,4.501004166666666,0.06685749891991248,-0.7288616655865787
1997-09-07,4.4479902777777784,0.08326047183084001,-0.6945840829419521
1997-09-08,4.403198611111111,0.11941637173901258,-0.6859483161834569
1997-09-09,4.360948611111111,0.1470528386811614,-0.6716681164589389
1997-09-10,4.317211111111112,0.18256469588960944,-0.6637758070007214
1997-09-11,4.269438888888889,0.18891858707418244,-0.6223574759630713
1997-09-12,4.217977777777778,0.17629473491623948,-0.3792725126940174
1997-09-13,4.166823611111111,0.15251257238180407,-0.11066951682624829
1997-09-14,4.119223611111112,0.07848643601816786,-0.12571004712927958
1997-09-15,4.067919444444445,-0.0004612682977183022,-0.2427915094800599
1997-09-16,4.011254166666667,0.040701587533319324,-0.23095575419998682
1997-09-17,3.9542083333333338,0.04912748285012372,-0.18233581618345776
1997-09-18,3.897766666666667,0.025421261546175113,-0.11618792821284221
1997-09-19,3.848615277777778,0.020818678901546983,-0.06243395667932483
1997-09-20,3.811268055555556,-0.02905082293500033,0.012449434046110708
1997-09-21,3.7781347222222226,-0.05023497123619397,0.07943358234730463
1997-09-22,3.7441319444444447,-0.09321372467972029,0.17308178023527537
1997-09-23,3.7085,-0.09599717279725936,0.2118305061305926
1997-09-24,3.673088888888889,-0.05596561861911424,0.1485433963968919
1997-09-25,3.641813888888889,-0.036045669124164875,0.015231780235275744
1997-09-26,3.6167194444444446,-0.05386257683766328,-0.05652353427344824
1997-09-27,3.6012194444444443,-0.1373418008964328,-2.411210976881345
1997-09-28,3.5922750000000003,-0.1732937866631913,-2.397647880003476
1997-09-29,3.583266666666667,-0.1762693720626403,-2.5476639612706933
1997-09-30,3.573138888888889,-0.12374578390837038,-2.5900597716471854
1997-10-01,3.5634125,-0.15041892440423824,-2.5536602422624286
1997-10-02,3.5585291666666667,-0.1636749390966165,-2.6711875609033835
1997-10-03,3.563827777777778,-0.14779169759064778,-2.6930360801871305
1997-10-04,3.5754569444444444,-0.09885666545107002,-2.7536002789933747
1997-10-05,3.586597222222222,-0.06195531099744281,-2.8016419112247797
1997-10-06,3.595436111111111,-0.08742179400938063,-2.8780143171017305
1997-10-07,3.594176388888889,-0.14205875452361366,-2.786784301031942
1997-10-08,3.5838069444444445,-0.1620991356071766,-2.7563744755039346
1997-10-09,3.572273611111111,-0.16617248271461468,-2.7407677950631633
1997-10-10,3.559704166666667,-0.15237648868339332,-1.6949943446499403
1997-10-11,3.545852777777778,-0.1598384377192059,-1.3026810067252388
1997-10-12,3.533469444444445,-0.17182070355942644,-0.6176487408850188
1997-10-13,3.5236833333333335,-0.1790689703179204,-0.5806143630154128
1997-10-14,3.514615277777778,-0.134339849564936,-0.4309420948795086
1997-10-15,3.509386111111111,-0.09532976003325565,-0.3650563510778555
1997-10-16,3.5090347222222222,-0.05826592853646957,-0.3361021270190862
1997-10-17,3.510466666666667,-0.014703061227011285,-0.3810969387729891
1997-10-18,3.513288888888889,-0.04287351577246585,-0.3557487064497566
1997-10-19,3.517419444444444,0.022996169718810612,-0.42574894749658837
1997-10-20,3.5263638888888886,0.06259709947087659,-0.47429432169309876
1997-10-21,3.541595833333333,0.10803479460402632,-0.5152972946040262
1997-10-22,3.5617027777777777,0.11858051315315392,-0.562616624264265
1997-10-23,3.5866791666666664,0.11405079552230005,-0.580396628855633
1997-10-24,3.6141597222222224,0.026241635742685704,-0.5187346912982415
1997-10-25,3.6413680555555556,-0.00823790971185972,-0.5114634791770294
1997-10-26,3.6680069444444445,-0.045008949656763206,-0.5013313281210148
1997-10-27,3.6853680555555557,0.04795500810264902,-0.6103230636582049
1997-10-28,3.694644444444444,0.12849352968207972,-0.6991379741265238
1997-10-29,3.705670833333333,0.17538977623855362,-0.7570606095718866
1997-10-30,3.7188291666666666,0.27971549937904944,-0.8745446660457159
1997-10-31,3.7334944444444442,0.3635488212339622,-0.9730432656784063
1997-11-01,3.7469805555555555,0.4040260939612349,-1.0270066495167902
1997-11-02,3.757508333333333,0.3788453891862119,-1.0123537225195447
1997-11-03,3.768304166666667,0.37963133510372027,-1.0239355017703868
1997-11-04,3.782411111111111,0.33544477260372035,-0.9461892170481652
1997-11-05,3.7980833333333335,0.3643367749185351,-0.8600867749185348
1997-11-06,3.8146430555555555,0.514807388344461,0.9242162227666502
1997-11-07,3.832148611111111,0.5376305827889055,1.2495541394333167
1997-11-08,3.850102777777778,0.4949600272333499,1.3439371949888714
1997-11-09,3.8680513888888886,0.49662098788149794,0.5016609565629468
1997-11-10,3.8858944444444448,0.47570971473334994,0.24472917415553802
1997-11-11,3.900584722222222,0.5283973073259426,-0.18164869621483082
1997-11-12,3.906813888888889,0.5651246105666834,0.48006150054442775
1997-11-13,3.907693055555556,0.5455026776963129,0.3134709334147979
1997-11-14,3.908958333333333,0.5103209184370536,0.24772074822961399
1997-11-15,3.911865277777778,0.43731462214075734,0.33415343341479753
1997-11-16,3.915856944444444,0.42783646241853507,0.40997325980368654
1997-11-17,3.921076388888889,0.41578625408520165,0.4168040236925753
1997-11-18,3.927154166666667,0.3136183952889055,0.5128941047110933
1997-11-19,3.929777777777778,0.33642587214075753,0.4917963500814638
1997-11-20,3.9295916666666666,0.28234751565927585,0.5827274843407237
1997-11-21,3.9299541666666666,0.2558598420481646,0.608852657951835
1997-11-22,3.9306055555555557,0.29264128880742396,0.5684198223036874
1997-11-23,3.931234722222222,0.32368025871483147,0.5354183523962794
1997-11-24,3.9326430555555554,0.3322542401963129,0.5254360375814646
1997-11-25,3.9348958333333335,0.3316346568629795,0.555469509803687
1997-11-26,3.947145833333334,0.24482230732594254,0.6293651926740562
1997-11-27,3.967925,0.11616522399260916,0.7362431093407238
1997-11-28,3.9877555555555557,0.022069471677794328,0.8305083060999836
1997-11-29,4.00785,-0.1206328315629463,0.984449498229613
1997-11-30,4.0279444444444445,-0.18902258850739087,1.3170781440629469
1997-12-01,4.0485388888888885,-0.2039141047110945,1.4533752158222062
1997-12-02,4.068951388888889,-0.27291434776665,2.126629625544428
1997-12-03,4.087758333333333,-0.3051572181370204,2.2250655514703532
1997-12-04,4.104545833333333,-0.2999337806370204,2.1560546139703543
1997-12-05,4.120309722222222,-0.33445717184072404,1.9198141162851685
1997-12-06,4.135509722222222,-0.44370401211850197,-0.060472376770387304
1997-12-07,4.149626388888889,-0.4828114426740575,-0.40114827954816445
1997-12-08,4.163295833333333,-0.46414806304442785,-0.5031477702889051
1997-12-09,4.172647222222222,-0.5173540352666499,-0.681626520288906
1997-12-10,4.176134722222223,-0.4947984681370205,-0.7950029207518692
1997-12-11,4.175323611111111,-0.5233943940629464,-0.7075958837148311
1997-12-12,4.171676388888889,-0.5328582945259094,-0.5088180943629791
1997-12-13,4.167173611111111,-0.4915492435999834,-0.42262436751112753
1997-12-14,4.1612638888888895,-0.41680228758146504,-0.27046160130742475
1997-12-15,4.153113888888889,-0.4217763385073909,-0.33100421704816446
1997-12-16,4.143347222222223,-0.46663122276665014,-0.28938266612223973
1997-12-17,4.131884722222222,-0.4026943130444278,-0.2728570758444604
1997-12-18,4.1186597222222225,-0.3639181787851685,-0.1264082101037206
1997-12-19,4.104127777777778,-0.3776845560999835,0.8968901116555383
1997-12-20,4.086197222222221,-0.3483911764703538,1.2935272875814658
1997-12-21,4.0637486111111105,-0.2895741162851687,1.7004921718407249
1997-12-22,4.038783333333333,-0.31731783156294635,1.841534498229614
1997-12-23,4.013647222222222,-0.2966407135073909,1.8589934912851689
1997-12-24,3.990851388888889,-0.29173550517405755,1.8802174496185022
1997-12-25,3.9701069444444443,-0.23469192878516856,1.941584984340723
1997-12-26,3.949061111111111,-0.14897896582220566,1.9929178547110948
1997-12-27,3.928001388888889,-0.06844585239627972,2.2557777968407247
1997-12-28,3.9069361111111114,-0.01862322508146481,2.306020447303687
1997-12-29,3.8858694444444444,-0.03530623434072408,2.31243678989628
1997-12-30,3.8648999999999996,-0.029864046840724114,2.0436307135073912
1997-12-31,3.844420833333333,-0.06775380378516854,1.9756663037851692
1998-01-01,3.824334722222222,0.03105302233589053,1.4366122554418883
1998-01-02,3.8042541666666665,0.0305050310594902,1.5939074689405108
1998-01-03,3.7844180555555553,0.03686623399796589,1.8697157104464794
1998-01-04,3.764934722222222,0.06685749891991248,1.9345411121911995
1998-01-05,3.738469444444444,0.08326047183084001,2.0619367503913826
1998-01-06,3.7039472222222223,0.11941637173901258,2.1676364060387647
1998-01-07,3.6704749999999997,0.1470528386811614,2.1734721613188386
1998-01-08,3.6429430555555555,0.18256469588960944,2.163492248554835
1998-01-09,3.620423611111111,0.18891858707418244,2.15599113514804
1998-01-10,3.6006597222222223,0.17629473491623948,1.6343788761948717
1998-01-11,3.5801597222222226,0.15251257238180407,0.5746610387293066
1998-01-12,3.558023611111111,0.07848643601816786,0.5478232862040551
1998-01-13,3.537283333333333,-0.0004612682977183022,0.47917793496438543
1998-01-14,3.518011111111111,0.040701587533319324,0.7686206346889034
1998-01-15,3.4997583333333333,0.04912748285012372,0.7237808504832098
1998-01-16,3.4816805555555552,0.025421261546175113,1.1008981828982702
1998-01-17,3.463561111111111,0.020818678901546983,0.98028687665401
1998-01-18,3.4454055555555554,-0.02905082293500033,0.35031193404611155
1998-01-19,3.4277180555555553,-0.05023497123619397,0.4131835823473053
1998-01-20,3.410845833333333,-0.09321372467972029,0.6100345580130543
1998-01-21,3.394338888888889,-0.09599717279725936,0.5786582839083706
1998-01-22,3.3788694444444443,-0.05596561861911424,0.5410961741746698
1998-01-23,3.3621,-0.036045669124164875,0.5346123357908319
1998-01-24,3.342848611111111,-0.05386257683766328,0.5183472990598859
1998-01-25,3.3234430555555554,-0.1373418008964328,0.5055654120075447
1998-01-26,3.3040541666666665,-0.1732937866631913,0.23857295332985876
1998-01-27,3.2845958333333334,-0.1762693720626403,0.16234020539597352
1998-01-28,3.2649236111111106,-0.12374578390837038,0.12948883946392636
1998-01-29,3.2438388888888885,-0.15041892440423824,0.17724670218201635
1998-01-30,3.2204875,-0.1636749390966165,0.1981874390966169
1998-01-31,3.193625,-0.14779169759064778,0.044833364257314295
1998-02-01,3.164258333333333,-0.09885666545107002,-0.19640166788226338
1998-02-02,3.136490277777778,-0.06195531099744281,-0.4685349667803348
1998-02-03,3.116298611111111,-0.08742179400938063,-0.4985434837683973
1998-02-04,3.1134333333333335,-0.14205875452361366,-0.5583745788097201
1998-02-05,3.1234888888888888,-0.1620991356071766,-0.6557230866150454
1998-02-06,3.134361111111111,-0.16617248271461468,-0.6625219617298297
1998-02-07,3.1448375000000004,-0.15237648868339332,-0.6761276779832734
1998-02-08,3.159488888888889,-0.1598384377192059,-0.6833171178363493
1998-02-09,3.1842847222222224,-0.17182070355942644,-0.6961306853294623
1998-02-10,3.2163166666666667,-0.1790689703179204,-0.7209143630154127
1998-02-11,3.2490666666666668,-0.134339849564936,-0.7983934837683972
1998-02-12,3.2810611111111117,-0.09532976003325565,-0.922064684411189
1998-02-13,3.3119291666666673,-0.05826592853646957,-1.3096632381301976
1998-02-14,3.3431291666666665,-0.014703061227011285,-1.3870927721063215
1998-02-15,3.3751708333333337,-0.04287351577246585,-1.7952973175608677
1998-02-16,3.4069375,0.022996169718810612,-1.9116003363854772
1998-02-17,3.4346625,0.06259709947087659,-2.273926266137543
1998-02-18,3.4563833333333336,0.10803479460402632,-2.842084794604027
1998-02-19,3.4736972222222224,0.11858051315315392,-3.450277735375376
1998-02-20,3.4884458333333335,0.11405079552230005,-3.4981632955223003
1998-02-21,3.5017500000000004,0.026241635742685704,-3.4229916357426857
1998-02-22,3.514065277777778,-0.00823790971185972,-2.8384940347325847
1998-02-23,3.5260861111111113,-0.045008949656763206,-2.8837438281210144
1998-02-24,3.537288888888889,0.04795500810264902,-2.9889105636582043
1998-02-25,3.5475125000000007,0.12849352968207972,-3.0796726963487466
1998-02-26,3.561740277777778,0.17538977623855362,-3.1411300540163314
1998-02-27,3.581213888888889,0.27971549937904944,-3.2649293882679387
1998-02-28,3.6026902777777776,0.3635488212339622,-3.3469057656784065
1998-03-01,3.6260513888888894,0.4040260939612349,-3.3164108161834576
1998-03-02,3.6522250000000005,0.3788453891862119,-3.3174037225195456
1998-03-03,3.679690277777778,0.37963133510372027,-3.344321612881498
1998-03-04,3.7038194444444446,0.33544477260372035,-3.2192642170481647
1998-03-05,3.7199819444444446,0.3643367749185351,-3.1063187193629798
1998-03-06,3.726366666666667,0.514807388344461,-3.0148407216777944
1998-03-07,3.727463888888889,0.5376305827889055,-2.903761138344461
1998-03-08,3.7262472222222227,0.4949600272333499,-2.3075405827889055
1998-03-09,3.723804166666667,0.49662098788149794,-2.1864251545481648
1998-03-10,3.7180375000000003,0.47570971473334994,-2.15974721473335
1998-03-11,3.704479166666667,0.5283973073259426,-2.1565431406592763
1998-03-12,3.6888736111111116,0.5651246105666834,-2.0509982216777947
1998-03-13,3.6758486111111113,0.5455026776963129,-2.0183512888074238
1998-03-14,3.663151388888889,0.5103209184370536,-1.9204723073259427
1998-03-15,3.649293055555556,0.43731462214075734,-1.6146076776963127
1998-03-16,3.633056944444445,0.42783646241853507,-1.476560073529647
1998-03-17,3.6141083333333337,0.41578625408520165,-1.4455612540852019
1998-03-18,3.5936375000000003,0.3136183952889055,-1.3329225619555722
1998-03-19,3.5758083333333337,0.33642587214075753,-1.3322342054740912
1998-03-20,3.560280555555556,0.28234751565927585,-1.1149614045481648
1998-03-21,3.5439736111111113,0.2558598420481646,-0.9875001198259419
1998-03-22,3.5283875,0.29264128880742396,-1.00869545547409
1998-03-23,3.514211111111111,0.32368025871483147,-0.7808913698259421
1998-03-24,3.5000444444444447,0.3322542401963129,-1.333298684640757
1998-03-25,3.4862666666666673,0.3316346568629795,-1.3249013235296465
1998-03-26,3.4734486111111114,0.24482230732594254,-1.2252709184370536
1998-03-27,3.461677777777778,0.11616522399260916,-1.0825096684370539
1998-03-28,3.4478125000000004,0.022069471677794328,-0.9745486383444613
1998-03-29,3.434088888888889,-0.1206328315629463,-0.8181227239926094
1998-03-30,3.423366666666667,-0.18902258850739087,-0.7623440781592761
1998-03-31,3.412841666666667,-0.2039141047110945,-0.8312608952889057
1998-04-01,3.404405555555556,-0.27291434776665,-0.7354912077889055
1998-04-02,3.3989569444444445,-0.3051572181370204,-0.6074663929740902
1998-04-03,3.395565277777778,-0.2999337806370204,-0.2779648304740909
1998-04-04,3.394431944444445,-0.33445717184072404,0.9426918940629465
1998-04-05,3.394968055555556,-0.44370401211850197,1.6954026232296124
1998-04-06,3.3965625000000004,-0.4828114426740575,1.749915609340724
1998-04-07,3.404119444444445,-0.46414806304442785,1.4673619519333159
1998-04-08,3.4241083333333338,-0.5173540352666499,1.3699123685999834
1998-04-09,3.4510694444444447,-0.4947984681370205,2.1433956903592426
1998-04-10,3.4780305555555557,-0.5233943940629464,3.727363838507392
1998-04-11,3.5086500000000003,-0.5328582945259094,4.104208294525909
1998-04-12,3.545302777777778,-0.4915492435999834,4.109246465822205
1998-04-13,3.5863000000000005,-0.41680228758146504,4.073168954248131
1998-04-14,3.6305569444444448,-0.4217763385073909,3.831219394062947
1998-04-15,3.6769180555555563,-0.46663122276665014,4.0253798338777615
1998-04-16,3.7264583333333334,-0.4026943130444278,3.9742359797110955
1998-04-17,3.7787513888888893,-0.3639181787851685,3.9958334565629468
1998-04-18,3.8326611111111117,-0.3776845560999835,4.040023444988873
1998-04-19,3.8898875000000004,-0.3483911764703538,3.8311703431370216
1998-04-20,3.951619444444445,-0.2895741162851687,3.6266213385073907
1998-04-21,4.014843055555556,-0.31731783156294635,3.5911414426740578
1998-04-22,4.077076388888889,-0.2966407135073909,3.262897657951836
1998-04-23,4.137197222222222,-0.29173550517405755,3.2222049496185026
1998-04-24,4.1952638888888885,-0.23469192878516856,3.113094706562947
1998-04-25,4.253298611111111,-0.14897896582220566,2.9806803547110947
1998-04-26,4.311611111111111,-0.06844585239627972,3.0338347412851703
1998-04-27,4.370494444444445,-0.01862322508146481,4.095462113970354
1998-04-28,4.426593055555556,-0.03530623434072408,4.1923798454518355
1998-04-29,4.479245833333334,-0.029864046840724114,4.162951546840724
1998-04-30,4.531108333333334,-0.06775380378516854,4.16197880378517
1998-05-01,4.5808180555555555,0.03105302233589053,4.0887955887752225
1998-05-02,4.630329166666667,0.0305050310594902,3.950832468940511
1998-05-03,4.681931944444445,0.03686623399796589,3.5802018215575906
1998-05-04,4.732772222222223,0.06685749891991248,2.2377036121911993
1998-05-05,4.781215277777778,0.08326047183084001,1.2805242503913823
1998-05-06,4.827938888888889,0.11941637173901258,1.0456447393720985
1998-05-07,4.8662833333333335,0.1470528386811614,0.6836638279855061
1998-05-08,4.892595833333334,0.18256469588960944,0.6215061374437247
1998-05-09,4.915595833333334,0.18891858707418244,-0.23084775374084834
1998-05-10,4.939490277777778,0.17629473491623948,-1.8667850126940166
1998-05-11,4.959240277777779,0.15251257238180407,-2.3874195168262493
1998-05-12,4.97253888888889,0.07848643601816786,-2.409691991573724
1998-05-13,4.981508333333333,-0.0004612682977183022,-2.4693803983689477
1998-05-14,4.989443055555556,0.040701587533319324,-2.5244779764222085
1998-05-15,4.997073611111111,0.04912748285012372,-2.848534427294568
1998-05-16,5.002795833333334,0.025421261546175113,-2.8928837615461753
1998-05-17,5.007627777777778,0.020818678901546983,-3.0041131233459906
1998-05-18,5.012227777777778,-0.02905082293500033,-3.0551769548427776
1998-05-19,5.0161902777777785,-0.05023497123619397,-3.0632886398749175
1998-05-20,5.019208333333333,-0.09321372467972029,-3.023994608653613
1998-05-21,5.021898611111111,-0.09599717279725936,-2.7639014383138516
1998-05-22,5.024920833333334,-0.05596561861911424,-2.7922885480475523
1998-05-23,5.030493055555556,-0.036045669124164875,-2.84644738643139
1998-05-24,5.038394444444444,-0.05386257683766328,-2.771198534273447
1998-05-25,5.046870833333333,-0.1373418008964328,-2.7001956991035665
1998-05-26,5.055475,-0.1732937866631913,-2.8555145466701424
1998-05-27,5.0616875,-0.1762693720626403,-3.5997514612706927
1998-05-28,5.068784722222222,-0.12374578390837038,-2.9830389383138525
1998-05-29,5.078983333333333,-0.15041892440423824,-2.922564408929095
1998-05-30,5.0897375,-0.1636749390966165,-2.9323958942367168
1998-05-31,5.100819444444444,-0.14779169759064778,-2.625694413520463
1998-06-01,5.110731944444446,-0.09885666545107002,-2.687208612326709
1998-06-02,5.119877777777778,-0.06195531099744281,-2.7215891334470017
1998-06-03,5.126356944444445,-0.08742179400938063,-2.5109351504350643
1998-06-04,5.127859722222222,-0.14205875452361366,-2.4418009676986085
1998-06-05,5.12745138888889,-0.1620991356071766,-2.40801891994838
1998-06-06,5.128172222222223,-0.16617248271461468,-1.0943330728409417
1998-06-07,5.127258333333334,-0.15237648868339332,0.5767848220167264
1998-06-08,5.119254166666668,-0.1598384377192059,0.5922509377192049
1998-06-09,5.100156944444445,-0.17182070355942644,0.6233304257816487
1998-06-10,5.0725902777777785,-0.1790689703179204,1.5361453592068088
1998-06-11,5.042909722222223,-0.134339849564936,2.09109679400938
1998-06-12,5.012547222222223,-0.09532976003325565,2.502449204477699
1998-06-13,4.981170833333334,-0.05826592853646957,2.4867617618698024
1998-06-14,4.948329166666667,-0.014703061227011285,2.668707227893678
1998-06-15,4.914444444444445,-0.04287351577246585,2.894095737994687
1998-06-16,4.879822222222224,0.022996169718810612,2.9371816080589666
1998-06-17,4.844838888888889,0.06259709947087659,2.932564011640235
1998-06-18,4.810881944444445,0.10803479460402632,2.92108326095153
1998-06-19,4.77841388888889,0.11858051315315392,2.943005597957957
1998-06-20,4.746523611111112,0.11405079552230005,2.719425593366588
1998-06-21,4.714304166666667,0.026241635742685704,2.82478753092398
1998-06-22,4.683065277777779,-0.00823790971185972,2.9611726319340814
1998-06-23,4.655990277777779,-0.045008949656763206,2.953685338545651
1998-06-24,4.6312750000000005,0.04795500810264902,2.8781033252306836
1998-06-25,4.606816666666667,0.12849352968207972,2.895023136984587
1998-06-26,4.578234722222223,0.17538977623855362,2.940375501539225
1998-06-27,4.5409347222222225,0.27971549937904944,2.1410164450653957
1998-06-28,4.500086111111112,0.3635488212339622,2.026698400988259
1998-06-29,4.4594763888888895,0.4040260939612349,2.0261641838165425
1998-06-30,4.418463888888889,0.3788453891862119,1.6706907219249003
1998-07-01,4.3766375,0.37963133510372027,2.0870644982296134
1998-07-02,4.332395833333333,0.33544477260372035,2.408492727396281
1998-07-03,4.289061111111112,0.3643367749185351,2.269935447303687
1998-07-04,4.251601388888889,0.514807388344461,2.1409245560999848
1998-07-05,4.220023611111111,0.5376305827889055,2.136345806099984
1998-07-06,4.197797222222222,0.4949600272333499,0.8909094172110954
1998-07-07,4.183870833333333,0.49662098788149794,-0.0014918212148304355
1998-07-08,4.1751861111111115,0.47570971473334994,0.25810417415553927
1998-07-09,4.176943055555555,0.5283973073259426,0.2306596371185029
1998-07-10,4.1879124999999995,0.5651246105666834,-0.669703777233349
1998-07-11,4.201427777777778,0.5455026776963129,-1.2325971221407572
1998-07-12,4.216206944444444,0.5103209184370536,-1.6321945295481641
1998-07-13,4.245255555555556,0.43731462214075734,-1.1475701776963123
1998-07-14,4.2898805555555555,0.42783646241853507,-1.3650503513074241
1998-07-15,4.338161111111111,0.41578625408520165,-1.564614031862979
1998-07-16,4.388684722222222,0.3136183952889055,-1.5733031175111276
1998-07-17,4.440633333333334,0.33642587214075753,-1.6477258721407582
1998-07-18,4.49303888888889,0.28234751565927585,-1.646053071214832
1998-07-19,4.545194444444444,0.2558598420481646,-1.6660542864926087
1998-07-20,4.596172222222222,0.29264128880742396,-1.753480177696312
1998-07-21,4.646005555555556,0.32368025871483147,-1.5103524809370537
1998-07-22,4.694298611111112,0.3322542401963129,-1.5925528513074245
1998-07-23,4.737875,0.3316346568629795,-1.615176323529646
1998-07-24,4.778218055555556,0.24482230732594254,-1.4570403628814979
1998-07-25,4.817748611111112,0.11616522399260916,-1.4465805017703872
1998-07-26,4.85955,0.022069471677794328,-1.88728613834446
1998-07-27,4.901620833333333,-0.1206328315629463,-1.08132133510372
1998-07-28,4.942463888888889,-0.18902258850739087,-1.0381079670481643
1998-07-29,4.986331944444444,-0.2039141047110945,-1.067084506400016
1998-07-30,5.030975,-0.27291434776665,-1.0400606522333493
1998-07-31,5.075126388888889,-0.3051572181370204,-1.2266358374185349
1998-08-01,5.1230875000000005,-0.2999337806370204,-0.8674870526963134
1998-08-02,5.177826388888889,-0.33445717184072404,-0.42370255038149757
1998-08-03,5.235658333333333,-0.44370401211850197,-0.20162098788149774
1998-08-04,5.291345833333334,-0.4828114426740575,-0.18653439065927624
1998-08-05,5.335184722222222,-0.46414806304442785,-0.24903665917779466
1998-08-06,5.361022222222223,-0.5173540352666499,-1.001001520288906
1998-08-07,5.382405555555556,-0.4947984681370205,-1.274940420751868
1998-08-08,5.407845833333334,-0.5233943940629464,-1.2987847726037205
1998-08-09,5.430993055555556,-0.5328582945259094,-1.3378014276963124
1998-08-10,5.449251388888889,-0.4915492435999834,-1.3983688119555722
1998-08-11,5.463051388888889,-0.41680228758146504,-1.4869157679740903
1998-08-12,5.461775000000001,-0.4217763385073909,-1.8469986614926102
1998-08-13,5.446654166666667,-0.46663122276665014,-1.7793562772333495
1998-08-14,5.428795833333334,-0.4026943130444278,-1.825434853622239
1998-08-15,5.408586111111111,-0.3639181787851685,-1.8460012656592757
1998-08-16,5.387197222222222,-0.3776845560999835,-1.698512666122239
1998-08-17,5.364993055555556,-0.3483911764703538,-1.6096018790852016
1998-08-18,5.343322222222222,-0.2895741162851687,-1.5917481059370524
1998-08-19,5.324045833333333,-0.31731783156294635,-1.5450613351037197
1998-08-20,5.307348611111111,-0.2966407135073909,-1.8730412309370532
1998-08-21,5.2912125,-0.29173550517405755,-1.5234769948259423
1998-08-22,5.275079166666666,-0.23469192878516856,-0.873053904548164
1998-08-23,5.259269444444444,-0.14897896582220566,-1.0506238119555713
1998-08-24,5.244440277777778,-0.06844585239627972,-0.7436610920481647
1998-08-25,5.2328125,-0.01862322508146481,-0.7818559415852016
1998-08-26,5.229526388888889,-0.03530623434072408,-1.547553487881498
1998-08-27,5.232886111111111,-0.029864046840724114,-1.4573553976037203
1998-08-28,5.235497222222222,-0.06775380378516854,-1.4220767517703863
1998-08-29,5.238297222222222,0.03105302233589053,-1.5320169112247792
1998-08-30,5.242730555555555,0.0305050310594902,-1.7365689199483787
1998-08-31,5.245383333333333,0.03686623399796589,-2.5262495673312984
1998-09-01,5.244020833333333,0.06685749891991248,-3.1308783322532454
1998-09-02,5.244795833333333,0.08326047183084001,-3.3160563051641727
1998-09-03,5.249543055555556,0.11941637173901258,-2.8216260939612345
1998-09-04,5.258819444444445,0.1470528386811614,-1.597538949792273
1998-09-05,5.277341666666667,0.18256469588960944,-1.2169063625562757
1998-09-06,5.295623611111111,0.18891858707418244,-1.2415421981852932
1998-09-07,5.3085916666666675,0.17629473491623948,-1.183553068249573
1998-09-08,5.323377777777778,0.15251257238180407,-1.1712236834929153
1998-09-09,5.342929166666667,0.07848643601816786,-1.116748936018168
1998-09-10,5.366569444444445,-0.0004612682977183022,-0.9707748428133924
1998-09-11,5.391773611111111,0.040701587533319324,2.1611914680222366
1998-09-12,5.416622222222222,0.04912748285012372,2.3539169615943205
1998-09-13,5.442215277777779,0.025421261546175113,2.6330301273427135
1998-09-14,5.468754166666667,0.020818678901546983,2.695093821098453
1998-09-15,5.4967500000000005,-0.02905082293500033,2.767634156268335
1998-09-16,5.5276152777777785,-0.05023497123619397,2.6952863601250816
1998-09-17,5.5601722222222225,-0.09321372467972029,2.6823748357908306
1998-09-18,5.592508333333333,-0.09599717279725936,2.652822172797259
1998-09-19,5.622236111111111,-0.05596561861911424,2.5830628408413356
1998-09-20,5.650220833333334,-0.036045669124164875,2.1514915024574974
1998-09-21,5.678633333333334,-0.05386257683766328,1.4292292435043297
1998-09-22,5.706606944444444,-0.1373418008964328,1.4817348564519888
1998-09-23,5.733184722222223,-0.1732937866631913,1.112442397774301
1998-09-24,5.758406944444444,-0.1762693720626403,1.0901957609515285
1998-09-25,5.777255555555556,-0.12374578390837038,1.0188235616861474
1998-09-26,5.7884125,-0.15041892440423824,1.4600064244042383
1998-09-27,5.798197222222223,-0.1636749390966165,1.7954777168743943
1998-09-28,5.808725,-0.14779169759064778,1.944400030923981
1998-09-29,5.8184875,-0.09885666545107002,1.923369165451071
1998-09-30,5.822797222222222,-0.06195531099744281,2.767824755441888
1998-10-01,5.819659722222222,-0.08742179400938063,3.740762071787159
1998-10-02,5.8084875,-0.14205875452361366,3.812237921190281
1998-10-03,5.792276388888888,-0.1620991356071766,3.3574894133849558
1998-10-04,5.775652777777777,-0.16617248271461468,2.349186371603505
1998-10-05,5.7612805555555555,-0.15237648868339332,2.0527625997945047
1998-10-06,5.752258333333334,-0.1598384377192059,2.98124677105254
1998-10-07,5.747098611111111,-0.17182070355942644,3.060055425781649
1998-10-08,5.743637499999999,-0.1790689703179204,3.3367648036512545
1998-10-09,5.74085,-0.134339849564936,3.303489849564936
1998-10-10,5.738079166666666,-0.09532976003325565,3.1785839266999245
1998-10-11,5.734743055555555,-0.05826592853646957,0.025189539647582818
1998-10-12,5.73166111111111,-0.014703061227011285,-0.03562471655076624
1998-10-13,5.730168055555556,-0.04287351577246585,-0.28662787311642285
1998-10-14,5.729455555555555,0.022996169718810612,-0.39778505860769814
1998-10-15,5.7268625,0.06259709947087659,-0.5974595994708757
1998-10-16,5.720527777777778,0.10803479460402632,-0.6695625723818035
1998-10-17,5.711022222222222,0.11858051315315392,-0.5096027353753745
1998-10-18,5.700018055555557,0.11405079552230005,-0.3404021844111893
1998-10-19,5.6901875,0.026241635742685704,-0.05209580240935266
1998-10-20,5.680008333333333,-0.00823790971185972,-0.007437090288140163
1998-10-21,5.665611111111112,-0.045008949656763206,0.04373117187898505
1998-10-22,5.649265277777777,0.04795500810264902,-0.03388695254709334
1998-10-23,5.631937499999999,0.12849352968207972,0.2049023036512545
1998-10-24,5.613023611111111,0.17538977623855362,0.7799199459836685
1998-10-25,5.597425,0.27971549937904944,1.421526167287617
1998-10-26,5.583929166666667,0.3635488212339622,1.4121886787660387
1998-10-27,5.568736111111112,0.4040260939612349,1.0742377949276531
1998-10-28,5.552280555555557,0.3788453891862119,1.0515407219248991
1998-10-29,5.53585,0.37963133510372027,1.4771853315629477
1998-10-30,5.5233694444444446,0.33544477260372035,1.3048524496185028
1998-10-31,5.516375,0.3643367749185351,0.6282882250814652
1998-11-01,5.5131958333333335,0.514807388344461,1.4796634449888717
1998-11-02,5.510309722222223,0.5376305827889055,1.3850596949888723
1998-11-03,5.501211111111112,0.4949600272333499,1.274828861655539
1998-11-04,5.486112500000001,0.49662098788149794,1.4542665121185014
1998-11-05,5.468250000000001,0.47570971473334994,0.5947069519333157
1998-11-06,5.447390277777778,0.5283973073259426,0.4428790815629461
1998-11-07,5.424793055555556,0.5651246105666834,0.15941566721109357
1998-11-08,5.401708333333334,0.5455026776963129,0.19345565563701983
1998-11-09,5.379575000000001,0.5103209184370536,0.2517707482296121
1998-11-10,5.3449638888888895,0.43731462214075734,0.7543881556370202
1998-11-11,5.2968875,0.42783646241853507,0.5899427042481311
1998-11-12,5.24983888888889,0.41578625408520165,0.7040415236925747
1998-11-13,5.204000000000001,0.3136183952889055,0.8003816047110934
1998-11-14,5.159070833333334,0.33642587214075753,1.1638366278592431
1998-11-15,5.115844444444445,0.28234751565927585,1.6088080398962799
1998-11-16,5.073575,0.2558598420481646,1.741565157951836
1998-11-17,5.031402777777778,0.29264128880742396,1.635955933414798
1998-11-18,4.989233333333334,0.32368025871483147,1.4564197412851685
1998-11-19,4.948658333333334,0.3322542401963129,1.5594207598036864
1998-11-20,4.912168055555556,0.3316346568629795,1.6231972875814644
1998-11-21,4.878061111111112,0.24482230732594254,1.7441165815629454
1998-11-22,4.845422222222223,0.11616522399260916,1.6034125537851673
1998-11-23,4.814361111111111,0.022069471677794328,1.133569417211095
1998-11-24,4.783191666666667,-0.1206328315629463,0.5851078315629457
1998-11-25,4.750140277777778,-0.18902258850739087,0.2838823107296138
1998-11-26,4.713931944444445,-0.2039141047110945,0.4239821602666497
1998-11-27,4.676333333333334,-0.27291434776665,0.6225810144333168
1998-11-28,4.641968055555556,-0.3051572181370204,0.2415224959147984
1998-11-29,4.616075,-0.2999337806370204,-0.3611412193629799
1998-11-30,4.592890277777778,-0.33445717184072404,-0.5910997726037206
1998-12-01,4.566868055555556,-0.44370401211850197,-1.4618307101037207
1998-12-02,4.541500000000001,-0.4828114426740575,-1.3983552239926096
1998-12-03,4.521181944444445,-0.46414806304442785,-1.4630338814000166
1998-12-04,4.504763888888889,-0.5173540352666499,-1.5660765202889053
1998-12-05,4.4843625000000005,-0.4947984681370205,-1.1208973651963126
1998-12-06,4.4601347222222225,-0.5233943940629464,-0.8454069948259426
1998-12-07,4.439573611111111,-0.5328582945259094,-0.6827153165852012
1998-12-08,4.427661111111112,-0.4915492435999834,-0.7094452008444615
1998-12-09,4.423234722222222,-0.41680228758146504,-0.7794324346407575
1998-12-10,4.436711111111111,-0.4217763385073909,-1.290268105937053
1998-12-11,4.4659055555555565,-0.46663122276665014,-1.0699409994555729
1998-12-12,4.493509722222223,-0.4026943130444278,-0.977148742511128
1998-12-13,4.519184722222223,-0.3639181787851685,-1.0405998767703872
1998-12-14,4.544519444444445,-0.3776845560999835,-1.3941682216777946
1998-12-15,4.569045833333334,-0.3483911764703538,-1.7956546568629799
1998-12-16,4.592522222222223,-0.2895741162851687,-2.1402814392703866
1998-12-17,4.614770833333334,-0.31731783156294635,-2.1774530017703873
1998-12-18,4.637283333333333,-0.2966407135073909,-2.220642619825942
1998-12-19,4.665123611111111,-0.29173550517405755,-2.3227214392703868
1998-12-20,4.70265,-0.23469192878516856,-2.330624737881498
1998-12-21,4.7482194444444445,-0.14897896582220566,-2.4325738119555718
1998-12-22,4.798023611111111,-0.06844585239627972,-2.562911092048164
1998-12-23,4.852704166666667,-0.01862322508146481,-2.675414274918535
1998-12-24,4.913655555555556,-0.03530623434072408,-2.701682654548164
1998-12-25,4.9792861111111115,-0.029864046840724114,-2.97275539760372
1998-12-26,5.051176388888889,-0.06775380378516854,-3.1150892517703865
1998-12-27,5.1270541666666665,0.03105302233589053,-3.492773855669223
1998-12-28,5.197384722222222,0.0305050310594902,-3.5625564199483786
1998-12-29,5.254641666666666,0.03686623399796589,-3.6595079006646314
1998-12-30,5.305248611111111,0.06685749891991248,-3.7467727766976897
1998-12-31,5.353130555555556,0.08326047183084001,-3.632724360719729
1999-01-01,5.397479166666667,0.11941637173901258,-3.453895538405679
1999-01-02,5.444930555555556,0.1470528386811614,-3.4829833942367165
1999-01-03,5.503383333333334,0.18256469588960944,-3.367281362556276
1999-01-04,5.5739888888888895,0.18891858707418244,-3.882574142629738
1999-01-05,5.649281944444445,0.17629473491623948,-4.1679100126940165
1999-01-06,5.721840277777778,0.15251257238180407,-4.3493528501595815
1999-01-07,5.786356944444445,0.07848643601816786,-4.3208433804626125
1999-01-08,5.843084722222223,-0.0004612682977183022,-3.998623453924504
1999-01-09,5.8924569444444455,0.040701587533319324,-4.094825198644431
1999-01-10,5.936906944444445,0.04912748285012372,-3.9493677606279016
1999-01-11,5.979927777777778,0.025421261546175113,-3.4133490393239527
1999-01-12,6.022491666666667,0.020818678901546983,-3.351310345568214
1999-01-13,6.063583333333334,-0.02905082293500033,-3.0895325103983327
1999-01-14,6.101773611111112,-0.05023497123619397,-2.9628719732082507
1999-01-15,6.138165277777778,-0.09321372467972029,-2.956284886431391
1999-01-16,6.1746694444444445,-0.09599717279725936,-2.990005604980518
1999-01-17,6.210729166666667,-0.05596561861911424,-3.065430214714219
1999-01-18,6.241770833333334,-0.036045669124164875,-3.118058497542502
1999-01-19,6.263327777777778,-0.05386257683766328,-3.2351318676067806
1999-01-20,6.277084722222223,-0.1373418008964328,-3.1947429213257896
1999-01-21,6.289002777777778,-0.1732937866631913,-3.1707089911145867
1999-01-22,6.2994361111111115,-0.1762693720626403,-3.178166739048471
1999-01-23,6.304915277777779,-0.12374578390837038,-3.2621694938694086
1999-01-24,6.307284722222223,-0.15041892440423824,-3.2378657978179843
1999-01-25,6.306706944444445,-0.1636749390966165,-3.224032005347828
1999-01-26,6.304404166666666,-0.14779169759064778,-3.0639458024093513
1999-01-27,6.305020833333334,-0.09885666545107002,-2.2981641678822635
1999-01-28,6.310159722222222,-0.06195531099744281,-0.19887107789144517
1999-01-29,6.319079166666667,-0.08742179400938063,0.15634262734271484
1999-01-30,6.332798611111111,-0.14205875452361366,0.1275934767458356
1999-01-31,6.349936111111111,-0.1620991356071766,-0.12817030883726765
1999-02-01,6.365302777777778,-0.16617248271461468,-0.18879696172982977
1999-02-02,6.370901388888889,-0.15237648868339332,-0.5488582335388286
1999-02-03,6.366413888888889,-0.1598384377192059,-0.53724211783635
1999-02-04,6.358433333333333,-0.17182070355942644,-0.46161262977390705
1999-02-05,6.348541666666667,-0.1790689703179204,0.7075273036512535
1999-02-06,6.340752777777778,-0.134339849564936,1.8689204051204906
1999-02-07,6.336062500000001,-0.09532976003325565,2.3529339266999223
1999-02-08,6.333901388888889,-0.05826592853646957,2.888031206314248
1999-02-09,6.3327,-0.014703061227011285,2.9080030612270105
1999-02-10,6.330116666666667,-0.04287351577246585,2.1937568491057986
1999-02-11,6.327534722222222,0.022996169718810612,2.0858024413923015
1999-02-12,6.327513888888889,0.06259709947087659,1.800555678306901
1999-02-13,6.332786111111111,0.10803479460402632,1.6058457609515295
1999-02-14,6.350775,0.11858051315315392,1.597311153513513
1999-02-15,6.3833874999999995,0.11405079552230005,1.5692283711443669
1999-02-16,6.421291666666667,0.026241635742685704,2.0268000309239813
1999-02-17,6.459530555555555,-0.00823790971185972,3.084707354156306
1999-02-18,6.497868055555555,-0.045008949656763206,4.346140894101209
1999-02-19,6.535658333333334,0.04795500810264902,4.881719991897352
1999-02-20,6.571136111111111,0.12849352968207972,5.416703692540143
1999-02-21,6.603413888888889,0.17538977623855362,6.761863001539226
1999-02-22,6.634356944444445,0.27971549937904944,8.040594222843172
1999-02-23,6.666645833333334,0.3635488212339622,8.424805345432706
1999-02-24,6.699938888888889,0.4040260939612349,9.101368350483211
1999-02-25,6.732501388888889,0.3788453891862119,8.9236532219249
1999-02-26,6.764608333333333,0.37963133510372027,8.075426998229611
1999-02-27,6.796802777777778,0.33544477260372035,5.946085782951837
1999-02-28,6.830293055555555,0.3643367749185351,5.54537016952591
1999-03-01,6.864213888888889,0.514807388344461,5.3893120560999845
1999-03-02,6.896330555555555,0.5376305827889055,5.38203886165554
1999-03-03,6.927149999999999,0.4949600272333499,5.854223306099985
1999-03-04,6.956816666666667,0.49662098788149794,8.006895678785169
1999-03-05,6.9886430555555545,0.47570971473334994,7.996313896377762
1999-03-06,7.024601388888888,0.5283973073259426,8.014001303785172
1999-03-07,7.062026388888889,0.5651246105666834,6.787849000544429
1999-03-08,7.096780555555555,0.5455026776963129,5.716716766748133
1999-03-09,7.128302777777778,0.5103209184370536,4.8993763037851705
1999-03-10,7.159708333333333,0.43731462214075734,4.392643711192578
1999-03-11,7.1904152777777774,0.42783646241853507,3.911414926470355
1999-03-12,7.219027777777777,0.41578625408520165,3.84485263480369
1999-03-13,7.247345833333333,0.3136183952889055,3.862369104711095
1999-03-14,7.276031944444444,0.33642587214075753,3.8035421834147987
1999-03-15,7.302856944444444,0.28234751565927585,3.8307955398962807
1999-03-16,7.320534722222222,0.2558598420481646,3.8196054357296125
1999-03-17,7.325616666666667,0.29264128880742396,3.7777420445259082
1999-03-18,7.32668611111111,0.32368025871483147,3.3373002968407244
1999-03-19,7.329938888888888,0.3322542401963129,2.4098068709148
1999-03-20,7.340247222222223,0.3316346568629795,1.1371181209147971
1999-03-21,7.356683333333333,0.24482230732594254,0.6251610260073912
1999-03-22,7.378766666666666,0.11616522399260916,0.5707347760073922
1999-03-23,7.406654166666667,0.022069471677794328,-0.4553903050111275
1999-03-24,7.435397222222221,-0.1206328315629463,-1.7554310573259408
1999-03-25,7.4641874999999995,-0.18902258850739087,-2.1731649114926084
1999-03-26,7.493747222222222,-0.2039141047110945,-2.751499784177794
1999-03-27,7.523187499999999,-0.27291434776665,-2.381273152233348
1999-03-28,7.548356944444444,-0.3051572181370204,-2.3598663929740886
1999-03-29,7.561240277777777,-0.2999337806370204,-2.377973163807422
1999-03-30,7.562702777777777,-0.33445717184072404,-2.348578939270386
1999-03-31,7.561898611111111,-0.44370401211850197,-2.376527932325941
1999-04-01,7.5628513888888875,-0.4828114426740575,-2.3870399462148297
1999-04-02,7.565474999999999,-0.46414806304442785,-2.851993603622238
1999-04-03,7.572804166666666,-0.5173540352666499,-4.945783464733348
1999-04-04,7.585909722222222,-0.4947984681370205,-4.987777920751867
1999-04-05,7.599969444444444,-0.5233943940629464,-5.135241717048164
1999-04-06,7.609990277777777,-0.5328582945259094,-5.077131983251866
1999-04-07,7.616649999999999,-0.4915492435999834,-4.543767423066681
1999-04-08,7.624524999999999,-0.41680228758146504,-4.461056045751867
1999-04-09,7.632968055555555,-0.4217763385073909,-4.524858383714831
1999-04-10,7.640768055555554,-0.46663122276665014,-4.49480349945557
1999-04-11,7.652331944444445,-0.4026943130444278,-4.50597096473335
1999-04-12,7.666237499999999,-0.3639181787851685,-4.43731932121483
1999-04-13,7.678404166666667,-0.3776845560999835,-4.28338627723335
1999-04-14,7.691547222222222,-0.3483911764703538,-3.897489379085201
1999-04-15,7.707020833333333,-0.2895741162851687,-1.958113383714831
1999-04-16,7.723643055555556,-0.31731783156294635,-0.7559918906592762
1999-04-17,7.737576388888889,-0.2966407135073909,-0.7542690087148314
1999-04-18,7.742563888888888,-0.29173550517405755,-0.7894950503814975
1999-04-19,7.7306083333333335,-0.23469192878516856,-0.7682497378814981
1999-04-20,7.705081944444444,-0.14897896582220566,-0.9101029786222388
1999-04-21,7.669079166666666,-0.06844585239627972,-1.3986333142703866
1999-04-22,7.6217,-0.01862322508146481,-1.7330767749185347
1999-04-23,7.5644875,-0.03530623434072408,-1.6375145989926096
1999-04-24,7.4986999999999995,-0.029864046840724114,-1.4578359531592753
1999-04-25,7.426255555555555,-0.06775380378516854,-1.5341684184370525
1999-04-26,7.350648611111112,0.03105302233589053,-1.8573683001136692
1999-04-27,7.281180555555555,0.0305050310594902,-1.7996855866150459
1999-04-28,7.228402777777777,0.03686623399796589,-1.7532690117757437
1999-04-29,7.188309722222222,0.06685749891991248,-1.4721672211421348
1999-04-30,7.149927777777778,0.08326047183084001,-1.4461882496086182
1999-05-01,7.111295833333333,0.11941637173901258,-1.4430455384056793
1999-05-02,7.0701833333333335,0.1470528386811614,-1.4362361720144943
1999-05-03,7.014804166666666,0.18256469588960944,-1.430702195889609
1999-05-04,6.944508333333333,0.18891858707418244,-1.062760253740849
1999-05-05,6.871679166666667,0.17629473491623948,-0.9506405682495719
1999-05-06,6.806194444444445,0.15251257238180407,-0.8913736834929163
1999-05-07,6.750091666666666,0.07848643601816786,-1.4859114360181669
1999-05-08,6.695108333333334,-0.0004612682977183022,-1.0839803983689476
1999-05-09,6.639343055555556,0.040701587533319324,-1.0710446430888754
1999-05-10,6.585695833333333,0.04912748285012372,-0.9991566495167906
1999-05-11,6.532152777777778,0.025421261546175113,-0.6975740393239538
1999-05-12,6.477686111111112,0.020818678901546983,-0.2781714566793252
1999-05-13,6.424286111111112,-0.02905082293500033,-0.09390195484277758
1999-05-14,6.3704430555555565,-0.05023497123619397,-0.1498747509860297
1999-05-15,6.314763888888889,-0.09321372467972029,-1.9718834975425015
1999-05-16,6.257779166666667,-0.09599717279725936,-3.014448660536074
1999-05-17,6.202408333333334,-0.05596561861911424,-2.859109381380886
1999-05-18,6.152544444444445,-0.036045669124164875,-2.446165441986946
1999-05-19,6.112133333333334,-0.05386257683766328,-1.1926040898290033
1999-05-20,6.079772222222223,-0.1373418008964328,-0.9440970879924563
1999-05-21,6.05002638888889,-0.1732937866631913,0.31493406444096783
1999-05-22,6.022320833333334,-0.1762693720626403,0.5452818720626404
1999-05-23,6.002538888888889,-0.12374578390837038,0.4922068950194817
1999-05-24,5.990787500000001,-0.15041892440423824,0.5362980910709045
1999-05-25,5.983322222222222,-0.1636749390966165,0.7360193835410616
1999-05-26,5.976827777777778,-0.14779169759064778,0.692630586479536
1999-05-27,5.96686388888889,-0.09885666545107002,0.6516594432288472
1999-05-28,5.954336111111111,-0.06195531099744281,0.6372858665529991
1999-05-29,5.941990277777778,-0.08742179400938063,0.40409818289826993
1999-05-30,5.930480555555556,-0.14205875452361366,0.4662448656347243
1999-05-31,5.919286111111111,-0.1620991356071766,0.5948130244960668
1999-06-01,5.910075,-0.16617248271461468,0.6037641493812826
1999-06-02,5.912262500000001,-0.15237648868339332,1.3314473220167267
1999-06-03,5.9241930555555555,-0.1598384377192059,1.6286453821636502
1999-06-04,5.936551388888889,-0.17182070355942644,1.6109359813372042
1999-06-05,5.945375,-0.1790689703179204,1.8650273036512532
1999-06-06,5.945441666666667,-0.134339849564936,3.108231516231601
1999-06-07,5.9421236111111115,-0.09532976003325565,3.7928728155888107
1999-06-08,5.941488888888889,-0.05826592853646957,4.26077703964758
1999-06-09,5.943055555555556,-0.014703061227011285,4.189314172338123
1999-06-10,5.949745833333333,-0.04287351577246585,4.457794349105801
1999-06-11,5.9612291666666675,0.022996169718810612,3.9057746636145207
1999-06-12,5.972834722222222,0.06259709947087659,3.621568178306901
1999-06-13,5.982747222222223,0.10803479460402632,3.6438846498404187
1999-06-14,5.982681944444445,0.11858051315315392,3.9910708757357356
1999-06-15,5.968740277777778,0.11405079552230005,3.947542260033255
1999-06-16,5.949741666666667,0.026241635742685704,3.8786833642573155
1999-06-17,5.932197222222223,-0.00823790971185972,3.4287073541563045
1999-06-18,5.915493055555556,-0.045008949656763206,2.242515894101208
1999-06-19,5.898304166666668,0.04795500810264902,2.0787408252306836
1999-06-20,5.8849277777777775,0.12849352968207972,0.9025786925401422
1999-06-21,5.876981944444445,0.17538977623855362,1.3176282793170022
1999-06-22,5.870519444444444,0.27971549937904944,1.2440983895098416
1999-06-23,5.863129166666667,0.3635488212339622,0.9996553454327046
1999-06-24,5.85711388888889,0.4040260939612349,0.7861933504832089
1999-06-25,5.854727777777778,0.3788453891862119,0.8137601663693438
1999-06-26,5.854118055555555,0.37963133510372027,1.3012506093407246
1999-06-27,5.852977777777778,0.33544477260372035,1.9079107829518351
1999-06-28,5.849504166666667,0.3643367749185351,1.8858257250814658
1999-06-29,5.844636111111111,0.514807388344461,1.837556500544429
1999-06-30,5.840145833333334,0.5376305827889055,1.7378902505444285
1999-07-01,5.835702777777778,0.4949600272333499,1.77900386165554
1999-07-02,5.830712500000001,0.49662098788149794,1.0086665121185017
1999-07-03,5.823713888888889,0.47570971473334994,0.41457639637776117
1999-07-04,5.815806944444445,0.5283973073259426,0.49046241489627984
1999-07-05,5.808433333333333,0.5651246105666834,1.0574420560999833
1999-07-06,5.803775,0.5455026776963129,0.5290556556370211
1999-07-07,5.798101388888889,0.5103209184370536,-0.4857556406592751
1999-07-08,5.787981944444445,0.43731462214075734,-0.9039632332518677
1999-07-09,5.775931944444444,0.42783646241853507,-0.8811017401963128
1999-07-10,5.75726388888889,0.41578625408520165,-1.3367168096407571
1999-07-11,5.729698611111111,0.3136183952889055,-1.0486503397333502
1999-07-12,5.6982,0.33642587214075753,-1.0059592054740905
1999-07-13,5.665093055555555,0.28234751565927585,-1.066440571214831
1999-07-14,5.638816666666667,0.2558598420481646,-1.3266765087148311
1999-07-15,5.625059722222223,0.29264128880742396,-1.3700343443629786
1999-07-16,5.615229166666667,0.32368025871483147,-1.3919094253814983
1999-07-17,5.601719444444445,0.3322542401963129,-1.3886403513074241
1999-07-18,5.580148611111112,0.3316346568629795,-1.2747832679740914
1999-07-19,5.553558333333335,0.24482230732594254,-1.166380640659277
1999-07-20,5.520325000000001,0.11616522399260916,-1.1151568906592761
1999-07-21,5.4852444444444455,0.022069471677794328,-1.6389805827889061
1999-07-22,5.468243055555556,-0.1206328315629463,-1.4309435573259421
1999-07-23,5.465355555555557,-0.18902258850739087,-1.351999633714832
1999-07-24,5.4614166666666675,-0.2039141047110945,-1.3331692286222387
1999-07-25,5.4554125,-0.27291434776665,-1.2581648189000163
1999-07-26,5.449305555555556,-0.3051572181370204,-1.7074816707518683
1999-07-27,5.4452750000000005,-0.2999337806370204,-1.8220078860296465
1999-07-28,5.447084722222222,-0.33445717184072404,-1.6359608837148307
1999-07-29,5.4538166666666665,-0.44370401211850197,-1.6277793212148306
1999-07-30,5.461565277777778,-0.4828114426740575,-1.6130871684370531
1999-07-31,5.469376388888889,-0.46414806304442785,-1.6392283258444602
1999-08-01,5.476363888888889,-0.5173540352666499,-1.4410098536222382
1999-08-02,5.4811902777777775,-0.4947984681370205,-1.4280584763074229
1999-08-03,5.485231944444445,-0.5233943940629464,-1.5095042170481645
1999-08-04,5.494309722222223,-0.5328582945259094,-2.3547847610296464
1999-08-05,5.5033125,-0.4915492435999834,-3.0210965897333497
1999-08-06,5.5047625,-0.41680228758146504,-2.546960212418534
1999-08-07,5.501091666666667,-0.4217763385073909,-2.3396486614926095
1999-08-08,5.495315277777777,-0.46663122276665014,-2.0266840550111267
1999-08-09,5.488616666666667,-0.4026943130444278,-1.059255686955572
1999-08-10,5.482866666666666,-0.3639181787851685,-0.7809484878814977
1999-08-11,5.480065277777777,-0.3776845560999835,-0.7727140550111267
1999-08-12,5.47791111111111,-0.3483911764703538,-0.6171866013074232
1999-08-13,5.473943055555555,-0.2895741162851687,-0.8073689392703857
1999-08-14,5.468743055555556,-0.31731783156294635,-0.7647585573259417
1999-08-15,5.464533333333334,-0.2966407135073909,-0.7772259531592756
1999-08-16,5.463147222222222,-0.29173550517405755,-0.4247450503814967
1999-08-17,5.469018055555555,-0.23469192878516856,-0.6009927934370527
1999-08-18,5.479854166666666,-0.14897896582220566,-0.71587520084446
1999-08-19,5.495116666666666,-0.06844585239627972,-0.40400414760371967
1999-08-20,5.5070902777777775,-0.01862322508146481,-0.3461337193629786
1999-08-21,5.498123611111112,-0.03530623434072408,-0.3944840434370541
1999-08-22,5.478219444444445,-0.029864046840724114,-0.38768873093705464
1999-08-23,5.461915277777777,-0.06775380378516854,-0.06316147399260813
1999-08-24,5.449590277777778,0.03105302233589053,-0.0356433001136694
1999-08-25,5.440051388888889,0.0305050310594902,-0.02555641994837942
1999-08-26,5.428106944444444,0.03686623399796589,-0.15963984510907653
1999-08-27,5.410643055555555,0.06685749891991248,-0.32150055447546705
1999-08-28,5.388569444444444,0.08326047183084001,-0.2261632496086176
1999-08-29,5.364613888888889,0.11941637173901258,-0.23269692729456842
1999-08-30,5.34054861111111,0.1470528386811614,-0.2366014497922713
1999-08-31,5.317523611111111,0.18256469588960944,-0.40108830700071985
1999-09-01,5.29820138888889,0.18891858707418244,-0.4284533092964057
1999-09-02,5.2798638888888885,0.17629473491623948,-0.24449195713846106
1999-09-03,5.2521458333333335,0.15251257238180407,-0.22132507238180313
1999-09-04,5.218833333333334,0.07848643601816786,-0.18865310268483593
1999-09-05,5.192690277777778,-0.0004612682977183022,-0.7092290094800595
1999-09-06,5.1746541666666666,0.040701587533319324,-0.9073557541999852
1999-09-07,5.163311111111112,0.04912748285012372,-1.1677719272945684
1999-09-08,5.157604166666667,0.025421261546175113,-2.2123587615461755
1999-09-09,5.153286111111111,0.020818678901546983,-2.680104790012658
1999-09-10,5.14960138888889,-0.02905082293500033,-2.652550565953889
1999-09-11,5.148641666666667,-0.05023497123619397,-3.040406695430473
1999-09-12,5.150855555555556,-0.09321372467972029,-3.001975164209169
1999-09-13,5.154879166666667,-0.09599717279725936,-3.019215327202741
1999-09-14,5.158990277777778,-0.05596561861911424,-3.067357992491997
1999-09-15,5.163491666666667,-0.036045669124164875,-3.4477793308758353
1999-09-16,5.168120833333333,-0.05386257683766328,-3.434924923162336
1999-09-17,5.173041666666666,-0.1373418008964328,-3.232699865770233
1999-09-18,5.179741666666667,-0.1732937866631913,-3.595447880003475
1999-09-19,5.191969444444444,-0.1762693720626403,-2.2630334057151367
1999-09-20,5.208327777777778,-0.12374578390837038,0.8447513394639257
1999-09-21,5.222280555555556,-0.15041892440423824,1.0534717021820161
1999-09-22,5.2332069444444445,-0.1636749390966165,0.7921346613188394
1999-09-23,5.24142638888889,-0.14779169759064778,0.6810319753684247
1999-09-24,5.248483333333333,-0.09885666545107002,0.6513733321177375
1999-09-25,5.253826388888889,-0.06195531099744281,1.0891289221085552
1999-09-26,5.256059722222222,-0.08742179400938063,1.773028738453825
1999-09-27,5.258044444444445,-0.14205875452361366,2.071347643412503
1999-09-28,5.260491666666667,-0.1620991356071766,2.1806074689405097
1999-09-29,5.263006944444445,-0.16617248271461468,2.198498871603503
1999-09-30,5.264838888888889,-0.15237648868339332,2.708204266461171
1999-10-01,5.2657875,-0.1598384377192059,2.716050937719206
1999-10-02,5.266976388888889,-0.17182070355942644,2.821510981337205
1999-10-03,5.271730555555556,-0.1790689703179204,4.176338414762366
1999-10-04,5.281331944444444,-0.134339849564936,4.295341238453826
1999-10-05,5.2911875,-0.09532976003325565,4.268808926699921
1999-10-06,5.2983875000000005,-0.05826592853646957,4.19787842853647
1999-10-07,5.299698611111111,-0.014703061227011285,4.152337783449233
1999-10-08,5.292031944444445,-0.04287351577246585,4.188174904661354
1999-10-09,5.278777777777778,0.022996169718810612,4.1355593858367445
1999-10-10,5.263358333333334,0.06259709947087659,4.111377900529123
1999-10-11,5.246551388888889,0.10803479460402632,4.082747149840418
1999-10-12,5.230163888888889,0.11858051315315392,4.08858893129129
1999-10-13,5.216816666666666,0.11405079552230005,4.1064658711443665
1999-10-14,5.2058583333333335,0.026241635742685704,4.205233364257314
1999-10-15,5.195388888888889,-0.00823790971185972,4.250182354156304
1999-10-16,5.186154166666666,-0.045008949656763206,4.29618811632343
1999-10-17,5.177601388888889,0.04795500810264902,4.075776936341794
1999-10-18,5.166076388888889,0.12849352968207972,4.008096748095699
1999-10-19,5.150855555555557,0.17538977623855362,2.5307546682058906
1999-10-20,5.136647222222223,0.27971549937904944,-0.6610293882679377
1999-10-21,5.124705555555556,0.3635488212339622,-0.39992104345618334
1999-10-22,5.111798611111112,0.4040260939612349,-0.24349137173901314
1999-10-23,5.096625000000001,0.3788453891862119,0.3888629441471213
1999-10-24,5.079130555555556,0.37963133510372027,0.9699047760073908
1999-10-25,5.061034722222223,0.33544477260372035,0.9395205051740572
1999-10-26,5.046340277777778,0.3643367749185351,0.25798961397035414
1999-10-27,5.038784722222223,0.514807388344461,-0.2232587772333503
1999-10-28,5.037812500000001,0.5376305827889055,-0.3424430827889061
1999-10-29,5.042618055555557,0.4949600272333499,-0.3209114161222389
1999-10-30,5.05256388888889,0.49662098788149794,-0.8461848767703875
1999-10-31,5.064304166666668,0.47570971473334994,-0.8303472147333508
1999-11-01,5.075623611111112,0.5283973073259426,-1.166020918437054
1999-11-02,5.0866041666666675,0.5651246105666834,-2.476395443900017
1999-11-03,5.098148611111112,0.5455026776963129,-2.504651288807424
1999-11-04,5.110980555555556,0.5103209184370536,-2.3336348073259425
1999-11-05,5.124879166666668,0.43731462214075734,-2.034527122140758
1999-11-06,5.139968055555556,0.42783646241853507,-1.1738045179740904
1999-11-07,5.160629166666667,0.41578625408520165,-1.1810820874185346
1999-11-08,5.18775,0.3136183952889055,-1.102035061955572
1999-11-09,5.216433333333333,0.33642587214075753,-0.813192538807423
1999-11-10,5.245369444444444,0.28234751565927585,-0.5880502934370524
1999-11-11,5.274191666666667,0.2558598420481646,-0.4893848420481639
1999-11-12,5.3001652777777775,0.29264128880742396,-0.5521398999185338
1999-11-13,5.32377638888889,0.32368025871483147,-0.6067899809370536
1999-11-14,5.346518055555556,0.3322542401963129,-0.5467722957518686
1999-11-15,5.367995833333334,0.3316346568629795,-0.5382971568629806
1999-11-16,5.388130555555556,0.24482230732594254,-0.3442861962148305
1999-11-17,5.409240277777778,0.11616522399260916,-0.05273883510372031
1999-11-18,5.4253333333333345,0.022069471677794328,0.4042638616555387
1999-11-19,5.420769444444446,-0.1206328315629463,0.5591967204518344
1999-11-20,5.401286111111112,-0.18902258850739087,0.11806981072961167
1999-11-21,5.382022222222223,-0.2039141047110945,-0.037441450844462154
1999-11-22,5.364341666666667,-0.27291434776665,-0.41076065223335
1999-11-23,5.3487638888888895,-0.3051572181370204,-0.6696066707518695
1999-11-24,5.3345722222222225,-0.2999337806370204,-1.3663051082518682
1999-11-25,5.315302777777778,-0.33445717184072404,-1.3131789392703868
1999-11-26,5.285491666666667,-0.44370401211850197,-1.1741209878814978
1999-11-27,5.247294444444445,-0.4828114426740575,-1.0968163351037201
1999-11-28,5.202847222222223,-0.46414806304442785,-1.0710324925111279
1999-11-29,5.1516375000000005,-0.5173540352666499,-0.97828346473335
1999-11-30,5.1005166666666675,-0.4947984681370205,-0.9577181985296463
1999-12-01,5.0580541666666665,-0.5233943940629464,-0.8866597726037195
1999-12-02,5.015220833333334,-0.5328582945259094,-0.9303625388074243
1999-12-03,4.965904166666666,-0.4915492435999834,-1.1246882564000158
1999-12-04,4.916731944444445,-0.41680228758146504,-0.952596323529646
1999-12-05,4.868561111111111,-0.4217763385073909,-0.9854514392703861
1999-12-06,4.820525,-0.46663122276665014,-1.7588937772333493
1999-12-07,4.772491666666667,-0.4026943130444278,-1.7761306869555724
1999-12-08,4.724458333333334,-0.3639181787851685,-1.770540154548165
1999-12-09,4.6767013888888895,-0.3776845560999835,-1.9220168327889053
1999-12-10,4.631101388888888,-0.3483911764703538,-1.8513768790852008
1999-12-11,4.5885,-0.2895741162851687,-1.7739258837148308
1999-12-12,4.547025,-0.31731783156294635,-1.1943738351037194
1999-12-13,4.505719444444445,-0.2966407135073909,-1.0970787309370533
1999-12-14,4.464575,-0.29173550517405755,-0.6601728281592754
1999-12-15,4.424720833333334,-0.23469192878516856,-0.5390289045481644
1999-12-16,4.387043055555557,-0.14897896582220566,-0.6933974230666842
1999-12-17,4.35101388888889,-0.06844585239627972,-0.9555680364926095
1999-12-18,4.323966666666667,-0.01862322508146481,-1.1203434415852018
1999-12-19,4.318594444444445,-0.03530623434072408,-0.667621543437053
1999-12-20,4.328694444444444,-0.029864046840724114,-0.6514970642703863
1999-12-21,4.342623611111112,-0.06775380378516854,-0.6282031406592756
1999-12-22,4.356379166666667,0.03105302233589053,-0.8997655223358901
1999-12-23,4.364050000000001,0.0305050310594902,-1.1908883643928234
1999-12-24,4.366261111111111,0.03686623399796589,-1.1994606784424098
1999-12-25,4.369766666666667,0.06685749891991248,-0.7056241655865791
1999-12-26,4.37733888888889,0.08326047183084001,0.3967339726136044
1999-12-27,4.387302777777778,0.11941637173901258,0.8996141838165427
1999-12-28,4.398315277777778,0.1470528386811614,1.703965216874395
1999-12-29,4.411536111111111,0.18256469588960944,1.8935658596659468
1999-12-30,4.423772222222222,0.18891858707418244,1.8749758573702626
1999-12-31,4.428895833333334,0.17629473491623948,1.8941427650837612
2000-01-01,4.437331944444445,0.15251257238180407,1.9411554831737516
2000-01-02,4.453495833333333,0.07848643601816786,1.9996843973151661
2000-01-03,4.469265277777778,-0.0004612682977183022,1.6708626571866074
2000-01-04,4.4844180555555555,0.040701587533319324,1.4618803569111252
2000-01-05,4.496168055555556,0.04912748285012372,1.4417044615943206
2000-01-06,4.504304166666667,0.025421261546175113,1.4572745717871576
2000-01-07,4.512418055555555,0.020818678901546983,1.4534299322095643
2000-01-08,4.521351388888889,-0.02905082293500033,1.367032767379445
2000-01-09,4.528733333333333,-0.05023497123619397,1.1328349712361943
2000-01-10,4.532388888888889,-0.09321372467972029,0.9804915024574986
2000-01-11,4.534697222222222,-0.09599717279725936,0.47063328390837056
2000-01-12,4.536836111111111,-0.05596561861911424,0.3517961741746701
2000-01-13,4.538534722222222,-0.036045669124164875,-0.16182238643139055
2000-01-14,4.5406055555555564,-0.05386257683766328,-0.31374297871789314
2000-01-15,4.542798611111111,-0.1373418008964328,-0.2637901435480111
2000-01-16,4.544159722222222,-0.1732937866631913,-0.2321992688923634
2000-01-17,4.542309722222223,-0.1762693720626403,-0.4787070168262493
2000-01-18,4.536159722222223,-0.12374578390837038,-0.713080604980519
2000-01-19,4.527397222222222,-0.15041892440423824,-0.6976449644846494
2000-01-20,4.515602777777778,-0.1636749390966165,-0.6675945053478272
2000-01-21,4.503331944444445,-0.14779169759064778,-0.64687358018713
2000-01-22,4.493673611111111,-0.09885666545107002,-0.2664836123267074
2000-01-23,4.4882333333333335,-0.06195531099744281,0.12138864433077648
2000-01-24,4.485901388888889,-0.08742179400938063,-0.348146261546175
2000-01-25,4.484284722222222,-0.14205875452361366,-1.4182259676986082
2000-01-26,4.485875,-0.1620991356071766,-1.948775864392823
2000-01-27,4.490865277777778,-0.16617248271461468,-2.792692795063163
2000-01-28,4.498433333333334,-0.15237648868339332,-3.0523901779832734
2000-01-29,4.509920833333333,-0.1598384377192059,-2.2700823956141267
2000-01-30,4.522927777777777,-0.17182070355942644,-0.8834404075516843
2000-01-31,4.5338722222222225,-0.1790689703179204,-0.9168032519043015
2000-02-01,4.544002777777777,-0.134339849564936,-0.9723295948795077
2000-02-02,4.5536013888888895,-0.09532976003325565,-0.7899382955223
2000-02-03,4.561655555555555,-0.05826592853646957,-0.830056293685752
2000-02-04,4.573102777777779,-0.014703061227011285,-0.8850663832174336
2000-02-05,4.588813888888889,-0.04287351577246585,-0.8726070397830891
2000-02-06,4.60518888888889,0.022996169718810612,-0.9548517252743665
2000-02-07,4.620040277777778,0.06259709947087659,-0.9429707105819877
2000-02-08,4.632669444444445,0.10803479460402632,-0.5497042390484703
2000-02-09,4.644308333333333,0.11858051315315392,-0.3035555131531536
2000-02-10,4.653494444444445,0.11405079552230005,-0.3062119066334119
2000-02-11,4.661300000000001,0.026241635742685704,-0.18754163574268637
2000-02-12,4.669084722222223,-0.00823790971185972,-0.16084681251036342
2000-02-13,4.6748319444444455,-0.045008949656763206,0.17984367187898537
2000-02-14,4.6803486111111114,0.04795500810264902,0.1580297141195734
2000-02-15,4.687936111111112,0.12849352968207972,0.2542370258734752
2000-02-16,4.6970680555555555,0.17538977623855362,0.7252088348725578
2000-02-17,4.7096486111111115,0.27971549937904944,0.7359692228431733
2000-02-18,4.729798611111112,0.3635488212339622,1.4489859009882589
2000-02-19,4.754676388888889,0.4040260939612349,2.0026308504832095
2000-02-20,4.780225,0.3788453891862119,2.1175962774804558
2000-02-21,4.807618055555555,0.37963133510372027,1.6700839426740575
2000-02-22,4.8361930555555555,0.33544477260372035,1.2663621718407247
2000-02-23,4.86775,0.3643367749185351,1.1759132250814652
2000-02-24,4.897243055555555,0.514807388344461,0.9962828894333169
2000-02-25,4.916168055555556,0.5376305827889055,1.0925346949888728
2000-02-26,4.925318055555556,0.4949600272333499,1.1260552505444286
2000-02-27,4.927459722222222,0.49662098788149794,1.1222526232296137
2000-02-28,4.929281944444444,0.47570971473334994,0.398008340822206
2000-02-29,4.933602777777777,0.5283973073259426,-0.8876667517703859
2000-03-01,4.937781944444445,0.5651246105666834,-0.4392398883444617
2000-03-02,4.941812499999999,0.5455026776963129,-0.35731517769631227
2000-03-03,4.947243055555555,0.5103209184370536,-0.3762306406592746
2000-03-04,4.954181944444445,0.43731462214075734,-0.020829899918535233
2000-03-05,4.961191666666666,0.42783646241853507,-0.01802812908520174
2000-03-06,4.9678555555555555,0.41578625408520165,-0.012641809640757562
2000-03-07,4.974365277777778,0.3136183952889055,0.08301632693331579
2000-03-08,4.9815249999999995,0.33642587214075753,0.5940491278592437
2000-03-09,4.990302777777778,0.28234751565927585,0.2663497065629459
2000-03-10,5.001098611111111,0.2558598420481646,0.06170821350739164
2000-03-11,5.0161625,0.29264128880742396,0.00786287785924239
2000-03-12,5.0343277777777775,0.32368025871483147,-0.08000803649260851
2000-03-13,5.0539555555555555,0.3322542401963129,-0.08387646241853419
2000-03-14,5.074691666666666,0.3316346568629795,0.08167367647035456
2000-03-15,5.093981944444444,0.24482230732594254,0.1495290815629469
2000-03-16,5.1111375,0.11616522399260916,0.37236394267405776
2000-03-17,5.127251388888888,0.022069471677794328,0.1313458060999832
2000-03-18,5.140331944444444,-0.1206328315629463,-0.06536577954816442
2000-03-19,5.145897222222223,-0.18902258850739087,-0.8245413003814983
2000-03-20,5.147184722222223,-0.2039141047110945,-1.4352706175111276
2000-03-21,5.148373611111111,-0.27291434776665,-1.5071259300111277
2000-03-22,5.149133333333333,-0.3051572181370204,-1.4756427818629798
2000-03-23,5.147824999999999,-0.2999337806370204,-1.4795578860296457
2000-03-24,5.1415194444444445,-0.33445717184072404,-1.39906227260372
2000-03-25,5.136441666666666,-0.44370401211850197,-1.1534043212148308
2000-03-26,5.138252777777778,-0.4828114426740575,-0.4777746684370532
2000-03-27,5.146741666666666,-0.46414806304442785,-0.3272602702889043
2000-03-28,5.160859722222222,-0.5173540352666499,0.1411609797110953
2000-03-29,5.169397222222223,-0.4947984681370205,0.6017345792481321
2000-03-30,5.165406944444445,-0.5233943940629464,0.4993207829518349
2000-03-31,5.156398611111111,-0.5328582945259094,0.061793016748131424
2000-04-01,5.148788888888889,-0.4915492435999834,-0.009572978622239048
2000-04-02,5.14095,-0.41680228758146504,-0.17114771241853516
2000-04-03,5.131976388888889,-0.4217763385073909,-0.3215333837148316
2000-04-04,5.123661111111111,-0.46663122276665014,-0.2420298883444597
2000-04-05,5.116569444444445,-0.4026943130444278,-0.1695417980666838
2000-04-06,5.109905555555556,-0.3639181787851685,-0.1766540434370535
2000-04-07,5.103975,-0.3776845560999835,-0.764290443900016
2000-04-08,5.096906944444444,-0.3483911764703538,-0.8711824346407568
2000-04-09,5.086470833333333,-0.2895741162851687,-0.9245633837148314
2000-04-10,5.073295833333334,-0.31731783156294635,-0.8633113351037209
2000-04-11,5.061090277777778,-0.2966407135073909,-0.6364495642703867
2000-04-12,5.0510625000000005,-0.29173550517405755,-0.3943269948259436
2000-04-13,5.040090277777778,-0.23469192878516856,-0.6273983489926094
2000-04-14,5.028195833333333,-0.14897896582220566,-0.5375502008444608
2000-04-15,5.015783333333333,-0.06844585239627972,-0.5963374809370535
2000-04-16,5.001002777777778,-0.01862322508146481,-0.6297128860296461
2000-04-17,4.982648611111111,-0.03530623434072408,0.5199909565629462
2000-04-18,4.958688888888888,-0.029864046840724114,1.7028418246185026
2000-04-19,4.928201388888889,-0.06775380378516854,1.77255241489628
2000-04-20,4.894625,0.03105302233589053,1.70732197766411
2000-04-21,4.860894444444444,0.0305050310594902,1.741267191162733
2000-04-22,4.829230555555555,0.03686623399796589,1.766569877113146
2000-04-23,4.800086111111111,0.06685749891991248,3.008723056635642
2000-04-24,4.771788888888889,0.08326047183084001,2.935950639280272
2000-04-25,4.743838888888889,0.11941637173901258,2.151411406038766
2000-04-26,4.715551388888889,0.1470528386811614,1.9743957724299506
2000-04-27,4.686258333333333,0.18256469588960944,1.5451769707770582
2000-04-28,4.6587625,0.18891858707418244,2.1509855795924846
2000-04-29,4.640711111111111,0.17629473491623948,2.2083274873059837
2000-04-30,4.627394444444445,0.15251257238180407,2.2280929831737515
2000-05-01,4.610277777777778,0.07848643601816786,2.333235786204055
2000-05-02,4.592102777777778,-0.0004612682977183022,2.361025157186608
2000-05-03,4.573175,0.040701587533319324,2.225456745800015
2000-05-04,4.553361111111111,0.04912748285012372,2.214511406038766
2000-05-05,4.5347375,0.025421261546175113,2.1961745717871586
2000-05-06,4.517075,0.020818678901546983,2.2417729877651205
2000-05-07,4.4961625000000005,-0.02905082293500033,2.317554989601667
2000-05-08,4.475729166666667,-0.05023497123619397,2.3671724712361937
2000-05-09,4.4607875,-0.09321372467972029,2.4617595580130542
2000-05-10,4.448359722222222,-0.09599717279725936,2.762637450575037
2000-05-11,4.437543055555556,-0.05596561861911424,2.605089229730224
2000-05-12,4.428062500000001,-0.036045669124164875,2.505316502457497
2000-05-13,4.4186250000000005,-0.05386257683766328,2.228237576837663
2000-05-14,4.409401388888889,-0.1373418008964328,2.0792737453408767
2000-05-15,4.402413888888889,-0.1732937866631913,1.8172132311076357
2000-05-16,4.398586111111111,-0.1762693720626403,1.6246832609515285
2000-05-17,4.3976375,-0.12374578390837038,0.6051082839083708
2000-05-18,4.401605555555555,-0.15041892440423824,-0.4158532978179843
2000-05-19,4.411645833333334,-0.1636749390966165,-0.41063756090338394
2000-05-20,4.424891666666667,-0.14779169759064778,-0.43609996907601933
2000-05-21,4.438719444444445,-0.09885666545107002,-0.16152944566004185
2000-05-22,4.452547222222222,-0.06195531099744281,-0.20692524455811276
2000-05-23,4.465540277777778,-0.08742179400938063,-1.4771184837683975
2000-05-24,4.478618055555556,-0.14205875452361366,-1.4818926343652754
2000-05-25,4.49297638888889,-0.1620991356071766,-1.451877253281713
2000-05-26,4.509458333333334,-0.16617248271461468,-1.2779525172853854
2000-05-27,4.525970833333334,-0.15237648868339332,-1.2249276779832738
2000-05-28,4.5393138888888895,-0.1598384377192059,-2.1054754511696836
2000-05-29,4.550318055555556,-0.17182070355942644,-2.0624973519961287
2000-05-30,4.5629638888888895,-0.1790689703179204,-1.9562282519043024
2000-05-31,4.578319444444444,-0.134339849564936,-1.8226462615461752
2000-06-01,4.594236111111111,-0.09532976003325565,-1.895906351077855
2000-06-02,4.610981944444445,-0.05826592853646957,-1.9677160159079756
2000-06-03,4.627543055555556,-0.014703061227011285,-1.8468399943285445
2000-06-04,4.642922222222222,-0.04287351577246585,-1.72138203978309
2000-06-05,4.658152777777778,0.022996169718810612,-1.8124822808299212
2000-06-06,4.678701388888889,0.06259709947087659,-1.6202984883597655
2000-06-07,4.705077777777778,0.10803479460402632,-1.6997792390484718
2000-06-08,4.731388888888889,0.11858051315315392,-1.8176360687087092
2000-06-09,4.7565333333333335,0.11405079552230005,-2.1442507955223005
2000-06-10,4.776833333333334,0.026241635742685704,-1.4974083024093532
2000-06-11,4.790420833333334,-0.00823790971185972,-1.4945162569548074
2000-06-12,4.801804166666667,-0.045008949656763206,-1.3681285503432368
2000-06-13,4.811623611111111,0.04795500810264902,-1.4069119525470934
2000-06-14,4.8187097222222235,0.12849352968207972,-1.4218699185709696
2000-06-15,4.824034722222223,0.17538977623855362,-1.4037578317941095
2000-06-16,4.824173611111112,0.27971549937904944,-1.7815557771568276
2000-06-17,4.814684722222222,0.3635488212339622,-1.983233543456184
2000-06-18,4.800606944444445,0.4040260939612349,-2.012966371739012
2000-06-19,4.786980555555555,0.3788453891862119,-1.9778259447417663
2000-06-20,4.773522222222223,0.37963133510372027,-2.3024868906592757
2000-06-21,4.7600694444444445,0.33544477260372035,-2.250180883714831
2000-06-22,4.744909722222222,0.3643367749185351,-2.1032464971407574
2000-06-23,4.726869444444445,0.514807388344461,-2.222676832788906
2000-06-24,4.706901388888889,0.5376305827889055,-2.016865305011128
2000-06-25,4.684269444444444,0.4949600272333499,-2.1032294716777944
2000-06-26,4.661436111111112,0.49662098788149794,-2.171723765659276
2000-06-27,4.637168055555556,0.47570971473334994,-2.3488777702889054
2000-06-28,4.610679166666667,0.5283973073259426,-1.8580764739926097
2000-06-29,4.584498611111111,0.5651246105666834,-1.9886232216777944
2000-06-30,4.557638888888889,0.5455026776963129,-2.1784748999185344
2000-07-01,4.53245,0.5103209184370536,-2.1181042517703865
2000-07-02,4.510620833333334,0.43731462214075734,-1.963268788807424
2000-07-03,4.490172222222222,0.42783646241853507,-1.9163420179740904
2000-07-04,4.468098611111111,0.41578625408520165,-1.6132181985296454
2000-07-05,4.444800000000001,0.3136183952889055,-1.5260850619555724
2000-07-06,4.4192125,0.33642587214075753,-1.7239717054740908
2000-07-07,4.388558333333334,0.28234751565927585,-1.1555725156592764
2000-07-08,4.355798611111111,0.2558598420481646,-0.8553251198259422
2000-07-09,4.3224625,0.29264128880742396,-0.7187704554740906
2000-07-10,4.288540277777779,0.32368025871483147,-0.5098872031592772
2000-07-11,4.255491666666667,0.3322542401963129,-0.38507924019631234
2000-07-12,4.224081944444444,0.3316346568629795,-0.23304993464075724
2000-07-13,4.194915277777778,0.24482230732594254,0.00026241489628023307
2000-07-14,4.167173611111112,0.11616522399260916,0.6876611648962789
2000-07-15,4.140890277777778,0.022069471677794328,0.8277069172110942
2000-07-16,4.119648611111111,-0.1206328315629463,1.0176508871185022
2000-07-17,4.1067888888888895,-0.18902258850739087,1.1045670329518353
2000-07-18,4.098330555555556,-0.2039141047110945,1.1332502158222053
2000-07-19,4.089744444444444,-0.27291434776665,1.2108365699888723
2000-07-20,4.079583333333334,-0.3051572181370204,1.2532405514703533
2000-07-21,4.073720833333333,-0.2999337806370204,1.2538796139703543
2000-07-22,4.089556944444444,-0.33445717184072404,1.1119002273962806
2000-07-23,4.122127777777777,-0.44370401211850197,1.5405762343407252
2000-07-24,4.155326388888889,-0.4828114426740575,2.2714850537851685
2000-07-25,4.187647222222223,-0.46414806304442785,2.821167507488872
2000-07-26,4.218844444444445,-0.5173540352666499,2.856842924155539
2000-07-27,4.253338888888889,-0.4947984681370205,2.9464595792481316
2000-07-28,4.289147222222223,-0.5233943940629464,2.587913838507391
2000-07-29,4.322158333333333,-0.5328582945259094,2.718699961192576
2000-07-30,4.355493055555556,-0.4915492435999834,2.646389521377761
2000-07-31,4.390873611111111,-0.41680228758146504,2.5362620098036874
2000-08-01,4.433619444444444,-0.4217763385073909,2.43849022739628
2000-08-02,4.483620833333333,-0.46663122276665014,2.311010389433317
2000-08-03,4.536608333333333,-0.4026943130444278,2.188419313044429
2000-08-04,4.590751388888888,-0.3639181787851685,2.2198334565629474
2000-08-05,4.642976388888888,-0.3776845560999835,2.751041500544428
2000-08-06,4.694323611111111,-0.3483911764703538,2.8074008986925763
2000-08-07,4.745958333333333,-0.2895741162851687,2.454615782951836
2000-08-08,4.798279166666666,-0.31731783156294635,2.407705331562947
2000-08-09,4.849130555555556,-0.2966407135073909,1.4515101579518355
2000-08-10,4.898102777777778,-0.29173550517405755,1.1436327273962796
2000-08-11,4.9477125,-0.23469192878516856,0.8119794287851692
2000-08-12,5.0017805555555555,-0.14897896582220566,0.4985317435999839
2000-08-13,5.066044444444444,-0.06844585239627972,0.04440140795183585
2000-08-14,5.146263888888889,-0.01862322508146481,-0.18797399714075752
2000-08-15,5.2431125,-0.03530623434072408,-0.29413959899260866
2000-08-16,5.351973611111111,-0.029864046840724114,-0.41410956427038753
2000-08-17,5.467545833333333,-0.06775380378516854,-0.421792029548165
2000-08-18,5.585120833333333,0.03105302233589053,-0.5985071890025565
2000-08-19,5.704688888888889,0.0305050310594902,-0.7171939199483791
2000-08-20,5.819954166666666,0.03686623399796589,-0.8381537339979658
2000-08-21,5.914723611111111,0.06685749891991248,-0.13024777669769022
2000-08-22,5.994102777777778,0.08326047183084001,-0.591696582941952
2000-08-23,6.072022222222222,0.11941637173901258,-1.6637719272945684
2000-08-24,6.149704166666666,0.1470528386811614,-2.404423672014494
2000-08-25,6.228391666666666,0.18256469588960944,-2.5322896958896086
2000-08-26,6.308379166666667,0.18891858707418244,-2.7876310870741823
2000-08-27,6.387275,0.17629473491623948,-2.606569734916239
2000-08-28,6.464759722222222,0.15251257238180407,-2.824272294604026
2000-08-29,6.542238888888889,0.07848643601816786,-2.83005865824039
2000-08-30,6.6165,-0.0004612682977183022,-2.4773720650356146
2000-08-31,6.683418055555555,0.040701587533319324,-2.309786309755541
2000-09-01,6.750104166666667,0.04912748285012372,-2.464898316183457
2000-09-02,6.817672222222222,0.025421261546175113,-2.901760150435064
2000-09-03,6.882733333333333,0.020818678901546983,-2.900552012234879
2000-09-04,6.955797222222222,-0.02905082293500033,-3.506413065953889
2000-09-05,7.033480555555555,-0.05023497123619397,-4.183245584319361
2000-09-06,7.108147222222222,-0.09321372467972029,-4.055266830875834
2000-09-07,7.186094444444445,-0.09599717279725936,-4.106097271647185
2000-09-08,7.267316666666667,-0.05596561861911424,-4.2350177147142185
2000-09-09,7.3487736111111115,-0.036045669124164875,-4.336727941986947
2000-09-10,7.430052777777778,-0.05386257683766328,-4.400190200940115
2000-09-11,7.505243055555556,-0.1373418008964328,-4.399567921325789
2000-09-12,7.5665611111111115,-0.1732937866631913,-4.621933991114587
2000-09-13,7.609015277777777,-0.1762693720626403,-4.618745905715136
2000-09-14,7.639043055555556,-0.12374578390837038,-4.701297271647185
2000-09-15,7.667684722222223,-0.15041892440423824,-4.703265797817984
2000-09-16,7.695886111111111,-0.1636749390966165,-4.7035445053478275
2000-09-17,7.726456944444445,-0.14779169759064778,-4.789665246853797
2000-09-18,7.766033333333334,-0.09885666545107002,-4.875510001215597
2000-09-19,7.810691666666667,-0.06195531099744281,-3.5854030223358913
2000-09-20,7.856033333333333,-0.08742179400938063,-1.0466115393239523
2000-09-21,7.9012013888888895,-0.14205875452361366,-0.9084759676986087
2000-09-22,7.942550000000001,-0.1620991356071766,-0.929784197726157
2000-09-23,7.978520833333334,-0.16617248271461468,-0.9616816839520526
2000-09-24,8.015765277777778,-0.15237648868339332,-1.0127221224277172
2000-09-25,8.058291666666666,-0.1598384377192059,-1.0477865622807925
2000-09-26,8.103883333333334,-0.17182070355942644,-1.5987292964405746
2000-09-27,8.15138611111111,-0.1790689703179204,-1.6393171407931895
2000-09-28,8.200152777777777,-0.134339849564936,-1.3494795948795075
2000-09-29,8.249716666666668,-0.09532976003325565,-1.155053573300078
2000-09-30,8.296820833333333,-0.05826592853646957,0.2091117618698029
2000-10-01,8.3355125,-0.014703061227011285,0.5828572278936791
2000-10-02,8.368300000000001,-0.04287351577246585,1.1325735157724646
2000-10-03,8.400088888888888,0.022996169718810612,0.8605816080589683
2000-10-04,8.422970833333334,0.06259709947087659,0.7544320671957895
2000-10-05,8.437369444444444,0.10803479460402632,0.7722624276181971
2000-10-06,8.451625,0.11858051315315392,0.6501278201801806
2000-10-07,8.461866666666667,0.11405079552230005,0.519415871144367
2000-10-08,8.471959722222223,0.026241635742685704,0.642798642035091
2000-10-09,8.487023611111113,-0.00823790971185972,0.7268809652674146
2000-10-10,8.503945833333333,-0.045008949656763206,0.918063116323431
2000-10-11,8.522858333333335,0.04795500810264902,1.8698533252306826
2000-10-12,8.543802777777778,0.12849352968207972,3.288370359206809
2000-10-13,8.565897222222222,0.17538977623855362,5.671713001539226
2000-10-14,8.584801388888888,0.27971549937904944,6.884149778398731
2000-10-15,8.595706944444444,0.3635488212339622,7.936077567654927
2000-10-16,8.603083333333334,0.4040260939612349,8.221557239372096
2000-10-17,8.607273611111111,0.3788453891862119,8.382880999702673
2000-10-18,8.601811111111111,0.37963133510372027,8.384557553785164
2000-10-19,8.591283333333333,0.33544477260372035,7.0669385607296125
2000-10-20,8.577269444444443,0.3643367749185351,3.660727113970357
2000-10-21,8.560741666666667,0.514807388344461,3.3981176116555405
2000-10-22,8.549116666666666,0.5376305827889055,3.386919417211096
2000-10-23,8.543984722222222,0.4949600272333499,3.4347219172110965
2000-10-24,8.537723611111112,0.49662098788149794,3.4393220676740586
2000-10-25,8.526595833333333,0.47570971473334994,3.471361118599985
2000-10-26,8.513215277777778,0.5283973073259426,3.464720748229613
2000-10-27,8.498330555555555,0.5651246105666834,3.468544833877764
2000-10-28,8.482227777777778,0.5455026776963129,3.1209362111925762
2000-10-29,8.464400000000001,0.5103209184370536,2.5486124148962803
2000-10-30,8.445083333333333,0.43731462214075734,1.5639353778592433
2000-10-31,8.425748611111112,0.42783646241853507,2.6910815931370204
2000-11-01,8.408511111111112,0.41578625408520165,2.119702634803687
2000-11-02,8.392130555555557,0.3136183952889055,2.467917715822205
2000-11-03,8.377301388888888,0.33642587214075753,3.9119394056370216
2000-11-04,8.36732638888889,0.28234751565927585,3.915659428785168
2000-11-05,8.359473611111113,0.2558598420481646,4.010999880174055
2000-11-06,8.35111527777778,0.29264128880742396,5.089910100081463
2000-11-07,8.343102777777778,0.32368025871483147,5.091550296840723
2000-11-08,8.337097222222223,0.3322542401963129,5.426981870914796
2000-11-09,8.333965277777779,0.3316346568629795,5.270400065359244
2000-11-10,8.332294444444445,0.24482230732594254,4.295216581562946
2000-11-11,8.331654166666667,0.11616522399260916,2.807180609340725
2000-11-12,8.331977777777778,0.022069471677794328,0.5416194172110962
2000-11-13,8.332708333333333,-0.1206328315629463,0.10625783156294694
2000-11-14,8.3329125,-0.18902258850739087,0.4507767551740569
2000-11-15,8.330331944444445,-0.2039141047110945,0.09724882693331727
2000-11-16,8.325844444444446,-0.27291434776665,1.115736569988871
2000-11-17,8.321406944444444,-0.3051572181370204,2.368750273692576
2000-11-18,8.311512500000001,-0.2999337806370204,2.3767546139703533
2000-11-19,8.285577777777778,-0.33445717184072404,2.4372127273962794
2000-11-20,8.248436111111111,-0.44370401211850197,2.733267901007393
2000-11-21,8.21071388888889,-0.4828114426740575,2.820764220451835
2000-11-22,8.173002777777779,-0.46414806304442785,2.8641452852666496
2000-11-23,8.135422222222221,-0.5173540352666499,3.8505984797110964
2000-11-24,8.097793055555556,-0.4947984681370205,4.398005412581465
2000-11-25,8.062694444444444,-0.5233943940629464,4.460366616285168
2000-11-26,8.032375000000002,-0.5328582945259094,4.763149961192576
2000-11-27,8.003179166666667,-0.4915492435999834,4.9480367435999835
2000-11-28,7.971683333333334,-0.41680228758146504,4.901452287581464
2000-11-29,7.93218888888889,-0.4217763385073909,4.298920782951836
2000-11-30,7.8840263888888895,-0.46663122276665014,2.8376048338777595
2000-12-01,7.831613888888889,-0.4026943130444278,2.8354137574888725
2000-12-02,7.777729166666667,-0.3639181787851685,2.7201890121185035
2000-12-03,7.724490277777778,-0.3776845560999835,1.4738609449888715
2000-12-04,7.672163888888889,-0.3483911764703538,1.4808939542481308
2000-12-05,7.624575,-0.2895741162851687,1.3459991162851694
2000-12-06,7.581940277777777,-0.31731783156294635,0.31204422045183633
2000-12-07,7.5390500000000005,-0.2966407135073909,0.4959240468407237
2000-12-08,7.4918458333333335,-0.29173550517405755,0.43088967184072513
2000-12-09,7.44081388888889,-0.23469192878516856,0.4992113732296124
2000-12-10,7.387447222222223,-0.14897896582220566,0.4715317435999829
2000-12-11,7.3269930555555565,-0.06844585239627972,0.4514527968407232
2000-12-12,7.250245833333334,-0.01862322508146481,0.342710725081464
2000-12-13,7.157136111111111,-0.03530623434072408,-0.3058298767703861
2000-12-14,7.053256944444445,-0.029864046840724114,-1.4003928976037194
2000-12-15,6.943052777777778,-0.06775380378516854,-0.8419656406592753
2000-12-16,6.830879166666667,0.03105302233589053,-1.8939321890025562
2000-12-17,6.718133333333334,0.0305050310594902,-2.9919716977261572
2000-12-18,6.6108319444444446,0.03686623399796589,-2.894364845109076
2000-12-19,6.523123611111112,0.06685749891991248,-2.8366477766976903
2000-12-20,6.4501125,0.08326047183084001,-2.9163729718308398
2000-12-21,6.377626388888888,0.11941637173901258,-2.890709427294567
2000-12-22,6.305134722222222,0.1470528386811614,-2.870187560903383
2000-12-23,6.233818055555556,0.18256469588960944,-3.7300494181118315
2000-12-24,6.167590277777778,0.18891858707418244,-4.125175531518627
2000-12-25,6.1063930555555554,0.17629473491623948,-4.058687790471795
2000-12-26,6.044656944444445,0.15251257238180407,-4.243502850159581
2000-12-27,5.9823875000000015,0.07848643601816786,-4.295540602684835
2000-12-28,5.923577777777778,-0.0004612682977183022,-4.037783176146727
2000-12-29,5.871720833333335,0.040701587533319324,-3.8807557541999866
2000-12-30,5.820222222222222,0.04912748285012372,-3.792683038405679
2000-12-31,5.7674263888888895,0.025421261546175113,-3.7308476504350643
2001-01-01,5.717423611111112,0.020818678901546983,-3.7872422900126583
2001-01-02,5.661452777777779,-0.02905082293500033,-3.7190686215094444
2001-01-03,5.600368055555556,-0.05023497123619397,-3.637133084319362
2001-01-04,5.536354166666667,-0.09321372467972029,-3.4811404419869465
2001-01-05,5.463258333333334,-0.09599717279725936,-3.3915944938694076
2001-01-06,5.3846847222222225,-0.05596561861911424,-3.2670524369364413
2001-01-07,5.305522222222223,-0.036045669124164875,-2.820143219764724
2001-01-08,5.225415277777778,-0.05386257683766328,-2.420552700940114
2001-01-09,5.146201388888889,-0.1373418008964328,-2.2165262546591222
2001-01-10,5.0754222222222225,-0.1732937866631913,-2.1084617688923646
2001-01-11,5.023733333333333,-0.1762693720626403,-1.97813062793736
2001-01-12,4.988280555555556,-0.12374578390837038,-1.9305347716471852
2001-01-13,4.956634722222223,-0.15041892440423824,-2.063215797817984
2001-01-14,4.92603888888889,-0.1636749390966165,-2.4820306164589403
2001-01-15,4.893316666666667,-0.14779169759064778,-2.485191635742686
2001-01-16,4.852634722222222,-0.09885666545107002,-2.498444723437818
2001-01-17,4.808247222222223,-0.06195531099744281,-2.4212919112247793
2001-01-18,4.765054166666667,-0.08742179400938063,-2.3416323726572865
2001-01-19,4.723016666666666,-0.14205875452361366,-2.2582912454763853
2001-01-20,4.684627777777778,-0.1620991356071766,-2.197195308837268
2001-01-21,4.649676388888889,-0.16617248271461468,-2.1581705728409406
2001-01-22,4.610056944444445,-0.15237648868339332,-2.101013789094384
2001-01-23,4.560841666666667,-0.1598384377192059,-2.087336562280794
2001-01-24,4.5069125,-0.17182070355942644,-1.8884251297739072
2001-01-25,4.451477777777778,-0.1790689703179204,-1.3294088074598573
2001-01-26,4.3937236111111115,-0.134339849564936,-1.1600504282128417
2001-01-27,4.335133333333334,-0.09532976003325565,-1.1824702399667448
2001-01-28,4.283819444444445,-0.05826592853646957,-1.314553515907975
2001-01-29,4.246215277777778,-0.014703061227011285,-1.350178883217433
2001-01-30,4.214555555555555,-0.04287351577246585,-1.2703487064497558
2001-01-31,4.182041666666667,0.022996169718810612,-1.2970378363854769
2001-02-01,4.154345833333334,0.06259709947087659,-1.3786095994708774
2001-02-02,4.130022222222223,0.10803479460402632,-1.077057016826249
2001-02-03,4.106909722222222,0.11858051315315392,-0.2698235687087092
2001-02-04,4.092073611111111,0.11405079552230005,-0.0784577399667448
2001-02-05,4.082523611111112,0.026241635742685704,-0.29376524685379735
2001-02-06,4.074195833333334,-0.00823790971185972,-0.8632912569548077
2001-02-07,4.06907638888889,-0.045008949656763206,-0.8917341058987929
2001-02-08,4.068413888888889,0.04795500810264902,-0.23903556365820472
2001-02-09,4.071297222222222,0.12849352968207972,-0.1847907519043015
2001-02-10,4.074236111111111,0.17538977623855362,-0.31029255401633077
2001-02-11,4.077676388888889,0.27971549937904944,-0.48139188826793894
2001-02-12,4.087119444444445,0.3635488212339622,-0.6136682656784067
2001-02-13,4.099840277777778,0.4040260939612349,-0.6658663717390124
2001-02-14,4.118880555555556,0.3788453891862119,-0.6597259447417675
2001-02-15,4.150423611111112,0.37963133510372027,-0.6920549462148317
2001-02-16,4.186376388888889,0.33544477260372035,-0.7524878281592757
2001-02-17,4.221740277777778,0.3643367749185351,-0.8094103860296464
2001-02-18,4.256970833333334,0.514807388344461,-0.995111555011128
2001-02-19,4.289706944444445,0.5376305827889055,-1.0533375272333503
2001-02-20,4.320833333333335,0.4949600272333499,-1.0404600272333504
2001-02-21,4.356761111111111,0.49662098788149794,-0.797382098992609
2001-02-22,4.39725138888889,0.47570971473334994,0.12370556304442731
2001-02-23,4.436568055555556,0.5283973073259426,0.33103463711850256
2001-02-24,4.475690277777778,0.5651246105666834,-0.11514822167779393
2001-02-25,4.517115277777778,0.5455026776963129,-0.25228462214075764
2001-02-26,4.558658333333334,0.5103209184370536,-0.3216459184370537
2001-02-27,4.594356944444445,0.43731462214075734,-0.2550048999185348
2001-02-28,4.62472638888889,0.42783646241853507,-0.19789618464075737
2001-03-01,4.656420833333334,0.41578625408520165,-0.10920708741853524
2001-03-02,4.690802777777779,0.3136183952889055,0.14957882693331653
2001-03-03,4.729058333333334,0.33642587214075753,0.14684912785924326
2001-03-04,4.770227777777778,0.28234751565927585,0.2657580398962791
2001-03-05,4.810305555555556,0.2558598420481646,-0.5561653976037197
2001-03-06,4.848470833333334,0.29264128880742396,-0.8341121221407573
2001-03-07,4.885086111111111,0.32368025871483147,-0.8814330364926086
2001-03-08,4.917105555555556,0.3322542401963129,-0.7210264624185343
2001-03-09,4.9418902777777785,0.3316346568629795,-0.9951916013074238
2001-03-10,4.960172222222223,0.24482230732594254,-1.6863278628814982
2001-03-11,4.97365,0.11616522399260916,-1.4681485573259423
2001-03-12,4.984286111111112,0.022069471677794328,-0.8826889161222398
2001-03-13,4.993555555555556,-0.1206328315629463,-0.2912560573259427
2001-03-14,5.003151388888889,-0.18902258850739087,-0.07779546704816373
2001-03-15,5.015551388888889,-0.2039141047110945,-0.07263728417779414
2001-03-16,5.026848611111111,-0.27291434776665,0.04606573665553948
2001-03-17,5.035530555555556,-0.3051572181370204,0.2596266625814648
2001-03-18,5.046927777777778,-0.2999337806370204,0.3833393361925766
2001-03-19,5.060484722222222,-0.33445717184072404,0.5539724496185021
2001-03-20,5.073488888888889,-0.44370401211850197,0.9275484565629463
2001-03-21,5.08535,-0.4828114426740575,1.7134614426740582
2001-03-22,5.095390277777778,-0.46414806304442785,1.7860911185999837
2001-03-23,5.103869444444444,-0.5173540352666499,1.5291512574888733
2001-03-24,5.1117583333333325,-0.4947984681370205,0.9253734681370225
2001-03-25,5.119805555555557,-0.5233943940629464,0.9189221718407232
2001-03-26,5.125711111111111,-0.5328582945259094,0.8498138500814657
2001-03-27,5.128426388888888,-0.4915492435999834,0.7817895213777618
2001-03-28,5.130581944444444,-0.41680228758146504,0.7218870098036883
2001-03-29,5.133495833333333,-0.4217763385073909,1.8029471718407248
2001-03-30,5.136626388888889,-0.46663122276665014,1.8546715005444279
2001-03-31,5.138640277777778,-0.4026943130444278,1.6603873685999833
2001-04-01,5.140706944444444,-0.3639181787851685,1.4218779010073912
2001-04-02,5.141384722222222,-0.3776845560999835,1.3452998338777615
2001-04-03,5.139415277777777,-0.3483911764703538,0.8876425653592439
2001-04-04,5.135851388888889,-0.2895741162851687,1.4137227273962805
2001-04-05,5.130172222222222,-0.31731783156294635,1.6241456093407247
2001-04-06,5.1255,-0.2966407135073909,1.7571407135073924
2001-04-07,5.126797222222223,-0.29173550517405755,1.9496049496185022
2001-04-08,5.132238888888889,-0.23469192878516856,2.425453039896281
2001-04-09,5.136256944444444,-0.14897896582220566,2.9460553547110964
2001-04-10,5.144338888888889,-0.06844585239627972,3.1027736301740574
2001-04-11,5.163702777777777,-0.01862322508146481,2.6659204473036886
2001-04-12,5.189281944444445,-0.03530623434072408,2.2510242898962796
2001-04-13,5.215394444444445,-0.029864046840724114,2.114802935729613
2001-04-14,5.241311111111111,-0.06775380378516854,2.235442692674058
2001-04-15,5.266880555555556,0.03105302233589053,2.8640664221085546
2001-04-16,5.293845833333334,0.0305050310594902,2.8086491356071766
2001-04-17,5.3225597222222225,0.03686623399796589,2.6462407104464782
2001-04-18,5.352311111111112,0.06685749891991248,2.569164723302309
2001-04-19,5.384338888888889,0.08326047183084001,2.3697339726136044
2001-04-20,5.417859722222222,0.11941637173901258,1.7053905727054333
2001-04-21,5.451533333333334,0.1470528386811614,1.8174138279855052
2001-04-22,5.4840625,0.18256469588960944,1.80837280411039
2001-04-23,5.511490277777778,0.18891858707418244,1.4599244684813744
2001-04-24,5.532855555555555,0.17629473491623948,1.0218497095282064
2001-04-25,5.5533,0.15251257238180407,1.130187427618196
2001-04-26,5.575441666666666,0.07848643601816786,1.171071897315166
2001-04-27,5.598326388888889,-0.0004612682977183022,1.1981348794088293
2001-04-28,5.625063888888889,0.040701587533319324,0.02290119024445835
2001-04-29,5.656116666666668,0.04912748285012372,0.0030891838165417462
2001-04-30,5.686718055555556,0.025421261546175113,0.32486068289827
2001-05-01,5.7146138888888895,0.020818678901546983,0.4922340988762304
2001-05-02,5.7407375,-0.02905082293500033,1.106313322935001
2001-05-03,5.765013888888889,-0.05023497123619397,1.174221082347305
2001-05-04,5.787475000000001,-0.09321372467972029,0.9104053913463873
2001-05-05,5.810905555555556,-0.09599717279725936,0.7777582839083707
2001-05-06,5.834669444444445,-0.05596561861911424,0.553629507508004
2001-05-07,5.855791666666667,-0.036045669124164875,0.04358733579083143
2001-05-08,5.880019444444445,-0.05386257683766328,-0.5408235342734466
2001-05-09,5.912444444444445,-0.1373418008964328,-1.1294359768813438
2001-05-10,5.941698611111112,-0.1732937866631913,-1.5934048244479195
2001-05-11,5.9571000000000005,-0.1762693720626403,-1.7401639612706927
2001-05-12,5.962954166666667,-0.12374578390837038,-1.8518750494249627
2001-05-13,5.966001388888889,-0.15041892440423824,-1.8229157978179842
2001-05-14,5.968070833333334,-0.1636749390966165,-1.7977292275700505
2001-05-15,5.9719,-0.14779169759064778,-2.578774969076018
2001-05-16,5.9857125,-0.09885666545107002,-2.53285583454893
2001-05-17,6.005061111111111,-0.06195531099744281,-1.9814391334470012
2001-05-18,6.020130555555555,-0.08742179400938063,-1.979708761546174
2001-05-19,6.033301388888889,-0.14205875452361366,-2.0645759676986075
2001-05-20,6.04435138888889,-0.1620991356071766,-2.2142522532817126
2001-05-21,6.053704166666668,-0.16617248271461468,-2.495198350618719
2001-05-22,6.06476388888889,-0.15237648868339332,-2.5877207335388293
2001-05-23,6.079469444444445,-0.1598384377192059,-2.680631006725239
2001-05-24,6.098162500000001,-0.17182070355942644,-2.4736751297739072
2001-05-25,6.118845833333333,-0.1790689703179204,-2.585443529682079
2001-05-26,6.140054166666667,-0.134339849564936,-2.6660476504350643
2001-05-27,6.1613347222222234,-0.09532976003325565,-2.731671628855634
2001-05-28,6.174365277777778,-0.05826592853646957,-2.782766015907975
2001-05-29,6.178309722222222,-0.014703061227011285,-2.953273327661877
2001-05-30,6.181941666666667,-0.04287351577246585,-3.083401484227534
2001-05-31,6.1861125,0.022996169718810612,-2.9594420030521436
2001-06-01,6.1906125,0.06259709947087659,-3.5938762661375434
2001-06-02,6.197280555555556,0.10803479460402632,-3.4379820168262487
2001-06-03,6.203808333333335,0.11858051315315392,-2.928388846486488
2001-06-04,6.215791666666668,0.11405079552230005,-3.0035091288556344
2001-06-05,6.235608333333333,0.026241635742685704,-2.7668499690760187
2001-06-06,6.254616666666668,-0.00823790971185972,-2.4123787569548076
2001-06-07,6.26662638888889,-0.045008949656763206,-2.414617439232126
2001-06-08,6.268780555555557,0.04795500810264902,-2.149735563658206
2001-06-09,6.266418055555556,0.12849352968207972,-0.7299115852376352
2001-06-10,6.2660625,0.17538977623855362,0.4952143904281135
2001-06-11,6.2697722222222225,0.27971549937904944,0.468178945065395
2001-06-12,6.275569444444445,0.3635488212339622,0.3232150676549265
2001-06-13,6.281269444444446,0.4040260939612349,0.2473711282609864
2001-06-14,6.280951388888889,0.3788453891862119,0.22020322192489894
2001-06-15,6.263848611111111,0.37963133510372027,0.6241867204518353
2001-06-16,6.235308333333334,0.33544477260372035,0.6602468940629453
2001-06-17,6.207651388888889,0.3643367749185351,0.8833451695259085
2001-06-18,6.181020833333335,0.514807388344461,1.0888384449888713
2001-06-19,6.155987500000001,0.5376305827889055,1.1173819172110941
2001-06-20,6.132604166666668,0.4949600272333499,1.1924358060999836
2001-06-21,6.109522222222223,0.49662098788149794,1.2121901232296124
2001-06-22,6.087994444444446,0.47570971473334994,1.2532958408222052
2001-06-23,6.068080555555556,0.5283973073259426,1.0068554704518355
2001-06-24,6.047943055555556,0.5651246105666834,0.9119323338777621
2001-06-25,6.027291666666668,0.5455026776963129,0.9522056556370208
2001-06-26,6.00676388888889,0.5103209184370536,1.0079151926740577
2001-06-27,5.990941666666667,0.43731462214075734,1.987743711192576
2001-06-28,5.979497222222223,0.42783646241853507,2.260666315359243
2001-06-29,5.966416666666667,0.41578625408520165,2.111797079248131
2001-06-30,5.951781944444445,0.3136183952889055,2.052599660266649
2001-07-01,5.936302777777778,0.33642587214075753,2.0452713500814643
2001-07-02,5.921223611111111,0.28234751565927585,1.8354288732296125
2001-07-03,5.9086125,0.2558598420481646,1.0155276579518357
2001-07-04,5.889365277777778,0.29264128880742396,1.0783267667481322
2001-07-05,5.861927777777778,0.32368025871483147,0.8917252968407243
2001-07-06,5.838495833333334,0.3322542401963129,0.6769165931370202
2001-07-07,5.8221625,0.3316346568629795,1.6198695098036875
2001-07-08,5.812077777777779,0.24482230732594254,1.7484332482296132
2001-07-09,5.807448611111112,0.11616522399260916,0.43238616489627973
2001-07-10,5.808895833333334,0.022069471677794328,-0.7452986383444604
2001-07-11,5.815737500000001,-0.1206328315629463,-0.6704380017703879
2001-07-12,5.824343055555556,-0.18902258850739087,-0.610653800381499
2001-07-13,5.8332652777777785,-0.2039141047110945,-0.6820178397333502
2001-07-14,5.845361111111112,-0.27291434776665,-0.06178009667779549
2001-07-15,5.860648611111112,-0.3051572181370204,2.038841940359243
2001-07-16,5.874559722222223,-0.2999337806370204,1.5950407250814653
2001-07-17,5.886072222222223,-0.33445717184072404,1.3057182829518348
2001-07-18,5.898708333333334,-0.44370401211850197,1.6859956787851686
2001-07-19,5.914609722222223,-0.4828114426740575,1.9525350537851687
2001-07-20,5.931366666666667,-0.46414806304442785,2.126448063044428
2001-07-21,5.947916666666667,-0.5173540352666499,2.1631040352666506
2001-07-22,5.964961111111112,-0.4947984681370205,2.123504023692576
2001-07-23,5.9815763888888895,-0.5233943940629464,2.4921513385073917
2001-07-24,5.997868055555556,-0.5328582945259094,2.506656905637021
2001-07-25,6.015816666666668,-0.4915492435999834,2.455399243599984
2001-07-26,6.035798611111112,-0.41680228758146504,2.3630036764703544
2001-07-27,6.06023888888889,-0.4217763385073909,1.4572041162851685
2001-07-28,6.088666666666668,-0.46663122276665014,1.268297889433316
2001-07-29,6.118194444444445,-0.4026943130444278,1.186833201933317
2001-07-30,6.146898611111111,-0.3639181787851685,0.9106862343407253
2001-07-31,6.175063888888889,-0.3776845560999835,0.896620667211095
2001-08-01,6.201958333333334,-0.3483911764703538,0.8404328431370209
2001-08-02,6.223795833333334,-0.2895741162851687,0.8771116162851694
2001-08-03,6.243058333333334,-0.31731783156294635,2.8359261648962795
2001-08-04,6.2619750000000005,-0.2966407135073909,3.0519990468407254
2001-08-05,6.276586111111111,-0.29173550517405755,2.9304827273962806
2001-08-06,6.286809722222223,-0.23469192878516856,2.0225488732296126
2001-08-07,6.294923611111112,-0.14897896582220566,1.5527220213777617
2001-08-08,6.296943055555557,-0.06844585239627972,1.6178361301740563
2001-08-09,6.2859097222222236,-0.01862322508146481,1.790713502859243
2001-08-10,6.265640277777779,-0.03530623434072408,1.817999289896279
2001-08-11,6.244359722222223,-0.029864046840724114,1.8338376579518352
2001-08-12,6.223036111111112,-0.06775380378516854,1.8737176926740584
2001-08-13,6.201995833333333,0.03105302233589053,1.2326178109974437
2001-08-14,6.1790875000000005,0.0305050310594902,-1.4849258643928238
2001-08-15,6.153108333333334,0.03686623399796589,-1.6256412339979651
2001-08-16,6.12507638888889,0.06685749891991248,-1.3999338878088017
2001-08-17,6.091072222222223,0.08326047183084001,-1.5319993607197293
2001-08-18,6.051318055555557,0.11941637173901258,-1.7410677606279026
2001-08-19,6.010420833333334,0.1470528386811614,-1.5404736720144943
2001-08-20,5.969069444444445,0.18256469588960944,-1.4173008070007198
2001-08-21,5.93150138888889,0.18891858707418244,-1.3860866426297378
2001-08-22,5.900358333333334,0.17629473491623948,-1.6989864015829053
2001-08-23,5.871911111111112,0.15251257238180407,-1.6680903501595818
2001-08-24,5.842934722222223,0.07848643601816786,-1.5730878249070572
2001-08-25,5.812806944444445,-0.0004612682977183022,-1.4663456761467253
2001-08-26,5.775477777777779,0.040701587533319324,-1.4748460319777632
2001-08-27,5.730330555555556,0.04912748285012372,-1.4704580384056793
2001-08-28,5.684855555555556,0.025421261546175113,-1.4132768171017314
2001-08-29,5.640841666666668,0.020818678901546983,-1.2063270122348817
2001-08-30,5.597343055555557,-0.02905082293500033,-0.6929588992872229
2001-08-31,5.55471388888889,-0.05023497123619397,-0.29181225098602886
2001-09-01,5.517295833333335,-0.09321372467972029,-0.16974877532028104
2001-09-02,5.48366388888889,-0.09599717279725936,-2.164000049424963
2001-09-03,5.450183333333334,-0.05596561861911424,-2.3778843813808863
2001-09-04,5.418127777777778,-0.036045669124164875,-1.8264154419869463
2001-09-05,5.383130555555557,-0.05386257683766328,-1.6562679787178929
2001-09-06,5.343265277777778,-0.1373418008964328,-1.3682568102146786
2001-09-07,5.306148611111112,-0.1732937866631913,-1.2608548244479205
2001-09-08,5.277902777777778,-0.1762693720626403,-0.4106334057151373
2001-09-09,5.255979166666668,-0.12374578390837038,-0.1532333827582975
2001-09-10,5.235644444444445,-0.15041892440423824,-0.01889218670687362
2001-09-11,5.216033333333334,-0.1636749390966165,0.021974939096616353
2001-09-12,5.1944236111111115,-0.14779169759064778,0.03403475314620383
2001-09-13,5.162081944444445,-0.09885666545107002,0.12444138767329188
2001-09-14,5.123743055555556,-0.06195531099744281,0.4048789221085537
2001-09-15,5.089336111111113,-0.08742179400938063,0.20908568289826832
2001-09-16,5.055265277777778,-0.14205875452361366,0.6881268100791693
2001-09-17,5.018998611111112,-0.1620991356071766,0.852767191162731
2001-09-18,4.980844444444445,-0.16617248271461468,0.5576613716035033
2001-09-19,4.9416986111111125,-0.15237648868339332,0.5273445442389482
2001-09-20,4.8984375,-0.1598384377192059,0.5990676043858731
2001-09-21,4.848058333333334,-0.17182070355942644,0.6654290368927599
2001-09-22,4.794486111111112,-0.1790689703179204,0.7599161925401419
2001-09-23,4.742452777777778,-0.134339849564936,1.0182204051204917
2001-09-24,4.692613888888889,-0.09532976003325565,1.2460492044777
2001-09-25,4.64711388888889,-0.05826592853646957,2.1011520396475802
2001-09-26,4.607104166666668,-0.014703061227011285,2.0839322278936776
2001-09-27,4.568944444444446,-0.04287351577246585,2.150262404661354
2001-09-28,4.53278888888889,0.022996169718810612,1.9622149413923005
2001-09-29,4.499372222222223,0.06259709947087659,1.5886973449735682
2001-09-30,4.467598611111111,0.10803479460402632,1.2550332609515304
2001-10-01,4.436843055555556,0.11858051315315392,1.1162430979579567
2001-10-02,4.398356944444445,0.11405079552230005,1.1592589266999218
2001-10-03,4.35085,0.026241635742685704,1.3125750309239814
2001-10-04,4.3027194444444445,-0.00823790971185972,0.8515184652674159
2001-10-05,4.25900138888889,-0.045008949656763206,0.7346742274345406
2001-10-06,4.222105555555556,0.04795500810264902,0.7026061030084618
2001-10-07,4.187236111111112,0.12849352968207972,1.0282703592068088
2001-10-08,4.149577777777778,0.17538977623855362,0.2846991126503358
2001-10-09,4.1083597222222235,0.27971549937904944,0.09192477839872842
2001-10-10,4.065144444444445,0.3635488212339622,-0.03602659901173927
2001-10-11,4.021608333333333,0.4040260939612349,-0.04096776062790097
2001-10-12,3.9804736111111114,0.3788453891862119,0.019014333036010522
2001-10-13,3.9528097222222227,0.37963133510372027,-0.06110772399260933
2001-10-14,3.9366958333333337,0.33544477260372035,-0.2798072726037199
2001-10-15,3.9198166666666667,0.3643367749185351,-0.3178201082518679
2001-10-16,3.9023958333333333,0.514807388344461,-1.3045365550111268
2001-10-17,3.8864847222222227,0.5376305827889055,-1.4821153050111278
2001-10-18,3.870679166666667,0.4949600272333499,-1.4919725272333502
2001-10-19,3.853604166666667,0.49662098788149794,-1.509891821214831
2001-10-20,3.8360513888888894,0.47570971473334994,-0.5330944369555723
2001-10-21,3.819998611111112,0.5283973073259426,-0.18106258510372097
2001-10-22,3.805516666666667,0.5651246105666834,-0.2369746105666839
2001-10-23,3.789920833333334,0.5455026776963129,-0.3734235110296461
2001-10-24,3.7723555555555564,0.5103209184370536,-0.42534314065927603
2001-10-25,3.7534986111111115,0.43731462214075734,-1.0661465665852017
2001-10-26,3.7335736111111117,0.42783646241853507,-1.0374100735296463
2001-10-27,3.7143166666666674,0.41578625408520165,-1.0061029207518684
2001-10-28,3.694731944444445,0.3136183952889055,-0.8836836730666828
2001-10-29,3.6714750000000005,0.33642587214075753,-0.9362342054740909
2001-10-30,3.6484500000000004,0.28234751565927585,-0.8764641823259423
2001-10-31,3.6268097222222226,0.2558598420481646,-0.6983362309370533
2001-11-01,3.6125847222222225,0.29264128880742396,-0.7208926776963125
2001-11-02,3.6076125,0.32368025871483147,-0.8132927587148313
2001-11-03,3.6012402777777783,0.3322542401963129,-0.8198278513074242
2001-11-04,3.5916472222222224,0.3316346568629795,-0.8149485457518681
2001-11-05,3.5791222222222223,0.24482230732594254,-0.9209445295481644
2001-11-06,3.564413888888889,0.11616522399260916,-1.3302457795481646
2001-11-07,3.5460847222222225,0.022069471677794328,-1.2558208605666832
2001-11-08,3.523143055555556,-0.1206328315629463,-0.8661768906592762
2001-11-09,3.4986375,-0.18902258850739087,-0.6769482448259425
2001-11-10,3.473734722222223,-0.2039141047110945,-0.6371539508444616
2001-11-11,3.448772222222223,-0.27291434776665,-0.5368578744555725
2001-11-12,3.4233375,-0.3051572181370204,-0.41418028186297956
2001-11-13,3.395918055555556,-0.2999337806370204,-0.23731760825186904
2001-11-14,3.3680250000000003,-0.33445717184072404,-0.12290116149260949
2001-11-15,3.339570833333334,-0.44370401211850197,0.014799845451834659
2001-11-16,3.309038888888889,-0.4828114426740575,0.08443922045183538
2001-11-17,3.2794611111111114,-0.46414806304442785,0.09502028526665035
2001-11-18,3.251520833333333,-0.5173540352666499,0.14783320193331684
2001-11-19,3.223713888888889,-0.4947984681370205,-0.8062487540852015
2001-11-20,3.1958027777777778,-0.5233943940629464,-1.1420750503814976
2001-11-21,3.1677569444444447,-0.5328582945259094,-1.1005653165852016
2001-11-22,3.1380500000000002,-0.4915492435999834,-0.7175007564000161
2001-11-23,3.1056291666666667,-0.41680228758146504,-0.6174935457518678
2001-11-24,3.0690069444444448,-0.4217763385073909,-0.5608972726037202
2001-11-25,3.0294513888888894,-0.46663122276665014,-0.2654868327889054
2001-11-26,2.988716666666667,-0.4026943130444278,-0.24902235362223846
2001-11-27,2.947277777777778,-0.3639181787851685,-0.0016929323259428086
2001-11-28,2.9099569444444446,-0.3776845560999835,0.25372761165553936
2001-11-29,2.8729694444444447,-0.3483911764703538,0.4517550653592428
2001-11-30,2.832965277777778,-0.2895741162851687,0.6042755051740581
2001-12-01,2.793069444444445,-0.31731783156294635,0.7129150537851687
2001-12-02,2.753,-0.2966407135073909,0.732307380174058
2001-12-03,2.7151250000000005,-0.29173550517405755,0.7692771718407243
2001-12-04,2.680341666666667,-0.23469192878516856,0.8593502621185021
2001-12-05,2.6462805555555557,-0.14897896582220566,1.116031743599984
2001-12-06,2.6105722222222223,-0.06844585239627972,1.020873630174058
2001-12-07,2.5770000000000004,-0.01862322508146481,0.7449565584147986
2001-12-08,2.550866666666667,-0.03530623434072408,0.39510623434072445
2001-12-09,2.529202777777778,-0.029864046840724114,0.31499460239628047
2001-12-10,2.5086805555555562,-0.06775380378516854,0.37340658156294654
2001-12-11,2.489143055555556,0.03105302233589053,0.28780392210855416
2001-12-12,2.470716666666667,0.0305050310594902,0.24177830227384345
2001-12-13,2.454019444444445,0.03686623399796589,0.1877809882242561
2001-12-14,2.438605555555556,0.06685749891991248,0.12120361219119831
2001-12-15,2.426856944444445,0.08326047183084001,0.1165492503913817
2001-12-16,2.4201638888888892,0.11941637173901258,0.08708640603876512
2001-12-17,2.415851388888889,0.1470528386811614,0.06376243909661647
2001-12-18,2.412894444444445,0.18256469588960944,0.03120752633261259
2001-12-19,2.4065013888888895,0.18891858707418244,0.03391335737026177
2001-12-20,2.3950152777777785,0.17629473491623948,0.058689987305982405
2001-12-21,2.382802777777778,0.15251257238180407,0.09301798317375218
2001-12-22,2.3733013888888896,0.07848643601816786,-0.11845449157372358
2001-12-23,2.367612500000001,-0.0004612682977183022,-0.22181789836894872
2001-12-24,2.366281944444445,0.040701587533319324,-0.39065019864443074
2001-12-25,2.3699263888888895,0.04912748285012372,-0.5670538717390127
2001-12-26,2.377569444444445,0.025421261546175113,-0.27065737265728634
2001-12-27,2.387194444444445,0.020818678901546983,-0.48834645667932475
2001-12-28,2.3954791666666675,-0.02905082293500033,-0.5370950103983332
2001-12-29,2.403681944444445,-0.05023497123619397,0.37921969345841616
2001-12-30,2.413016666666667,-0.09321372467972029,0.22086372467972032
2001-12-31,2.4224902777777784,-0.09599717279725936,0.19684022835281487
2002-01-01,2.4347513888888894,-0.05596561861911424,0.1445475630635587
2002-01-02,2.4494750000000005,-0.036045669124164875,0.10590400245749823
2002-01-03,2.464319444444445,-0.05386257683766328,-0.003456867606781197
2002-01-04,2.4800736111111115,-0.1373418008964328,-0.2450651435480112
2002-01-05,2.4993138888888895,-0.1732937866631913,-0.24402010222569745
2002-01-06,2.520691666666667,-0.1762693720626403,-0.262422294604026
2002-01-07,2.5374597222222226,-0.12374578390837038,-0.3317139383138515
2002-01-08,2.5495986111111115,-0.15041892440423824,-0.3171796867068726
2002-01-09,2.5608625000000007,-0.1636749390966165,-0.31518756090338346
2002-01-10,2.571175,-0.14779169759064778,-0.34138330240935166
2002-01-11,2.5805513888888894,-0.09885666545107002,-0.3996947234378186
2002-01-12,2.588891666666667,-0.06195531099744281,-0.5352696890025569
2002-01-13,2.5965097222222226,-0.08742179400938063,-0.5174212615461746
2002-01-14,2.6040708333333336,-0.14205875452361366,-0.47034541214305253
2002-01-15,2.610852777777778,-0.1620991356071766,-0.4570869755039342
2002-01-16,2.616251388888889,-0.16617248271461468,-0.4584122395076071
2002-01-17,2.621433333333334,-0.15237648868339332,-0.47739017798327327
2002-01-18,2.639954166666667,-0.1598384377192059,-0.49111572894746036
2002-01-19,2.6726180555555556,-0.17182070355942644,-0.5091306853294618
2002-01-20,2.7083277777777783,-0.1790689703179204,-0.5349254741265239
2002-01-21,2.748027777777778,-0.134339849564936,-0.7360212615461752
2002-01-22,2.791655555555556,-0.09532976003325565,-0.8853257955222997
2002-01-23,2.836820833333334,-0.05826592853646957,-0.8455549047968637
2002-01-24,2.8784486111111116,-0.014703061227011285,-0.9237455498840997
2002-01-25,2.9147444444444446,-0.04287351577246585,-1.2355375953386447
2002-01-26,2.947765277777778,0.022996169718810612,-1.3580947808299215
2002-01-27,2.9779347222222228,0.06259709947087659,-0.9415318216930987
2002-01-28,3.0043333333333337,0.10803479460402632,-2.107034794604026
2002-01-29,3.0276236111111112,0.11858051315315392,-2.2502041242642643
2002-01-30,3.0493486111111117,0.11405079552230005,-2.291066073300078
2002-01-31,3.0683916666666673,0.026241635742685704,-2.222299969076019
2002-02-01,3.0852458333333335,-0.00823790971185972,-2.2036745902881396
2002-02-02,3.101558333333334,-0.045008949656763206,-2.183216050343237
2002-02-03,3.116116666666667,0.04795500810264902,-2.2907383414359823
2002-02-04,3.1292750000000007,0.12849352968207972,-2.3844351963487465
2002-02-05,3.143425,0.17538977623855362,-2.295814776238553
2002-02-06,3.160780555555556,0.27971549937904944,-1.6458293882679382
2002-02-07,3.181404166666667,0.3635488212339622,-1.6662863212339616
2002-02-08,3.2032041666666675,0.4040260939612349,-1.6338969272945687
2002-02-09,3.225155555555556,0.3788453891862119,-1.503334278075101
2002-02-10,3.247616666666667,0.37963133510372027,-1.5005813351037198
2002-02-11,3.271340277777778,0.33544477260372035,-1.4771183837148314
2002-02-12,3.2974097222222225,0.3643367749185351,-1.5320798304740906
2002-02-13,3.325694444444445,0.514807388344461,-1.7108351661222392
2002-02-14,3.3547277777777786,0.5376305827889055,-1.5736916939000172
2002-02-15,3.3839152777777786,0.4949600272333499,-1.4168753050111278
2002-02-16,3.4126666666666674,0.49662098788149794,-1.3669543212148318
2002-02-17,3.4318888888888894,0.47570971473334994,-1.3652652702889059
2002-02-18,3.4427166666666675,0.5283973073259426,-1.3241139739926093
2002-02-19,3.4525472222222224,0.5651246105666834,-1.2946718327889055
2002-02-20,3.456483333333334,0.5455026776963129,-0.9096526776963124
2002-02-21,3.4533458333333336,0.5103209184370536,-0.6020000851037199
2002-02-22,3.4479708333333337,0.43731462214075734,-0.5842854554740904
2002-02-23,3.4448791666666674,0.42783646241853507,-0.050382295751868644
2002-02-24,3.442495833333334,0.41578625408520165,0.40171791258146505
2002-02-25,3.441006944444445,0.3136183952889055,0.544041326933316
2002-02-26,3.442088888888889,0.33642587214075753,0.10748523897035384
2002-02-27,3.4400222222222228,0.28234751565927585,0.48629692878516906
2002-02-28,3.4351666666666674,0.2558598420481646,0.5793068246185022
2002-03-01,3.4313666666666673,0.29264128880742396,0.6479920445259095
2002-03-02,3.430108333333334,0.32368025871483147,1.1192114079518356
2002-03-03,3.446138888888889,0.3322542401963129,1.1139402042481321
2002-03-04,3.4939041666666673,0.3316346568629795,1.0667945098036873
2002-03-05,3.5645597222222225,0.24482230732594254,1.0906179704518362
2002-03-06,3.642377777777778,0.11616522399260916,1.2124569982296138
2002-03-07,3.721368055555556,0.022069471677794328,1.0788958060999834
2002-03-08,3.7998791666666674,-0.1206328315629463,0.37142033156294624
2002-03-09,3.877458333333334,-0.18902258850739087,0.3432309218407239
2002-03-10,3.9551888888888893,-0.2039141047110945,0.18572521582220547
2002-03-11,4.033440277777778,-0.27291434776665,0.049140736655538975
2002-03-12,4.1118500000000004,-0.3051572181370204,-0.023026115196312646
2002-03-13,4.190483333333334,-0.2999337806370204,-0.10988288602964608
2002-03-14,4.2677000000000005,-0.33445717184072404,-0.11624282815927584
2002-03-15,4.342766666666667,-0.44370401211850197,-0.08006265454816408
2002-03-16,4.417083333333334,-0.4828114426740575,-0.30427189065927585
2002-03-17,4.491245833333334,-0.46414806304442785,-0.5404311036222389
2002-03-18,4.565248611111112,-0.5173540352666499,-0.4985612425111283
2002-03-19,4.639475000000001,-0.4947984681370205,1.5556568014703536
2002-03-20,4.713493055555556,-0.5233943940629464,1.4019013385073906
2002-03-21,4.786394444444444,-0.5328582945259094,1.7894638500814661
2002-03-22,4.859159722222223,-0.4915492435999834,2.580722854711094
2002-03-23,4.932866666666667,-0.41680228758146504,3.0066022875814644
2002-03-24,5.014240277777779,-0.4217763385073909,2.882202727396279
2002-03-25,5.1017527777777785,-0.46663122276665014,2.264545111655538
2002-03-26,5.189687500000001,-0.4026943130444278,1.658673479711094
2002-03-27,5.282045833333333,-0.3639181787851685,1.4798723454518359
2002-03-28,5.382797222222223,-0.3776845560999835,1.2052206672110952
2002-03-29,5.4937611111111115,-0.3483911764703538,0.7422967320259093
2002-03-30,5.6097430555555565,-0.2895741162851687,0.5058310607296136
2002-03-31,5.726111111111112,-0.31731783156294635,0.3155400537851685
2002-04-01,5.840108333333334,-0.2966407135073909,-0.3201342864926096
2002-04-02,5.9368291666666675,-0.29173550517405755,-0.44209366149260965
2002-04-03,6.002268055555556,-0.23469192878516856,-0.5579094601037209
2002-04-04,6.046929166666667,-0.14897896582220566,-0.6952835341777936
2002-04-05,6.0877875,-0.06844585239627972,-0.8876749809370535
2002-04-06,6.136693055555556,-0.01862322508146481,-0.9874031638074237
2002-04-07,6.194173611111111,-0.03530623434072408,-0.9102007101037203
2002-04-08,6.252409722222223,-0.029864046840724114,-0.7965456753814975
2002-04-09,6.310609722222223,-0.06775380378516854,-0.8081892517703866
2002-04-10,6.369575000000001,0.03105302233589053,-0.9446280223358904
2002-04-11,6.429143055555556,0.0305050310594902,-0.9739814199483788
2002-04-12,6.488584722222223,0.03686623399796589,-0.8957842895535216
2002-04-13,6.547808333333334,0.06685749891991248,-0.6823324989199124
2002-04-14,6.607034722222223,0.08326047183084001,-0.5809618607197284
2002-04-15,6.665466666666667,0.11941637173901258,-0.6728830384056795
2002-04-16,6.7226388888888895,0.1470528386811614,-0.7233583942367172
2002-04-17,6.779258333333335,0.18256469588960944,-0.9544896958896099
2002-04-18,6.835544444444445,0.18891858707418244,-3.162463031518627
2002-04-19,6.891020833333334,0.17629473491623948,-3.071315568249573
2002-04-20,6.945640277777779,0.15251257238180407,-3.476486183492915
2002-04-21,6.998516666666667,0.07848643601816786,-4.792336436018168
2002-04-22,7.048888888888889,-0.0004612682977183022,-5.607427620591171
2002-04-23,7.090675000000001,0.040701587533319324,-5.700709920866653
2002-04-24,7.123037500000001,0.04912748285012372,-5.4764983161834575
2002-04-25,7.152229166666667,0.025421261546175113,-5.460983761546175
2002-04-26,7.176122222222223,0.020818678901546983,-5.218940901123769
2002-04-27,7.189955555555556,-0.02905082293500033,-5.130238065953888
2002-04-28,7.1996625000000005,-0.05023497123619397,-5.114094195430472
2002-04-29,7.211520833333334,-0.09321372467972029,-5.045640441986946
2002-04-30,7.2232,-0.09599717279725936,-5.047869493869406
2002-05-01,7.232377777777778,-0.05596561861911424,-4.511078825825329
2002-05-02,7.2401583333333335,-0.036045669124164875,-0.9794459975425018
2002-05-03,7.249081944444445,-0.05386257683766328,2.9701139657265534
2002-05-04,7.2589402777777785,-0.1373418008964328,4.175068189785323
2002-05-05,7.267581944444444,-0.1732937866631913,4.465045175552082
2002-05-06,7.2689569444444455,-0.1762693720626403,4.46964576095153
2002-05-07,7.265397222222223,-0.12374578390837038,4.302681895019482
2002-05-08,7.261940277777779,-0.15041892440423824,4.227145313293127
2002-05-09,7.25705138888889,-0.1636749390966165,4.387290216874395
2002-05-10,7.2510916666666665,-0.14779169759064778,4.360366697590648
2002-05-11,7.245858333333334,-0.09885666545107002,4.371664998784402
2002-05-12,7.241540277777778,-0.06195531099744281,4.2474150332196645
2002-05-13,7.239290277777778,-0.08742179400938063,3.936464849564937
2002-05-14,7.240366666666667,-0.14205875452361366,3.812692087856947
2002-05-15,7.243925000000001,-0.1620991356071766,3.826507468940509
2002-05-16,7.250612500000001,-0.16617248271461468,3.7895599827146125
2002-05-17,7.2600750000000005,-0.15237648868339332,3.762301488683392
2002-05-18,7.263708333333334,-0.1598384377192059,3.821130104385873
2002-05-19,7.261388888888889,-0.17182070355942644,3.730431814670536
2002-05-20,7.257909722222223,-0.1790689703179204,3.58349258142903
2002-05-21,7.248620833333334,-0.134339849564936,3.5590523495649378
2002-05-22,7.23385,-0.09532976003325565,3.566479760033257
2002-05-23,7.217711111111112,-0.05826592853646957,5.409221484092025
2002-05-24,7.203879166666667,-0.014703061227011285,5.118157227893678
2002-05-25,7.1932875,-0.04287351577246585,5.222919349105799
2002-05-26,7.184269444444445,0.022996169718810612,5.834401052503412
2002-05-27,7.176501388888889,0.06259709947087659,7.611234844973568
2002-05-28,7.167470833333334,0.10803479460402632,7.609827705395974
2002-05-29,7.156116666666668,0.11858051315315392,7.576969486846845
2002-05-30,7.1449597222222225,0.11405079552230005,7.585989482255478
2002-05-31,7.137684722222222,0.026241635742685704,7.095073642035095
2002-06-01,7.134895833333333,-0.00823790971185972,3.573008743045194
2002-06-02,7.134356944444445,-0.045008949656763206,-0.33701466145434716
2002-06-03,7.134155555555555,0.04795500810264902,-1.469110563658204
2002-06-04,7.134929166666667,0.12849352968207972,-1.4237560296820786
2002-06-05,7.135819444444445,0.17538977623855362,0.4827907793170006
2002-06-06,7.1334625,0.27971549937904944,1.4058220006209494
2002-06-07,7.130072222222222,0.3635488212339622,1.337378956543817
2002-06-08,7.127518055555555,0.4040260939612349,1.457455850483211
2002-06-09,7.125234722222222,0.3788453891862119,1.732586555258234
2002-06-10,7.122391666666667,0.37963133510372027,1.7849769982296135
2002-06-11,7.123836111111111,0.33544477260372035,1.7760524496185015
2002-06-12,7.130083333333333,0.3643367749185351,1.7432465584147974
2002-06-13,7.134454166666667,0.514807388344461,1.5867384449888708
2002-06-14,7.136486111111111,0.5376305827889055,1.5618833060999822
2002-06-15,7.136494444444445,0.4949600272333499,1.6345455283222055
2002-06-16,7.134120833333334,0.49662098788149794,1.6962581787851678
2002-06-17,7.137616666666667,0.47570971473334994,1.6530069519333166
2002-06-18,7.1469347222222215,0.5283973073259426,1.5620013037851699
2002-06-19,7.156969444444444,0.5651246105666834,1.519239278322206
2002-06-20,7.174134722222222,0.5455026776963129,1.5446959334147983
2002-06-21,7.2016986111111105,0.5103209184370536,1.5669804704518357
2002-06-22,7.234572222222223,0.43731462214075734,-0.25955351102964563
2002-06-23,7.2668694444444455,0.42783646241853507,-0.2167059068629808
2002-06-24,7.298101388888889,0.41578625408520165,-0.10355430964075663
2002-06-25,7.328038888888889,0.3136183952889055,-0.9589906175111276
2002-06-26,7.3565875,0.33642587214075753,-2.8710133721407574
2002-06-27,7.385397222222222,0.28234751565927585,-2.065411404548165
2002-06-28,7.414795833333333,0.2558598420481646,-1.9479890087148295
2002-06-29,7.444552777777778,0.29264128880742396,-2.014527399918534
2002-06-30,7.470741666666667,0.32368025871483147,-2.069421925381498
2002-07-01,7.477044444444444,0.3322542401963129,-1.9016320179740895
2002-07-02,7.449926388888889,0.3316346568629795,-1.762894379085201
2002-07-03,7.401218055555555,0.24482230732594254,-1.5063736962148297
2002-07-04,7.345534722222222,0.11616522399260916,-1.6563666128814971
2002-07-05,7.287506944444444,0.022069471677794328,-2.991576416122238
2002-07-06,7.229997222222222,-0.1206328315629463,-3.4086977239926086
2002-07-07,7.172030555555555,-0.18902258850739087,-3.4310079670481635
2002-07-08,7.112399999999999,-0.2039141047110945,-3.665152561955571
2002-07-09,7.051729166666666,-0.27291434776665,-3.7058148189000155
2002-07-10,6.989791666666667,-0.3051572181370204,-3.4203011151963127
2002-07-11,6.9231638888888885,-0.2999337806370204,-3.3595634415852005
2002-07-12,6.851216666666666,-0.33445717184072404,-2.722759494825941
2002-07-13,6.778105555555555,-0.44370401211850197,-2.234068210103719
2002-07-14,6.705677777777778,-0.4828114426740575,-2.020199668437053
2002-07-15,6.633420833333333,-0.46414806304442785,-1.6502727702889042
2002-07-16,6.561323611111111,-0.5173540352666499,-1.2559695758444607
2002-07-17,6.489013888888889,-0.4947984681370205,-0.6605487540852013
2002-07-18,6.4169125000000005,-0.5233943940629464,-0.4915181059370539
2002-07-19,6.3459055555555555,-0.5328582945259094,-0.4150472610296455
2002-07-20,6.275515277777777,-0.4915492435999834,-0.419966034177793
2002-07-21,6.202977777777777,-0.41680228758146504,-0.22417549019631172
2002-07-22,6.120869444444445,-0.4217763385073909,-0.13709310593705354
2002-07-23,6.033184722222222,-0.46663122276665014,-0.07388683278890429
2002-07-24,5.948616666666667,-0.4026943130444278,-0.23525568695557308
2002-07-25,5.8651374999999994,-0.3639181787851685,-0.132552654548164
2002-07-26,5.775231944444444,-0.3776845560999835,-0.022214055011126943
2002-07-27,5.679201388888889,-0.3483911764703538,-0.7754768790852009
2002-07-28,5.583758333333334,-0.2895741162851687,-0.8608508837148315
2002-07-29,5.488663888888889,-0.31731783156294635,-0.7320127239926084
2002-07-30,5.395838888888889,-0.2966407135073909,-0.33686484204816486
2002-07-31,5.319818055555556,-0.29173550517405755,-0.03341588371483062
2002-08-01,5.273829166666667,-0.23469192878516856,0.24952942878516818
2002-08-02,5.247386111111111,-0.14897896582220566,-0.02307381195557151
2002-08-03,5.2241430555555555,-0.06844585239627972,0.2889694635073908
2002-08-04,5.1914625,-0.01862322508146481,-0.14150594158520186
2002-08-05,5.145676388888889,-0.03530623434072408,-0.32803682121483024
2002-08-06,5.095494444444444,-0.029864046840724114,0.013036269062946672
2002-08-07,5.046204166666667,-0.06775380378516854,0.19054963711850242
2002-08-08,4.996548611111111,0.03105302233589053,0.1460650332196653
2002-08-09,4.945438888888889,0.0305050310594902,0.1097227467182883
2002-08-10,4.892951388888889,0.03686623399796589,1.446515710446479
2002-08-11,4.839855555555555,0.06685749891991248,1.7782869455245327
2002-08-12,4.787455555555556,0.08326047183084001,1.534950639280271
2002-08-13,4.735606944444445,0.11941637173901258,1.448310017149876
2002-08-14,4.684175,0.1470528386811614,1.1257721613188405
2002-08-15,4.632697222222223,0.18256469588960944,0.8117380818881681
2002-08-16,4.581419444444444,0.18891858707418244,0.31099530181470747
2002-08-17,4.531045833333334,0.17629473491623948,0.30565943175042765
2002-08-18,4.485180555555556,0.15251257238180407,0.3753068720626408
2002-08-19,4.443811111111112,0.07848643601816786,0.49070245287072134
2002-08-20,4.402848611111112,-0.0004612682977183022,0.9256126571866079
2002-08-21,4.368719444444445,0.040701587533319324,1.0239123013555698
2002-08-22,4.340945833333334,0.04912748285012372,1.0542600171498755
2002-08-23,4.310411111111112,0.025421261546175113,1.1278342940093808
2002-08-24,4.279827777777778,0.020818678901546983,1.1153535433206752
2002-08-25,4.257818055555556,-0.02905082293500033,1.215566100712778
2002-08-26,4.239748611111111,-0.05023497123619397,1.3464863601250838
2002-08-27,4.217895833333333,-0.09321372467972029,1.502984558013054
2002-08-28,4.194797222222223,-0.09599717279725936,1.5671999505750365
2002-08-29,4.171618055555555,-0.05596561861911424,1.2483475630635597
2002-08-30,4.147665277777778,-0.036045669124164875,0.927047058013055
2002-08-31,4.122488888888888,-0.05386257683766328,0.7743736879487757
2002-09-01,4.096345833333333,-0.1373418008964328,0.9699959675631006
2002-09-02,4.071181944444445,-0.1732937866631913,0.6651118422187482
2002-09-03,4.057783333333333,-0.1762693720626403,0.7504860387293077
2002-09-04,4.060201388888888,-0.12374578390837038,0.6358777283528159
2002-09-05,4.071187500000001,-0.15041892440423824,0.3778980910709042
2002-09-06,4.085677777777779,-0.1636749390966165,0.28733049465217214
2002-09-07,4.101318055555556,-0.14779169759064778,0.22047364203509243
2002-09-08,4.119273611111112,-0.09885666545107002,-0.0770836123267074
2002-09-09,4.138779166666668,-0.06195531099744281,-1.0651571890025575
2002-09-10,4.157581944444445,-0.08742179400938063,-1.8338268171017302
2002-09-11,4.175816666666667,-0.14205875452361366,-1.8174245788097194
2002-09-12,4.193954166666667,-0.1620991356071766,-1.8115216977261563
2002-09-13,4.210470833333334,-0.16617248271461468,-1.8239650172853852
2002-09-14,4.225008333333333,-0.15237648868339332,-1.852298511316606
2002-09-15,4.248008333333333,-0.1598384377192059,-1.867836562280793
2002-09-16,4.293241666666667,-0.17182070355942644,-1.9010876297739066
2002-09-17,4.3621083333333335,-0.1790689703179204,-1.962706029682079
2002-09-18,4.441061111111111,-0.134339849564936,-2.085054594879508
2002-09-19,4.5213527777777776,-0.09532976003325565,-2.6783563510778547
2002-09-20,4.603522222222223,-0.05826592853646957,-2.725256293685753
2002-09-21,4.686261111111111,-0.014703061227011285,-2.659891383217433
2002-09-22,4.773088888888889,-0.04287351577246585,-2.3575487064497564
2002-09-23,4.863391666666667,0.022996169718810612,-1.879054503052144
2002-09-24,4.953577777777777,0.06259709947087659,-1.7088415439153204
2002-09-25,5.0507736111111114,0.10803479460402632,-1.7778084057151375
2002-09-26,5.162830555555557,0.11858051315315392,-1.8317444020420437
2002-09-27,5.285645833333334,0.11405079552230005,-1.9753632955222995
2002-09-28,5.410175000000001,0.026241635742685704,-2.0347499690760196
2002-09-29,5.5355375,-0.00823790971185972,-2.21529959028814
2002-09-30,5.663340277777779,-0.045008949656763206,-2.515664661454349
2002-10-01,5.792856944444445,0.04795500810264902,-2.8244786192137603
2002-10-02,5.922098611111112,0.12849352968207972,-3.0925921407931916
2002-10-03,6.0482763888888895,0.17538977623855362,-3.3913328317941094
2002-10-04,6.171083333333334,0.27971549937904944,-3.6587988327123826
2002-10-05,6.288459722222223,0.3635488212339622,-3.837675210122852
2002-10-06,6.401133333333334,0.4040260939612349,-3.6291594272945686
2002-10-07,6.512831944444445,0.3788453891862119,-3.7593440002973226
2002-10-08,6.622455555555557,0.37963133510372027,-3.8770868906592764
2002-10-09,6.724579166666667,0.33544477260372035,-4.259690605937053
2002-10-10,6.817620833333335,0.3643367749185351,-4.252290941585202
2002-10-11,6.906662500000001,0.514807388344461,-4.453469888344461
2002-10-12,6.995109722222223,0.5376305827889055,-4.4724069716777946
2002-10-13,7.084915277777779,0.4949600272333499,-4.481875305011129
2002-10-14,7.176923611111112,0.49662098788149794,-4.5332112656592765
2002-10-15,7.260540277777778,0.47570971473334994,-4.589916659177795
2002-10-16,7.32155,0.5283973073259426,-4.582280640659276
2002-10-17,7.356838888888889,0.5651246105666834,-3.7186301661222387
2002-10-18,7.3816500000000005,0.5455026776963129,-3.5534860110296465
2002-10-19,7.404237500000001,0.5103209184370536,-3.5758917517703868
2002-10-20,7.422273611111111,0.43731462214075734,-3.697921566585201
2002-10-21,7.439176388888889,0.42783646241853507,-3.8040128513074243
2002-10-22,7.453329166666666,0.41578625408520165,-4.172115420751867
2002-10-23,7.4659361111111116,0.3136183952889055,-4.523554506400016
2002-10-24,7.478790277777778,0.33642587214075753,-4.848882816585202
2002-10-25,7.486000000000001,0.28234751565927585,-4.647014182325942
2002-10-26,7.480359722222223,0.2558598420481646,-4.777219564270387
2002-10-27,7.464144444444445,0.29264128880742396,-4.814119066585201
2002-10-28,7.446544444444444,0.32368025871483147,-4.828224703159274
2002-10-29,7.431097222222222,0.3322542401963129,-4.821351462418535
2002-10-30,7.415702777777778,0.3316346568629795,-4.805337434640757
2002-10-31,7.399718055555556,0.24482230732594254,-4.702540362881497
2002-11-01,7.385745833333333,0.11616522399260916,-4.538244390659275
2002-11-02,7.373095833333334,0.022069471677794328,-3.4511653050111275
2002-11-03,7.360773611111111,-0.1206328315629463,-2.5851407795481647
2002-11-04,7.350862500000001,-0.18902258850739087,-1.9275065781592753
2002-11-05,7.344313888888889,-0.2039141047110945,-2.101733117511127
2002-11-06,7.340020833333334,-0.27291434776665,-2.0357731522333493
2002-11-07,7.33721388888889,-0.3051572181370204,-1.4167233374185346
2002-11-08,7.339475,-0.2999337806370204,-1.4455412193629795
2002-11-09,7.348841666666667,-0.33445717184072404,-1.0380511614926091
2002-11-10,7.3614805555555565,-0.44370401211850197,-0.6234432101037212
2002-11-11,7.374251388888889,-0.4828114426740575,-0.5297732795481644
2002-11-12,7.386952777777778,-0.46414806304442785,-0.5988047147333495
2002-11-13,7.399518055555556,-0.5173540352666499,-0.41016402028890586
2002-11-14,7.413054166666667,-0.4947984681370205,2.2514109681370216
2002-11-15,7.427434722222223,-0.5233943940629464,5.517959671840724
2002-11-16,7.439527777777778,-0.5328582945259094,7.999330516748134
2002-11-17,7.447558333333333,-0.4915492435999834,7.8486575769333164
2002-11-18,7.4555291666666665,-0.41680228758146504,8.352606454248132
2002-11-19,7.465058333333333,-0.4217763385073909,8.410051338507392
2002-11-20,7.4734194444444455,-0.46663122276665014,8.451878444988873
2002-11-21,7.478522222222223,-0.4026943130444278,9.107505424155539
2002-11-22,7.478726388888889,-0.3639181787851685,9.053858456562946
2002-11-23,7.475513888888889,-0.3776845560999835,9.122170667211098
2002-11-24,7.474133333333334,-0.3483911764703538,9.911924509803686
2002-11-25,7.476100000000001,-0.2895741162851687,11.658140782951836
2002-11-26,7.478706944444445,-0.31731783156294635,12.342277553785172
2002-11-27,7.481540277777778,-0.2966407135073909,12.400100435729613
2002-11-28,7.4842125,-0.29173550517405755,13.066523005174062
2002-11-29,7.4884611111111115,-0.23469192878516856,13.443230817674062
2002-11-30,7.496959722222222,-0.14897896582220566,13.403019243599985
2002-12-01,7.50835,-0.06844585239627972,13.34709585239628
2002-12-02,7.520991666666667,-0.01862322508146481,12.469298225081465
2002-12-03,7.533504166666667,-0.03530623434072408,11.817468734340727
2002-12-04,7.544925,-0.029864046840724114,11.20060571350739
2002-12-05,7.557254166666667,-0.06775380378516854,11.084166303785166
2002-12-06,7.574938888888889,0.03105302233589053,10.970674755441884
2002-12-07,7.600005555555556,0.0305050310594902,10.361822746718286
2002-12-08,7.6308125,0.03686623399796589,10.311654599335366
2002-12-09,7.663652777777779,0.06685749891991248,9.681489723302308
2002-12-10,7.695843055555557,0.08326047183084001,9.269563139280269
2002-12-11,7.7274125,0.11941637173901258,9.040837794927656
2002-12-12,7.758322222222223,0.1470528386811614,9.020624939096617
2002-12-13,7.788856944444445,0.18256469588960944,8.768578359665943
2002-12-14,7.818201388888889,0.18891858707418244,6.0292133573702635
2002-12-15,7.846013888888889,0.17629473491623948,2.678024709528205
2002-12-16,7.869409722222223,0.15251257238180407,-0.22692229460402583
2002-12-17,7.888194444444444,0.07848643601816786,0.21898578620405584
2002-12-18,7.906541666666667,-0.0004612682977183022,-0.329747065035614
2002-12-19,7.925901388888889,0.040701587533319324,-0.45293630975554156
2002-12-20,7.9464097222222225,0.04912748285012372,-0.5748705384056797
2002-12-21,7.968743055555555,0.025421261546175113,-1.1101643171017295
2002-12-22,7.992820833333333,0.020818678901546983,-0.9923061789015464
2002-12-23,8.018095833333334,-0.02905082293500033,-1.065045010398332
2002-12-24,8.040540277777778,-0.05023497123619397,-2.203638639874917
2002-12-25,8.058890277777778,-0.09321372467972029,-3.942343219764723
2002-12-26,8.076911111111112,-0.09599717279725936,-4.602247271647185
2002-12-27,8.09436388888889,-0.05596561861911424,-4.61106493693644
2002-12-28,8.1097625,-0.036045669124164875,-4.805716830875835
2002-12-29,8.122315277777778,-0.05386257683766328,-5.149452700940114
2002-12-30,8.130847222222222,-0.1373418008964328,-4.976838754659122
2002-12-31,8.13571388888889,-0.1732937866631913,-4.840420102225699
2003-01-01,8.135752777777778,-0.1762693720626403,-4.922483405715138
2003-01-02,8.128891666666668,-0.12374578390837038,-4.7951458827582965
2003-01-03,8.116258333333334,-0.15041892440423824,-4.683506075595762
2003-01-04,8.0974625,-0.1636749390966165,-4.279787560903383
2003-01-05,8.071633333333335,-0.14779169759064778,-4.224841635742687
2003-01-06,8.036495833333333,-0.09885666545107002,-4.192972501215596
2003-01-07,7.994431944444445,-0.06195531099744281,-4.179476633447002
2003-01-08,7.949606944444445,-0.08742179400938063,-4.119185150435063
2003-01-09,7.9018125,-0.14205875452361366,-4.016753745476386
2003-01-10,7.8524125,-0.1620991356071766,-3.9316466977261566
2003-01-11,7.803850000000001,-0.16617248271461468,-3.907344183952052
2003-01-12,7.755788888888889,-0.15237648868339332,-3.8774124002054946
2003-01-13,7.695870833333334,-0.1598384377192059,-3.572699062280795
2003-01-14,7.61116388888889,-0.17182070355942644,-3.5106765186627964
2003-01-15,7.502558333333335,-0.1790689703179204,-3.909156029682081
2003-01-16,7.384020833333334,-0.134339849564936,-4.294680983768398
2003-01-17,7.2633277777777785,-0.09532976003325565,-4.24066468441119
2003-01-18,7.139802777777779,-0.05826592853646957,-4.154203515907975
2003-01-19,7.015997222222223,-0.014703061227011285,-4.090294160995212
2003-01-20,6.889150000000001,-0.04287351577246585,-4.148276484227535
2003-01-21,6.759344444444444,0.022996169718810612,-4.051340614163254
2003-01-22,6.629386111111112,0.06259709947087659,-3.879316543915321
2003-01-23,6.495806944444445,0.10803479460402632,-3.059508405715138
2003-01-24,6.351291666666667,0.11858051315315392,-2.7115388464864867
2003-01-25,6.196501388888889,0.11405079552230005,-2.569218851077855
2003-01-26,6.038626388888889,0.026241635742685704,-2.3002013579649074
2003-01-27,5.877604166666667,-0.00823790971185972,-2.2790329236214735
2003-01-28,5.7119486111111115,-0.045008949656763206,-1.822939661454348
2003-01-29,5.544251388888889,0.04795500810264902,-1.2775397303248714
2003-01-30,5.3764,0.12849352968207972,-1.1115601963487465
2003-01-31,5.211658333333333,0.17538977623855362,-0.9560481095718869
2003-02-01,5.055098611111111,0.27971549937904944,-1.138480777156827
2003-02-02,4.906523611111111,0.3635488212339622,-1.1190724323450725
2003-02-03,4.761390277777778,0.4040260939612349,-0.36708303840567924
2003-02-04,4.616516666666667,0.3788453891862119,0.7589712774804557
2003-02-05,4.47458611111111,0.37963133510372027,1.6647825537851708
2003-02-06,4.336069444444444,0.33544477260372035,2.1284857829518353
2003-02-07,4.200059722222223,0.3643367749185351,2.2472701695259083
2003-02-08,4.068229166666667,0.514807388344461,2.228630111655539
2003-02-09,3.939322222222222,0.5376305827889055,2.316380528322206
2003-02-10,3.810406944444445,0.4949600272333499,2.4779663616555383
2003-02-11,3.6812208333333336,0.49662098788149794,2.6054915121185016
2003-02-12,3.5641500000000006,0.47570971473334994,2.5061402852666497
2003-02-13,3.4722416666666676,0.5283973073259426,2.542361026007391
2003-02-14,3.4063402777777787,0.5651246105666834,2.571535111655539
2003-02-15,3.3509208333333342,0.5455026776963129,2.6459098223036865
2003-02-16,3.2964125000000006,0.5103209184370536,2.76659991489628
2003-02-17,3.2447041666666676,0.43731462214075734,2.891314544525909
2003-02-18,3.1943430555555565,0.42783646241853507,2.9511538153592425
2003-02-19,3.147409722222223,0.41578625408520165,2.9834706903592423
2003-02-20,3.1032277777777786,0.3136183952889055,2.7681538269333164
2003-02-21,3.059881944444445,0.33642587214075753,2.7070255167481316
2003-02-22,3.0217069444444453,0.28234751565927585,2.0669455398962793
2003-02-23,2.995623611111112,0.2558598420481646,1.8618498801740566
2003-02-24,2.979577777777779,0.29264128880742396,1.8411142667481304
2003-02-25,2.9668513888888897,0.32368025871483147,1.6694683523962788
2003-02-26,2.955420833333334,0.3322542401963129,1.3319915931370194
2003-02-27,2.946120833333334,0.3316346568629795,0.9992445098036866
2003-02-28,2.9381652777777783,0.24482230732594254,0.47167908156294613
2003-03-01,2.933337500000001,0.11616522399260916,0.3694972760073901
2003-03-02,2.931643055555556,0.022069471677794328,0.54428747276665
2003-03-03,2.9279486111111117,-0.1206328315629463,0.6470175537851681
2003-03-04,2.921718055555556,-0.18902258850739087,0.6703045329518353
2003-03-05,2.9132888888888897,-0.2039141047110945,-0.3503747841777948
2003-03-06,2.9027888888888898,-0.27291434776665,-1.1178745411222393
2003-03-07,2.890736111111112,-0.3051572181370204,-1.8839122263074244
2003-03-08,2.877533333333334,-0.2999337806370204,-2.1652662193629797
2003-03-09,2.8642625000000006,-0.33445717184072404,-2.1298053281592764
2003-03-10,2.8527638888888895,-0.44370401211850197,-2.009059876770387
2003-03-11,2.8427458333333337,-0.4828114426740575,-1.9599343906592759
2003-03-12,2.8330736111111117,-0.46414806304442785,-1.7382588814000164
2003-03-13,2.824033333333334,-0.5173540352666499,-1.676012631400017
2003-03-14,2.8148194444444448,-0.4947984681370205,-1.6893543096407568
2003-03-15,2.8058972222222227,-0.5233943940629464,-1.6511694948259423
2003-03-16,2.7996250000000003,-0.5328582945259094,-1.6354333721407568
2003-03-17,2.7974055555555557,-0.4915492435999834,-1.6755229786222388
2003-03-18,2.7972222222222225,-0.41680228758146504,-1.7810866013074236
2003-03-19,2.7971611111111114,-0.4217763385073909,-1.7760514392703866
2003-03-20,2.797752777777778,-0.46663122276665014,-1.7317882216777942
2003-03-21,2.8008958333333336,-0.4026943130444278,-1.7988681869555718
2003-03-22,2.8053694444444446,-0.3639181787851685,-1.8421179323259422
2003-03-23,2.810377777777778,-0.3776845560999835,-1.8333598883444606
2003-03-24,2.8134347222222225,-0.3483911764703538,-1.8657102124185347
2003-03-25,2.812565277777778,-0.2895741162851687,-1.9236578281592753
2003-03-26,2.8114055555555555,-0.31731783156294635,-1.8947543906592752
2003-03-27,2.8103805555555557,-0.2966407135073909,-1.9144065087148308
2003-03-28,2.8096666666666668,-0.29173550517405755,-1.9185978281592753
2003-03-29,2.8087944444444446,-0.23469192878516856,-1.9747691823259421
2003-03-30,2.8048625000000005,-0.14897896582220566,-2.054550200844461
2003-03-31,2.7946597222222227,-0.06844585239627972,-2.073880536492609
2003-04-01,2.780315277777778,-0.01862322508146481,-2.1933587193629793
2003-04-02,2.766101388888889,-0.03530623434072408,-1.5861284878814979
2003-04-03,2.7524180555555557,-0.029864046840724114,-1.4938873420481646
2003-04-04,2.7365000000000004,-0.06775380378516854,-1.4400795295481648
2003-04-05,2.713977777777778,0.03105302233589053,-1.593030800113668
2003-04-06,2.6843083333333335,0.0305050310594902,-1.3611466977261566
2003-04-07,2.6504319444444446,0.03686623399796589,-1.3132981784424103
2003-04-08,2.6170444444444447,0.06685749891991248,-1.3089019433643567
2003-04-09,2.5841333333333334,0.08326047183084001,-1.2210604718308395
2003-04-10,2.5499791666666667,0.11941637173901258,-1.1170622050723455
2003-04-11,2.5152111111111113,0.1470528386811614,-1.3405972831256057
2003-04-12,2.4799138888888894,0.18256469588960944,-1.3228119181118319
2003-04-13,2.4448277777777783,0.18891858707418244,-1.2940796981852938
2003-04-14,2.409701388888889,0.17629473491623948,-1.2469961238051281
2003-04-15,2.375318055555556,0.15251257238180407,-1.1878306279373598
2003-04-16,2.3423388888888894,0.07848643601816786,-1.0808253249070567
2003-04-17,2.309530555555556,-0.0004612682977183022,-0.969069287257837
2003-04-18,2.2772861111111116,0.040701587533319324,-0.9779876986444304
2003-04-19,2.2445263888888896,0.04912748285012372,-0.7859872050723459
2003-04-20,2.209545833333334,0.025421261546175113,-0.7019670948795087
2003-04-21,2.174515277777778,0.020818678901546983,-0.4266672900126578
2003-04-22,2.1393166666666668,-0.02905082293500033,-0.33659917706499926
2003-04-23,2.1060458333333334,-0.05023497123619397,-0.28081086209713885
2003-04-24,2.0768861111111114,-0.09321372467972029,-0.20867238643139058
2003-04-25,2.048273611111111,-0.09599717279725936,-0.17627643831385123
2003-04-26,2.0204472222222227,-0.05596561861911424,0.011185063063558862
2003-04-27,1.9962986111111114,-0.036045669124164875,0.016080391346387196
2003-04-28,1.9758250000000004,-0.05386257683766328,0.05670424350432991
2003-04-29,1.9593027777777783,-0.1373418008964328,0.2257056897853217
2003-04-30,1.946294444444445,-0.1732937866631913,1.15933267555208
2003-05-01,1.9336888888888895,-0.1762693720626403,1.0625804831737515
2003-05-02,1.923505555555556,-0.12374578390837038,0.7405735616861482
2003-05-03,1.916243055555556,-0.15041892440423824,0.6908425355153496
2003-05-04,1.9137750000000007,-0.1636749390966165,0.7065666057632833
2003-05-05,1.9198902777777782,-0.14779169759064778,0.6042347531462037
2003-05-06,1.933191666666667,-0.09885666545107002,0.3403316654510699
2003-05-07,1.9509250000000005,-0.06195531099744281,0.26536364433077597
2003-05-08,1.9681944444444448,-0.08742179400938063,0.27589401623160303
2003-05-09,1.9829597222222228,-0.14205875452361366,0.7287656989680582
2003-05-10,1.9967597222222229,-0.1620991356071766,0.6930060800516209
2003-05-11,2.009595833333334,-0.16617248271461468,0.7965766493812814
2003-05-12,2.0214708333333338,-0.15237648868339332,0.777572322016727
2003-05-13,2.0332513888888895,-0.1598384377192059,0.9579203821636502
2003-05-14,2.044934722222223,-0.17182070355942644,1.0462193146705372
2003-05-15,2.055533333333334,-0.1790689703179204,1.0418689703179205
2003-05-16,2.0662388888888894,-0.134339849564936,0.9864342940093804
2003-05-17,2.0793375000000003,-0.09532976003325565,0.9359922600332558
2003-05-18,2.092968055555556,-0.05826592853646957,0.8852978729809139
2003-05-19,2.105858333333334,-0.014703061227011285,0.9691780612270112
2003-05-20,2.118680555555556,-0.04287351577246585,1.2271929602169096
2003-05-21,2.1315027777777784,0.022996169718810612,1.045167719170078
2003-05-22,2.148491666666667,0.06259709947087659,1.3349112338624565
2003-05-23,2.1714513888888893,0.10803479460402632,1.2651804831737514
2003-05-24,2.1963500000000007,0.11858051315315392,1.2344028201801795
2003-05-25,2.2228055555555564,0.11405079552230005,1.3351436489221438
2003-05-26,2.249541666666667,0.026241635742685704,1.3122166975906477
2003-05-27,2.274140277777778,-0.00823790971185972,1.3297642986007483
2003-05-28,2.3024875000000007,-0.045008949656763206,1.3718547829900962
2003-05-29,2.3354347222222227,0.04795500810264902,1.2022769363417953
2003-05-30,2.3680250000000003,0.12849352968207972,0.17714813698458753
2003-05-31,2.4012430555555557,0.17538977623855362,0.13136716820589084
2003-06-01,2.4297708333333334,0.27971549937904944,-0.20148633271238242
2003-06-02,2.452390277777778,0.3635488212339622,-0.26060576567840626
2003-06-03,2.4741541666666667,0.4040260939612349,-0.3045135939612341
2003-06-04,2.495456944444445,0.3788453891862119,-0.3006356669639897
2003-06-05,2.5159361111111114,0.37963133510372027,-0.316567446214831
2003-06-06,2.535493055555556,0.33544477260372035,-0.2612711614926088
2003-06-07,2.5549694444444446,0.3643367749185351,0.06969378063702059
2003-06-08,2.5741500000000004,0.514807388344461,-0.3532907216777945
2003-06-09,2.5925916666666673,0.5376305827889055,-0.45788891612223936
2003-06-10,2.6115527777777783,0.4949600272333499,-0.5465128050111276
2003-06-11,2.6314,0.49662098788149794,-0.5926876545481647
2003-06-12,2.6511722222222227,0.47570971473334994,-0.7535486036222387
2003-06-13,2.670947222222223,0.5283973073259426,-0.9140111962148315
2003-06-14,2.6907263888888893,0.5651246105666834,-0.7071843327889056
2003-06-15,2.709813888888889,0.5455026776963129,-0.6336498999185346
2003-06-16,2.727379166666667,0.5103209184370536,-0.6177000851037202
2003-06-17,2.7455236111111114,0.43731462214075734,-0.39483823325186806
2003-06-18,2.7660875000000003,0.42783646241853507,-0.6975906290852021
2003-06-19,2.7884527777777786,0.41578625408520165,-0.9759056985296467
2003-06-20,2.8106333333333335,0.3136183952889055,-1.0282517286222386
2003-06-21,2.8279902777777783,0.33642587214075753,-1.4197494832518687
2003-06-22,2.8397416666666673,0.28234751565927585,-1.3774225156592759
2003-06-23,2.8495958333333338,0.2558598420481646,-1.3641223420481645
2003-06-24,2.857880555555556,0.29264128880742396,-1.532188511029646
2003-06-25,2.8659736111111114,0.32368025871483147,-1.4129872031592758
2003-06-26,2.8753138888888894,0.3322542401963129,-1.2002347957518684
2003-06-27,2.8798916666666674,0.3316346568629795,-1.23585965686298
2003-06-28,2.8793694444444444,0.24482230732594254,-1.13352508510372
2003-06-29,2.8762125000000003,0.11616522399260916,-1.031377723992609
2003-06-30,2.872229166666667,0.022069471677794328,-0.9636319716777941
2003-07-01,2.8720000000000008,-0.1206328315629463,-0.17370050177038748
2003-07-02,2.874736111111112,-0.18902258850739087,-0.14904685593705344
2003-07-03,2.8784111111111113,-0.2039141047110945,-0.0414970064000163
2003-07-04,2.8826680555555555,-0.27291434776665,0.09591295887776163
2003-07-05,2.8881000000000006,-0.3051572181370204,0.11739055147035377
2003-07-06,2.894454166666667,-0.2999337806370204,0.07514628063701984
2003-07-07,2.9008736111111113,-0.33445717184072404,-0.27908310593705316
2003-07-08,2.905581944444445,-0.44370401211850197,-0.4055445989926093
2003-07-09,2.911343055555556,-0.4828114426740575,-0.3728649462148319
2003-07-10,2.9200847222222226,-0.46414806304442785,-0.400269992511128
2003-07-11,2.9300055555555558,-0.5173540352666499,-0.3569848536222391
2003-07-12,2.940281944444445,-0.4947984681370205,-0.41248347630742416
2003-07-13,2.9507361111111114,-0.5233943940629464,-0.3943417170481647
2003-07-14,2.961941666666667,-0.5328582945259094,-0.6557500388074241
2003-07-15,2.972715277777778,-0.4915492435999834,-0.42349936751112727
2003-07-16,2.9828208333333337,-0.41680228758146504,-0.2503518790852017
2003-07-17,2.9912375000000004,-0.4217763385073909,-0.4151278281592759
2003-07-18,2.9959236111111114,-0.46663122276665014,-0.3912923883444609
2003-07-19,2.996408333333334,-0.4026943130444278,-0.45571402028890584
2003-07-20,2.995409722222223,-0.3639181787851685,-0.49349154343705404
2003-07-21,2.9930527777777782,-0.3776845560999835,0.5226317783222056
2003-07-22,2.988866666666667,-0.3483911764703538,0.930524509803687
2003-07-23,2.984613888888889,-0.2895741162851687,0.9082935607296131
2003-07-24,2.9798736111111115,-0.31731783156294635,1.2821108871185023
2003-07-25,2.9741194444444448,-0.2966407135073909,0.9931879357296136
2003-07-26,2.967818055555556,-0.29173550517405755,0.7555841162851686
2003-07-27,2.9613750000000003,-0.23469192878516856,1.8436502621185022
2003-07-28,2.9549736111111113,-0.14897896582220566,1.7316720213777608
2003-07-29,2.9511847222222225,-0.06844585239627972,1.6549277968407237
2003-07-30,2.948515277777778,-0.01862322508146481,1.7254412806370198
2003-07-31,2.9444500000000002,-0.03530623434072408,0.9951895676740575
2003-08-01,2.9398972222222226,-0.029864046840724114,0.9876334912851688
2003-08-02,2.9351013888888895,-0.06775380378516854,0.9156524148962799
2003-08-03,2.930483333333334,0.03105302233589053,0.7487969776641091
2003-08-04,2.9274777777777783,0.0305050310594902,0.7523505244960652
2003-08-05,2.9279111111111114,0.03686623399796589,0.7462226548909231
2003-08-06,2.930534722222223,0.06685749891991248,0.7149411121911979
2003-08-07,2.9345541666666675,0.08326047183084001,0.694518694835826
2003-08-08,2.941994444444445,0.11941637173901258,0.6509225171498759
2003-08-09,2.953581944444445,0.1470528386811614,0.611698550207727
2003-08-10,2.9669638888888894,0.18256469588960944,0.5628047485548346
2003-08-11,2.98086388888889,0.18891858707418244,0.5425508573702612
2003-08-12,2.9944958333333336,0.17629473491623948,0.5415427650837604
2003-08-13,3.0062625000000005,0.15251257238180407,0.5548915942848626
2003-08-14,3.0162472222222227,0.07848643601816786,0.4525996750929433
2003-08-15,3.025554166666667,-0.0004612682977183022,0.32324043496438515
2003-08-16,3.034168055555556,0.040701587533319324,0.6114636902444589
2003-08-17,3.0432972222222228,0.04912748285012372,1.00424196159432
2003-08-18,3.054758333333334,0.025421261546175113,1.2314870717871584
2003-08-19,3.0678875000000003,0.020818678901546983,1.2246271544317862
2003-08-20,3.0832486111111113,-0.02905082293500033,0.34046887849055624
2003-08-21,3.1007625,-0.05023497123619397,-0.07619419543047218
2003-08-22,3.1193541666666667,-0.09321372467972029,-0.08547377532027937
2003-08-23,3.139029166666667,-0.09599717279725936,-0.4443653272027407
2003-08-24,3.1592430555555557,-0.05596561861911424,-0.007944103603107558
2003-08-25,3.1786763888888894,-0.036045669124164875,-0.04429738643139089
2003-08-26,3.1974000000000005,-0.05386257683766328,-1.1882040898290032
2003-08-27,3.216193055555556,-0.1373418008964328,-1.1331845879924556
2003-08-28,3.235038888888889,-0.1732937866631913,-0.7850784355590309
2003-08-29,3.2537763888888893,-0.1762693720626403,-0.5578403501595819
2003-08-30,3.2696750000000003,-0.12374578390837038,-0.3602625494249628
2003-08-31,3.2833138888888893,-0.15041892440423824,-0.26489496448465033
2003-09-01,3.3067680555555556,-0.1636749390966165,-0.2157597831256049
2003-09-02,3.3419194444444447,-0.14779169759064778,-0.2667944135204626
2003-09-03,3.377715277777778,-0.09885666545107002,-0.35152527899337366
2003-09-04,3.4100736111111116,-0.06195531099744281,-0.42145163344700165
2003-09-05,3.440254166666667,-0.08742179400938063,-0.42783237265728613
2003-09-06,3.471044444444445,-0.14205875452361366,-0.39765235658749737
2003-09-07,3.4983722222222227,-0.1620991356071766,0.212393580051621
2003-09-08,3.5195875000000005,-0.16617248271461468,0.36358498271461426
2003-09-09,3.539052777777778,-0.15237648868339332,0.5639903775722825
2003-09-10,3.5585652777777783,-0.1598384377192059,0.594939826608095
2003-09-11,3.578168055555556,-0.17182070355942644,0.8596526480038714
2003-09-12,3.598852777777778,-0.1790689703179204,0.8412161925401425
2003-09-13,3.620455555555556,-0.134339849564936,0.6752176273427142
2003-09-14,3.6409972222222224,-0.09532976003325565,0.5566658711443673
2003-09-15,3.661313888888889,-0.05826592853646957,0.15461870631424773
2003-09-16,3.6823708333333336,-0.014703061227011285,-0.3203344387729886
2003-09-17,3.7040930555555556,-0.04287351577246585,-0.5288862064497558
2003-09-18,3.7264902777777777,0.022996169718810612,-0.618819780829921
2003-09-19,3.7445819444444446,0.06259709947087659,-0.757845710581987
2003-09-20,3.756013888888889,0.10803479460402632,-0.8273820168262478
2003-09-21,3.7644430555555557,0.11858051315315392,-0.8463569020420421
2003-09-22,3.771016666666667,0.11405079552230005,-0.8380674621889661
2003-09-23,3.776518055555556,0.026241635742685704,-0.9707596912982414
2003-09-24,3.783322222222222,-0.00823790971185972,-0.9357509791770287
2003-09-25,3.787265277777778,-0.045008949656763206,-0.9029229947876813
2003-09-26,3.787630555555556,0.04795500810264902,-0.9962522303248711
2003-09-27,3.7888027777777777,0.12849352968207972,-1.4066296407931902
2003-09-28,3.7965083333333336,0.17538977623855362,-1.7415647762385535
2003-09-29,3.8143416666666665,0.27971549937904944,-2.084057166045716
2003-09-30,3.835752777777778,0.3635488212339622,-2.238634932345073
2003-10-01,3.847181944444445,0.4040260939612349,-2.233874705072346
2003-10-02,3.8479263888888893,0.3788453891862119,-2.205105111408434
2003-10-03,3.8490472222222225,0.37963133510372027,-1.8190118906592758
2003-10-04,3.8518027777777784,0.33544477260372035,-1.3042475503814983
2003-10-05,3.854916666666667,0.3643367749185351,-0.8739201082518682
2003-10-06,3.8581263888888895,0.514807388344461,-1.0289337772333502
2003-10-07,3.8610638888888893,0.5376305827889055,-0.549027805011128
2003-10-08,3.8634333333333335,0.4949600272333499,-0.19472669390001568
2003-10-09,3.864659722222222,0.49662098788149794,-0.2179473767703865
2003-10-10,3.865040277777778,0.47570971473334994,-0.23941665917779437
2003-10-11,3.8654555555555556,0.5283973073259426,-0.564852862881498
2003-10-12,3.8659,0.5651246105666834,-0.6020246105666831
2003-10-13,3.8660111111111113,0.5455026776963129,-0.673847122140757
2003-10-14,3.866823611111111,0.5103209184370536,-0.6394778628814977
2003-10-15,3.868961111111111,0.43731462214075734,-0.5686090665852013
2003-10-16,3.872655555555556,0.42783646241853507,-0.5628253513074242
2003-10-17,3.876201388888889,0.41578625408520165,-0.5543209763074236
2003-10-18,3.878252777777778,0.3136183952889055,-0.45420450640001636
2003-10-19,3.8840472222222227,0.33642587214075753,-0.430806427696313
2003-10-20,3.8954208333333336,0.28234751565927585,-0.27476834899260894
2003-10-21,3.908743055555556,0.2558598420481646,-0.11960289760372067
2003-10-22,3.9247736111111116,0.29264128880742396,-0.18074823325186845
2003-10-23,3.9427847222222225,0.32368025871483147,-0.056798314270386896
2003-10-24,3.9598805555555554,0.3322542401963129,-0.05380146241853412
2003-10-25,3.980716666666667,0.3316346568629795,-0.07401799019631222
2003-10-26,4.005325,0.24482230732594254,-0.01181397399260839
2003-10-27,4.027922222222222,0.11616522399260916,0.09224588711850217
2003-10-28,4.041311111111112,0.022069471677794328,0.0889527505444278
2003-10-29,4.048397222222222,-0.1206328315629463,0.24390227600739162
2003-10-30,4.057780555555556,-0.18902258850739087,0.34724203295183464
2003-10-31,4.068268055555556,-0.2039141047110945,2.7183127158222056
2003-11-01,4.078025,-0.27291434776665,3.387222681099985
2003-11-02,4.086131944444444,-0.3051572181370204,3.023691940359243
2003-11-03,4.093176388888889,-0.2999337806370204,2.538090725081466
2003-11-04,4.099931944444444,-0.33445717184072404,2.1035252273962803
2003-11-05,4.106748611111112,-0.44370401211850197,2.201288734340724
2003-11-06,4.111563888888889,-0.4828114426740575,1.1775808871185023
2003-11-07,4.113577777777778,-0.46414806304442785,0.747236951933316
2003-11-08,4.113975,-0.5173540352666499,0.7897123685999847
2003-11-09,4.114093055555556,-0.4947984681370205,0.7660387459147988
2003-11-10,4.115816666666667,-0.5233943940629464,0.7929110607296135
2003-11-11,4.119472222222223,-0.5328582945259094,0.7987194056370209
2003-11-12,4.126708333333335,-0.4915492435999834,0.995174243599983
2003-11-13,4.139662500000002,-0.41680228758146504,0.9501397875814641
2003-11-14,4.161745833333335,-0.4217763385073909,0.9330305051740573
2003-11-15,4.190873611111112,-0.46663122276665014,0.9487576116555393
2003-11-16,4.223315277777779,-0.4026943130444278,0.9957123685999825
2003-11-17,4.258418055555556,-0.3639181787851685,0.9405001232296121
2003-11-18,4.295795833333334,-0.3776845560999835,0.86488872276665
2003-11-19,4.335904166666667,-0.3483911764703538,0.6821536764703535
2003-11-20,4.377852777777779,-0.2895741162851687,0.4393880051740565
2003-11-21,4.4245875,-0.31731783156294635,0.49073033156294676
2003-11-22,4.474220833333334,-0.2966407135073909,0.16008654684072438
2003-11-23,4.5228833333333345,-0.29173550517405755,0.1665188385073908
2003-11-24,4.571494444444445,-0.23469192878516856,0.21386415100739067
2003-11-25,4.621573611111112,-0.14897896582220566,0.17240535471109447
2003-11-26,4.674990277777779,-0.06844585239627972,0.10512224128516874
2003-11-27,4.731408333333334,-0.01862322508146481,1.617881558414799
2003-11-28,4.787516666666667,-0.03530623434072408,1.7567895676740575
2003-11-29,4.84140138888889,-0.029864046840724114,1.6201293246185013
2003-11-30,4.894681944444445,-0.06775380378516854,-0.8349281406592757
2003-12-01,4.947648611111112,0.03105302233589053,-1.2987016334470018
2003-12-02,4.997997222222223,0.0305050310594902,-1.0188355866150458
2003-12-03,5.044183333333335,0.03686623399796589,-1.0080495673313001
2003-12-04,5.086402777777778,0.06685749891991248,-1.0555936100310233
2003-12-05,5.126518055555556,0.08326047183084001,-1.1124451940530615
2003-12-06,5.163934722222223,0.11941637173901258,-1.2510177606279007
2003-12-07,5.1974583333333335,0.1470528386811614,-1.3835111720144946
2003-12-08,5.229694444444445,0.18256469588960944,-1.6542591403340536
2003-12-09,5.2622694444444456,0.18891858707418244,-1.6931880315186272
2003-12-10,5.295922222222223,0.17629473491623948,-1.705883623805128
2003-12-11,5.329550000000001,0.15251257238180407,-1.715729239048471
2003-12-12,5.361670833333334,0.07848643601816786,-1.9188239360181683
2003-12-13,5.391670833333334,-0.0004612682977183022,-1.8218762317022823
2003-12-14,5.413969444444445,0.040701587533319324,-1.47633769864443
2003-12-15,5.427694444444445,0.04912748285012372,-0.7854885939612347
2003-12-16,5.437656944444445,0.025421261546175113,-0.8950782059906195
2003-12-17,5.445777777777779,0.020818678901546983,-0.9172631233459916
2003-12-18,5.451752777777779,-0.02905082293500033,-0.8733686215094445
2003-12-19,5.454700000000001,-0.05023497123619397,-0.8551316954304726
2003-12-20,5.455208333333334,-0.09321372467972029,-0.7989946086536123
2003-12-21,5.450306944444446,-0.09599717279725936,-0.5306431049805193
2003-12-22,5.440304166666667,-0.05596561861911424,-0.19133854804755263
2003-12-23,5.4307597222222235,-0.036045669124164875,-0.2910473864313905
2003-12-24,5.423208333333335,-0.05386257683766328,-0.41867908982900404
2003-12-25,5.415754166666668,-0.1373418008964328,-0.4220790324369005
2003-12-26,5.407262500000001,-0.1732937866631913,-0.44463538000347513
2003-12-27,5.398506944444446,-0.1762693720626403,-2.001904239048471
2003-12-28,5.389145833333334,-0.12374578390837038,-1.4797333827582968
2003-12-29,5.378561111111113,-0.15041892440423824,-1.1081421867068744
2003-12-30,5.356886111111113,-0.1636749390966165,-1.000877838681162
2003-12-31,5.322141666666667,-0.14779169759064778,-1.1703499690760188
2004-01-01,5.2866388888888896,-0.09885666545107002,-1.391448890104486
2004-01-02,5.254780555555556,-0.06195531099744281,-1.4444919112247787
2004-01-03,5.2268291666666675,-0.08742179400938063,-1.41474070599062
2004-01-04,5.20087638888889,-0.14205875452361366,-1.29115096769861
2004-01-05,5.17960138888889,-0.1620991356071766,-1.149502253281713
2004-01-06,5.165090277777779,-0.16617248271461468,-1.1179177950631634
2004-01-07,5.153145833333334,-0.15237648868339332,-1.1187693446499407
2004-01-08,5.141293055555556,-0.1598384377192059,-0.8907879511696826
2004-01-09,5.127356944444445,-0.17182070355942644,-0.3728695742183513
2004-01-10,5.113977777777778,-0.1790689703179204,-0.11324214079319078
2004-01-11,5.1013625000000005,-0.134339849564936,0.370310682898269
2004-01-12,5.085187500000001,-0.09532976003325565,1.0454755933665878
2004-01-13,5.067029166666668,-0.05826592853646957,2.115903428536469
2004-01-14,5.048891666666668,-0.014703061227011285,1.9368113945603445
2004-01-15,5.030161111111112,-0.04287351577246585,2.307379071328022
2004-01-16,5.010755555555557,0.022996169718810612,2.3592482747256334
2004-01-17,4.99148888888889,0.06259709947087659,2.7035806783069005
2004-01-18,4.972911111111111,0.10803479460402632,2.873387427618197
2004-01-19,4.954998611111112,0.11858051315315392,3.1130875424024
2004-01-20,4.936070833333334,0.11405079552230005,4.063211704477701
2004-01-21,4.917647222222223,0.026241635742685704,3.733777808701756
2004-01-22,4.899587500000001,-0.00823790971185972,3.7813170763785253
2004-01-23,4.880218055555556,-0.045008949656763206,3.8374575607678736
2004-01-24,4.861072222222223,0.04795500810264902,4.11597276967513
2004-01-25,4.842187500000001,0.12849352968207972,4.17431897031792
2004-01-26,4.816990277777778,0.17538977623855362,4.143953279317001
2004-01-27,4.784347222222223,0.27971549937904944,3.5059372783987275
2004-01-28,4.750822222222223,0.3635488212339622,3.2186289565438164
2004-01-29,4.727529166666668,0.4040260939612349,3.3007780727054317
2004-01-30,4.7154750000000005,0.3788453891862119,3.2243462774804548
2004-01-31,4.703180555555556,0.37963133510372027,3.1135214426740574
2004-02-01,4.689191666666668,0.33544477260372035,3.1563635607296128
2004-02-02,4.675175000000001,0.3643367749185351,3.140488225081465
2004-02-03,4.661691666666668,0.514807388344461,2.9605009449888717
2004-02-04,4.6491194444444455,0.5376305827889055,2.849916639433316
2004-02-05,4.637230555555556,0.4949600272333499,2.890142750544428
2004-02-06,4.627618055555556,0.49662098788149794,2.897094289896281
2004-02-07,4.6203111111111115,0.47570971473334994,2.9453125074888726
2004-02-08,4.613715277777779,0.5283973073259426,2.8235540815629463
2004-02-09,4.606308333333335,0.5651246105666834,2.591567056099983
2004-02-10,4.599445833333334,0.5455026776963129,2.36771815563702
2004-02-11,4.594444444444445,0.5103209184370536,2.057901303785169
2004-02-12,4.58768888888889,0.43731462214075734,0.6393298223036865
2004-02-13,4.576388888888889,0.42783646241853507,0.10077464869257696
2004-02-14,4.5628319444444445,0.41578625408520165,-0.2172848651963114
2004-02-15,4.55055,0.3136183952889055,-0.20116839528890557
2004-02-16,4.538944444444445,0.33642587214075753,-0.5770369832518685
2004-02-17,4.527450000000001,0.28234751565927585,-0.7081308489926093
2004-02-18,4.518958333333334,0.2558598420481646,-0.8064848420481647
2004-02-19,4.515133333333335,0.29264128880742396,-1.8707746221407584
2004-02-20,4.51045138888889,0.32368025871483147,-1.9254649809370539
2004-02-21,4.503222222222223,0.3322542401963129,-1.586809795751869
2004-02-22,4.495293055555556,0.3316346568629795,-1.4112610457518684
2004-02-23,4.485972222222222,0.24482230732594254,-1.4587945295481641
2004-02-24,4.475875,0.11616522399260916,-1.4273735573259423
2004-02-25,4.47183888888889,0.022069471677794328,-1.3712416939000165
2004-02-26,4.471627777777778,-0.1206328315629463,-1.3963282795481644
2004-02-27,4.467668055555556,-0.18902258850739087,-1.3859788003814981
2004-02-28,4.462180555555555,-0.2039141047110945,-1.5542664508444606
2004-02-29,4.457973611111111,-0.27291434776665,-1.452725930011127
2004-03-01,4.456502777777778,-0.3051572181370204,-1.4073455596407571
2004-03-02,4.456611111111112,-0.2999337806370204,-1.4106773304740912
2004-03-03,4.456784722222223,-0.33445717184072404,-1.3763275503814987
2004-03-04,4.4567125,-0.44370401211850197,-1.254341821214831
2004-03-05,4.4567097222222225,-0.4828114426740575,-1.167898279548165
2004-03-06,4.4670125,-0.46414806304442785,-1.0885311036222387
2004-03-07,4.486833333333333,-0.5173540352666499,-0.9674792980666831
2004-03-08,4.504618055555556,-0.4947984681370205,-1.084819587418536
2004-03-09,4.5183736111111115,-0.5233943940629464,-1.4939792170481647
2004-03-10,4.527825,-0.5328582945259094,-0.9363000388074237
2004-03-11,4.531959722222222,-0.4915492435999834,-1.1110771452889052
2004-03-12,4.529425,-0.41680228758146504,-1.6206227124185348
2004-03-13,4.519904166666667,-0.4217763385073909,-1.6021278281592748
2004-03-14,4.5072069444444445,-0.46663122276665014,-1.5435757216777937
2004-03-15,4.4938375,-0.4026943130444278,-1.5941431869555711
2004-03-16,4.478026388888889,-0.3639181787851685,-1.6171082101037197
2004-03-17,4.4596875,-0.3776845560999835,-1.585002943900016
2004-03-18,4.438898611111112,-0.3483911764703538,-1.5935074346407574
2004-03-19,4.413191666666667,-0.2895741162851687,-1.722284217048165
2004-03-20,4.376738888888889,-0.31731783156294635,-1.8777543906592757
2004-03-21,4.335673611111112,-0.2966407135073909,-1.7066995642703873
2004-03-22,4.29785,-0.29173550517405755,-1.9374478281592757
2004-03-23,4.261537500000001,-0.23469192878516856,-1.7958455712148322
2004-03-24,4.223725,-0.14897896582220566,-1.705079367511127
2004-03-25,4.18353888888889,-0.06844585239627972,-1.6604263698259432
2004-03-26,4.142880555555557,-0.01862322508146481,-1.583923997140758
2004-03-27,4.104744444444445,-0.03530623434072408,-1.6044382101037202
2004-03-28,4.071112500000001,-0.029864046840724114,-1.6115817864926094
2004-03-29,4.03900138888889,-0.06775380378516854,-1.5675809184370542
2004-03-30,4.006236111111112,0.03105302233589053,-1.661955800113668
2004-03-31,3.973538888888889,0.0305050310594902,-1.6403772532817118
2004-04-01,3.941869444444445,0.03686623399796589,-1.6170690117757436
2004-04-02,3.916694444444445,0.06685749891991248,-1.5385519433643566
2004-04-03,3.9011416666666676,0.08326047183084001,-1.470402138497507
2004-04-04,3.890269444444445,0.11941637173901258,-1.4113524828501238
2004-04-05,3.8699750000000006,0.1470528386811614,-1.475361172014495
2004-04-06,3.8392847222222226,0.18256469588960944,-1.1515160847784982
2004-04-07,3.808066666666667,0.18891858707418244,-1.1049852537408487
2004-04-08,3.7768097222222226,0.17629473491623948,-0.9037711238051279
2004-04-09,3.7462694444444447,0.15251257238180407,-1.1931153501595817
2004-04-10,3.7172236111111117,0.07848643601816786,-0.860710047129279
2004-04-11,3.690836111111112,-0.0004612682977183022,-0.7350415094800593
2004-04-12,3.6719277777777783,0.040701587533319324,-0.7416293653110967
2004-04-13,3.662273611111112,0.04912748285012372,-0.7247344272945683
2004-04-14,3.6580000000000004,0.025421261546175113,-0.6644212615461749
2004-04-15,3.6561263888888895,0.020818678901546983,-0.5262784011237696
2004-04-16,3.656181944444445,-0.02905082293500033,-0.46446445484277726
2004-04-17,3.658747222222223,-0.05023497123619397,-0.4311789176526946
2004-04-18,3.662858333333334,-0.09321372467972029,0.3273553913463863
2004-04-19,3.6718222222222225,-0.09599717279725936,0.995841617241705
2004-04-20,3.6854555555555564,-0.05596561861911424,0.6918433963968922
2004-04-21,3.6972194444444453,-0.036045669124164875,0.5791595580130535
2004-04-22,3.705812500000001,-0.05386257683766328,0.2590500768376629
2004-04-23,3.7142666666666675,-0.1373418008964328,0.08207513422976556
2004-04-24,3.724652777777778,-0.1732937866631913,0.011974342218747186
2004-04-25,3.7363555555555563,-0.1762693720626403,-0.08241951682624912
2004-04-26,3.748806944444445,-0.12374578390837038,-0.14739449386940767
2004-04-27,3.7610736111111116,-0.15041892440423824,-0.13298802004020646
2004-04-28,3.7735472222222226,-0.1636749390966165,-0.09220561645893871
2004-04-29,3.786911111111112,-0.14779169759064778,0.029880586479536925
2004-04-30,3.799980555555556,-0.09885666545107002,0.07720944322884787
2004-05-01,3.812025000000001,-0.06195531099744281,0.04226364433077526
2004-05-02,3.8177138888888895,-0.08742179400938063,-0.00795876154617517
2004-05-03,3.8136013888888893,-0.14205875452361366,0.08112403230139159
2004-05-04,3.803619444444445,-0.1620991356071766,0.2408130244960658
2004-05-05,3.791347222222223,-0.16617248271461468,2.714158593825725
2004-05-06,3.777870833333334,-0.15237648868339332,2.5551723220167264
2004-05-07,3.7644736111111117,-0.1598384377192059,2.4556981599414285
2004-05-08,3.7547541666666673,-0.17182070355942644,2.3313998702260927
2004-05-09,3.7482541666666673,-0.1790689703179204,2.1891481369845875
2004-05-10,3.742861111111112,-0.134339849564936,1.7844787384538248
2004-05-11,3.740325000000001,-0.09532976003325565,1.72633809336659
2004-05-12,3.739927777777778,-0.05826592853646957,1.82200481742536
2004-05-13,3.739112500000001,-0.014703061227011285,1.8202572278936784
2004-05-14,3.737197222222223,-0.04287351577246585,1.818009626883577
2004-05-15,3.7348361111111115,0.022996169718810612,1.6228343858367453
2004-05-16,3.7324750000000004,0.06259709947087659,1.5735945671957907
2004-05-17,3.7301736111111117,0.10803479460402632,1.515791594284863
2004-05-18,3.7288986111111115,0.11858051315315392,0.7698542090690683
2004-05-19,3.7300888888888895,0.11405079552230005,0.08986031558881111
2004-05-20,3.731756944444445,0.026241635742685704,0.2433347531462032
2004-05-21,3.733434722222223,-0.00823790971185972,0.5461365208229705
2004-05-22,3.735337500000001,-0.045008949656763206,0.6686714496567632
2004-05-23,3.735668055555556,0.04795500810264902,0.4800436030084622
2004-05-24,3.7346777777777787,0.12849352968207972,0.39849535920680923
2004-05-25,3.733747222222223,0.17538977623855362,0.352529668205891
2004-05-26,3.7337444444444445,0.27971549937904944,0.27854005617650673
2004-05-27,3.7350013888888896,0.3635488212339622,0.4407831232104826
2004-05-28,3.737050000000001,0.4040260939612349,0.378257239372099
2004-05-29,3.739019444444445,0.3788453891862119,0.2501351663693433
2004-05-30,3.7411125000000007,0.37963133510372027,0.17892283156294686
2004-05-31,3.7432625000000006,0.33544477260372035,0.39829272739627936
2004-06-01,3.7448805555555564,0.3643367749185351,1.7327826695259099
2004-06-02,3.7456513888888896,0.514807388344461,2.481874556099984
2004-06-03,3.74576388888889,0.5376305827889055,2.5386055283222055
2004-06-04,3.7459388888888894,0.4949600272333499,0.125434417211095
2004-06-05,3.7458736111111115,0.49662098788149794,0.06917206767405798
2004-06-06,3.745005555555556,0.47570971473334994,0.037951396377761404
2004-06-07,3.742808333333334,0.5283973073259426,-0.024538973992609514
2004-06-08,3.739209722222223,0.5651246105666834,-0.15200099945557266
2004-06-09,3.7342763888888895,0.5455026776963129,-0.12744573325186848
2004-06-10,3.7281027777777784,0.5103209184370536,-0.04842369621483167
2004-06-11,3.7223888888888896,0.43731462214075734,-0.06070351102964677
2004-06-12,3.716966666666667,0.42783646241853507,0.20853020424813234
2004-06-13,3.7125722222222226,0.41578625408520165,0.3589748570259105
2004-06-14,3.7091222222222227,0.3136183952889055,0.46459271582220657
2004-06-15,3.705268055555556,0.33642587214075753,0.44563940563702126
2004-06-16,3.701095833333334,0.28234751565927585,0.5448899843407244
2004-06-17,3.693294444444445,0.2558598420481646,0.5791790468407245
2004-06-18,3.6826944444444454,0.29264128880742396,0.5529976000814649
2004-06-19,3.674294444444445,0.32368025871483147,0.5913586301740568
2004-06-20,3.670969444444445,0.3322542401963129,0.3881096486925757
2004-06-21,3.6727000000000007,0.3316346568629795,0.33099867647035436
2004-06-22,3.6772402777777784,0.24482230732594254,0.459270748229613
2004-06-23,3.682852777777778,0.11616522399260916,0.7489819982296135
2004-06-24,3.687969444444445,0.022069471677794328,0.8379610838777616
2004-06-25,3.6950777777777786,-0.1206328315629463,0.9432217204518356
2004-06-26,3.705080555555556,-0.18902258850739087,0.7576086996185021
2004-06-27,3.7167972222222225,-0.2039141047110945,0.8037835491555393
2004-06-28,3.7290986111111115,-0.27291434776665,0.8708157366555385
2004-06-29,3.740320833333334,-0.3051572181370204,0.8508363848036868
2004-06-30,3.7517819444444447,-0.2999337806370204,0.6428185028592426
2004-07-01,3.7647736111111114,-0.33445717184072404,-0.6676497726037203
2004-07-02,3.778494444444445,-0.44370401211850197,-1.5797904323259422
2004-07-03,3.791593055555556,-0.4828114426740575,-1.8947816128814978
2004-07-04,3.7937638888888894,-0.46414806304442785,-1.9686158258444613
2004-07-05,3.7849097222222228,-0.5173540352666499,-1.9465556869555722
2004-07-06,3.7757152777777785,-0.4947984681370205,-1.8902501429740908
2004-07-07,3.7666236111111115,-0.5233943940629464,-1.5405625503814981
2004-07-08,3.7571916666666674,-0.5328582945259094,-0.9273333721407578
2004-07-09,3.7488513888888897,-0.4915492435999834,-0.8606354786222393
2004-07-10,3.741670833333334,-0.41680228758146504,-0.9088685457518682
2004-07-11,3.7326750000000004,-0.4217763385073909,-0.8342319948259425
2004-07-12,3.7215097222222226,-0.46663122276665014,-0.9342118327889056
2004-07-13,3.708883333333334,-0.4026943130444278,-1.092522353622239
2004-07-14,3.6964444444444453,-0.3639181787851685,-1.1188595989926098
2004-07-15,3.6852222222222224,-0.3776845560999835,-1.0938709994555718
2004-07-16,3.6761194444444447,-0.3483911764703538,-1.0997282679740903
2004-07-17,3.6725875000000006,-0.2895741162851687,-1.018680050381498
2004-07-18,3.6715083333333336,-0.31731783156294635,-0.8498571684370531
2004-07-19,3.6683625000000006,-0.2966407135073909,-0.9617217864926091
2004-07-20,3.6597430555555563,-0.29173550517405755,-0.9743408837148315
2004-07-21,3.646070833333334,-0.23469192878516856,-1.0487122378814981
2004-07-22,3.632055555555556,-0.14897896582220566,-1.165743256400017
2004-07-23,3.6183250000000005,-0.06844585239627972,-1.280545814270387
2004-07-24,3.604506944444445,-0.01862322508146481,-1.0835503860296467
2004-07-25,3.592158333333334,-0.03530623434072408,-1.0545187656592763
2004-07-26,3.580931944444445,-0.029864046840724114,-0.8570678976037205
2004-07-27,3.569091666666667,-0.06775380378516854,-0.8703378628814982
2004-07-28,3.558391666666667,0.03105302233589053,-0.9687780223358905
2004-07-29,3.549286111111112,0.0305050310594902,-0.9591244755039349
2004-07-30,3.5389750000000006,0.03686623399796589,-0.9551745673312994
2004-07-31,3.5209416666666673,0.06685749891991248,-1.0134658322532457
2004-08-01,3.4929388888888893,0.08326047183084001,-1.006532694053062
2004-08-02,3.4608402777777783,0.11941637173901258,-1.0105899828501235
2004-08-03,3.4386138888888893,0.1470528386811614,-0.9733333942367168
2004-08-04,3.4267236111111115,0.18256469588960944,-0.8252883070007206
2004-08-05,3.4151583333333337,0.18891858707418244,-0.8340769204075157
2004-08-06,3.403863888888889,0.17629473491623948,-0.9361586238051284
2004-08-07,3.3945958333333337,0.15251257238180407,-1.2997750723818038
2004-08-08,3.3874305555555564,0.07848643601816786,-1.2565836582403904
2004-08-09,3.380243055555556,-0.0004612682977183022,-1.180448453924504
2004-08-10,3.3732944444444453,0.040701587533319324,-1.0583293653110977
2004-08-11,3.3667055555555563,0.04912748285012372,-1.1151663717390128
2004-08-12,3.359220833333334,0.025421261546175113,-0.734308761546175
2004-08-13,3.3501111111111115,0.020818678901546983,-0.6795964566793249
2004-08-14,3.3402583333333338,-0.02905082293500033,-0.6142075103983329
2004-08-15,3.328434722222223,-0.05023497123619397,-0.636533084319362
2004-08-16,3.315769444444445,-0.09321372467972029,-0.6622223864313911
2004-08-17,3.3042902777777785,-0.09599717279725936,0.15604022835281448
2004-08-18,3.292704166666667,-0.05596561861911424,0.27592811861911454
2004-08-19,3.281833333333334,-0.036045669124164875,1.0052123357908311
2004-08-20,3.2722458333333337,-0.05386257683766328,1.0972834101709974
2004-08-21,3.2629111111111113,-0.1373418008964328,1.2184306897853219
2004-08-22,3.2533875000000005,-0.1732937866631913,1.1452396199965242
2004-08-23,3.243722222222223,-0.1762693720626403,0.976213816507085
2004-08-24,3.229981944444445,-0.12374578390837038,1.5114305061305922
2004-08-25,3.2113986111111115,-0.15041892440423824,1.67735364662646
2004-08-26,3.1926444444444453,-0.1636749390966165,2.040030494652172
2004-08-27,3.185556944444445,-0.14779169759064778,2.032234753146204
2004-08-28,3.1903611111111116,-0.09885666545107002,1.9791622210066253
2004-08-29,3.198070833333334,-0.06195531099744281,2.1145511443307754
2004-08-30,3.2156666666666673,-0.08742179400938063,2.2537551273427137
2004-08-31,3.2454125000000005,-0.14205875452361366,2.2826462545236135
2004-09-01,3.281544444444445,-0.1620991356071766,2.2732213578293994
2004-09-02,3.325655555555556,-0.16617248271461468,2.190516927159059
2004-09-03,3.377756944444445,-0.15237648868339332,1.8196195442389491
2004-09-04,3.431740277777778,-0.1598384377192059,1.7174314932747614
2004-09-05,3.4841375,-0.17182070355942644,1.49101653689276
2004-09-06,3.5313611111111114,-0.1790689703179204,1.253374525873476
2004-09-07,3.574204166666667,-0.134339849564936,1.1041356828982694
2004-09-08,3.617323611111112,-0.09532976003325565,0.9750061489221447
2004-09-09,3.661380555555556,-0.05826592853646957,0.6158853729809138
2004-09-10,3.705091666666667,-0.014703061227011285,0.45927806122701076
2004-09-11,3.748891666666667,-0.04287351577246585,0.17098184910579933
2004-09-12,3.793341666666667,0.022996169718810612,0.21432883028118918
2004-09-13,3.8378388888888892,0.06259709947087659,0.12489734497356826
2004-09-14,3.88225,0.10803479460402632,0.5223818720626408
2004-09-15,3.9244208333333335,0.11858051315315392,0.5679986535135133
2004-09-16,3.9637375000000006,0.11405079552230005,-0.39645496218896636
2004-09-17,4.002656944444444,0.026241635742685704,-0.5298985801871295
2004-09-18,4.041893055555557,-0.00823790971185972,-1.3286551458436964
2004-09-19,4.081316666666667,-0.045008949656763206,-1.3923077170099032
2004-09-20,4.12295,0.04795500810264902,-1.5559050081026486
2004-09-21,4.167734722222223,0.12849352968207972,-1.6812282519043018
2004-09-22,4.2126527777777785,0.17538977623855362,-1.796042554016332
2004-09-23,4.256612500000001,0.27971549937904944,-1.5383279993790502
2004-09-24,4.299793055555556,0.3635488212339622,-1.5243418767895174
2004-09-25,4.340429166666667,0.4040260939612349,-1.666455260627901
2004-09-26,4.367673611111112,0.3788453891862119,-1.5051856669639898
2004-09-27,4.3825111111111115,0.37963133510372027,-1.5211424462148315
2004-09-28,4.395411111111112,0.33544477260372035,-1.669855883714832
2004-09-29,4.405041666666667,0.3643367749185351,-1.8393784415852024
2004-09-30,4.412991666666667,0.514807388344461,-1.9941323883444604
2004-10-01,4.421490277777778,0.5376305827889055,-2.032120860566683
2004-10-02,4.4244666666666665,0.4949600272333499,-1.992426693900016
2004-10-03,4.419183333333333,0.49662098788149794,-2.018470987881497
2004-10-04,4.411348611111111,0.47570971473334994,-1.9897249925111273
2004-10-05,4.404098611111111,0.5283973073259426,-2.03516258510372
2004-10-06,4.3988402777777775,0.5651246105666834,-1.6866315550111275
2004-10-07,4.3951722222222225,0.5455026776963129,-1.6330082332518678
2004-10-08,4.390797222222223,0.5103209184370536,-1.5914514739926098
2004-10-09,4.384525,0.43731462214075734,-1.5101729554740904
2004-10-10,4.37740138888889,0.42783646241853507,-1.245904517974091
2004-10-11,4.368769444444444,0.41578625408520165,-1.2995556985296455
2004-10-12,4.358127777777778,0.3136183952889055,-1.3684128397333493
2004-10-13,4.347175,0.33642587214075753,-1.3769342054740905
2004-10-14,4.336223611111111,0.28234751565927585,-1.747237793437054
2004-10-15,4.325455555555557,0.2558598420481646,-1.435648730937055
2004-10-16,4.311494444444445,0.29264128880742396,-1.4481357332518692
2004-10-17,4.293644444444445,0.32368025871483147,-1.4363247031592767
2004-10-18,4.273980555555556,0.3322542401963129,-1.4155681290852025
2004-10-19,4.2543597222222225,0.3316346568629795,-1.3509943790852017
2004-10-20,4.236483333333334,0.24482230732594254,-1.2399723073259428
2004-10-21,4.217955555555556,0.11616522399260916,-0.9317874462148319
2004-10-22,4.199104166666666,0.022069471677794328,-0.8471736383444601
2004-10-23,4.178631944444445,-0.1206328315629463,-1.6639991128814982
2004-10-24,4.155272222222223,-0.18902258850739087,-2.028916300381498
2004-10-25,4.130022222222222,-0.2039141047110945,-1.774108117511127
2004-10-26,4.105804166666667,-0.27291434776665,0.9577768477666504
2004-10-27,4.085368055555556,-0.3051572181370204,1.195122495914799
2004-10-28,4.065722222222222,-0.2999337806370204,1.4898782250814657
2004-10-29,4.046048611111111,-0.33445717184072404,2.1130752273962803
2004-10-30,4.026480555555556,-0.44370401211850197,2.2492234565629463
2004-10-31,4.005573611111111,-0.4828114426740575,2.4859044982296137
2004-11-01,3.9838972222222226,-0.46414806304442785,3.833250840822205
2004-11-02,3.963794444444445,-0.5173540352666499,4.386892924155538
2004-11-03,3.946486111111111,-0.4947984681370205,4.382645690359243
2004-11-04,3.931301388888889,-0.5233943940629464,4.42642633850739
2004-11-05,3.9177222222222223,-0.5328582945259094,4.114136072303687
2004-11-06,3.905313888888889,-0.4915492435999834,4.063235354711095
2004-11-07,3.893691666666667,-0.41680228758146504,4.207443954248131
2004-11-08,3.8836666666666666,-0.4217763385073909,4.320109671840724
2004-11-09,3.8750888888888895,-0.46663122276665014,4.097542333877761
2004-11-10,3.8679361111111117,-0.4026943130444278,4.075091535266651
2004-11-11,3.861279166666667,-0.3639181787851685,4.057639012118503
2004-11-12,3.854004166666667,-0.3776845560999835,4.075347056099983
2004-11-13,3.844995833333334,-0.3483911764703538,4.052062009803686
2004-11-14,3.8340305555555556,-0.2895741162851687,3.6202102273962793
2004-11-15,3.8267375,-0.31731783156294635,3.630580331562947
2004-11-16,3.823998611111111,-0.2966407135073909,3.58764210239628
2004-11-17,3.823447222222222,-0.29173550517405755,3.573621616285169
2004-11-18,3.822836111111111,-0.23469192878516856,3.524522484340725
2004-11-19,3.819588888888889,-0.14897896582220566,3.8887234102666497
2004-11-20,3.8157722222222223,-0.06844585239627972,4.0283402968407245
2004-11-21,3.814465277777778,-0.01862322508146481,3.9804912806370214
2004-11-22,3.8206736111111113,-0.03530623434072408,3.99329928989628
2004-11-23,3.8325458333333335,-0.029864046840724114,3.978318213507391
2004-11-24,3.846073611111111,-0.06775380378516854,3.518346859340724
2004-11-25,3.8589722222222225,0.03105302233589053,0.6036414221085539
2004-11-26,3.8692888888888888,0.0305050310594902,0.40887274671828744
2004-11-27,3.8798944444444445,0.03686623399796589,0.11190598822425664
2004-11-28,3.8906819444444447,0.06685749891991248,-0.4798727766976903
2004-11-29,3.9010944444444444,0.08326047183084001,-0.4100215829419504
2004-11-30,3.9117583333333337,0.11941637173901258,-0.4265080384056796
2004-12-01,3.9224138888888893,0.1470528386811614,-1.7778000609033837
2004-12-02,3.935076388888889,0.18256469588960944,-2.280974418111832
2004-12-03,3.9505319444444447,0.18891858707418244,-2.3024505315186263
2004-12-04,3.9673555555555557,0.17629473491623948,-2.3066502904717945
2004-12-05,3.9832625000000004,0.15251257238180407,-2.3434417390484703
2004-12-06,3.9973819444444447,0.07848643601816786,-2.2918683804626125
2004-12-07,4.011033333333334,-0.0004612682977183022,-2.435905398368948
2004-12-08,4.024425,0.040701587533319324,-2.5901265875333186
2004-12-09,4.03677638888889,0.04912748285012372,-2.614237205072346
2004-12-10,4.048405555555556,0.025421261546175113,-2.6661601504350636
2004-12-11,4.061101388888889,0.020818678901546983,-2.701920067790435
2004-12-12,4.074793055555555,-0.02905082293500033,-2.666075565953888
2004-12-13,4.091372222222223,-0.05023497123619397,-2.7104705843193617
2004-12-14,4.112506944444444,-0.09321372467972029,-2.732293219764723
2004-12-15,4.137758333333333,-0.09599717279725936,-2.754761160536073
2004-12-16,4.1668972222222225,-0.05596561861911424,-2.8049316036031073
2004-12-17,4.198526388888888,-0.036045669124164875,-2.424147386431389
2004-12-18,4.2310736111111105,-0.05386257683766328,-2.057877700940113
2004-12-19,4.2624625,-0.1373418008964328,-1.8751206991035665
2004-12-20,4.2914208333333335,-0.1732937866631913,-2.245460380003475
2004-12-21,4.3178777777777775,-0.1762693720626403,-2.269608405715137
2004-12-22,4.340609722222222,-0.12374578390837038,-2.3408639383138516
2004-12-23,4.362420833333333,-0.15041892440423824,-2.3383352422624277
2004-12-24,4.383586111111111,-0.1636749390966165,-2.346244505347827
2004-12-25,4.3906736111111115,-0.14779169759064778,-1.789881913520463
2004-12-26,4.384209722222223,-0.09885666545107002,-1.5023530567711518
2004-12-27,4.374831944444445,-0.06195531099744281,-1.4895433001136682
2004-12-28,4.361731944444445,-0.08742179400938063,-1.1866434837683968
2004-12-29,4.346263888888889,-0.14205875452361366,-1.2202051343652747
2004-12-30,4.330073611111111,-0.1620991356071766,-1.3909744755039335
2004-12-31,4.307529166666667,-0.16617248271461468,-1.378023350618718
2005-01-01,4.2751375,-0.15237648868339332,-1.3157610113166058
2005-01-02,4.236670833333333,-0.1598384377192059,-1.0034990622807936
2005-01-03,4.195727777777778,-0.17182070355942644,-0.9489070742183509
2005-01-04,4.155895833333334,-0.1790689703179204,-0.9018268630154129
2005-01-05,4.118170833333334,-0.134339849564936,-0.8871643171017309
2005-01-06,4.080159722222223,-0.09532976003325565,-0.8298299621889662
2005-01-07,4.0414111111111115,-0.05826592853646957,-0.8281451825746412
2005-01-08,4.003848611111112,-0.014703061227011285,-0.8341455498840996
2005-01-09,3.9674305555555556,-0.04287351577246585,-0.769557039783089
2005-01-10,3.9308083333333337,0.022996169718810612,-0.7988045030521436
2005-01-11,3.894654166666667,0.06259709947087659,-0.802251266137543
2005-01-12,3.8579402777777783,0.10803479460402632,-0.7449750723818036
2005-01-13,3.818493055555556,0.11858051315315392,-0.6660735687087089
2005-01-14,3.775251388888889,0.11405079552230005,-0.6183021844111882
2005-01-15,3.7281819444444446,0.026241635742685704,-0.5024235801871296
2005-01-16,3.6786222222222227,-0.00823790971185972,-0.8507176458436956
2005-01-17,3.627929166666667,-0.045008949656763206,-1.2002535503432368
2005-01-18,3.5750500000000005,0.04795500810264902,-1.526005008102649
2005-01-19,3.5194000000000005,0.12849352968207972,-1.4308935296820797
2005-01-20,3.462380555555556,0.17538977623855362,-0.9614369984607756
2005-01-21,3.4041375000000005,0.27971549937904944,0.7198136672876172
2005-01-22,3.344831944444445,0.3635488212339622,0.8742859009882602
2005-01-23,3.2879013888888897,0.4040260939612349,1.1890725171498757
2005-01-24,3.2453763888888894,0.3788453891862119,0.9097782219248994
2005-01-25,3.2161125000000004,0.37963133510372027,0.8285894982296135
2005-01-26,3.1901180555555557,0.33544477260372035,0.8974371718407248
2005-01-27,3.168241666666667,0.3643367749185351,0.6244215584147981
2005-01-28,3.1482333333333337,0.514807388344461,0.5426259449888728
2005-01-29,3.1279375000000007,0.5376305827889055,0.5487652505444279
2005-01-30,3.1133541666666673,0.4949600272333499,0.5886858060999829
2005-01-31,3.106166666666667,0.49662098788149794,1.063545678785168
2005-02-01,3.1008847222222222,0.47570971473334994,1.2610722297110941
2005-02-02,3.095583333333334,0.5283973073259426,1.3706860260073919
2005-02-03,3.0900805555555557,0.5651246105666834,1.3424615005444291
2005-02-04,3.084168055555556,0.5455026776963129,1.346329266748132
2005-02-05,3.0786763888888893,0.5103209184370536,1.3286693593407244
2005-02-06,3.075094444444445,0.43731462214075734,1.4052576000814652
2005-02-07,3.075481944444445,0.42783646241853507,1.4143482598036874
2005-02-08,3.080506944444445,0.41578625408520165,1.4213734681370207
2005-02-09,3.0876208333333337,0.3136183952889055,1.516427438044428
2005-02-10,3.0941236111111117,0.33642587214075753,1.5477838500814651
2005-02-11,3.100081944444445,0.28234751565927585,1.7962372065629455
2005-02-12,3.106430555555556,0.2558598420481646,2.5483762690629463
2005-02-13,3.1131,0.29264128880742396,3.0455920445259093
2005-02-14,3.1211763888888893,0.32368025871483147,3.43414335239628
2005-02-15,3.130129166666667,0.3322542401963129,3.621283259803687
2005-02-16,3.1387277777777776,0.3316346568629795,3.6829708986925764
2005-02-17,3.1470277777777778,0.24482230732594254,3.4644832482296133
2005-02-18,3.157958333333333,0.11616522399260916,3.4632097760073917
2005-02-19,3.1728458333333336,0.022069471677794328,3.1937513616555386
2005-02-20,3.1887694444444445,-0.1206328315629463,1.7668633871185018
2005-02-21,3.204715277777778,-0.18902258850739087,1.7153073107296128
2005-02-22,3.219997222222222,-0.2039141047110945,1.421916882488873
2005-02-23,3.2325347222222223,-0.27291434776665,1.2460462922110944
2005-02-24,3.2411819444444445,-0.3051572181370204,1.0729752736925762
2005-02-25,3.2473,-0.2999337806370204,1.0239671139703541
2005-02-26,3.251625,-0.33445717184072404,1.0478321718407246
2005-02-27,3.2551458333333336,-0.44370401211850197,1.1678915121185023
2005-02-28,3.2594152777777783,-0.4828114426740575,1.1990628315629464
2005-03-01,3.2642152777777778,-0.46414806304442785,1.175266118599984
2005-03-02,3.268861111111111,-0.5173540352666499,0.685492924155539
2005-03-03,3.272425,-0.4947984681370205,0.22104013480368717
2005-03-04,3.2768333333333333,-0.5233943940629464,0.09022772739628016
2005-03-05,3.2842763888888893,-0.5328582945259094,0.1785819056370207
2005-03-06,3.294181944444445,-0.4915492435999834,0.18936729915553896
2005-03-07,3.3058000000000005,-0.41680228758146504,0.15766895424813182
2005-03-08,3.318944444444445,-0.4217763385073909,0.2228318940629465
2005-03-09,3.330316666666667,-0.46663122276665014,0.2893145560999836
2005-03-10,3.337355555555556,-0.4026943130444278,0.21833875748887244
2005-03-11,3.3431486111111113,-0.3639181787851685,0.1737695676740577
2005-03-12,3.3493611111111115,-0.3776845560999835,0.3049901116555389
2005-03-13,3.3553555555555556,-0.3483911764703538,0.005368954248131885
2005-03-14,3.3608486111111118,-0.2895741162851687,-0.8376078281592759
2005-03-15,3.3662736111111116,-0.31731783156294635,-1.3559557795481647
2005-03-16,3.371129166666667,-0.2966407135073909,-1.8091551198259421
2005-03-17,3.379645833333334,-0.29173550517405755,-2.0272436614926095
2005-03-18,3.393477777777778,-0.23469192878516856,-2.167785848992609
2005-03-19,3.4096,-0.14897896582220566,-2.270621034177794
2005-03-20,3.4251861111111115,-0.06844585239627972,-2.3677402587148313
2005-03-21,3.4359763888888892,-0.01862322508146481,-2.5390198304740905
2005-03-22,3.4385930555555557,-0.03530623434072408,-2.704953487881498
2005-03-23,3.4374083333333334,-0.029864046840724114,-2.7795442864926088
2005-03-24,3.4389000000000003,-0.06775380378516854,-2.584812862881498
2005-03-25,3.4426847222222223,0.03105302233589053,-2.6757377445581123
2005-03-26,3.4475638888888893,0.0305050310594902,-2.4970689199483793
2005-03-27,3.452454166666667,0.03686623399796589,-2.3716537339979658
2005-03-28,3.458276388888889,0.06685749891991248,-2.386800554475468
2005-03-29,3.466429166666667,0.08326047183084001,-2.4380229718308395
2005-03-30,3.475934722222223,0.11941637173901258,-2.3990177606279017
2005-03-31,3.4866416666666673,0.1470528386811614,-2.4336945053478285
2005-04-01,3.496630555555556,0.18256469588960944,-2.475861918111831
2005-04-02,3.5037263888888894,0.18891858707418244,-2.4899783092964047
2005-04-03,3.507493055555556,0.17629473491623948,-2.4847877904717945
2005-04-04,3.508661111111112,0.15251257238180407,-2.551507016826249
2005-04-05,3.5084694444444446,0.07848643601816786,-2.5392892137959455
2005-04-06,3.5067152777777784,-0.0004612682977183022,-2.5132540094800597
2005-04-07,3.503662500000001,0.040701587533319324,-2.3473640875333195
2005-04-08,3.4996888888888895,0.04912748285012372,-1.7061497050723462
2005-04-09,3.495605555555556,0.025421261546175113,-1.2783601504350641
2005-04-10,3.4910611111111116,0.020818678901546983,-1.2595464566793246
2005-04-11,3.485804166666667,-0.02905082293500033,-1.3887533437316661
2005-04-12,3.4793763888888893,-0.05023497123619397,-1.3568080843193615
2005-04-13,3.469077777777778,-0.09321372467972029,-1.3068640530980575
2005-04-14,3.4557375000000006,-0.09599717279725936,-1.2540736605360743
2005-04-15,3.4417500000000003,-0.05596561861911424,-0.9601177147142193
2005-04-16,3.4223152777777783,-0.036045669124164875,-0.6189362753202798
2005-04-17,3.397044444444445,-0.05386257683766328,-0.1891818676067809
2005-04-18,3.3716111111111116,-0.1373418008964328,-0.026935976881345164
2005-04-19,3.347534722222223,-0.1732937866631913,0.3644257311076352
2005-04-20,3.325406944444445,-0.1762693720626403,0.6298624276181961
2005-04-21,3.309218055555556,-0.12374578390837038,0.6051943950194814
2005-04-22,3.295745833333334,-0.15041892440423824,0.6406730910709046
2005-04-23,3.279234722222223,-0.1636749390966165,0.5134402168743939
2005-04-24,3.2638625000000006,-0.14779169759064778,0.5905958642573147
2005-04-25,3.2525319444444447,-0.09885666545107002,0.45099138767329244
2005-04-26,3.245333333333334,-0.06195531099744281,0.2866219776641096
2005-04-27,3.240659722222223,-0.08742179400938063,0.3257620717871579
2005-04-28,3.234372222222223,-0.14205875452361366,0.34535319896805766
2005-04-29,3.2264750000000006,-0.1620991356071766,0.28362413560717625
2005-04-30,3.220084722222223,-0.16617248271461468,0.29042109382572545
2005-05-01,3.218156944444445,-0.15237648868339332,0.27521954423894907
2005-05-02,3.221543055555556,-0.1598384377192059,0.3329620488303169
2005-05-03,3.227906944444445,-0.17182070355942644,0.7555804257816491
2005-05-04,3.2334527777777784,-0.1790689703179204,1.0702828592068092
2005-05-05,3.240166666666667,-0.134339849564936,1.318506516231603
2005-05-06,3.249326388888889,-0.09532976003325565,1.4616700378110343
2005-05-07,3.2574375000000004,-0.05826592853646957,1.6498284285364702
2005-05-08,3.2649138888888896,-0.014703061227011285,0.9401225056714549
2005-05-09,3.2726236111111113,-0.04287351577246585,0.5792499046613547
2005-05-10,3.2822416666666667,0.022996169718810612,0.5860954969478565
2005-05-11,3.2937000000000003,0.06259709947087659,0.55336956719579
2005-05-12,3.3064791666666666,0.10803479460402632,0.4904860387293073
2005-05-13,3.323952777777778,0.11858051315315392,0.46280004240240163
2005-05-14,3.3444625000000006,0.11405079552230005,0.4801533711443666
2005-05-15,3.364781944444445,0.026241635742685704,0.35864308647953635
2005-05-16,3.386027777777778,-0.00823790971185972,0.9882101319340821
2005-05-17,3.4088152777777783,-0.045008949656763206,0.7921936718789855
2005-05-18,3.4323111111111118,0.04795500810264902,0.7127338807862398
2005-05-19,3.459655555555556,0.12849352968207972,0.2735175814290316
2005-05-20,3.491341666666667,0.17538977623855362,-0.04539810957188689
2005-05-21,3.524327777777778,0.27971549937904944,0.2826233895098402
2005-05-22,3.5584458333333338,0.3635488212339622,0.693338678766038
2005-05-23,3.592908333333334,0.4040260939612349,1.2093989060387647
2005-05-24,3.625944444444445,0.3788453891862119,1.1122101663693442
2005-05-25,3.656130555555556,0.37963133510372027,0.9765714426740572
2005-05-26,3.683031944444445,0.33544477260372035,0.990189949618502
2005-05-27,3.7079708333333334,0.3643367749185351,0.896359058414798
2005-05-28,3.7329111111111115,0.514807388344461,1.1029481672110946
2005-05-29,3.7575708333333337,0.5376305827889055,1.0554652505444277
2005-05-30,3.7806625000000005,0.4949600272333499,1.3547108060999833
2005-05-31,3.803619444444445,0.49662098788149794,1.3300929010073905
2005-06-01,3.8271652777777785,0.47570971473334994,1.2737916741555386
2005-06-02,3.8565513888888896,0.5283973073259426,0.7747179704518351
2005-06-03,3.8999361111111117,0.5651246105666834,0.6479392783222053
2005-06-04,3.948543055555556,0.5455026776963129,0.3206209334147977
2005-06-05,3.9948152777777786,0.5103209184370536,0.15286380378516817
2005-06-06,4.039981944444445,0.43731462214075734,-0.032629899918536154
2005-06-07,4.081548611111112,0.42783646241853507,-0.07238507352964646
2005-06-08,4.120138888888889,0.41578625408520165,-0.11759180964075633
2005-06-09,4.156183333333334,0.3136183952889055,-0.14346839528890504
2005-06-10,4.190600000000001,0.33642587214075753,-0.21902587214075758
2005-06-11,4.225031944444444,0.28234751565927585,-0.2010461267703869
2005-06-12,4.259234722222223,0.2558598420481646,-0.20376123093705356
2005-06-13,4.293402777777778,0.29264128880742396,0.26295593341479945
2005-06-14,4.3262277777777784,0.32368025871483147,0.4744252968407244
2005-06-15,4.3591652777777785,0.3322542401963129,-0.517419517974091
2005-06-16,4.393106944444445,0.3316346568629795,-0.7267416013074242
2005-06-17,4.426530555555556,0.24482230732594254,-0.7636861962148318
2005-06-18,4.454565277777778,0.11616522399260916,-0.6630638351037208
2005-06-19,4.476920833333335,0.022069471677794328,-0.5913236383444622
2005-06-20,4.500433333333334,-0.1206328315629463,-0.9491338351037208
2005-06-21,4.528531944444445,-0.18902258850739087,-1.4375093559370544
2005-06-22,4.563377777777778,-0.2039141047110945,-2.05513033973335
2005-06-23,4.606737500000001,-0.27291434776665,-1.6838231522333509
2005-06-24,4.655140277777779,-0.3051572181370204,-1.5046497263074246
2005-06-25,4.703375,-0.2999337806370204,-0.9961078860296462
2005-06-26,4.751595833333334,-0.33445717184072404,-1.009805328159276
2005-06-27,4.8004500000000005,-0.44370401211850197,-1.328745987881498
2005-06-28,4.850604166666667,-0.4828114426740575,-1.3361260573259421
2005-06-29,4.900452777777778,-0.46414806304442785,-1.0506380480666826
2005-06-30,4.947061111111111,-0.5173540352666499,-0.8657070758444607
2005-07-01,4.991615277777779,-0.4947984681370205,-0.8124834763074245
2005-07-02,5.027880555555557,-0.5233943940629464,-0.8191528281592766
2005-07-03,5.0475166666666675,-0.5328582945259094,-1.0953250388074243
2005-07-04,5.057136111111111,-0.4915492435999834,-0.4515868675111271
2005-07-05,5.064448611111112,-0.41680228758146504,-0.5246463235296472
2005-07-06,5.069616666666668,-0.4217763385073909,-0.657506994825944
2005-07-07,5.075527777777779,-0.46663122276665014,-0.5318965550111282
2005-07-08,5.084016666666667,-0.4026943130444278,-0.6019890202889047
2005-07-09,5.092775000000001,-0.3639181787851685,-0.19385682121483272
2005-07-10,5.1023152777777785,-0.3776845560999835,-0.07996405501112736
2005-07-11,5.114390277777778,-0.3483911764703538,-0.05466576797409006
2005-07-12,5.129545833333334,-0.2895741162851687,-0.11163838371483104
2005-07-13,5.148184722222222,-0.31731783156294635,-0.7102002239926082
2005-07-14,5.169497222222223,-0.2966407135073909,-1.1585231753814975
2005-07-15,5.186268055555557,-0.29173550517405755,-1.1838658837148317
2005-07-16,5.196879166666667,-0.23469192878516856,-1.1521872378814977
2005-07-17,5.206479166666668,-0.14897896582220566,-1.2475002008444613
2005-07-18,5.218698611111113,-0.06844585239627972,-0.4185860920481656
2005-07-19,5.234379166666667,-0.01862322508146481,-0.47542260825186805
2005-07-20,5.247047222222223,-0.03530623434072408,-0.45874098788149886
2005-07-21,5.25090138888889,-0.029864046840724114,-0.45937067538149806
2005-07-22,5.24336388888889,-0.06775380378516854,-0.25194341843705487
2005-07-23,5.224943055555556,0.03105302233589053,-0.6666627445581136
2005-07-24,5.202250000000001,0.0305050310594902,-0.7984216977261583
2005-07-25,5.179959722222223,0.03686623399796589,-1.096159289553521
2005-07-26,5.157354166666668,0.06685749891991248,-1.1035449989199126
2005-07-27,5.132855555555556,0.08326047183084001,-1.1011160273863962
2005-07-28,5.106041666666667,0.11941637173901258,-1.1141247050723462
2005-07-29,5.077301388888889,0.1470528386811614,-1.3973542275700508
2005-07-30,5.047854166666668,0.18256469588960944,-1.1444188625562772
2005-07-31,5.019908333333334,0.18891858707418244,-1.2378269204075163
2005-08-01,4.9947486111111115,0.17629473491623948,0.31228998730598245
2005-08-02,4.974559722222223,0.15251257238180407,2.110594372062641
2005-08-03,4.962420833333334,0.07848643601816786,1.5444260639818321
2005-08-04,4.9566444444444455,-0.0004612682977183022,1.6044834905199399
2005-08-05,4.953381944444445,0.040701587533319324,1.47524980135557
2005-08-06,4.951136111111111,0.04912748285012372,1.5460697393720988
2005-08-07,4.948955555555557,0.025421261546175113,1.8262898495649353
2005-08-08,4.947244444444445,0.020818678901546983,1.3769368766540084
2005-08-09,4.944893055555556,-0.02905082293500033,1.3194911007127774
2005-08-10,4.940033333333334,-0.05023497123619397,1.2788683045695268
2005-08-11,4.931952777777779,-0.09321372467972029,1.342594280235275
2005-08-12,4.917802777777778,-0.09599717279725936,1.3718610616861482
2005-08-13,4.898108333333334,-0.05596561861911424,1.3735239519524476
2005-08-14,4.88110138888889,-0.036045669124164875,2.0372776135686084
2005-08-15,4.868781944444446,-0.05386257683766328,2.3700806323932184
2005-08-16,4.857572222222223,-0.1373418008964328,2.4777695786742093
2005-08-17,4.845291666666667,-0.1732937866631913,1.6043354533298586
2005-08-18,4.831352777777779,-0.1762693720626403,1.7515832609515285
2005-08-19,4.8191805555555565,-0.12374578390837038,2.110565228352814
2005-08-20,4.811183333333334,-0.15041892440423824,2.853568924404239
2005-08-21,4.80785138888889,-0.1636749390966165,3.6194902168743934
2005-08-22,4.805480555555556,-0.14779169759064778,4.820644475368425
2005-08-23,4.800808333333334,-0.09885666545107002,4.747714998784403
2005-08-24,4.793480555555556,-0.06195531099744281,4.469808088775221
2005-08-25,4.784291666666667,-0.08742179400938063,4.623796794009383
2005-08-26,4.7766527777777785,-0.14205875452361366,4.686405976745837
2005-08-27,4.770548611111112,-0.1620991356071766,4.893217191162734
2005-08-28,4.762954166666667,-0.16617248271461468,4.557551649381281
2005-08-29,4.752675,-0.15237648868339332,4.116701488683394
2005-08-30,4.739873611111112,-0.1598384377192059,4.131631493274759
2005-08-31,4.725741666666667,-0.17182070355942644,2.6444123702260938
2005-09-01,4.7096638888888895,-0.1790689703179204,0.9200717480956977
2005-09-02,4.685322222222222,-0.134339849564936,0.8560176273427147
2005-09-03,4.653779166666667,-0.09532976003325565,0.8295505933665892
2005-09-04,4.6218263888888895,-0.05826592853646957,0.7534395396475811
2005-09-05,4.590808333333333,-0.014703061227011285,0.5648947278936788
2005-09-06,4.560381944444444,-0.04287351577246585,0.3781582379946898
2005-09-07,4.528075,0.022996169718810612,0.35559549694785625
2005-09-08,4.493318055555556,0.06259709947087659,0.6280848449735684
2005-09-09,4.45782638888889,0.10803479460402632,0.9628054831737509
2005-09-10,4.421984722222223,0.11858051315315392,1.378434764624624
2005-09-11,4.388591666666667,0.11405079552230005,1.8956908711443676
2005-09-12,4.3594124999999995,0.026241635742685704,2.019345864257315
2005-09-13,4.331941666666667,-0.00823790971185972,1.4119629097118602
2005-09-14,4.3040722222222225,-0.045008949656763206,1.0739367274345417
2005-09-15,4.275788888888888,0.04795500810264902,0.996256103008464
2005-09-16,4.243665277777778,0.12849352968207972,1.2951745258734761
2005-09-17,4.208886111111111,0.17538977623855362,1.1947241126503367
2005-09-18,4.175638888888889,0.27971549937904944,0.713978945065395
2005-09-19,4.142701388888889,0.3635488212339622,-0.04858354345618371
2005-09-20,4.1090374999999995,0.4040260939612349,-0.9580635939612338
2005-09-21,4.076069444444444,0.3788453891862119,-2.1075815002973224
2005-09-22,4.045659722222222,0.37963133510372027,-2.089624390659275
2005-09-23,4.017250000000001,0.33544477260372035,-2.0170281059370536
2005-09-24,3.989679166666667,0.3643367749185351,-2.1376826082518683
2005-09-25,3.9622180555555557,0.514807388344461,-2.253692110566683
2005-09-26,3.9354097222222224,0.5376305827889055,-2.4303736383444607
2005-09-27,3.9103430555555554,0.4949600272333499,-2.3646364161222384
2005-09-28,3.8853833333333334,0.49662098788149794,-2.2293376545481642
2005-09-29,3.8598291666666666,0.47570971473334994,-1.988205548066683
2005-09-30,3.8285750000000003,0.5283973073259426,-2.0063056406592756
2005-10-01,3.783818055555556,0.5651246105666834,-1.2722759994555721
2005-10-02,3.734315277777778,0.5455026776963129,-0.34215128880742374
2005-10-03,3.6888847222222223,0.5103209184370536,-0.05053897399260876
2005-10-04,3.645455555555556,0.43731462214075734,0.08822982230368703
2005-10-05,3.6017125000000005,0.42783646241853507,0.14211770424813125
2005-10-06,3.5564486111111115,0.41578625408520165,0.1880984681370198
2005-10-07,3.5126847222222226,0.3136183952889055,0.3473635491555385
2005-10-08,3.471883333333334,0.33642587214075753,0.08802412785924224
2005-10-09,3.4321375000000005,0.28234751565927585,-0.16281834899260916
2005-10-10,3.3926375,0.2558598420481646,-0.5218306753814979
2005-10-11,3.3530333333333338,0.29264128880742396,-1.0080079554740906
2005-10-12,3.3132861111111116,0.32368025871483147,-1.0279663698259427
2005-10-13,3.270673611111112,0.3322542401963129,-0.9952611846407575
2005-10-14,3.2240263888888894,0.3316346568629795,-0.9479943790852017
2005-10-15,3.1760638888888897,0.24482230732594254,-0.813219529548165
2005-10-16,3.132083333333334,0.11616522399260916,-0.9879152239926092
2005-10-17,3.096587500000001,0.022069471677794328,-0.9089903050111277
2005-10-18,3.065409722222223,-0.1206328315629463,-0.7374435573259432
2005-10-19,3.0311875000000006,-0.18902258850739087,-0.6361649114926093
2005-10-20,2.991295833333334,-0.2039141047110945,-0.5867150619555722
2005-10-21,2.943697222222223,-0.27291434776665,-0.4861162077889063
2005-10-22,2.890719444444445,-0.3051572181370204,-0.3962288929740913
2005-10-23,2.8383597222222225,-0.2999337806370204,-0.23375927491853482
2005-10-24,2.786594444444445,-0.33445717184072404,-0.14747060593705347
2005-10-25,2.7343027777777786,-0.44370401211850197,0.0067345676740572236
2005-10-26,2.6806569444444452,-0.4828114426740575,0.09948783156294616
2005-10-27,2.627194444444445,-0.46414806304442785,0.1342869519333167
2005-10-28,2.5777236111111117,-0.5173540352666499,0.12496375748887201
2005-10-29,2.5312236111111117,-0.4947984681370205,-0.04575847630742441
2005-10-30,2.4913902777777786,-0.5233943940629464,0.019337449618501257
2005-10-31,2.467161111111112,-0.5328582945259094,-0.6756361499185354
2005-11-01,2.452866666666667,-0.4915492435999834,-1.5286507564000167
2005-11-02,2.4378833333333336,-0.41680228758146504,-1.7870810457518682
2005-11-03,2.4223291666666675,-0.4217763385073909,-1.7898861614926096
2005-11-04,2.407906944444445,-0.46663122276665014,-1.5289423883444608
2005-11-05,2.3944888888888896,-0.4026943130444278,-1.5501279091777946
2005-11-06,2.3812611111111117,-0.3639181787851685,-1.5983429323259428
2005-11-07,2.3662222222222224,-0.3776845560999835,-1.5695376661222384
2005-11-08,2.348270833333334,-0.3483911764703538,-1.58087965686298
2005-11-09,2.3272361111111115,-0.2895741162851687,-1.6189953281592757
2005-11-10,2.3025777777777785,-0.31731783156294635,-1.5692599462148318
2005-11-11,2.275894444444445,-0.2966407135073909,-1.5632537309370536
2005-11-12,2.251968055555556,-0.29173550517405755,-1.544232550381498
2005-11-13,2.232504166666667,-0.23469192878516856,-1.5818122378814983
2005-11-14,2.214772222222223,-0.14897896582220566,-1.6497932564000168
2005-11-15,2.1954513888888894,-0.06844585239627972,-1.7110055364926093
2005-11-16,2.168643055555556,-0.01862322508146481,-1.4410198304740907
2005-11-17,2.1358236111111117,-0.03530623434072408,-1.2955173767703874
2005-11-18,2.107595833333334,-0.029864046840724114,-1.2730651198259426
2005-11-19,2.090013888888889,-0.06775380378516854,-1.2209267517703866
2005-11-20,2.083244444444445,0.03105302233589053,-1.3149641334470017
2005-11-21,2.0815069444444445,0.0305050310594902,-1.186011975503934
2005-11-22,2.080566666666667,0.03686623399796589,-1.3067662339979658
2005-11-23,2.0807888888888892,0.06685749891991248,-1.3339797211421345
2005-11-24,2.081454166666667,0.08326047183084001,-1.3333813051641734
2005-11-25,2.082829166666667,0.11941637173901258,-1.2412455384056793
2005-11-26,2.0849347222222225,0.1470528386811614,-1.27065422757005
2005-11-27,2.0862583333333338,0.18256469588960944,-1.3074896958896094
2005-11-28,2.087790277777778,0.18891858707418244,-1.3140421981852934
2005-11-29,2.0905902777777783,0.17629473491623948,-1.2762183460273504
2005-11-30,2.0885791666666673,0.15251257238180407,-1.2524250723818044
2005-12-01,2.0775097222222225,0.07848643601816786,-1.2023294915737233
2005-12-02,2.0614750000000006,-0.0004612682977183022,-0.7720137317022817
2005-12-03,2.043838888888889,0.040701587533319324,-0.766540476422208
2005-12-04,2.0255291666666673,0.04912748285012372,-0.8753233161834572
2005-12-05,2.007190277777778,0.025421261546175113,-0.7482782059906197
2005-12-06,1.9888388888888893,0.020818678901546983,-0.6516575677904357
2005-12-07,1.9716222222222226,-0.02905082293500033,-0.5125713992872218
2005-12-08,1.9570625000000004,-0.05023497123619397,-0.4718275287638061
2005-12-09,1.9457513888888893,-0.09321372467972029,-0.41753766420916877
2005-12-10,1.9394972222222226,-0.09599717279725936,-0.408500049424963
2005-12-11,1.9377722222222227,-0.05596561861911424,-0.44680660360310814
2005-12-12,1.9375111111111116,-0.036045669124164875,-0.4654654419869464
2005-12-13,1.9374611111111115,-0.05386257683766328,-0.44759853427344787
2005-12-14,1.937416666666667,-0.1373418008964328,-0.36407486577023385
2005-12-15,1.9388194444444449,-0.1732937866631913,-0.28252565778125305
2005-12-16,1.9418805555555558,-0.1762693720626403,0.9153888165070845
2005-12-17,1.9478361111111113,-0.12374578390837038,1.2249096727972595
2005-12-18,1.956605555555556,-0.15041892440423824,1.251813368848683
2005-12-19,1.9636944444444446,-0.1636749390966165,1.3459804946521727
2005-12-20,1.9694638888888891,-0.14779169759064778,1.3506611420350925
2005-12-21,1.9809291666666669,-0.09885666545107002,1.158927498784404
2005-12-22,1.9968069444444447,-0.06195531099744281,1.1088150332196653
2005-12-23,2.011861111111111,-0.08742179400938063,1.1302273495649369
2005-12-24,2.027045833333334,-0.14205875452361366,1.1520129211902799
2005-12-25,2.042404166666667,-0.1620991356071766,1.0303616356071763
2005-12-26,2.0579375000000004,-0.16617248271461468,1.0225683160479482
2005-12-27,2.073808333333334,-0.15237648868339332,1.1625681553500604
2005-12-28,2.089108333333334,-0.1598384377192059,1.2553967710525393
2005-12-29,2.103358333333334,-0.17182070355942644,1.2337957035594262
2005-12-30,2.120733333333334,-0.1790689703179204,1.7270023036512538
2005-12-31,2.145219444444445,-0.134339849564936,1.747453738453825
2006-01-01,2.174647222222222,-0.09532976003325565,1.3613492044777005
2006-01-02,2.206702777777778,-0.05826592853646957,1.3828964840920253
2006-01-03,2.241813888888889,-0.014703061227011285,1.2382225056714558
2006-01-04,2.278986111111111,-0.04287351577246585,1.114887404661355
2006-01-05,2.3178694444444448,0.022996169718810612,0.9358010525034115
2006-01-06,2.3581375000000007,0.06259709947087659,0.78393206719579
2006-01-07,2.4023708333333333,0.10803479460402632,0.6892610387293072
2006-01-08,2.4514500000000004,0.11858051315315392,0.6296361535135127
2006-01-09,2.5007666666666672,0.11405079552230005,0.5848492044776996
2006-01-10,2.5502375000000006,0.026241635742685704,0.6231875309239806
2006-01-11,2.6006361111111116,-0.00823790971185972,0.6062684652674151
2006-01-12,2.651113888888889,-0.045008949656763206,0.5925617274345409
2006-01-13,2.7015861111111112,0.04795500810264902,0.4491255474529067
2006-01-14,2.7520583333333333,0.12849352968207972,0.27111480365125384
2006-01-15,2.8013097222222223,0.17538977623855362,-1.3160328317941088
2006-01-16,2.8462069444444444,0.27971549937904944,-1.9149224438234933
2006-01-17,2.886001388888889,0.3635488212339622,-1.608216876789517
2006-01-18,2.9231805555555557,0.4040260939612349,-1.1755399828501236
2006-01-19,2.9592930555555554,0.3788453891862119,-1.212138444741767
2006-01-20,2.989208333333334,0.37963133510372027,-1.228839668437054
2006-01-21,3.013527777777778,0.33544477260372035,-1.0433058837148312
2006-01-22,3.038176388888889,0.3643367749185351,-1.1028464971407572
2006-01-23,3.0630652777777776,0.514807388344461,-1.2782059994555717
2006-01-24,3.0878750000000004,0.5376305827889055,-1.329172249455572
2006-01-25,3.11235,0.4949600272333499,-1.3149766939000165
2006-01-26,3.1366875000000003,0.49662098788149794,-1.4146418212148313
2006-01-27,3.1632625,0.47570971473334994,-0.9899722147333496
2006-01-28,3.1920430555555557,0.5283973073259426,-0.9994403628814977
2006-01-29,3.2226805555555558,0.5651246105666834,-1.5641384994555723
2006-01-30,3.255104166666667,0.5455026776963129,-1.6666068443629793
2006-01-31,3.2856847222222227,0.5103209184370536,-1.6920056406592763
2006-02-01,3.313479166666667,0.43731462214075734,-1.7677937888074242
2006-02-02,3.338501388888889,0.42783646241853507,-1.8010045179740906
2006-02-03,3.3621513888888894,0.41578625408520165,-1.8126043096407574
2006-02-04,3.3858916666666667,0.3136183952889055,-1.7351767286222388
2006-02-05,3.4090388888888894,0.33642587214075753,-1.77179809436298
2006-02-06,3.4279166666666674,0.28234751565927585,-1.730264182325943
2006-02-07,3.441888888888889,0.2558598420481646,-1.714082064270387
2006-02-08,3.4547597222222226,0.29264128880742396,-1.4677343443629796
2006-02-09,3.4694736111111117,0.32368025871483147,-1.2401538698259433
2006-02-10,3.4861402777777784,0.3322542401963129,-1.2173945179740908
2006-02-11,3.5033680555555557,0.3316346568629795,-1.2326693790852017
2006-02-12,3.5221583333333335,0.24482230732594254,-1.1646473073259425
2006-02-13,3.5417055555555557,0.11616522399260916,-1.0555374462148313
2006-02-14,3.5574763888888894,0.022069471677794328,-0.9772125272333501
2006-02-15,3.5682722222222227,-0.1206328315629463,-0.20363939065927578
2006-02-16,3.5779000000000005,-0.18902258850739087,-0.11487741149260919
2006-02-17,3.5874305555555557,-0.2039141047110945,-0.5495164508444607
2006-02-18,3.596531944444445,-0.27291434776665,-0.3876175966777946
2006-02-19,3.6060375000000002,-0.3051572181370204,0.8887863848036877
2006-02-20,3.615955555555556,-0.2999337806370204,0.7989782250814648
2006-02-21,3.625730555555556,-0.33445717184072404,0.8160599496185019
2006-02-22,3.635240277777778,-0.44370401211850197,0.9474637343407241
2006-02-23,3.644879166666667,-0.4828114426740575,0.9795989426740579
2006-02-24,3.6549916666666666,-0.46414806304442785,0.9901563963777613
2006-02-25,3.664554166666667,-0.5173540352666499,0.9634665352666507
2006-02-26,3.670629166666667,-0.4947984681370205,0.5615026348036873
2006-02-27,3.6750236111111114,-0.5233943940629464,0.5090374496185022
2006-02-28,3.6765625,-0.5328582945259094,0.6116291278592428
2006-03-01,3.673719444444445,-0.4915492435999834,0.6304964658222053
2006-03-02,3.671748611111111,-0.41680228758146504,0.6617203431370209
2006-03-03,3.670291666666667,-0.4217763385073909,0.9728180051740578
2006-03-04,3.668079166666667,-0.46663122276665014,1.6268853894333173
2006-03-05,3.665109722222222,-0.4026943130444278,1.6845845908222066
2006-03-06,3.6622958333333333,-0.3639181787851685,1.9472890121185018
2006-03-07,3.6606111111111113,-0.3776845560999835,1.973740111655539
2006-03-08,3.659179166666667,-0.3483911764703538,2.8865453431370205
2006-03-09,3.661329166666667,-0.2895741162851687,3.047578282951835
2006-03-10,3.667154166666667,-0.31731783156294635,2.9014969982296135
2006-03-11,3.6692708333333335,-0.2966407135073909,3.0810365468407244
2006-03-12,3.667329166666667,-0.29173550517405755,3.0984063385073917
2006-03-13,3.664548611111112,-0.23469192878516856,3.0428099843407237
2006-03-14,3.6621083333333337,-0.14897896582220566,2.959537299155539
2006-03-15,3.6608527777777784,-0.06844585239627972,2.8802597412851685
2006-03-16,3.6646527777777784,-0.01862322508146481,2.8266371139703534
2006-03-17,3.675881944444445,-0.03530623434072408,2.1760909565629465
2006-03-18,3.6876694444444444,-0.029864046840724114,1.685861269062947
2006-03-19,3.6975958333333336,-0.06775380378516854,1.5554913037851692
2006-03-20,3.7078319444444445,0.03105302233589053,1.3434483665529995
2006-03-21,3.7181569444444444,0.0305050310594902,0.0740046911627329
2006-03-22,3.727813888888889,0.03686623399796589,-0.01401345622018739
2006-03-23,3.74155,0.06685749891991248,-0.019074165586578748
2006-03-24,3.760555555555556,0.08326047183084001,-0.014816027386395703
2006-03-25,3.7799305555555556,0.11941637173901258,0.018319739372099145
2006-03-26,3.798998611111111,0.1470528386811614,-0.06738478312560495
2006-03-27,3.818083333333334,0.18256469588960944,-0.11564802922294315
2006-03-28,3.835079166666667,0.18891858707418244,0.39300224625915126
2006-03-29,3.850270833333334,0.17629473491623948,0.41710109841709364
2006-03-30,3.8704375000000004,0.15251257238180407,0.8657165942848629
2006-03-31,3.897983333333334,0.07848643601816786,0.8588635639818321
2006-04-01,3.928868055555556,-0.0004612682977183022,0.8182598794088292
2006-04-02,3.962195833333334,0.040701587533319324,0.5281025791333475
2006-04-03,3.9976791666666673,0.04912748285012372,-0.05513998285012392
2006-04-04,4.033390277777778,0.025421261546175113,0.10918846067604757
2006-04-05,4.067386111111111,0.020818678901546983,0.08379520998734225
2006-04-06,4.099983333333334,-0.02905082293500033,0.10040082293500013
2006-04-07,4.133004166666667,-0.05023497123619397,-0.8584358620971388
2006-04-08,4.162559722222222,-0.09321372467972029,-1.0703459975425016
2006-04-09,4.186819444444445,-0.09599717279725936,-1.1308222716471845
2006-04-10,4.208056944444445,-0.05596561861911424,-0.7107579924919971
2006-04-11,4.227794444444445,-0.036045669124164875,-0.7620821086536129
2006-04-12,4.247320833333333,-0.05386257683766328,-0.6164582564956695
2006-04-13,4.264940277777778,-0.1373418008964328,-0.32293181021467776
2006-04-14,4.280618055555555,-0.1732937866631913,-0.3016576022256968
2006-04-15,4.2962375,-0.1762693720626403,0.02336520539597367
2006-04-16,4.308291666666667,-0.12374578390837038,-0.006879216091629836
2006-04-17,4.317740277777778,-0.15041892440423824,0.0726786466264602
2006-04-18,4.327633333333333,-0.1636749390966165,0.08737493909661759
2006-04-19,4.336601388888889,-0.14779169759064778,0.06252364203509284
2006-04-20,4.340098611111111,-0.09885666545107002,0.0020913876732928105
2006-04-21,4.339500000000001,-0.06195531099744281,-0.05587802233589065
2006-04-22,4.336306944444445,-0.08742179400938063,-0.02621848376839722
2006-04-23,4.3290500000000005,-0.14205875452361366,-0.03565791214305242
2006-04-24,4.321254166666667,-0.1620991356071766,-0.04948836439282278
2006-04-25,4.314933333333333,-0.16617248271461468,-0.006427517285384515
2006-04-26,4.311290277777777,-0.15237648868339332,-0.007913789094383283
2006-04-27,4.3108,-0.1598384377192059,-0.5752948956141273
2006-04-28,4.313068055555556,-0.17182070355942644,-0.31224735199612896
2006-04-29,4.31361388888889,-0.1790689703179204,-0.7602115852376354
2006-04-30,4.308980555555556,-0.134339849564936,-0.8043073726572865
2006-05-01,4.300856944444445,-0.09532976003325565,-0.8498605177445222
2006-05-02,4.28921388888889,-0.05826592853646957,-0.9642812936857531
2006-05-03,4.272194444444445,-0.014703061227011285,-1.058491383217433
2006-05-04,4.252016666666667,-0.04287351577246585,-1.3044764842275343
2006-05-05,4.230193055555556,0.022996169718810612,-1.205522558607699
2006-05-06,4.2074,0.06259709947087659,-1.2406637661375424
2006-05-07,4.182493055555556,0.10803479460402632,-1.2591945168262477
2006-05-08,4.1553305555555555,0.11858051315315392,-0.3899110687087091
2006-05-09,4.128936111111111,0.11405079552230005,-0.3296535733000774
2006-05-10,4.102409722222223,0.026241635742685704,-1.1346513579649082
2006-05-11,4.074955555555556,-0.00823790971185972,-1.1283843125103628
2006-05-12,4.047420833333334,-0.045008949656763206,-1.2107452170099036
2006-05-13,4.020209722222223,0.04795500810264902,-1.048164730324871
2006-05-14,3.9934027777777783,0.12849352968207972,-1.0928963074598572
2006-05-15,3.9666902777777784,0.17538977623855362,-1.4467467206829985
2006-05-16,3.942719444444445,0.27971549937904944,-1.3511016104901608
2006-05-17,3.9223791666666674,0.3635488212339622,-1.475927987900629
2006-05-18,3.903568055555556,0.4040260939612349,-0.9422608161834575
2006-05-19,3.8858250000000005,0.3788453891862119,-0.8956703891862122
2006-05-20,3.8735638888888895,0.37963133510372027,-0.8781952239926093
2006-05-21,3.8660736111111116,0.33544477260372035,-0.8131850503814984
2006-05-22,3.8571875,0.3643367749185351,0.29214239174813117
2006-05-23,3.847693055555556,0.514807388344461,0.284499556099983
2006-05-24,3.8383430555555558,0.5376305827889055,0.2230263616555398
2006-05-25,3.8271305555555557,0.4949600272333499,0.2439094172110951
2006-05-26,3.813565277777778,0.49662098788149794,0.21514706767405795
2006-05-27,3.7966972222222224,0.47570971473334994,0.14892639637776167
2006-05-28,3.7753277777777776,0.5283973073259426,0.2909415815629467
2006-05-29,3.750455555555556,0.5651246105666834,0.8744198338777611
2006-05-30,3.7243361111111115,0.5455026776963129,1.5088278778592428
2006-05-31,3.6990861111111113,0.5103209184370536,1.662259637118502
2006-06-01,3.6763333333333335,0.43731462214075734,2.1003520445259096
2006-06-02,3.6586083333333335,0.42783646241853507,2.163888537581465
2006-06-03,3.6442555555555556,0.41578625408520165,2.190958190359243
2006-06-04,3.6303958333333335,0.3136183952889055,1.8936524380444273
2006-06-05,3.6174986111111114,0.33642587214075753,1.9697421834147977
2006-06-06,3.607777777777778,0.28234751565927585,2.064874706562946
2006-06-07,3.600923611111111,0.2558598420481646,1.2452165468407248
2006-06-08,3.5950652777777776,0.29264128880742396,1.0959601000814656
2006-06-09,3.588086111111111,0.32368025871483147,1.034233630174058
2006-06-10,3.5793847222222226,0.3322542401963129,1.0333610375814657
2006-06-11,3.570538888888889,0.3316346568629795,1.0424931209147978
2006-06-12,3.561491666666667,0.24482230732594254,0.6823526926740566
2006-06-13,3.5529097222222226,0.11616522399260916,0.8095917204518355
2006-06-14,3.543859722222223,0.022069471677794328,0.9087374727666497
2006-06-15,3.5338152777777783,-0.1206328315629463,0.8514842204518349
2006-06-16,3.5242958333333334,-0.18902258850739087,1.1857267551740582
2006-06-17,3.5189263888888886,-0.2039141047110945,0.6463210491555399
2006-06-18,3.5214138888888886,-0.27291434776665,0.7125004588777617
2006-06-19,3.5297777777777783,-0.3051572181370204,0.7793794403592424
2006-06-20,3.54075,-0.2999337806370204,0.9161837806370212
2006-06-21,3.5529083333333333,-0.33445717184072404,0.08054883850739153
2006-06-22,3.5647125,-0.44370401211850197,0.08465817878516935
2006-06-23,3.576477777777778,-0.4828114426740575,0.11033366489628027
2006-06-24,3.5885736111111113,-0.46414806304442785,0.4772411185999836
2006-06-25,3.6017208333333333,-0.5173540352666499,0.7312998685999836
2006-06-26,3.6182194444444447,-0.4947984681370205,0.7912456903592431
2006-06-27,3.6363402777777782,-0.5233943940629464,0.9147207829518349
2006-06-28,3.655029166666667,-0.5328582945259094,0.39716246119257625
2006-06-29,3.678158333333333,-0.4915492435999834,-0.2499424230666828
2006-06-30,3.7071944444444442,-0.41680228758146504,-0.4473921568629788
2006-07-01,3.7384555555555554,-0.4217763385073909,-0.8160125503814974
2006-07-02,3.7686930555555556,-0.46663122276665014,-0.8377284994555717
2006-07-03,3.7985569444444445,-0.4026943130444278,-0.9275292980666829
2006-07-04,3.827575,-0.3639181787851685,-0.9769901545481642
2006-07-05,3.8542791666666667,-0.3776845560999835,-0.9312612772333495
2006-07-06,3.8794694444444446,-0.3483911764703538,-0.6000782679740908
2006-07-07,3.900388888888889,-0.2895741162851687,-0.44414810593705345
2006-07-08,3.9178194444444445,-0.31731783156294635,-0.4311682795481644
2006-07-09,3.939709722222223,-0.2966407135073909,-0.47373567538149836
2006-07-10,3.965843055555556,-0.29173550517405755,-0.5047742170481648
2006-07-11,3.9924027777777784,-0.23469192878516856,-0.5887108489926098
2006-07-12,4.016947222222223,-0.14897896582220566,-0.6223015897333506
2006-07-13,4.038686111111112,-0.06844585239627972,-0.7042402587148319
2006-07-14,4.060740277777779,-0.01862322508146481,-0.7737837193629802
2006-07-15,4.082908333333334,-0.03530623434072408,-0.7796020989926092
2006-07-16,4.105525,-0.029864046840724114,-1.0649942864926087
2006-07-17,4.1273125,-0.06775380378516854,-1.0558920295481646
2006-07-18,4.1462,0.03105302233589053,-1.1715863556692234
2006-07-19,4.1648000000000005,0.0305050310594902,-1.2386383643928232
2006-07-20,4.1830138888888895,0.03686623399796589,-1.400880122886855
2006-07-21,4.195129166666668,0.06685749891991248,-1.6736533322532468
2006-07-22,4.201484722222222,0.08326047183084001,-1.5334118607197287
2006-07-23,4.207148611111112,0.11941637173901258,-1.575231649516791
2006-07-24,4.212855555555556,0.1470528386811614,-2.0059083942367164
2006-07-25,4.217627777777778,0.18256469588960944,-2.2461924736673877
2006-07-26,4.2219375,0.18891858707418244,-2.3111894204075156
2006-07-27,4.227636111111112,0.17629473491623948,-2.7715975126940173
2006-07-28,4.231388888888889,0.15251257238180407,-2.6532347946040256
2006-07-29,4.226655555555556,0.07848643601816786,-2.580475324907057
2006-07-30,4.212956944444445,-0.0004612682977183022,-2.4151623428133924
2006-07-31,4.194427777777777,0.040701587533319324,-2.2154626986444295
2006-08-01,4.17440138888889,0.04912748285012372,-1.9745288717390128
2006-08-02,4.155590277777778,0.025421261546175113,-1.7150115393239522
2006-08-03,4.1396347222222225,0.020818678901546983,-1.6127867344571027
2006-08-04,4.127505555555556,-0.02905082293500033,-1.3981213992872221
2006-08-05,4.117466666666667,-0.05023497123619397,-1.7048983620971392
2006-08-06,4.1110291666666665,-0.09321372467972029,-1.8018154419869457
2006-08-07,4.1076555555555565,-0.09599717279725936,-1.6746583827582966
2006-08-08,4.103898611111111,-0.05596561861911424,-1.6585996591586634
2006-08-09,4.100262500000001,-0.036045669124164875,-1.6708834975425029
2006-08-10,4.096627777777778,-0.05386257683766328,-1.5524318676067812
2006-08-11,4.09488888888889,-0.1373418008964328,-1.2375470879924562
2006-08-12,4.095086111111112,-0.1732937866631913,-1.0911256577812531
2006-08-13,4.095341666666667,-0.1762693720626403,-0.9727389612706929
2006-08-14,4.096466666666668,-0.12374578390837038,-1.0087208827582972
2006-08-15,4.09558888888889,-0.15041892440423824,-0.7761699644846516
2006-08-16,4.090366666666668,-0.1636749390966165,0.10697493909661543
2006-08-17,4.080155555555557,-0.14779169759064778,1.1336361420350918
2006-08-18,4.064148611111111,-0.09885666545107002,1.4707080543399595
2006-08-19,4.045030555555556,-0.06195531099744281,1.6792580887752215
2006-08-20,4.029025000000001,-0.08742179400938063,1.758396794009381
2006-08-21,4.017405555555556,-0.14205875452361366,1.6316531989680578
2006-08-22,4.00625138888889,-0.1620991356071766,1.7335144133849543
2006-08-23,3.9935680555555564,-0.16617248271461468,1.749937760492392
2006-08-24,3.9800000000000004,-0.15237648868339332,2.043709822016727
2006-08-25,3.966869444444445,-0.1598384377192059,2.0079689932747615
2006-08-26,3.950608333333334,-0.17182070355942644,2.1598790368927587
2006-08-27,3.933418055555556,-0.1790689703179204,1.9956509147623656
2006-08-28,3.9206361111111114,-0.134339849564936,2.759370405120492
2006-08-29,3.9106847222222227,-0.09532976003325565,3.3336450378110336
2006-08-30,3.9039777777777784,-0.05826592853646957,3.130288150758692
2006-08-31,3.899976388888889,-0.014703061227011285,2.861393339004789
2006-09-01,3.8947416666666674,-0.04287351577246585,2.672465182439132
2006-09-02,3.8895180555555564,0.022996169718810612,2.479819108058967
2006-09-03,3.882752777777778,0.06259709947087659,2.1483167894180117
2006-09-04,3.8715666666666673,0.10803479460402632,2.033065205395973
2006-09-05,3.857622222222223,0.11858051315315392,1.947130597957957
2006-09-06,3.8425958333333337,0.11405079552230005,2.1006867044777002
2006-09-07,3.827106944444445,0.026241635742685704,2.2503180864795365
2006-09-08,3.811243055555556,-0.00823790971185972,2.297661520822971
2006-09-09,3.795380555555556,-0.045008949656763206,2.253295060767874
2006-09-10,3.7800013888888895,0.04795500810264902,1.8707102696751294
2006-09-11,3.765019444444445,0.12849352968207972,1.674153692540143
2006-09-12,3.750715277777778,0.17538977623855362,1.5235616126503364
2006-09-13,3.7377930555555556,0.27971549937904944,1.419824778398729
2006-09-14,3.7268486111111114,0.3635488212339622,1.581602567654927
2006-09-15,3.7174944444444447,0.4040260939612349,1.6108127949276545
2006-09-16,3.708541666666667,0.3788453891862119,1.4476129441471213
2006-09-17,3.700518055555556,0.37963133510372027,1.592850609340724
2006-09-18,3.6948069444444447,0.33544477260372035,1.4314149496185027
2006-09-19,3.6915125000000004,0.3643367749185351,1.2921507250814652
2006-09-20,3.6894986111111114,0.514807388344461,1.1336940005444276
2006-09-21,3.688091666666667,0.5376305827889055,1.0416110838777612
2006-09-22,3.689298611111111,0.4949600272333499,1.0830746949888732
2006-09-23,3.692313888888889,0.49662098788149794,0.7803984565629469
2006-09-24,3.6945652777777784,0.47570971473334994,0.8413916741555392
2006-09-25,3.699230555555556,0.5283973073259426,1.1443721371185025
2006-09-26,3.7068458333333334,0.5651246105666834,1.0413628894333176
2006-09-27,3.714873611111112,0.5455026776963129,0.2589570445259092
2006-09-28,3.722604166666667,0.5103209184370536,-0.3895917517703871
2006-09-29,3.7276722222222225,0.43731462214075734,-0.36965351102964616
2006-09-30,3.7294861111111115,0.42783646241853507,-0.29465590686297943
2006-10-01,3.729480555555556,0.41578625408520165,-0.021266809640757
2006-10-02,3.726988888888889,0.3136183952889055,0.0947260491555389
2006-10-03,3.7222777777777782,0.33642587214075753,0.6562963500814649
2006-10-04,3.718604166666667,0.28234751565927585,0.7533816510073903
2006-10-05,3.718025000000001,0.2558598420481646,0.7837818246185018
2006-10-06,3.7189416666666673,0.29264128880742396,0.5067503778592424
2006-10-07,3.7236638888888893,0.32368025871483147,0.46232251906294614
2006-10-08,3.732644444444445,0.3322542401963129,0.4437679820259097
2006-10-09,3.750315277777778,0.3316346568629795,0.4267167320259098
2006-10-10,3.7767694444444446,0.24482230732594254,0.4857415815629471
2006-10-11,3.8035055555555557,0.11616522399260916,0.5876625537851694
2006-10-12,3.8286458333333337,0.022069471677794328,0.6566180283222063
2006-10-13,3.851840277777778,-0.1206328315629463,0.7707925537851692
2006-10-14,3.8731625000000003,-0.18902258850739087,0.38886008850739096
2006-10-15,3.889465277777778,-0.2039141047110945,-0.529551173066683
2006-10-16,3.89745,-0.27291434776665,-1.308868985566683
2006-10-17,3.898866666666667,-0.3051572181370204,-1.7860427818629798
2006-10-18,3.8967375000000004,-0.2999337806370204,-1.8318037193629795
2006-10-19,3.892804166666667,-0.33445717184072404,-1.7086803281592757
2006-10-20,3.8881819444444448,-0.44370401211850197,-1.5781445989926088
2006-10-21,3.8827333333333334,-0.4828114426740575,-1.533588557325942
2006-10-22,3.8759125,-0.46414806304442785,-1.5164311036222384
2006-10-23,3.866843055555556,-0.5173540352666499,-1.0838223536222389
2006-10-24,3.856648611111112,-0.4947984681370205,-1.0485168096407573
2006-10-25,3.8455597222222226,-0.5233943940629464,-1.5958319948259425
2006-10-26,3.833329166666667,-0.5328582945259094,-1.6054708721407573
2006-10-27,3.8177722222222226,-0.4915492435999834,-1.6328896452889055
2006-10-28,3.7963861111111115,-0.41680228758146504,-1.681583823529646
2006-10-29,3.7732069444444445,-0.4217763385073909,-1.315430605937053
2006-10-30,3.7516625000000006,-0.46663122276665014,-1.316364610566683
2006-10-31,3.731958333333334,-0.4026943130444278,-1.6215973536222388
2006-11-01,3.713820833333334,-0.3639181787851685,-1.3562359878814987
2006-11-02,3.700677777777778,-0.3776845560999835,-1.9083265550111272
2006-11-03,3.694841666666667,-0.3483911764703538,-1.969450490196313
2006-11-04,3.691805555555556,-0.2895741162851687,-2.0282314392703866
2006-11-05,3.6880722222222224,-0.31731783156294635,-2.0150877239926093
2006-11-06,3.679669444444445,-0.2966407135073909,-2.1173620642703868
2006-11-07,3.6666222222222227,-0.29173550517405755,-2.1092200503814977
2006-11-08,3.6449638888888893,-0.23469192878516856,-2.1446052934370536
2006-11-09,3.6150875000000005,-0.14897896582220566,-2.008108534177794
2006-11-10,3.585894444444445,-0.06844585239627972,-2.0594485920481644
2006-11-11,3.5580027777777783,-0.01862322508146481,-1.8960462193629795
2006-11-12,3.5312875000000004,-0.03530623434072408,-1.7043145989926092
2006-11-13,3.5045250000000006,-0.029864046840724114,-1.6143276198259426
2006-11-14,3.476779166666667,-0.06775380378516854,-1.5000253628814983
2006-11-15,3.449604166666667,0.03105302233589053,-1.5289905223358904
2006-11-16,3.422668055555556,0.0305050310594902,-1.3681730866150457
2006-11-17,3.395559722222223,0.03686623399796589,-1.1124259562201886
2006-11-18,3.3692680555555556,0.06685749891991248,-1.1394588878088012
2006-11-19,3.3456736111111116,0.08326047183084001,-0.8692674162752849
2006-11-20,3.325375,0.11941637173901258,-0.839458038405679
2006-11-21,3.3060902777777783,0.1470528386811614,-0.663476449792272
2006-11-22,3.2882958333333336,0.18256469588960944,-1.028860529222943
2006-11-23,3.2728513888888893,0.18891858707418244,-1.109769975963072
2006-11-24,3.2600375,0.17629473491623948,-0.9366655682495725
2006-11-25,3.249655555555556,0.15251257238180407,-0.7111681279373597
2006-11-26,3.2433166666666673,0.07848643601816786,-0.6308031026848349
2006-11-27,3.2433041666666673,-0.0004612682977183022,-0.5565095650356158
2006-11-28,3.2468972222222225,0.040701587533319324,-0.9405988097555414
2006-11-29,3.2508611111111114,0.04912748285012372,-0.9429885939612349
2006-11-30,3.253455555555556,0.025421261546175113,-0.9222101504350642
2006-12-01,3.2548236111111115,0.020818678901546983,-1.216642290012658
2006-12-02,3.2505291666666674,-0.02905082293500033,-1.163145010398333
2006-12-03,3.237655555555556,-0.05023497123619397,-1.064753917652695
2006-12-04,3.2214291666666672,-0.09321372467972029,-0.8115487753202796
2006-12-05,3.2053055555555563,-0.09599717279725936,-0.6529750494249632
2006-12-06,3.1896055555555565,-0.05596561861911424,0.269693396396892
2006-12-07,3.173916666666667,-0.036045669124164875,0.3967956691241652
2006-12-08,3.1586888888888893,-0.05386257683766328,2.485173687948775
2006-12-09,3.1429777777777783,-0.1373418008964328,2.9636973564519877
2006-12-10,3.126004166666667,-0.1732937866631913,3.0452896199965243
2006-12-11,3.1087236111111114,-0.1762693720626403,2.8802124276181957
2006-12-12,3.0911,-0.12374578390837038,2.6969791172417037
2006-12-13,3.075005555555556,-0.15041892440423824,2.6614133688486823
2006-12-14,3.0663777777777783,-0.1636749390966165,2.626630494652171
2006-12-15,3.067419444444445,-0.14779169759064778,2.567038919812869
2006-12-16,3.0753597222222226,-0.09885666545107002,2.3788302765621805
2006-12-17,3.0863416666666668,-0.06195531099744281,2.207613644330776
2006-12-18,3.0971888888888897,-0.08742179400938063,2.1765662384538245
2006-12-19,3.1053444444444445,-0.14205875452361366,1.9480476434125025
2006-12-20,3.110452777777778,-0.1620991356071766,1.9173130244960652
2006-12-21,3.1147222222222224,-0.16617248271461468,1.7037835938257253
2006-12-22,3.117079166666667,-0.15237648868339332,1.6549639886833927
2006-12-23,3.1164083333333337,-0.1598384377192059,1.6634301043858732
2006-12-24,3.113675,-0.17182070355942644,1.5304790368927603
2006-12-25,3.109830555555556,-0.1790689703179204,1.3502384147623652
2006-12-26,3.1061819444444447,-0.134339849564936,1.3091579051204918
2006-12-27,3.104591666666667,-0.09532976003325565,1.2717380933665894
2006-12-28,3.104993055555556,-0.05826592853646957,1.234272872980914
2006-12-29,3.108434722222223,-0.014703061227011285,1.1772683390047893
2006-12-30,3.1160250000000005,-0.04287351577246585,1.197848515772466
2006-12-31,3.129441666666667,0.022996169718810612,1.1402288302811887
2007-01-01,3.1523722222222226,0.06259709947087659,1.8240306783069014
2007-01-02,3.1830194444444446,0.10803479460402632,2.3756124276181962
2007-01-03,3.2161763888888895,0.11858051315315392,2.2059097646246233
2007-01-04,3.2495111111111115,0.11405079552230005,2.180438093366589
2007-01-05,3.2853680555555558,0.026241635742685704,1.2887236420350927
2007-01-06,3.3247347222222228,-0.00823790971185972,1.156169854156304
2007-01-07,3.3651583333333335,-0.045008949656763206,-0.886482717009903
2007-01-08,3.405444444444445,0.04795500810264902,-1.3550661192137599
2007-01-09,3.4456791666666673,0.12849352968207972,-1.41250602968208
2007-01-10,3.485131944444445,0.17538977623855362,-1.4988550540163315
2007-01-11,3.522926388888889,0.27971549937904944,-1.4889752216012713
2007-01-12,3.5592138888888893,0.3635488212339622,-1.5500960434561846
2007-01-13,3.592904166666667,0.4040260939612349,-1.6242635939612349
2007-01-14,3.6238666666666672,0.3788453891862119,-1.6300453891862121
2007-01-15,3.6528152777777785,0.37963133510372027,-1.661779946214832
2007-01-16,3.679481944444445,0.33544477260372035,-1.7569267170481648
2007-01-17,3.7060819444444446,0.3643367749185351,-1.8287520526963126
2007-01-18,3.7336375000000004,0.514807388344461,-1.4667782216777943
2007-01-19,3.7622458333333335,0.5376305827889055,-1.3478764161222387
2007-01-20,3.7912833333333333,0.4949600272333499,-1.3319100272333493
2007-01-21,3.8215152777777783,0.49662098788149794,-1.3064695989926087
2007-01-22,3.8545930555555556,0.47570971473334994,-1.0676361036222386
2007-01-23,3.8881805555555555,0.5283973073259426,-0.3709111962148307
2007-01-24,3.9204500000000007,0.5651246105666834,-0.3375746105666835
2007-01-25,3.951543055555556,0.5455026776963129,-0.3337123999185351
2007-01-26,3.9805638888888897,0.5103209184370536,-0.29455147399260984
2007-01-27,4.0072069444444445,0.43731462214075734,-0.13985489991853495
2007-01-28,4.030798611111111,0.42783646241853507,-0.15396840686297913
2007-01-29,4.052041666666667,0.41578625408520165,-0.16316125408520155
2007-01-30,4.069108333333334,0.3136183952889055,-0.09972672862223936
2007-01-31,4.079180555555556,0.33642587214075753,-0.8789397610296468
2007-02-01,4.083844444444445,0.28234751565927585,-1.5231919601037198
2007-02-02,4.086769444444444,0.2558598420481646,-1.5679626198259418
2007-02-03,4.090043055555556,0.29264128880742396,-1.751017677696313
2007-02-04,4.086868055555556,0.32368025871483147,-1.7822149809370538
2007-02-05,4.0760652777777775,0.3322542401963129,-1.7836528513074232
2007-02-06,4.054570833333333,0.3316346568629795,-1.6482054901963121
2007-02-07,4.021720833333333,0.24482230732594254,-1.759209807325942
2007-02-08,3.986320833333333,0.11616522399260916,-1.668819390659275
2007-02-09,3.9515069444444446,0.022069471677794328,-1.5399097494555716
2007-02-10,3.9180833333333336,-0.1206328315629463,-1.4514505017703863
2007-02-11,3.885604166666667,-0.18902258850739087,-1.3302482448259418
2007-02-12,3.8536875000000004,-0.2039141047110945,-0.8577733952889052
2007-02-13,3.8221847222222225,-0.27291434776665,-0.6196037077889052
2007-02-14,3.7914069444444447,-0.3051572181370204,-0.38691639297409036
2007-02-15,3.761690277777778,-0.2999337806370204,-0.3527564971407566
2007-02-16,3.731822222222222,-0.33445717184072404,-0.28836505038149723
2007-02-17,3.701351388888889,-0.44370401211850197,-0.6933140434370527
2007-02-18,3.6698916666666666,-0.4828114426740575,-0.7927468906592752
2007-02-19,3.6381222222222225,-0.46414806304442785,-0.7819741591777942
2007-02-20,3.606863888888889,-0.5173540352666499,-0.7548431869555723
2007-02-21,3.574718055555556,-0.4947984681370205,-0.9965862540852015
2007-02-22,3.5424361111111113,-0.5233943940629464,-1.718708383714831
2007-02-23,3.511470833333334,-0.5328582945259094,-1.7802792054740904
2007-02-24,3.481155555555556,-0.4915492435999834,-1.675272978622239
2007-02-25,3.4508138888888893,-0.41680228758146504,-1.3386782679740905
2007-02-26,3.4204250000000003,-0.4217763385073909,-0.8636486614926091
2007-02-27,3.389920833333334,-0.46663122276665014,-0.22762294390001647
2007-02-28,3.359340277777778,-0.4026943130444278,-0.15431263140001605
2007-03-01,3.329088888888889,-0.3639181787851685,1.1538292898962799
2007-03-02,3.2963402777777784,-0.3776845560999835,1.8740109449888724
2007-03-03,3.2587319444444445,-0.3483911764703538,2.443992565359243
2007-03-04,3.218106944444445,-0.2895741162851687,2.4258005051740574
2007-03-05,3.1774652777777783,-0.31731783156294635,2.515519220451835
2007-03-06,3.144222222222223,-0.2966407135073909,3.0037518246185018
2007-03-07,3.118869444444445,-0.29173550517405755,3.3008660607296134
2007-03-08,3.103655555555556,-0.23469192878516856,3.236036373229614
2007-03-09,3.0990486111111117,-0.14897896582220566,3.3372636880444277
2007-03-10,3.0962319444444453,-0.06844585239627972,3.2572139079518347
2007-03-11,3.0931513888888893,-0.01862322508146481,3.2104718361925757
2007-03-12,3.089570833333334,-0.03530623434072408,3.166402067674058
2007-03-13,3.0852708333333343,-0.029864046840724114,3.084926546840724
2007-03-14,3.0815402777777785,-0.06775380378516854,2.7008801926740578
2007-03-15,3.0855972222222228,0.03105302233589053,2.4603497554418876
2007-03-16,3.097459722222223,0.0305050310594902,2.2793685800516212
2007-03-17,3.1129500000000005,0.03686623399796589,2.2478504326687014
2007-03-18,3.1350166666666675,0.06685749891991248,2.4011258344134205
2007-03-19,3.1585736111111116,0.08326047183084001,2.6248325837247166
2007-03-20,3.179155555555556,0.11941637173901258,2.865761406038765
2007-03-21,3.199019444444445,0.1470528386811614,2.853594383541061
2007-03-22,3.2186638888888894,0.18256469588960944,2.8864380818881674
2007-03-23,3.237051388888889,0.18891858707418244,3.0190300240369297
2007-03-24,3.2512000000000008,0.17629473491623948,3.040171931750427
2007-03-25,3.2624500000000003,0.15251257238180407,3.052704094284864
2007-03-26,3.274252777777778,0.07848643601816786,3.023927452870721
2007-03-27,3.2876625000000006,-0.0004612682977183022,2.678465434964384
2007-03-28,3.3079361111111116,0.040701587533319324,2.11336230135557
2007-03-29,3.340220833333334,0.04912748285012372,1.5146516838165422
2007-03-30,3.3794097222222224,0.025421261546175113,1.5031690162316038
2007-03-31,3.4185000000000008,0.020818678901546983,0.16434798776511994
2007-04-01,3.4617250000000004,-0.02905082293500033,-0.5016741770649995
2007-04-02,3.5157263888888894,-0.05023497123619397,-1.0961580843193615
2007-04-03,3.5762041666666677,-0.09321372467972029,-0.7109904419869472
2007-04-04,3.6366666666666676,-0.09599717279725936,-0.7540028272027407
2007-04-05,3.694484722222223,-0.05596561861911424,-1.3275191036031084
2007-04-06,3.749448611111112,-0.036045669124164875,-1.6790696086536132
2007-04-07,3.804616666666668,-0.05386257683766328,-1.8190874231623375
2007-04-08,3.861873611111112,-0.1373418008964328,-1.9808651435480122
2007-04-09,3.9209027777777785,-0.1732937866631913,-2.01994232444792
2007-04-10,3.9804750000000007,-0.1762693720626403,-2.076538961270693
2007-04-11,4.040616666666668,-0.12374578390837038,-2.1892042160916305
2007-04-12,4.102073611111112,-0.15041892440423824,-2.2239880200402067
2007-04-13,4.1622666666666674,-0.1636749390966165,-2.270925060903384
2007-04-14,4.213305555555555,-0.14779169759064778,-2.337847191298241
2007-04-15,4.256990277777778,-0.09885666545107002,-2.430466945660041
2007-04-16,4.306347222222223,-0.06195531099744281,-2.516725244558114
2007-04-17,4.3579875,-0.08742179400938063,-2.7482323726572857
2007-04-18,4.4090694444444445,-0.14205875452361366,-3.004677356587497
2007-04-19,4.464070833333333,-0.1620991356071766,-3.337638364392823
2007-04-20,4.519870833333334,-0.16617248271461468,-3.424698350618719
2007-04-21,4.576230555555556,-0.15237648868339332,-3.5828540668721627
2007-04-22,4.6358041666666665,-0.1598384377192059,-3.7922990622807933
2007-04-23,4.702427777777778,-0.17182070355942644,-3.8696070742183513
2007-04-24,4.773143055555556,-0.1790689703179204,-3.933407418570969
2007-04-25,4.844252777777779,-0.134339849564936,-4.084246261546175
2007-04-26,4.916069444444446,-0.09532976003325565,-4.166406351077857
2007-04-27,4.98035138888889,-0.05826592853646957,-4.307752127019087
2007-04-28,5.0284513888888895,-0.014703061227011285,-4.3970816609952115
2007-04-29,5.066734722222224,-0.04287351577246585,-4.437861206449758
2007-04-30,5.098347222222223,0.022996169718810612,-4.4040100586077
2007-05-01,5.119976388888889,0.06259709947087659,-4.427906821693099
2007-05-02,5.133906944444446,0.10803479460402632,-4.316941739048471
2007-05-03,5.145656944444445,0.11858051315315392,-4.731904124264266
2007-05-04,5.160156944444445,0.11405079552230005,-4.4758744066334115
2007-05-05,5.174652777777778,0.026241635742685704,-3.8332277468537965
2007-05-06,5.1859,-0.00823790971185972,-3.5569954236214727
2007-05-07,5.1944125,-0.045008949656763206,-3.515070217009903
2007-05-08,5.199930555555556,0.04795500810264902,-3.455885563658205
2007-05-09,5.205563888888889,0.12849352968207972,-3.5420574185709683
2007-05-10,5.214981944444444,0.17538977623855362,-3.598371720682997
2007-05-11,5.226897222222222,0.27971549937904944,-3.682612721601271
2007-05-12,5.239159722222222,0.3635488212339622,-3.772375210122851
2007-05-13,5.252477777777779,0.4040260939612349,-3.6368372050723465
2007-05-14,5.2671625,0.3788453891862119,-1.9466745558528782
2007-05-15,5.281404166666667,0.37963133510372027,-1.770035501770387
2007-05-16,5.286823611111112,0.33544477260372035,-1.1669350503814986
2007-05-17,5.283065277777778,0.3643367749185351,-0.30706871936297975
2007-05-18,5.276498611111112,0.514807388344461,-0.4546393327889062
2007-05-19,5.2668333333333335,0.5376305827889055,-0.4677972494555721
2007-05-20,5.255954166666667,0.4949600272333499,-0.41391419390001644
2007-05-21,5.244612500000001,0.49662098788149794,-0.39756682121483194
2007-05-22,5.233702777777778,0.47570971473334994,-0.36574582584446164
2007-05-23,5.2223652777777785,0.5283973073259426,-0.3904292517703879
2007-05-24,5.213084722222224,0.5651246105666834,-0.2448759994555738
2007-05-25,5.206425,0.5455026776963129,-0.1412610110296454
2007-05-26,5.1975652777777785,0.5103209184370536,0.2594471371185012
2007-05-27,5.189029166666668,0.43731462214075734,1.7729895445259087
2007-05-28,5.184429166666668,0.42783646241853507,3.346067704248131
2007-05-29,5.181916666666667,0.41578625408520165,3.458630412581466
2007-05-30,5.1859833333333345,0.3136183952889055,3.413398271377762
2007-05-31,5.200095833333334,0.33642587214075753,3.7441449611925752
2007-06-01,5.216905555555557,0.28234751565927585,4.5600802621185
2007-06-02,5.23017638888889,0.2558598420481646,4.5869637690629474
2007-06-03,5.240770833333334,0.29264128880742396,4.310921211192577
2007-06-04,5.253180555555556,0.32368025871483147,3.7151391857296128
2007-06-05,5.26833888888889,0.3322542401963129,3.5517402042481323
2007-06-06,5.2849666666666675,0.3316346568629795,3.83406534313702
2007-06-07,5.3029986111111125,0.24482230732594254,3.98851241489628
2007-06-08,5.323980555555556,0.11616522399260916,4.131520887118502
2007-06-09,5.35281388888889,0.022069471677794328,4.218116639433315
2007-06-10,5.387180555555556,-0.1206328315629463,4.354118942674057
2007-06-11,5.420847222222223,-0.18902258850739087,4.609508699618501
2007-06-12,5.454186111111111,-0.2039141047110945,4.513061326933315
2007-06-13,5.4876513888888905,-0.27291434776665,2.992929625544426
2007-06-14,5.521583333333334,-0.3051572181370204,3.0892405514703536
2007-06-15,5.55588888888889,-0.2999337806370204,4.492378225081465
2007-06-16,5.591230555555557,-0.33445717184072404,3.6065599496185023
2007-06-17,5.630698611111113,-0.44370401211850197,3.882672067674058
2007-06-18,5.674327777777778,-0.4828114426740575,3.8978169982296134
2007-06-19,5.719145833333335,-0.46414806304442785,3.834002229711093
2007-06-20,5.764895833333335,-0.5173540352666499,3.916458201933315
2007-06-21,5.8110597222222236,-0.4947984681370205,4.235405412581466
2007-06-22,5.858075000000001,-0.5233943940629464,4.486986060729612
2007-06-23,5.903525000000001,-0.5328582945259094,4.277999961192576
2007-06-24,5.946025000000001,-0.4915492435999834,4.475857576933317
2007-06-25,5.988266666666668,-0.41680228758146504,4.743868954248132
2007-06-26,6.030555555555557,-0.4217763385073909,3.333887449618502
2007-06-27,6.073016666666668,-0.46663122276665014,1.8256145560999828
2007-06-28,6.115722222222223,-0.4026943130444278,1.5409720908222064
2007-06-29,6.159315277777779,-0.3639181787851685,1.4589362343407228
2007-06-30,6.2060513888888895,-0.3776845560999835,1.0199665005444276
2007-07-01,6.254900000000001,-0.3483911764703538,0.7354911764703531
2007-07-02,6.304991666666668,-0.2895741162851687,0.8712491162851684
2007-07-03,6.353305555555557,-0.31731783156294635,1.2873456093407236
2007-07-04,6.395802777777778,-0.2966407135073909,1.2835046023962802
2007-07-05,6.436815277777779,-0.29173550517405755,1.15092022739628
2007-07-06,6.479995833333334,-0.23469192878516856,0.7346960954518362
2007-07-07,6.523569444444446,-0.14897896582220566,0.36207618804442704
2007-07-08,6.562448611111112,-0.06844585239627972,0.6936639079518349
2007-07-09,6.589616666666667,-0.01862322508146481,1.0716732250814656
2007-07-10,6.608551388888889,-0.03530623434072408,1.1494215121185025
2007-07-11,6.627087500000001,-0.029864046840724114,0.9841098801740573
2007-07-12,6.644781944444445,-0.06775380378516854,0.8929718593407239
2007-07-13,6.654565277777779,0.03105302233589053,0.6603816998863311
2007-07-14,6.656084722222223,0.0305050310594902,0.36974358005162034
2007-07-15,6.654080555555557,0.03686623399796589,-1.6416134562201885
2007-07-16,6.6458569444444455,0.06685749891991248,-1.6633811100310238
2007-07-17,6.631768055555556,0.08326047183084001,-1.8706951940530618
2007-07-18,6.61567638888889,0.11941637173901258,-1.8680927606279014
2007-07-19,6.601277777777778,0.1470528386811614,-1.862330616458939
2007-07-20,6.589191666666667,0.18256469588960944,-1.8924230292229425
2007-07-21,6.575677777777779,0.18891858707418244,-1.529596364851961
2007-07-22,6.558861111111112,0.17629473491623948,-1.778489179360684
2007-07-23,6.539569444444446,0.15251257238180407,-0.9407486834929158
2007-07-24,6.5185722222222235,0.07848643601816786,-1.102391991573725
2007-07-25,6.495602777777778,-0.0004612682977183022,-1.773808176146726
2007-07-26,6.4652875000000005,0.040701587533319324,-1.8483224208666524
2007-07-27,6.427023611111112,0.04912748285012372,-1.871817760627902
2007-07-28,6.389255555555557,0.025421261546175113,-1.810010150435064
2007-07-29,6.352730555555556,0.020818678901546983,-1.4905492344571034
2007-07-30,6.31011388888889,-0.02905082293500033,-1.2423963992872218
2007-07-31,6.259236111111112,-0.05023497123619397,-1.9130011398749167
2007-08-01,6.204791666666667,-0.09321372467972029,-2.0812446086536127
2007-08-02,6.151244444444446,-0.09599717279725936,-1.984247271647186
2007-08-03,6.100950000000001,-0.05596561861911424,-2.039984381380887
2007-08-04,6.052434722222223,-0.036045669124164875,-2.0380557197647247
2007-08-05,6.001991666666667,-0.05386257683766328,-1.9697957564956703
2007-08-06,5.950150000000001,-0.1373418008964328,-1.7881415324369012
2007-08-07,5.898295833333334,-0.1732937866631913,-1.2426687133368095
2007-08-08,5.8463319444444455,-0.1762693720626403,0.2229374276181955
2007-08-09,5.79416388888889,-0.12374578390837038,0.13991522835281484
2007-08-10,5.740966666666667,-0.15041892440423824,0.13445225773757177
2007-08-11,5.687177777777778,-0.1636749390966165,0.20816382798550553
2007-08-12,5.640193055555557,-0.14779169759064778,0.2629319753684257
2007-08-13,5.599281944444446,-0.09885666545107002,0.34324138767329176
2007-08-14,5.55195138888889,-0.06195531099744281,0.3550039221085536
2007-08-15,5.502297222222223,-0.08742179400938063,0.4721245717871587
2007-08-16,5.455470833333334,-0.14205875452361366,1.0565879211902807
2007-08-17,5.407702777777779,-0.1620991356071766,1.0820630244960663
2007-08-18,5.358248611111112,-0.16617248271461468,1.1299238716035032
2007-08-19,5.306327777777778,-0.15237648868339332,1.2740487109056156
2007-08-20,5.252159722222222,-0.1598384377192059,1.0836787154969847
2007-08-21,5.195526388888889,-0.17182070355942644,1.4286276480038709
2007-08-22,5.138681944444445,-0.1790689703179204,0.817720359206809
2007-08-23,5.081533333333335,-0.134339849564936,0.7618065162316028
2007-08-24,5.0216111111111115,-0.09532976003325565,0.7827186489221456
2007-08-25,4.965715277777778,-0.05826592853646957,0.801550650758693
2007-08-26,4.91732638888889,-0.014703061227011285,0.8100433390047884
2007-08-27,4.868602777777778,-0.04287351577246585,0.9136040713280212
2007-08-28,4.817243055555556,0.022996169718810612,1.1860941080589678
2007-08-29,4.767073611111112,0.06259709947087659,1.8326626227513452
2007-08-30,4.719348611111111,0.10803479460402632,1.913616594284863
2007-08-31,4.671673611111111,0.11858051315315392,1.9480792090690682
2007-09-01,4.6213958333333345,0.11405079552230005,1.4522200378110333
2007-09-02,4.569051388888889,0.026241635742685704,1.5823736420350922
2007-09-03,4.515968055555556,-0.00823790971185972,2.1459365208229713
2007-09-04,4.462577777777778,-0.045008949656763206,2.5470978385456533
2007-09-05,4.4100166666666665,0.04795500810264902,2.4613616585640177
2007-09-06,4.356011111111112,0.12849352968207972,1.511162025873475
2007-09-07,4.298315277777778,0.17538977623855362,-0.3650383873496647
2007-09-08,4.239305555555556,0.27971549937904944,-0.4673543882679379
2007-09-09,4.181779166666667,0.3635488212339622,-0.49399465456729513
2007-09-10,4.128195833333334,0.4040260939612349,-0.48688859396123496
2007-09-11,4.083766666666667,0.3788453891862119,-0.44094538918621196
2007-09-12,4.048931944444445,0.37963133510372027,-0.4952299462148312
2007-09-13,4.025830555555556,0.33544477260372035,-0.42927532815927577
2007-09-14,4.012586111111112,0.3643367749185351,-0.4869228860296466
2007-09-15,4.004077777777779,0.514807388344461,-1.1132184994555725
2007-09-16,3.9991166666666675,0.5376305827889055,-1.1310805827889059
2007-09-17,3.9940541666666673,0.4949600272333499,-0.6766808605666836
2007-09-18,3.9879444444444445,0.49662098788149794,-0.5168987656592754
2007-09-19,3.9792986111111115,0.47570971473334994,-0.9786749925111273
2007-09-20,3.970055555555556,0.5283973073259426,-1.3067861962148313
2007-09-21,3.958468055555556,0.5651246105666834,-1.451592666122239
2007-09-22,3.9449777777777784,0.5455026776963129,-1.457813788807424
2007-09-23,3.9379222222222228,0.5103209184370536,-1.4155764739926093
2007-09-24,3.938558333333334,0.43731462214075734,-1.3175396221407571
2007-09-25,3.9423805555555558,0.42783646241853507,-0.2542170179740903
2007-09-26,3.9465388888888895,0.41578625408520165,0.47200819035924313
2007-09-27,3.9496097222222226,0.3136183952889055,0.10577188248887165
2007-09-28,3.9509805555555557,0.33642587214075753,-0.6907397610296466
2007-09-29,3.9547625000000006,0.28234751565927585,-0.7044433489926094
2007-09-30,3.9624736111111116,0.2558598420481646,-0.6853334531592759
2007-10-01,3.9708847222222223,0.29264128880742396,-0.7305260110296459
2007-10-02,3.979418055555556,0.32368025871483147,-0.770431647603721
2007-10-03,3.9904708333333336,0.3322542401963129,-1.0547250735296458
2007-10-04,4.0066375,0.3316346568629795,-1.1096054901963124
2007-10-05,4.026605555555556,0.24482230732594254,-0.9550945295481652
2007-10-06,4.045738888888889,0.11616522399260916,-0.8152374462148313
2007-10-07,4.057823611111111,0.022069471677794328,-0.7332264161222386
2007-10-08,4.065868055555556,-0.1206328315629463,-0.5985685573259427
2007-10-09,4.0753513888888895,-0.18902258850739087,-0.5383288003814983
2007-10-10,4.083591666666668,-0.2039141047110945,-0.5323442286222396
2007-10-11,4.087744444444445,-0.27291434776665,-0.4674967633444609
2007-10-12,4.088352777777779,-0.3051572181370204,-0.4358622263074245
2007-10-13,4.088408333333334,-0.2999337806370204,-0.4411412193629795
2007-10-14,4.087361111111112,-0.33445717184072404,-0.40557060593705413
2007-10-15,4.080305555555556,-0.44370401211850197,-0.2892682101037206
2007-10-16,4.068631944444445,-0.4828114426740575,-0.23848716843705398
2007-10-17,4.056941666666667,-0.46414806304442785,-0.6307936036222384
2007-10-18,4.044833333333334,-0.5173540352666499,-0.697479298066684
2007-10-19,4.033333333333333,-0.4947984681370205,-0.6532015318629787
2007-10-20,4.021731944444445,-0.5233943940629464,-0.6023375503814985
2007-10-21,4.011791666666667,-0.5328582945259094,-0.5472667054740908
2007-10-22,4.0044611111111115,-0.4915492435999834,-0.581245200844461
2007-10-23,3.995268055555556,-0.41680228758146504,-0.6457991013074236
2007-10-24,3.981852777777778,-0.4217763385073909,-0.6497431059370533
2007-10-25,3.9657013888888892,-0.46663122276665014,-1.6480701661222388
2007-10-26,3.949151388888889,-0.4026943130444278,-2.405123742511127
2007-10-27,3.9310777777777783,-0.3639181787851685,-2.526492932325943
2007-10-28,3.909055555555556,-0.3776845560999835,-2.5100376661222388
2007-10-29,3.884055555555556,-0.3483911764703538,-2.520664379085202
2007-10-30,3.8588819444444447,-0.2895741162851687,-2.497641161492609
2007-10-31,3.8365166666666672,-0.31731783156294635,-2.4475321684370535
2007-11-01,3.8168305555555557,-0.2966407135073909,-2.4485231753814976
2007-11-02,3.7930416666666673,-0.29173550517405755,-2.634306161492609
2007-11-03,3.761076388888889,-0.23469192878516856,-2.9310511267703867
2007-11-04,3.724390277777778,-0.14897896582220566,-3.068744645288905
2007-11-05,3.6908277777777783,-0.06844585239627972,-3.1660485920481647
2007-11-06,3.670305555555556,-0.01862322508146481,-3.1246823304740907
2007-11-07,3.658287500000001,-0.03530623434072408,-2.9469812656592764
2007-11-08,3.6464180555555563,-0.029864046840724114,-2.794887342048165
2007-11-09,3.6345750000000008,-0.06775380378516854,-2.197154529548165
2007-11-10,3.618643055555556,0.03105302233589053,-0.8663627445581131
2007-11-11,3.598391666666667,0.0305050310594902,-0.3702300310594898
2007-11-12,3.5783722222222227,0.03686623399796589,-0.31257178955352155
2007-11-13,3.566334722222223,0.06685749891991248,-0.015858887808801556
2007-11-14,3.562966666666667,0.08326047183084001,0.5881061948358266
2007-11-15,3.561908333333334,0.11941637173901258,0.6050086282609867
2007-11-16,3.5599694444444445,0.1470528386811614,0.544644383541061
2007-11-17,3.556780555555556,0.18256469588960944,0.30798808188816795
2007-11-18,3.5563888888888893,0.18891858707418244,0.24669252403692873
2007-11-19,3.560268055555556,0.17629473491623948,0.2447705428615382
2007-11-20,3.5660472222222226,0.15251257238180407,0.22710687206264066
2007-11-21,3.5724888888888895,0.07848643601816786,0.41169134175960953
2007-11-22,3.579827777777778,-0.0004612682977183022,0.8806334905199402
2007-11-23,3.589475,0.040701587533319324,1.4414900791333485
2007-11-24,3.596290277777778,0.04912748285012372,1.462248906038766
2007-11-25,3.5957069444444447,0.025421261546175113,1.4782051273427141
2007-11-26,3.594065277777778,0.020818678901546983,1.5104493766540086
2007-11-27,3.597575,-0.02905082293500033,1.5568091562683342
2007-11-28,3.6045694444444445,-0.05023497123619397,1.5626655267917504
2007-11-29,3.611686111111111,-0.09321372467972029,1.5415276135686096
2007-11-30,3.6182986111111113,-0.09599717279725936,1.5376985616861485
2007-12-01,3.625184722222223,-0.05596561861911424,1.4947808963968923
2007-12-02,3.6338250000000003,-0.036045669124164875,1.9742206691241646
2007-12-03,3.6442208333333337,-0.05386257683766328,2.6743084101709966
2007-12-04,3.6549638888888896,-0.1373418008964328,3.0130445786742093
2007-12-05,3.665568055555556,-0.1732937866631913,3.0760590644409684
2007-12-06,3.675761111111112,-0.1762693720626403,3.207841594284862
2007-12-07,3.6848375000000004,-0.12374578390837038,3.3655749505750365
2007-12-08,3.693697222222223,-0.15041892440423824,3.341388368848682
2007-12-09,3.702900000000001,-0.1636749390966165,3.0104416057632823
2007-12-10,3.7121055555555564,-0.14779169759064778,2.3696861420350914
2007-12-11,3.721304166666667,-0.09885666545107002,2.1885524987844036
2007-12-12,3.728659722222223,-0.06195531099744281,2.22429558877522
2007-12-13,3.727641666666667,-0.08742179400938063,1.9494467940093807
2007-12-14,3.7200861111111116,-0.14205875452361366,1.395972643412503
2007-12-15,3.712233333333334,-0.1620991356071766,1.371865802273843
2007-12-16,3.705172222222223,-0.16617248271461468,1.3830002604923923
2007-12-17,3.6991750000000003,-0.15237648868339332,1.3752014886833936
2007-12-18,3.6921000000000004,-0.1598384377192059,1.3897384377192061
2007-12-19,3.683712500000001,-0.17182070355942644,1.4101082035594261
2007-12-20,3.6749166666666673,-0.1790689703179204,1.4261523036512538
2007-12-21,3.665972222222223,-0.134339849564936,1.2733676273427146
2007-12-22,3.656494444444445,-0.09532976003325565,0.8455019822554777
2007-12-23,3.6449597222222225,-0.05826592853646957,0.204972872980914
2007-12-24,3.6363152777777783,-0.014703061227011285,0.13205445011590014
2007-12-25,3.635040277777778,-0.04287351577246585,0.13416657132802184
2007-12-26,3.637140277777778,0.022996169718810612,0.041530219170078785
2007-12-27,3.6397402777777783,0.06259709947087659,-0.0006707105819873521
2007-12-28,3.642561111111111,0.10803479460402632,-0.04892923904846991
2007-12-29,3.6453736111111117,0.11858051315315392,-0.027954124264265398
2007-12-30,3.6481055555555555,0.11405079552230005,0.06017698225547827
2007-12-31,3.6505277777777785,0.026241635742685704,0.14156391981286962
2008-01-01,3.655411111111112,-0.00823790971185972,-0.34350653473258513
2008-01-02,3.6638083333333338,-0.045008949656763206,-0.9757993836765699
2008-01-03,3.6731583333333333,0.04795500810264902,-1.2847800081026481
2008-01-04,3.6838291666666674,0.12849352968207972,-1.38865602968208
2008-01-05,3.6937861111111117,0.17538977623855362,-1.1138425540163313
2008-01-06,3.7013652777777786,0.27971549937904944,-1.4604141104901613
2008-01-07,3.706052777777778,0.3635488212339622,-1.3359349323450729
2008-01-08,3.7061888888888896,0.4040260939612349,-1.589548316183457
2008-01-09,3.698343055555556,0.3788453891862119,-2.354521778075101
2008-01-10,3.684133333333334,0.37963133510372027,-2.6917646684370538
2008-01-11,3.671156944444445,0.33544477260372035,-2.3179350503814984
2008-01-12,3.660698611111112,0.3643367749185351,-0.7807020526963131
2008-01-13,3.648752777777778,0.514807388344461,-0.9205601661222389
2008-01-14,3.634494444444445,0.5376305827889055,-0.8577916939000171
2008-01-15,3.620870833333334,0.4949600272333499,-0.6774975272333503
2008-01-16,3.6101902777777783,0.49662098788149794,-0.530477932325943
2008-01-17,3.603109722222223,0.47570971473334994,-0.30515277028890603
2008-01-18,3.5978291666666675,0.5283973073259426,-0.30089314065927664
2008-01-19,3.593168055555556,0.5651246105666834,-0.332959332788906
2008-01-20,3.5887319444444445,0.5455026776963129,-0.30890128880742396
2008-01-21,3.5856416666666675,0.5103209184370536,-0.09462925177038795
2008-01-22,3.5816152777777783,0.43731462214075734,0.3860701000814646
2008-01-23,3.575526388888889,0.42783646241853507,0.4016371486925761
2008-01-24,3.5717125000000003,0.41578625408520165,0.41783457924813117
2008-01-25,3.570611111111112,0.3136183952889055,0.5197704935999825
2008-01-26,3.5702708333333337,0.33642587214075753,0.49730329452590866
2008-01-27,3.5710166666666674,0.28234751565927585,0.5506358176740567
2008-01-28,3.5741013888888897,0.2558598420481646,0.539705435729612
2008-01-29,3.5783972222222227,0.29264128880742396,0.4122948223036866
2008-01-30,3.5824263888888894,0.32368025871483147,0.5288933523962795
2008-01-31,3.582441666666667,0.3322542401963129,0.5246374264703539
2008-02-01,3.575652777777778,0.3316346568629795,0.6450458986925758
2008-02-02,3.567348611111112,0.24482230732594254,0.7588290815629453
2008-02-03,3.5611333333333337,0.11616522399260916,0.9597014426740575
2008-02-04,3.554729166666667,0.022069471677794328,0.9258680283222058
2008-02-05,3.5472208333333337,-0.1206328315629463,0.9424119982296133
2008-02-06,3.541477777777778,-0.18902258850739087,1.0995448107296126
2008-02-07,3.5392500000000005,-0.2039141047110945,1.1166641047110941
2008-02-08,3.5408375000000003,-0.27291434776665,1.1840768477666497
2008-02-09,3.5441583333333337,-0.3051572181370204,1.2113322181370196
2008-02-10,3.5452361111111115,-0.2999337806370204,0.7643643361925758
2008-02-11,3.5461375000000004,-0.33445717184072404,-0.7710136614926093
2008-02-12,3.5506208333333342,-0.44370401211850197,-0.6662501545481653
2008-02-13,3.5576486111111114,-0.4828114426740575,-0.70550383510372
2008-02-14,3.5670819444444453,-0.46414806304442785,-0.8576005480666835
2008-02-15,3.5775166666666673,-0.5173540352666499,-0.9528292980666835
2008-02-16,3.5857013888888893,-0.4947984681370205,-1.1809029207518684
2008-02-17,3.5925263888888894,-0.5233943940629464,-1.2107986614926092
2008-02-18,3.5993652777777783,-0.5328582945259094,-1.208173649918535
2008-02-19,3.606627777777778,-0.4915492435999834,-1.256745200844461
2008-02-20,3.613054166666667,-0.41680228758146504,-1.4649185457518683
2008-02-21,3.624116666666667,-0.4217763385073909,-1.8590069948259424
2008-02-22,3.6438944444444448,-0.46663122276665014,-1.833929888344461
2008-02-23,3.665375,-0.4026943130444278,-1.9196806869555718
2008-02-24,3.6852875000000003,-0.3639181787851685,-1.9783693212148314
2008-02-25,3.7049111111111115,-0.3776845560999835,-1.9842265550111275
2008-02-26,3.723405555555556,-0.3483911764703538,-2.0046810457518682
2008-02-27,3.739488888888889,-0.2895741162851687,-2.058581439270386
2008-02-28,3.755618055555556,-0.31731783156294635,-2.0306335573259418
2008-02-29,3.7731875,-0.2966407135073909,-2.1595467864926086
2008-03-01,3.795488888888889,-0.29173550517405755,-1.7100867170481642
2008-03-02,3.8251333333333335,-0.23469192878516856,-1.9064414045481644
2008-03-03,3.8555569444444444,-0.14897896582220566,-2.044577978622238
2008-03-04,3.8820930555555555,-0.06844585239627972,-1.9516472031592753
2008-03-05,3.9053361111111116,-0.01862322508146481,-2.375712886029646
2008-03-06,3.9275833333333336,-0.03530623434072408,-2.381277098992609
2008-03-07,3.9474097222222224,-0.029864046840724114,-2.805879008714831
2008-03-08,3.965281944444445,-0.06775380378516854,-2.785194807325943
2008-03-09,3.9873208333333334,0.03105302233589053,-2.8607071890025564
2008-03-10,4.013983333333334,0.0305050310594902,-2.570488364392824
2008-03-11,4.039834722222222,0.03686623399796589,-2.103700956220188
2008-03-12,4.055069444444444,0.06685749891991248,-1.6849269433643566
2008-03-13,4.061772222222222,0.08326047183084001,-1.5973660273863952
2008-03-14,4.0679694444444445,0.11941637173901258,-1.6363858161834566
2008-03-15,4.0704569444444445,0.1470528386811614,-1.500176449792272
2008-03-16,4.069016666666666,0.18256469588960944,-1.2332480292229422
2008-03-17,4.066522222222222,0.18891858707418244,-0.9337741426297371
2008-03-18,4.0667888888888895,0.17629473491623948,-0.8587502904717953
2008-03-19,4.070413888888889,0.15251257238180407,-0.7989264612706927
2008-03-20,4.074397222222222,0.07848643601816786,-0.6332169915737229
2008-03-21,4.077422222222223,-0.0004612682977183022,0.184372379408829
2008-03-22,4.0751083333333336,0.040701587533319324,0.1881900791333474
2008-03-23,4.065766666666667,0.04912748285012372,0.29910585048321015
2008-03-24,4.053234722222222,0.025421261546175113,0.7990106828982699
2008-03-25,4.040868055555556,0.020818678901546983,1.020979932209564
2008-03-26,4.029419444444445,-0.02905082293500033,1.0859647118238889
2008-03-27,4.0192041666666665,-0.05023497123619397,1.3660308045695275
2008-03-28,4.014647222222223,-0.09321372467972029,1.6608998357908318
2008-03-29,4.0162305555555555,-0.09599717279725936,1.6484332839083717
2008-03-30,4.022941666666667,-0.05596561861911424,1.555357285285781
2008-03-31,4.030850000000001,-0.036045669124164875,1.1225290024574976
2008-04-01,4.035759722222223,-0.05386257683766328,1.108102854615441
2008-04-02,4.040134722222223,-0.1373418008964328,1.8095404120075438
2008-04-03,4.045168055555557,-0.1732937866631913,2.0231257311076347
2008-04-04,4.053319444444446,-0.1762693720626403,1.966616594284861
2008-04-05,4.065005555555556,-0.12374578390837038,2.047073561686147
2008-04-06,4.078522222222222,-0.15041892440423824,2.5165633688486833
2008-04-07,4.094522222222222,-0.1636749390966165,2.524152716874394
2008-04-08,4.112756944444445,-0.14779169759064778,2.4447014198128696
2008-04-09,4.131740277777778,-0.09885666545107002,2.099449721006626
2008-04-10,4.1530861111111115,-0.06195531099744281,1.7372025332196654
2008-04-11,4.183608333333334,-0.08742179400938063,1.7724801273427138
2008-04-12,4.221516666666668,-0.14205875452361366,1.6915420878569456
2008-04-13,4.260293055555556,-0.1620991356071766,1.7134727467182884
2008-04-14,4.300245833333333,-0.16617248271461468,2.162259982714615
2008-04-15,4.341420833333334,-0.15237648868339332,1.8629556553500597
2008-04-16,4.384611111111112,-0.1598384377192059,1.531560659941428
2008-04-17,4.427722222222222,-0.17182070355942644,1.4697651480038714
2008-04-18,4.469420833333334,-0.1790689703179204,1.469314803651253
2008-04-19,4.510831944444445,-0.134339849564936,1.3338412384538247
2008-04-20,4.552291666666667,-0.09532976003325565,0.5867047600332553
2008-04-21,4.5948722222222225,-0.05826592853646957,1.2730603729809147
2008-04-22,4.6377194444444445,-0.014703061227011285,1.8593169501159008
2008-04-23,4.679940277777778,-0.04287351577246585,1.5159332379946884
2008-04-24,4.721150000000001,0.022996169718810612,1.30985383028119
2008-04-25,4.761115277777778,0.06259709947087659,1.2352876227513456
2008-04-26,4.7999888888888895,0.10803479460402632,0.8749763165070845
2008-04-27,4.8338069444444445,0.11858051315315392,0.5622792090690685
2008-04-28,4.860523611111111,0.11405079552230005,0.9400922600332564
2008-04-29,4.880294444444445,0.026241635742685704,1.036130586479537
2008-04-30,4.896486111111111,-0.00823790971185972,1.643418465267416
2008-05-01,4.913706944444444,-0.045008949656763206,1.6609686718789867
2008-05-02,4.932291666666667,0.04795500810264902,0.8710866585640178
2008-05-03,4.950184722222222,0.12849352968207972,0.29865508142903296
2008-05-04,4.968931944444444,0.17538977623855362,0.2356782793170023
2008-05-05,4.989555555555556,0.27971549937904944,-0.033937721601271786
2008-05-06,5.010340277777778,0.3635488212339622,-0.5965557656784062
2008-05-07,5.032352777777778,0.4040260939612349,-0.6700455384056788
2008-05-08,5.055152777777778,0.3788453891862119,-0.667664833630656
2008-05-09,5.076640277777778,0.37963133510372027,-0.7289382795481641
2008-05-10,5.094190277777778,0.33544477260372035,-0.8919683837148309
2008-05-11,5.106826388888889,0.3643367749185351,-1.4194964971407564
2008-05-12,5.118327777777778,0.514807388344461,-1.5888018327889057
2008-05-13,5.137269444444444,0.5376305827889055,-1.6745666939000157
2008-05-14,5.164593055555556,0.4949600272333499,-2.310219749455572
2008-05-15,5.194120833333333,0.49662098788149794,-2.3710751545481634
2008-05-16,5.221145833333333,0.47570971473334994,-2.265188881400016
2008-05-17,5.24379861111111,0.5283973073259426,-1.540862585103718
2008-05-18,5.265041666666667,0.5651246105666834,-1.5408329439000168
2008-05-19,5.2865569444444445,0.5455026776963129,-1.5147262888074233
2008-05-20,5.304583333333333,0.5103209184370536,-1.579570918437053
2008-05-21,5.319815277777778,0.43731462214075734,-2.141463233251868
2008-05-22,5.334959722222222,0.42783646241853507,-2.8104628513074235
2008-05-23,5.347781944444445,0.41578625408520165,-2.9132348651963125
2008-05-24,5.357668055555555,0.3136183952889055,-2.68028645084446
2008-05-25,5.366538888888889,0.33642587214075753,-2.633631427696313
2008-05-26,5.374066666666667,0.28234751565927585,-2.3694141823259423
2008-05-27,5.379195833333333,0.2558598420481646,-1.242055675381497
2008-05-28,5.383330555555555,0.29264128880742396,-1.0359718443629786
2008-05-29,5.3879930555555555,0.32368025871483147,-0.022673314270386047
2008-05-30,5.392802777777778,0.3322542401963129,-0.6417236846407577
2008-05-31,5.398901388888889,0.3316346568629795,-0.6438693790852013
2008-06-01,5.403166666666667,0.24482230732594254,-0.561322307325943
2008-06-02,5.405645833333334,0.11616522399260916,-0.19247772399260937
2008-06-03,5.4072305555555555,0.022069471677794328,0.33736663943331674
2008-06-04,5.405679166666667,-0.1206328315629463,0.6246203315629464
2008-06-05,5.401548611111111,-0.18902258850739087,0.9428073107296129
2008-06-06,5.393118055555556,-0.2039141047110945,1.3994627158222053
2008-06-07,5.382384722222222,-0.27291434776665,1.5821962922110948
2008-06-08,5.374334722222223,-0.3051572181370204,1.6974891625814643
2008-06-09,5.370631944444444,-0.2999337806370204,1.74563516952591
2008-06-10,5.368447222222222,-0.33445717184072404,1.9253432829518358
2008-06-11,5.364295833333333,-0.44370401211850197,2.0994081787851693
2008-06-12,5.3538,-0.4828114426740575,2.2253447760073914
2008-06-13,5.339808333333334,-0.46414806304442785,2.231339729711094
2008-06-14,5.326747222222222,-0.5173540352666499,2.3182734797110953
2008-06-15,5.317175000000001,-0.4947984681370205,2.4329568014703535
2008-06-16,5.315081944444445,-0.5233943940629464,2.0679791162851693
2008-06-17,5.315322222222222,-0.5328582945259094,2.082202738970354
2008-06-18,5.3143625,-0.4915492435999834,1.9678534102666503
2008-06-19,5.316522222222223,-0.41680228758146504,1.8496133986925765
2008-06-20,5.319240277777778,-0.4217763385073909,1.6472027273962797
2008-06-21,5.316881944444445,-0.46663122276665014,1.5750826116555379
2008-06-22,5.3130402777777785,-0.4026943130444278,1.4836540352666494
2008-06-23,5.312840277777778,-0.3639181787851685,1.2334112343407244
2008-06-24,5.3155625,-0.3776845560999835,1.1574553894333166
2008-06-25,5.320108333333334,-0.3483911764703538,0.9759495098036868
2008-06-26,5.3267125,-0.2895741162851687,-0.10680505038149801
2008-06-27,5.332518055555556,-0.31731783156294635,-0.7345335573259428
2008-06-28,5.336263888888889,-0.2966407135073909,-1.850623175381498
2008-06-29,5.336348611111111,-0.29173550517405755,-1.2369464392703862
2008-06-30,5.331655555555556,-0.23469192878516856,-1.2939636267703873
2008-07-01,5.328297222222223,-0.14897896582220566,-1.1759849230666835
2008-07-02,5.328384722222223,-0.06844585239627972,-1.4449388698259436
2008-07-03,5.329009722222223,-0.01862322508146481,-1.2530531638074236
2008-07-04,5.330152777777778,-0.03530623434072408,-1.3805132101037207
2008-07-05,5.335229166666666,-0.029864046840724114,-1.6086984531592754
2008-07-06,5.346436111111111,-0.06775380378516854,-1.4683489739926092
2008-07-07,5.361055555555556,0.03105302233589053,-1.4604419112247795
2008-07-08,5.386894444444445,0.0305050310594902,-1.560399475503934
2008-07-09,5.425023611111111,0.03686623399796589,-1.659889845109077
2008-07-10,5.466859722222222,0.06685749891991248,-1.8930505544754672
2008-07-11,5.5107486111111115,0.08326047183084001,-1.4896757496086177
2008-07-12,5.554120833333333,0.11941637173901258,-0.133203871739012
2008-07-13,5.594631944444444,0.1470528386811614,0.5439818835410621
2008-07-14,5.636718055555555,0.18256469588960944,0.7173839152215027
2008-07-15,5.6872597222222225,0.18891858707418244,0.4131550240369285
2008-07-16,5.73715,0.17629473491623948,-0.060111401582904844
2008-07-17,5.781868055555556,0.15251257238180407,0.11895270539597366
2008-07-18,5.826379166666667,0.07848643601816786,0.14913439731516598
2008-07-19,5.870977777777778,-0.0004612682977183022,0.1828168238532739
2008-07-20,5.917372222222222,0.040701587533319324,0.20959285691112484
2008-07-21,5.968001388888889,0.04912748285012372,0.16787112826098757
2008-07-22,6.021834722222223,0.025421261546175113,0.13674401623160246
2008-07-23,6.073650000000001,0.020818678901546983,0.05453132109845238
2008-07-24,6.122025,-0.02905082293500033,0.056025822935000524
2008-07-25,6.168479166666667,-0.05023497123619397,-0.03924419543047303
2008-07-26,6.209425,-0.09321372467972029,-0.046877941986946434
2008-07-27,6.245001388888889,-0.09599717279725936,-0.07500421609163013
2008-07-28,6.2754208333333334,-0.05596561861911424,-0.08345521471421909
2008-07-29,6.303991666666667,-0.036045669124164875,-0.6099459975425015
2008-07-30,6.335072222222222,-0.05386257683766328,-0.26820964538455816
2008-07-31,6.366138888888889,-0.1373418008964328,-0.4157970879924565
2008-08-01,6.395234722222222,-0.1732937866631913,0.1673923977743034
2008-08-02,6.420547222222223,-0.1762693720626403,-0.514611183492915
2008-08-03,6.4438055555555565,-0.12374578390837038,-0.5900597716471847
2008-08-04,6.4655152777777785,-0.15041892440423824,-0.6034296867068725
2008-08-05,6.481947222222223,-0.1636749390966165,-1.153605616458939
2008-08-06,6.492600000000001,-0.14779169759064778,-1.220808302409354
2008-08-07,6.489191666666668,-0.09885666545107002,-0.9043350012155968
2008-08-08,6.47201388888889,-0.06195531099744281,-0.824058577891447
2008-08-09,6.4527638888888905,-0.08742179400938063,-0.7786754282128421
2008-08-10,6.4327055555555575,-0.14205875452361366,-1.2339801343652763
2008-08-11,6.410879166666668,-0.1620991356071766,-2.2417800310594904
2008-08-12,6.386302777777779,-0.16617248271461468,-1.4771302950631637
2008-08-13,6.3565305555555565,-0.15237648868339332,-1.7334874002054959
2008-08-14,6.314945833333335,-0.1598384377192059,-1.114774062280795
2008-08-15,6.265330555555556,-0.17182070355942644,-0.1541765186627956
2008-08-16,6.215223611111112,-0.1790689703179204,-0.43248797412652423
2008-08-17,6.167320833333334,-0.134339849564936,-0.3969809837683979
2008-08-18,6.122234722222223,-0.09532976003325565,-0.39057162885563357
2008-08-19,6.077983333333334,-0.05826592853646957,-0.1503840714635309
2008-08-20,6.034729166666668,-0.014703061227011285,-0.16335943877298983
2008-08-21,5.992068055555556,-0.04287351577246585,-0.09252787311642402
2008-08-22,5.9504625,0.022996169718810612,0.3288746636145223
2008-08-23,5.910509722222223,0.06259709947087659,0.4908931783069002
2008-08-24,5.871916666666667,0.10803479460402632,0.48904853872930576
2008-08-25,5.8380875,0.11858051315315392,0.4569986535135135
2008-08-26,5.810852777777778,0.11405079552230005,0.4840964266999228
2008-08-27,5.790629166666667,0.026241635742685704,0.5304625309239813
2008-08-28,5.773408333333334,-0.00823790971185972,0.38216290971185957
2008-08-29,5.7605458333333335,-0.045008949656763206,0.07212978299009624
2008-08-30,5.762743055555556,0.04795500810264902,-0.023364730324871463
2008-08-31,5.778081944444445,0.12849352968207972,-0.4442421407931909
2008-09-01,5.797608333333334,0.17538977623855362,-0.527998109571888
2008-09-02,5.817581944444445,0.27971549937904944,-0.6526307771568278
2008-09-03,5.838762500000001,0.3635488212339622,-0.4159779879006303
2008-09-04,5.861484722222223,0.4040260939612349,0.18148918381654278
2008-09-05,5.888543055555556,0.3788453891862119,0.32694488859156523
2008-09-06,5.92321388888889,0.37963133510372027,2.797821442674055
2008-09-07,5.962543055555557,0.33544477260372035,3.017345505174056
2008-09-08,6.003325,0.3643367749185351,2.94700489174813
2008-09-09,6.042908333333334,0.514807388344461,2.756950944988871
2008-09-10,6.0746625000000005,0.5376305827889055,2.527040250544427
2008-09-11,6.097331944444445,0.4949600272333499,1.3407080283222068
2008-09-12,6.116429166666668,0.49662098788149794,2.2236165121185016
2008-09-13,6.137061111111112,0.47570971473334994,3.4318958408222056
2008-09-14,6.161558333333335,0.5283973073259426,2.9020443593407252
2008-09-15,6.187087500000001,0.5651246105666834,2.908787889433315
2008-09-16,6.209570833333334,0.5455026776963129,2.873259822303687
2008-09-17,6.230006944444446,0.5103209184370536,2.8876721371185026
2008-09-18,6.250286111111112,0.43731462214075734,2.670065933414797
2008-09-19,6.2704,0.42783646241853507,2.663096870914799
2008-09-20,6.29067638888889,0.41578625408520165,2.6548706903592425
2008-09-21,6.311394444444446,0.3136183952889055,2.290653826933317
2008-09-22,6.339458333333335,0.33642587214075753,2.0787824611925765
2008-09-23,6.377343055555557,0.28234751565927585,2.0909760954518326
2008-09-24,6.418704166666668,0.2558598420481646,2.081769324618503
2008-09-25,6.46086388888889,0.29264128880742396,2.061494822303687
2008-09-26,6.50305138888889,0.32368025871483147,1.9879350190629477
2008-09-27,6.5459916666666675,0.3322542401963129,1.9364207598036889
2008-09-28,6.582529166666667,0.3316346568629795,1.9005028431370226
2008-09-29,6.603275000000001,0.24482230732594254,1.9665693593407259
2008-09-30,6.6114861111111125,0.11616522399260916,1.8566819982296134
2008-10-01,6.618647222222224,0.022069471677794328,1.9459499727666496
2008-10-02,6.629775000000001,-0.1206328315629463,2.1625244982296135
2008-10-03,6.640673611111113,-0.18902258850739087,2.1520156440629448
2008-10-04,6.651072222222224,-0.2039141047110945,1.6368418824888722
2008-10-05,6.658248611111112,-0.27291434776665,1.3676657366555387
2008-10-06,6.657397222222223,-0.3051572181370204,-1.4649066707518696
2008-10-07,6.652840277777779,-0.2999337806370204,-1.7799064971407572
2008-10-08,6.648722222222223,-0.33445717184072404,-1.7315983837148317
2008-10-09,6.646709722222223,-0.44370401211850197,-1.6203390434370535
2008-10-10,6.6518000000000015,-0.4828114426740575,-1.8736552239926103
2008-10-11,6.661505555555557,-0.46414806304442785,-2.1876908258444625
2008-10-12,6.673420833333335,-0.5173540352666499,-3.0764001314000176
2008-10-13,6.68507777777778,-0.4947984681370205,-4.867279309640759
2008-10-14,6.690775000000002,-0.5233943940629464,-5.283047272603722
2008-10-15,6.69582638888889,-0.5328582945259094,-5.348634761029647
2008-10-16,6.703372222222224,-0.4915492435999834,-4.867489645288906
2008-10-17,6.711120833333335,-0.41680228758146504,-4.919318545751869
2008-10-18,6.718841666666668,-0.4217763385073909,-4.99839866149261
2008-10-19,6.726577777777779,-0.46663122276665014,-4.969613221677795
2008-10-20,6.735804166666668,-0.4026943130444278,-5.042776520288906
2008-10-21,6.745177777777779,-0.3639181787851685,-5.080592932325943
2008-10-22,6.745733333333335,-0.3776845560999835,-4.979715443900018
2008-10-23,6.735919444444447,-0.3483911764703538,-4.995194934640759
2008-10-24,6.72313888888889,-0.2895741162851687,-5.066898105937054
2008-10-25,6.709898611111113,-0.31731783156294635,-5.0845807795481655
2008-10-26,6.697326388888889,-0.2966407135073909,-5.092685675381498
2008-10-27,6.686412500000001,-0.29173550517405755,-4.839010328159277
2008-10-28,6.677834722222224,-0.23469192878516856,-3.4751427934370547
2008-10-29,6.67003888888889,-0.14897896582220566,-1.155393256400017
2008-10-30,6.66117638888889,-0.06844585239627972,-0.45873053649260925
2008-10-31,6.650465277777779,-0.01862322508146481,-0.2071753860296464
2008-11-01,6.63810277777778,-0.03530623434072408,-0.26212987677038846
2008-11-02,6.624144444444446,-0.029864046840724114,-0.2406137309370546
2008-11-03,6.6059888888888905,-0.06775380378516854,0.06843158156294543
2008-11-04,6.584234722222224,0.03105302233589053,1.01404558877522
2008-11-05,6.550293055555557,0.0305050310594902,1.8995352467182867
2008-11-06,6.502823611111112,0.03686623399796589,2.0779768215575904
2008-11-07,6.453270833333335,0.06685749891991248,2.0925383344134185
2008-11-08,6.403845833333335,0.08326047183084001,2.1452270281691583
2008-11-09,6.354654166666668,0.11941637173901258,2.159262794927652
2008-11-10,6.30798888888889,0.1470528386811614,2.178291605763281
2008-11-11,6.25786388888889,0.18256469588960944,2.3319047485548348
2008-11-12,6.196322222222224,0.18891858707418244,2.620092524036928
2008-11-13,6.130336111111113,0.17629473491623948,2.710035820639315
2008-11-14,6.064166666666669,0.15251257238180407,2.800320760951527
2008-11-15,5.996618055555556,0.07848643601816786,2.411228841759608
2008-11-16,5.928580555555557,-0.0004612682977183022,2.597547379408829
2008-11-17,5.860279166666668,0.040701587533319324,2.6613525791333457
2008-11-18,5.791769444444446,0.04912748285012372,2.7767697393720985
2008-11-19,5.722483333333335,0.025421261546175113,2.8697620717871586
2008-11-20,5.654568055555557,0.020818678901546983,3.0122799322095632
2008-11-21,5.591658333333335,-0.02905082293500033,4.783059156268333
2008-11-22,5.532216666666669,-0.05023497123619397,5.492684971236193
2008-11-23,5.472931944444445,-0.09321372467972029,5.72061511356861
2008-11-24,5.415588888888891,-0.09599717279725936,5.841741617241704
2008-11-25,5.36000138888889,-0.05596561861911424,5.869630896396892
2008-11-26,5.304198611111112,-0.036045669124164875,5.657847058013052
2008-11-27,5.248390277777779,-0.05386257683766328,4.3194722990598855
2008-11-28,5.19265,-0.1373418008964328,2.235691800896433
2008-11-29,5.1378319444444465,-0.1732937866631913,1.9174618422187464
2008-11-30,5.083858333333335,-0.1762693720626403,2.0480777053959724
2008-12-01,5.0287597222222225,-0.12374578390837038,2.2696527283528147
2008-12-02,4.972829166666668,-0.15041892440423824,2.0602564244042383
2008-12-03,4.919775000000001,-0.1636749390966165,1.7332332724299497
2008-12-04,4.871712500000001,-0.14779169759064778,0.7977458642573142
2008-12-05,4.838050000000001,-0.09885666545107002,0.1448066654510704
2008-12-06,4.817665277777778,-0.06195531099744281,0.3386233665529993
2008-12-07,4.799925,-0.08742179400938063,0.3774967940093814
2008-12-08,4.787066666666668,-0.14205875452361366,0.4253254211902798
2008-12-09,4.781594444444446,-0.1620991356071766,0.5955046911627315
2008-12-10,4.781568055555557,-0.16617248271461468,1.2489377604923917
2008-12-11,4.787286111111111,-0.15237648868339332,1.5740903775722834
2008-12-12,4.806516666666668,-0.1598384377192059,1.4529884377192057
2008-12-13,4.837709722222223,-0.17182070355942644,1.5814443146705381
2008-12-14,4.8729361111111125,-0.1790689703179204,1.814132859206809
2008-12-15,4.907562500000001,-0.134339849564936,1.7694440162316023
2008-12-16,4.94037638888889,-0.09532976003325565,1.7442867044776993
2008-12-17,4.973712500000001,-0.05826592853646957,1.853886761869803
2008-12-18,5.007762500000001,-0.014703061227011285,1.8202738945603438
2008-12-19,5.047133333333335,-0.04287351577246585,2.1100735157724646
2008-12-20,5.09046388888889,0.022996169718810612,2.1808732747256325
2008-12-21,5.129631944444446,0.06259709947087659,0.4131042894180115
2008-12-22,5.166194444444445,0.10803479460402632,-0.3018959057151369
2008-12-23,5.2041569444444455,0.11858051315315392,-0.4797374575975986
2008-12-24,5.242986111111112,0.11405079552230005,-0.5550369066334111
2008-12-25,5.283668055555557,0.026241635742685704,-0.3729096912982416
2008-12-26,5.325231944444446,-0.00823790971185972,-0.37866070139925173
2008-12-27,5.359994444444445,-0.045008949656763206,-0.37698549478768134
2008-12-28,5.378937500000001,0.04795500810264902,-0.6608925081026482
2008-12-29,5.384770833333334,0.12849352968207972,-1.1565976963487468
2008-12-30,5.386218055555556,0.17538977623855362,-1.581607831794109
2008-12-31,5.386865277777779,0.27971549937904944,-1.7239141104901605
2009-01-01,5.388858333333335,0.3635488212339622,-1.8140738212339629
2009-01-02,5.390611111111112,0.4040260939612349,-1.8569705384056796
2009-01-03,5.3889055555555565,0.3788453891862119,-1.8850842780751007
2009-01-04,5.384068055555557,0.37963133510372027,-2.0973660573259427
2009-01-05,5.378752777777779,0.33544477260372035,-2.3571975503814984
2009-01-06,5.372359722222223,0.3643367749185351,-2.3563631638074236
2009-01-07,5.361943055555557,0.514807388344461,-2.489750443900017
2009-01-08,5.347343055555557,0.5376305827889055,-2.6239736383444616
2009-01-09,5.334622222222224,0.4949600272333499,-3.217915582788907
2009-01-10,5.325400000000002,0.49662098788149794,-3.694020987881499
2009-01-11,5.313404166666668,0.47570971473334994,-3.805780548066684
2009-01-12,5.297783333333334,0.5283973073259426,-4.009513973992609
2009-01-13,5.280200000000001,0.5651246105666834,-4.289657943900016
2009-01-14,5.2638194444444455,0.5455026776963129,-4.287322122140758
2009-01-15,5.249272222222223,0.5103209184370536,-4.354259807325943
2009-01-16,5.234076388888889,0.43731462214075734,-4.483391011029646
2009-01-17,5.218136111111113,0.42783646241853507,-4.55730590686298
2009-01-18,5.195809722222224,0.41578625408520165,-4.606262642974091
2009-01-19,5.167375000000001,0.3136183952889055,-4.508993395288906
2009-01-20,5.131694444444445,0.33642587214075753,-3.868120316585202
2009-01-21,5.085684722222223,0.28234751565927585,-3.728698904548165
2009-01-22,5.037590277777778,0.2558598420481646,-3.654116786492609
2009-01-23,4.9914055555555565,0.29264128880742396,-3.114380177696313
2009-01-24,4.947711111111112,0.32368025871483147,-3.1523913698259425
2009-01-25,4.907779166666668,0.3322542401963129,-3.1223667401963127
2009-01-26,4.876170833333334,0.3316346568629795,-3.0901388235296454
2009-01-27,4.863101388888889,0.24482230732594254,-2.973923696214831
2009-01-28,4.864511111111112,0.11616522399260916,-2.872009668437053
2009-01-29,4.868004166666667,0.022069471677794328,-2.781406971677794
2009-01-30,4.870294444444445,-0.1206328315629463,-2.823661612881498
2009-01-31,4.871994444444446,-0.18902258850739087,-2.7569718559370537
2009-02-01,4.8755500000000005,-0.2039141047110945,-2.6429692286222384
2009-02-02,4.881693055555557,-0.27291434776665,-2.3354453744555723
2009-02-03,4.888772222222223,-0.3051572181370204,-2.2956150040852017
2009-02-04,4.893830555555557,-0.2999337806370204,-2.313896774918535
2009-02-05,4.896950000000001,-0.33445717184072404,-1.944492828159276
2009-02-06,4.899083333333334,-0.44370401211850197,-0.9940459878814979
2009-02-07,4.898494444444445,-0.4828114426740575,-0.31234966843705325
2009-02-08,4.889573611111112,-0.46414806304442785,-0.23009221473335045
2009-02-09,4.871809722222223,-0.5173540352666499,-0.08812235362223952
2009-02-10,4.852043055555557,-0.4947984681370205,0.3944220792481316
2009-02-11,4.83192638888889,-0.5233943940629464,0.6334680051740573
2009-02-12,4.810109722222223,-0.5328582945259094,0.9337485723036875
2009-02-13,4.786836111111112,-0.4915492435999834,0.9627131324888719
2009-02-14,4.763118055555556,-0.41680228758146504,0.9903508986925766
2009-02-15,4.742708333333334,-0.4217763385073909,1.0167346718407244
2009-02-16,4.725512500000001,-0.46663122276665014,1.1644520560999831
2009-02-17,4.707041666666667,-0.4026943130444278,2.3019859797110955
2009-02-18,4.686916666666667,-0.3639181787851685,2.061001512118503
2009-02-19,4.673369444444445,-0.3776845560999835,1.4096484449888724
2009-02-20,4.670127777777779,-0.3483911764703538,1.52859673202591
2009-02-21,4.668100000000001,-0.2895741162851687,1.6411407829518363
2009-02-22,4.661368055555556,-0.31731783156294635,1.6299497760073913
2009-02-23,4.6480555555555565,-0.2966407135073909,2.0542518246185013
2009-02-24,4.629944444444446,-0.29173550517405755,2.095124394062946
2009-02-25,4.611790277777779,-0.23469192878516856,2.0562349843407244
2009-02-26,4.60210138888889,-0.14897896582220566,1.9935442435999835
2009-02-27,4.607815277777778,-0.06844585239627972,1.9136305746185027
2009-02-28,4.6235125,-0.01862322508146481,1.8481107250814657
2009-03-01,4.641420833333335,-0.03530623434072408,1.8615520676740571
2009-03-02,4.659461111111112,-0.029864046840724114,2.0754029357296133
2009-03-03,4.677884722222223,-0.06775380378516854,2.0658690815629472
2009-03-04,4.697409722222224,0.03105302233589053,2.4222039221085536
2009-03-05,4.719440277777778,0.0305050310594902,3.0480546911627333
2009-03-06,4.744554166666667,0.03686623399796589,3.242912932668702
2009-03-07,4.770920833333334,0.06685749891991248,2.833888334413421
2009-03-08,4.7971625000000016,0.08326047183084001,2.1929103615024936
2009-03-09,4.823934722222223,0.11941637173901258,1.7449822393720988
2009-03-10,4.854469444444446,0.1470528386811614,2.523811050207727
2009-03-11,4.890198611111113,0.18256469588960944,2.594236692999279
2009-03-12,4.9285152777777785,0.18891858707418244,2.1142328018147065
2009-03-13,4.968295833333334,0.17629473491623948,1.8967427650837614
2009-03-14,5.010288888888891,0.15251257238180407,1.6095318720626393
2009-03-15,5.053862500000001,0.07848643601816786,1.667317730648498
2009-03-16,5.098858333333334,-0.0004612682977183022,1.6226029349643851
2009-03-17,5.141819444444446,0.040701587533319324,1.5374789680222356
2009-03-18,5.1819958333333345,0.04912748285012372,1.4032100171498758
2009-03-19,5.223441666666668,0.025421261546175113,-0.006196261546175509
2009-03-20,5.265654166666668,0.020818678901546983,-0.04813951223488133
2009-03-21,5.305097222222223,-0.02905082293500033,-0.04437973262055511
2009-03-22,5.341331944444445,-0.05023497123619397,-0.24476363987491673
2009-03-23,5.377045833333334,-0.09321372467972029,0.20216789134638719
2009-03-24,5.410494444444446,-0.09599717279725936,0.37683606168614825
2009-03-25,5.441052777777779,-0.05596561861911424,0.771912840841336
2009-03-26,5.470970833333334,-0.036045669124164875,0.9240748357908306
2009-03-27,5.502384722222223,-0.05386257683766328,1.0464778546154416
2009-03-28,5.525440277777779,-0.1373418008964328,1.7852348564519875
2009-03-29,5.5319319444444455,-0.1732937866631913,1.979361842218746
2009-03-30,5.531148611111112,-0.1762693720626403,1.9831207609515284
2009-03-31,5.530577777777779,-0.12374578390837038,1.9351680061305918
2009-04-01,5.530808333333335,-0.15041892440423824,1.7429439244042375
2009-04-02,5.530093055555557,-0.1636749390966165,1.7355818835410595
2009-04-03,5.526904166666668,-0.14779169759064778,1.0042208642573143
2009-04-04,5.521336111111112,-0.09885666545107002,0.29885388767329174
2009-04-05,5.514894444444446,-0.06195531099744281,0.018060866552998128
2009-04-06,5.510583333333335,-0.08742179400938063,0.03883846067604654
2009-04-07,5.507965277777778,-0.14205875452361366,-0.15557318992083075
2009-04-08,5.5023138888888905,-0.1620991356071766,-0.4065480866150466
2009-04-09,5.49541388888889,-0.16617248271461468,-1.324574739507607
2009-04-10,5.490773611111112,-0.15237648868339332,-1.5330637890943841
2009-04-11,5.485381944444446,-0.1598384377192059,-1.5662101733919052
2009-04-12,5.47740138888889,-0.17182070355942644,-1.5459140186627962
2009-04-13,5.467134722222224,-0.1790689703179204,-1.5283990852376357
2009-04-14,5.455131944444446,-0.134339849564936,-1.6154587615461757
2009-04-15,5.442734722222224,-0.09532976003325565,-1.6130716288556342
2009-04-16,5.431586111111113,-0.05826592853646957,-0.6473201825746421
2009-04-17,5.421395833333334,-0.014703061227011285,-0.6770261054396555
2009-04-18,5.405300000000001,-0.04287351577246585,-0.5974264842275349
2009-04-19,5.384752777777779,0.022996169718810612,-0.5940822808299222
2009-04-20,5.369625000000001,0.06259709947087659,-0.5975554328042104
2009-04-21,5.358337500000001,0.10803479460402632,-0.5013722946040267
2009-04-22,5.34661388888889,0.11858051315315392,-1.101527735375376
2009-04-23,5.3356013888888905,0.11405079552230005,-1.783985517744523
2009-04-24,5.323684722222223,0.026241635742685704,-2.471593024631575
2009-04-25,5.3100305555555565,-0.00823790971185972,-2.6514593125103625
2009-04-26,5.293456944444445,-0.045008949656763206,-2.3794479947876814
2009-04-27,5.274300000000002,0.04795500810264902,-0.812588341435984
2009-04-28,5.25535138888889,0.12849352968207972,0.6004884147623648
2009-04-29,5.236393055555556,0.17538977623855362,0.7078838348725582
2009-04-30,5.217394444444446,0.27971549937904944,0.6038900561765053
2009-05-01,5.197252777777779,0.3635488212339622,0.5488650676549265
2009-05-02,5.176243055555556,0.4040260939612349,0.6077308504832105
2009-05-03,5.153605555555557,0.3788453891862119,0.7858823885915655
2009-05-04,5.126508333333334,0.37963133510372027,1.0118603315629469
2009-05-05,5.096008333333335,0.33544477260372035,1.1012135607296134
2009-05-06,5.0631777777777796,0.3643367749185351,1.1051521139703537
2009-05-07,5.028273611111112,0.514807388344461,0.989585667211095
2009-05-08,4.995256944444446,0.5376305827889055,1.0077791394333162
2009-05-09,4.959368055555556,0.4949600272333499,1.2060052505444288
2009-05-10,4.916543055555557,0.49662098788149794,1.2411692898962792
2009-05-11,4.8736555555555565,0.47570971473334994,1.3036347297110948
2009-05-12,4.833087500000001,0.5283973073259426,1.3328485260073908
2009-05-13,4.794408333333335,0.5651246105666834,1.3968003894333156
2009-05-14,4.756759722222224,0.5455026776963129,1.4767376000814632
2009-05-15,4.718719444444445,0.5103209184370536,1.7182929704518362
2009-05-16,4.679518055555556,0.43731462214075734,0.8398339889703541
2009-05-17,4.639923611111112,0.42783646241853507,0.8945732598036868
2009-05-18,4.617113888888889,0.41578625408520165,1.0457665236925768
2009-05-19,4.61107638888889,0.3136183952889055,1.104971882488873
2009-05-20,4.604090277777779,0.33642587214075753,1.068150516748131
2009-05-21,4.596094444444446,0.28234751565927585,1.04855803989628
2009-05-22,4.585956944444446,0.2558598420481646,1.0811832135073907
2009-05-23,4.572006944444445,0.29264128880742396,1.0490184334147985
2009-05-24,4.55591388888889,0.32368025871483147,0.82940585239628
2009-05-25,4.539387500000001,0.3322542401963129,0.8363582598036863
2009-05-26,4.522569444444445,0.3316346568629795,1.2124625653592431
2009-05-27,4.501901388888889,0.24482230732594254,-1.0283903628814977
2009-05-28,4.479709722222223,0.11616522399260916,-2.513541612881498
2009-05-29,4.459106944444445,0.022069471677794328,-2.534176416122238
2009-05-30,4.43845138888889,-0.1206328315629463,-2.367151890659276
2009-05-31,4.418640277777778,-0.18902258850739087,-2.2729510226037193
2009-06-01,4.399705555555556,-0.2039141047110945,-2.3694581175111273
2009-06-02,4.383751388888889,-0.27291434776665,-2.4005037077889044
2009-06-03,4.376709722222222,-0.3051572181370204,-2.5568858374185344
2009-06-04,4.378934722222223,-0.2999337806370204,-2.5716676082518677
2009-06-05,4.384013888888889,-0.33445717184072404,-1.6935567170481638
2009-06-06,4.389602777777778,-0.44370401211850197,-0.8508987656592756
2009-06-07,4.3964138888888895,-0.4828114426740575,-0.8002691128814974
2009-06-08,4.407525000000001,-0.46414806304442785,-0.41404360362223863
2009-06-09,4.423481944444445,-0.5173540352666499,-0.08746124251112763
2009-06-10,4.441641666666667,-0.4947984681370205,-0.041509865196312445
2009-06-11,4.463197222222222,-0.5233943940629464,-0.06680282815927407
2009-06-12,4.4866680555555565,-0.5328582945259094,-0.13780976102964593
2009-06-13,4.510320833333333,-0.4915492435999834,-0.24643825640001527
2009-06-14,4.533559722222223,-0.41680228758146504,-0.2697574346407569
2009-06-15,4.5516402777777785,-0.4217763385073909,0.021802727396279697
2009-06-16,4.5649652777777785,-0.46663122276665014,0.06533261165553939
2009-06-17,4.56742638888889,-0.4026943130444278,-0.16173207584446136
2009-06-18,4.558497222222223,-0.3639181787851685,-0.1385790434370534
2009-06-19,4.548726388888889,-0.3776845560999835,0.23162483387776178
2009-06-20,4.538315277777778,-0.3483911764703538,0.2540758986925762
2009-06-21,4.5299152777777785,-0.2895741162851687,0.37199217184072497
2009-06-22,4.5275388888888894,-0.31731783156294635,0.5281122760073911
2009-06-23,4.530937500000001,-0.2966407135073909,0.5470365468407241
2009-06-24,4.536313888888889,-0.29173550517405755,0.536088282951835
2009-06-25,4.540447222222223,-0.23469192878516856,-0.19742196010372035
2009-06-26,4.539994444444445,-0.14897896582220566,-0.21701547862223797
2009-06-27,4.5274277777777785,-0.06844585239627972,-0.28098192538149797
2009-06-28,4.505863888888889,-0.01862322508146481,-0.3092406638074237
2009-06-29,4.4841902777777785,-0.03530623434072408,-0.26588404343705274
2009-06-30,4.46296388888889,-0.029864046840724114,-0.277433175381498
2009-07-01,4.4413986111111114,-0.06775380378516854,-0.1906448073259422
2009-07-02,4.418773611111112,0.03105302233589053,-0.23915996678033485
2009-07-03,4.392005555555556,0.0305050310594902,-0.18784391994837912
2009-07-04,4.360819444444445,0.03686623399796589,-0.1300190117757431
2009-07-05,4.328793055555557,0.06685749891991248,-0.8466505544754683
2009-07-06,4.298097222222223,0.08326047183084001,-1.562357694053062
2009-07-07,4.268536111111112,0.11941637173901258,-1.3692858161834573
2009-07-08,4.2378138888888905,0.1470528386811614,-1.803200060903384
2009-07-09,4.20586388888889,0.18256469588960944,-2.0557619181118323
2009-07-10,4.172441666666668,0.18891858707418244,-2.088360253740849
2009-07-11,4.135523611111112,0.17629473491623948,-2.048151679360684
2009-07-12,4.096368055555557,0.15251257238180407,-1.9818806279373595
2009-07-13,4.057004166666667,0.07848643601816786,-1.8661572693515007
2009-07-14,4.01708888888889,-0.0004612682977183022,-1.894960953924504
2009-07-15,3.981244444444445,0.040701587533319324,-2.110946031977763
2009-07-16,3.9512472222222232,0.04912748285012372,-2.059708038405679
2009-07-17,3.9239611111111117,0.025421261546175113,0.5126176273427148
2009-07-18,3.8996416666666676,0.020818678901546983,0.6495396544317866
2009-07-19,3.877030555555556,-0.02905082293500033,0.37535360071277774
2009-07-20,3.8549125000000006,-0.05023497123619397,0.3309891379028615
2009-07-21,3.833309722222223,-0.09321372467972029,0.22357066912416462
2009-07-22,3.8113166666666674,-0.09599717279725936,0.15034717279725926
2009-07-23,3.789348611111112,-0.05596561861911424,0.3869503408413362
2009-07-24,3.7679555555555564,-0.036045669124164875,0.6974234469019425
2009-07-25,3.7450666666666677,-0.05386257683766328,0.6971292435043301
2009-07-26,3.7273069444444453,-0.1373418008964328,0.7297015231186549
2009-07-27,3.72297638888889,-0.1732937866631913,1.315984064440969
2009-07-28,3.726044444444445,-0.1762693720626403,1.3158915942848628
2009-07-29,3.7293569444444454,-0.12374578390837038,1.2513888394639252
2009-07-30,3.732250000000001,-0.15041892440423824,1.2718355910709045
2009-07-31,3.735620833333334,-0.1636749390966165,1.2553874390966164
2009-08-01,3.740019444444445,-0.14779169759064778,1.2367722531462042
2009-08-02,3.7450388888888897,-0.09885666545107002,1.9394844432288478
2009-08-03,3.7486597222222233,-0.06195531099744281,2.4539622554418865
2009-08-04,3.7470444444444455,-0.08742179400938063,2.351710682898269
2009-08-05,3.7374805555555564,-0.14205875452361366,2.406911532301391
2009-08-06,3.7240791666666677,-0.1620991356071766,2.2143533022738433
2009-08-07,3.7093833333333346,-0.16617248271461468,2.285455816047947
2009-08-08,3.6917805555555567,-0.15237648868339332,2.2715959331278373
2009-08-09,3.673834722222223,-0.1598384377192059,2.5980037154969837
2009-08-10,3.6571236111111123,-0.17182070355942644,3.095030425781648
2009-08-11,3.6414291666666676,-0.1790689703179204,3.1096398036512536
2009-08-12,3.62798888888889,-0.134339849564936,3.0760176273427127
2009-08-13,3.6187569444444456,-0.09532976003325565,2.9239061489221436
2009-08-14,3.610662500000001,-0.05826592853646957,2.7999367618698026
2009-08-15,3.599723611111112,-0.014703061227011285,2.7163127834492333
2009-08-16,3.586180555555557,-0.04287351577246585,0.24069296021690972
2009-08-17,3.570916666666668,0.022996169718810612,0.05775383028118904
2009-08-18,3.554311111111112,0.06259709947087659,0.03475845608467905
2009-08-19,3.536697222222223,0.10803479460402632,0.0046013165070843964
2009-08-20,3.5180152777777787,0.11858051315315392,0.026737542402401407
2009-08-21,3.4978152777777787,0.11405079552230005,0.18380059336658913
2009-08-22,3.478658333333334,0.026241635742685704,0.05910003092398072
2009-08-23,3.4614625000000006,-0.00823790971185972,-0.19822459028814005
2009-08-24,3.447740277777778,-0.045008949656763206,-0.1463979947876805
2009-08-25,3.4369194444444453,0.04795500810264902,0.5287922141195731
2009-08-26,3.4257833333333343,0.12849352968207972,-0.08994352968207942
2009-08-27,3.414570833333334,0.17538977623855362,-0.12562727623855324
2009-08-28,3.4032652777777783,0.27971549937904944,-0.12831411049016
2009-08-29,3.3920152777777783,0.3635488212339622,-0.19389743234507312
2009-08-30,3.380765277777779,0.4040260939612349,-0.22445803840567946
2009-08-31,3.369284722222223,0.3788453891862119,-0.23213011140843387
2009-09-01,3.3575805555555567,0.37963133510372027,-0.8412118906592762
2009-09-02,3.34575138888889,0.33544477260372035,-1.0111961614926095
2009-09-03,3.33948888888889,0.3643367749185351,-0.994825663807424
2009-09-04,3.3427444444444454,0.514807388344461,-0.8682184994555724
2009-09-05,3.3493805555555562,0.5376305827889055,-0.8976778050111277
2009-09-06,3.3572666666666673,0.4949600272333499,-1.0138933605666833
2009-09-07,3.367995833333334,0.49662098788149794,-1.0562834878814975
2009-09-08,3.379681944444445,0.47570971473334994,-1.3777249925111277
2009-09-09,3.391791666666667,0.5283973073259426,-1.9108556406592756
2009-09-10,3.404184722222223,0.5651246105666834,-1.9253093327889053
2009-09-11,3.414968055555556,0.5455026776963129,-1.916470733251868
2009-09-12,3.421820833333334,0.5103209184370536,-1.8294750851037205
2009-09-13,3.4268375000000004,0.43731462214075734,-1.6654854554740903
2009-09-14,3.4324611111111114,0.42783646241853507,-1.3392975735296457
2009-09-15,3.427808333333334,0.41578625408520165,-0.8722612540852014
2009-09-16,3.411645833333334,0.3136183952889055,-0.42493089528890543
2009-09-17,3.394968055555556,0.33642587214075753,-0.42006059436297954
2009-09-18,3.3803597222222233,0.28234751565927585,-0.3467072378814984
2009-09-19,3.3678902777777786,0.2558598420481646,-0.27441678649260925
2009-09-20,3.3567180555555565,0.29264128880742396,-0.44035934436297947
2009-09-21,3.3430500000000007,0.32368025871483147,-0.5253969253814981
2009-09-22,3.3248944444444453,0.3322542401963129,-0.515815351307424
2009-09-23,3.3049930555555562,0.3316346568629795,-0.49662771241853515
2009-09-24,3.2864361111111116,0.24482230732594254,-1.148591751770387
2009-09-25,3.2675680555555564,0.11616522399260916,-1.005066612881498
2009-09-26,3.2469652777777784,0.022069471677794328,-0.8820347494555718
2009-09-27,3.226498611111112,-0.1206328315629463,-0.8001991128814978
2009-09-28,3.2061138888888894,-0.18902258850739087,-0.7210913003814978
2009-09-29,3.185927777777778,-0.2039141047110945,-0.6860136730666829
2009-09-30,3.170961111111112,-0.27291434776665,-0.6017134300111275
2009-10-01,3.1687888888888898,-0.3051572181370204,-0.7302983374185352
2009-10-02,3.1729569444444454,-0.2999337806370204,-1.1153564971407572
2009-10-03,3.173670833333334,-0.33445717184072404,-1.121213661492609
2009-10-04,3.1726847222222228,-0.44370401211850197,-1.291314043437053
2009-10-05,3.172506944444445,-0.4828114426740575,-1.1353621684370532
2009-10-06,3.172558333333334,-0.46414806304442785,-1.1470769369555716
2009-10-07,3.1725527777777787,-0.5173540352666499,-1.0931987425111278
2009-10-08,3.171450000000001,-0.4947984681370205,-0.8216515318629796
2009-10-09,3.167043055555556,-0.5233943940629464,-0.7309819948259422
2009-10-10,3.1603000000000008,-0.5328582945259094,-0.617775038807424
2009-10-11,3.1536930555555562,-0.4915492435999834,-0.3091438119555717
2009-10-12,3.1491902777777785,-0.41680228758146504,0.31827867647035385
2009-10-13,3.1469138888888897,-0.4217763385073909,0.2801957829518353
2009-10-14,3.145483333333334,-0.46663122276665014,0.005814556099983492
2009-10-15,3.154491666666668,-0.4026943130444278,-0.5201306869555722
2009-10-16,3.1738986111111123,-0.3639181787851685,-0.6459804323259427
2009-10-17,3.1935416666666674,-0.3776845560999835,-0.5065237772333495
2009-10-18,3.21235138888889,-0.3483911764703538,-0.5539602124185352
2009-10-19,3.230529166666668,-0.2895741162851687,-0.6782883837148316
2009-10-20,3.2486319444444454,-0.31731783156294635,-0.6913141128814979
2009-10-21,3.268083333333334,-0.2966407135073909,-0.2894426198259424
2009-10-22,3.2910263888888895,-0.29173550517405755,-0.246290883714831
2009-10-23,3.317075000000001,-0.23469192878516856,-0.23971640454816476
2009-10-24,3.340837500000001,-0.14897896582220566,-0.3491918675111278
2009-10-25,3.365962500000001,-0.06844585239627972,-0.46084998093705404
2009-10-26,3.39680138888889,-0.01862322508146481,-0.549844830474091
2009-10-27,3.4280833333333343,-0.03530623434072408,-0.573443765659276
2009-10-28,3.45907638888889,-0.029864046840724114,-0.6098790087148318
2009-10-29,3.490195833333334,-0.06775380378516854,-0.6031086962148311
2009-10-30,3.516770833333334,0.03105302233589053,-0.7288238556692238
2009-10-31,3.531133333333334,0.0305050310594902,-0.7443050310594898
2009-11-01,3.5380305555555562,0.03686623399796589,-0.7288967895535211
2009-11-02,3.545806944444445,0.06685749891991248,-0.14499777669769004
2009-11-03,3.5521333333333343,0.08326047183084001,0.04627286150249327
2009-11-04,3.5560291666666677,0.11941637173901258,0.07322112826098699
2009-11-05,3.5602930555555563,0.1470528386811614,0.0369874390966167
2009-11-06,3.5652277777777783,0.18256469588960944,-0.0027924736673872186
2009-11-07,3.5707402777777784,0.18891858707418244,-0.09432553151862613
2009-11-08,3.5787152777777784,0.17629473491623948,0.02265665397264971
2009-11-09,3.5896847222222226,0.15251257238180407,-0.014863961270692588
2009-11-10,3.6017638888888897,0.07848643601816786,-0.2832503249070568
2009-11-11,3.6125250000000007,-0.0004612682977183022,-0.973397065035615
2009-11-12,3.6213416666666673,0.040701587533319324,-1.064043254199986
2009-11-13,3.6282166666666673,0.04912748285012372,-1.0740108161834567
2009-11-14,3.631894444444445,0.025421261546175113,-0.9746490393239524
2009-11-15,3.632322222222223,0.020818678901546983,-1.1828075677904357
2009-11-16,3.631298611111112,-0.02905082293500033,-1.2819144548427772
2009-11-17,3.6301902777777784,-0.05023497123619397,-1.0472886398749164
2009-11-18,3.628800000000001,-0.09321372467972029,-0.9615862753202798
2009-11-19,3.6274500000000005,-0.09599717279725936,-0.9574528272027404
2009-11-20,3.626031944444445,-0.05596561861911424,-1.4383996591586636
2009-11-21,3.6239402777777787,-0.036045669124164875,-1.5272279419869463
2009-11-22,3.620273611111112,-0.05386257683766328,-1.5857443676067813
2009-11-23,3.617631944444445,-0.1373418008964328,-1.2066234768813446
2009-11-24,3.614254166666667,-0.1732937866631913,-1.0576270466701414
2009-11-25,3.6068916666666673,-0.1762693720626403,-1.0272889612706924
2009-11-26,3.5989138888888896,-0.12374578390837038,-1.0678347716471845
2009-11-27,3.5913791666666675,-0.15041892440423824,-1.0299602422624279
2009-11-28,3.584208333333334,-0.1636749390966165,-0.9952000609033831
2009-11-29,3.578109722222223,-0.14779169759064778,0.208681975368426
2009-11-30,3.573794444444445,-0.09885666545107002,2.779395554339959
2009-12-01,3.572395833333334,-0.06195531099744281,2.9618928109974427
2009-12-02,3.5724888888888895,-0.08742179400938063,2.365932905120491
2009-12-03,3.573622222222223,-0.14205875452361366,2.4944365323013917
2009-12-04,3.575891666666667,-0.1620991356071766,2.39620746894051
2009-12-05,3.577852777777778,-0.16617248271461468,2.3956530382701704
2009-12-06,3.580183333333334,-0.15237648868339332,2.4031931553500603
2009-12-07,3.5826875000000005,-0.1598384377192059,2.404484271052539
2009-12-08,3.5843694444444454,-0.17182070355942644,2.3947845924483153
2009-12-09,3.5838777777777784,-0.1790689703179204,2.3218578592068093
2009-12-10,3.5799555555555562,-0.134339849564936,2.383717627342714
2009-12-11,3.5712763888888897,-0.09532976003325565,2.631053371144366
2009-12-12,3.560387500000001,-0.05826592853646957,2.6442117618698022
2009-12-13,3.5514166666666673,-0.014703061227011285,2.6272863945603446
2009-12-14,3.54562638888889,-0.04287351577246585,2.580580460216909
2009-12-15,3.5419944444444456,0.022996169718810612,2.4450093858367454
2009-12-16,3.53803888888889,0.06259709947087659,2.4070306783069007
2009-12-17,3.533444444444445,0.10803479460402632,2.166187427618196
2009-12-18,3.528818055555556,0.11858051315315392,2.2202680979579577
2009-12-19,3.524522222222223,0.11405079552230005,2.2974269822554776
2009-12-20,3.5190291666666678,0.026241635742685704,2.546729197590647
2009-12-21,3.5127638888888892,-0.00823790971185972,2.728807354156305
2009-12-22,3.5070125000000005,-0.045008949656763206,3.06766311632343
2009-12-23,3.501131944444445,0.04795500810264902,2.8942463807862393
2009-12-24,3.4955138888888895,0.12849352968207972,3.4406592480956983
2009-12-25,3.4900930555555565,0.17538977623855362,3.5998505015392244
2009-12-26,3.484806944444445,0.27971549937904944,3.49681088950984
2009-12-27,3.4799763888888897,0.3635488212339622,3.449808123210482
2009-12-28,3.475959722222223,0.4040260939612349,3.4173475171498757
2009-12-29,3.4712875000000007,0.3788453891862119,2.3068671108137884
2009-12-30,3.4646097222222227,0.37963133510372027,-0.14224105732594217
2009-12-31,3.4562833333333343,0.33544477260372035,-0.27239477260371986
2010-01-01,3.444391666666667,0.3643367749185351,-0.08272844158520143
2010-01-02,3.428290277777778,0.514807388344461,-0.4524309994555715
2010-01-03,3.4106388888888897,0.5376305827889055,-0.5252694716777943
2010-01-04,3.392833333333334,0.4949600272333499,-0.45979336056668246
2010-01-05,3.3760055555555564,0.49662098788149794,-0.4696265434370534
2010-01-06,3.3593569444444453,0.47570971473334994,-0.629066659177794
2010-01-07,3.3413319444444447,0.5283973073259426,-0.6747292517703861
2010-01-08,3.322822222222223,0.5651246105666834,-0.39694683278890563
2010-01-09,3.3059791666666674,0.5455026776963129,-0.35548184436297936
2010-01-10,3.2939902777777785,0.5103209184370536,-0.5709778628814979
2010-01-11,3.2850319444444454,0.43731462214075734,-0.5383465665852012
2010-01-12,3.275718055555556,0.42783646241853507,-0.5178878513074237
2010-01-13,3.266193055555556,0.41578625408520165,-0.49264597630742346
2010-01-14,3.2576263888888897,0.3136183952889055,-0.38624478417779423
2010-01-15,3.2511250000000005,0.33642587214075753,-0.4065508721407575
2010-01-16,3.244694444444445,0.28234751565927585,-0.3467086267703867
2010-01-17,3.237061111111112,0.2558598420481646,-0.3415876198259422
2010-01-18,3.2289152777777783,0.29264128880742396,-0.4385565665852012
2010-01-19,3.222133333333334,0.32368025871483147,-0.6188135920481648
2010-01-20,3.216080555555556,0.3322542401963129,-0.6946681290852008
2010-01-21,3.209359722222223,0.3316346568629795,-0.9933277124185349
2010-01-22,3.201508333333334,0.24482230732594254,-1.1053306406592753
2010-01-23,3.191919444444445,0.11616522399260916,-1.6984180017703867
2010-01-24,3.1832013888888895,0.022069471677794328,-1.8162708605666829
2010-01-25,3.182061111111112,-0.1206328315629463,-1.6724282795481646
2010-01-26,3.187800000000001,-0.18902258850739087,-1.594444078159276
2010-01-27,3.1938930555555562,-0.2039141047110945,-1.523312284177794
2010-01-28,3.1951638888888896,-0.27291434776665,-1.2602495411222385
2010-01-29,3.1835902777777783,-0.3051572181370204,-1.146433059640757
2010-01-30,3.1633152777777784,-0.2999337806370204,-1.0400481638074237
2010-01-31,3.1462722222222226,-0.33445717184072404,-1.1371483837148308
2010-02-01,3.1325527777777786,-0.44370401211850197,-0.9358487656592757
2010-02-02,3.119411111111112,-0.4828114426740575,-0.8529330017703867
2010-02-03,3.109106944444445,-0.46414806304442785,-0.8422922147333494
2010-02-04,3.099536111111112,-0.5173540352666499,-0.7021820758444608
2010-02-05,3.0888152777777784,-0.4947984681370205,-0.45601680964075714
2010-02-06,3.078162500000001,-0.5233943940629464,-0.5214347726037203
2010-02-07,3.067869444444445,-0.5328582945259094,-0.764011149918535
2010-02-08,3.057261111111112,-0.4915492435999834,-0.9153785341777941
2010-02-09,3.0446527777777783,-0.41680228758146504,-0.957517156862979
2010-02-10,3.030834722222223,-0.4217763385073909,-0.8367250503814976
2010-02-11,3.017283333333334,-0.46663122276665014,-0.7859854439000166
2010-02-12,3.0040000000000004,-0.4026943130444278,-0.8393056869555717
2010-02-13,2.991012500000001,-0.3639181787851685,-0.8650943212148315
2010-02-14,2.977800000000001,-0.3776845560999835,-0.8381154439000167
2010-02-15,2.965072222222223,-0.3483911764703538,-0.8620143790852015
2010-02-16,2.952990277777779,-0.2895741162851687,-0.9557494948259425
2010-02-17,2.941225000000001,-0.31731783156294635,-0.8599071684370538
2010-02-18,2.9292444444444454,-0.2966407135073909,-0.792937064270387
2010-02-19,2.915811111111112,-0.29173550517405755,-0.5324089392703868
2010-02-20,2.900408333333334,-0.23469192878516856,-0.5420497378814977
2010-02-21,2.8841333333333345,-0.14897896582220566,-0.5848210341777944
2010-02-22,2.865475000000001,-0.06844585239627972,-0.6163624809370535
2010-02-23,2.8418625000000013,-0.01862322508146481,-0.639905941585202
2010-02-24,2.809931944444445,-0.03530623434072408,-0.5789590434370532
2010-02-25,2.770686111111112,-0.029864046840724114,-0.45715539760371987
2010-02-26,2.7296138888888897,-0.06775380378516854,-0.27086008510372067
2010-02-27,2.692197222222223,0.03105302233589053,-0.5972502445581128
2010-02-28,2.666586111111112,0.0305050310594902,-0.7894244755039347
2010-03-01,2.651173611111112,0.03686623399796589,-0.9307065117757435
2010-03-02,2.63845138888889,0.06685749891991248,-1.0029755544754682
2010-03-03,2.6345138888888897,0.08326047183084001,-1.1351076940530622
2010-03-04,2.6414944444444455,0.11941637173901258,-1.1495774828501237
2010-03-05,2.650540277777779,0.1470528386811614,-1.1892597831256062
2010-03-06,2.662936111111112,0.18256469588960944,-1.0031674736673875
2010-03-07,2.6801152777777784,0.18891858707418244,-1.2967005315186269
2010-03-08,2.6990041666666675,0.17629473491623948,-1.3306322349162394
2010-03-09,2.71711388888889,0.15251257238180407,-1.3516264612706932
2010-03-10,2.7347569444444453,0.07848643601816786,-1.2492433804626122
2010-03-11,2.756297222222223,-0.0004612682977183022,-1.1615026205911703
2010-03-12,2.7820319444444452,0.040701587533319324,-1.3304001986444305
2010-03-13,2.810366666666668,0.04912748285012372,-1.385827482850124
2010-03-14,2.8433583333333345,0.025421261546175113,-1.3424462615461754
2010-03-15,2.880609722222223,0.020818678901546983,-1.3307617344571026
2010-03-16,2.9196500000000007,-0.02905082293500033,-1.2309325103983328
2010-03-17,2.9595569444444454,-0.05023497123619397,-1.2593219732082503
2010-03-18,3.0002222222222232,-0.09321372467972029,-1.2823418308758354
2010-03-19,3.0415069444444454,-0.09599717279725936,-1.3771764383138518
2010-03-20,3.0838777777777793,-0.05596561861911424,-1.5182454924919975
2010-03-21,3.127704166666668,-0.036045669124164875,-1.8616584975425023
2010-03-22,3.1733638888888898,-0.05386257683766328,-1.9211679787178924
2010-03-23,3.22118888888889,-0.1373418008964328,-1.9121804213257896
2010-03-24,3.272911111111112,-0.1732937866631913,-1.9156173244479195
2010-03-25,3.3285805555555568,-0.1762693720626403,-1.641977850159582
2010-03-26,3.3850194444444455,-0.12374578390837038,-0.23460699386940692
2010-03-27,3.4433291666666674,-0.15041892440423824,-0.12391024226242783
2010-03-28,3.5035930555555566,-0.1636749390966165,-0.21025144979227256
2010-03-29,3.5630819444444457,-0.14779169759064778,-0.17562358018713056
2010-03-30,3.6225916666666675,-0.09885666545107002,0.35226499878440326
2010-03-31,3.684783333333334,-0.06195531099744281,0.3618386443307765
2010-04-01,3.747887500000001,-0.08742179400938063,0.5878676273427137
2010-04-02,3.8022486111111125,-0.14205875452361366,0.5758101434125027
2010-04-03,3.8471430555555566,-0.1620991356071766,0.660956080051621
2010-04-04,3.888436111111112,-0.16617248271461468,1.0760697049368375
2010-04-05,3.924002777777779,-0.15237648868339332,0.7713737109056156
2010-04-06,3.9540805555555565,-0.1598384377192059,0.748091215496983
2010-04-07,3.9845430555555565,-0.17182070355942644,0.7229443146705375
2010-04-08,4.018000000000001,-0.1790689703179204,0.6890689703179202
2010-04-09,4.053948611111112,-0.134339849564936,0.5623912384538241
2010-04-10,4.089631944444446,-0.09532976003325565,0.4340311489221451
2010-04-11,4.123969444444446,-0.05826592853646957,0.4429631507586916
2010-04-12,4.159168055555557,-0.014703061227011285,0.40486833900478947
2010-04-13,4.194644444444446,-0.04287351577246585,0.35822907132802145
2010-04-14,4.230441666666668,0.022996169718810612,0.2128954969478549
2010-04-15,4.266895833333335,0.06259709947087659,0.05084040052912327
2010-04-16,4.303637500000001,0.10803479460402632,-0.03133896127069247
2010-04-17,4.342283333333334,0.11858051315315392,-0.0655305131531541
2010-04-18,4.382229166666668,0.11405079552230005,0.08838670447769933
2010-04-19,4.421306944444446,0.026241635742685704,0.12045141981286997
2010-04-20,4.459040277777779,-0.00823790971185972,0.08253096526741449
2010-04-21,4.496420833333334,-0.045008949656763206,0.08158811632343003
2010-04-22,4.534352777777779,0.04795500810264902,-0.04830778588042667
2010-04-23,4.572120833333335,0.12849352968207972,-0.20461436301541402
2010-04-24,4.609756944444445,0.17538977623855362,-0.6181467206829983
2010-04-25,4.64723888888889,0.27971549937904944,-2.2306210549346055
2010-04-26,4.682025000000001,0.3635488212339622,-2.606240487900629
2010-04-27,4.7136055555555565,0.4040260939612349,-2.8236316495167904
2010-04-28,4.745531944444445,0.3788453891862119,-2.9440440002973225
2010-04-29,4.778348611111112,0.37963133510372027,-3.6259799462148314
2010-04-30,4.8070458333333335,0.33544477260372035,-3.152157272603719
2010-05-01,4.831627777777778,0.3643367749185351,-2.9942978860296456
2010-05-02,4.856465277777779,0.514807388344461,-1.3012726661222385
2010-05-03,4.880793055555557,0.5376305827889055,-0.8994236383444608
2010-05-04,4.90473888888889,0.4949600272333499,-0.8966989161222385
2010-05-05,4.9283180555555575,0.49662098788149794,-0.12193904343705458
2010-05-06,4.9521708333333345,0.47570971473334994,0.0011194519333166952
2010-05-07,4.9754152777777785,0.5283973073259426,0.0015207482296134556
2010-05-08,4.997027777777778,0.5651246105666834,-0.03515238834446066
2010-05-09,5.01687638888889,0.5455026776963129,0.13195426674813182
2010-05-10,5.034219444444445,0.5103209184370536,0.6601263037851695
2010-05-11,5.050170833333334,0.43731462214075734,0.9015145445259094
2010-05-12,5.0639263888888895,0.42783646241853507,1.2892371486925769
2010-05-13,5.074872222222223,0.41578625408520165,2.021341523692577
2010-05-14,5.082548611111111,0.3136183952889055,2.4064996602666513
2010-05-15,5.087351388888889,0.33642587214075753,2.509222738970355
2010-05-16,5.090816666666667,0.28234751565927585,2.632835817674059
2010-05-17,5.092306944444445,0.2558598420481646,2.737166546840725
2010-05-18,5.093380555555556,0.29264128880742396,2.671311488970356
2010-05-19,5.095704166666668,0.32368025871483147,2.702282241285169
2010-05-20,5.098891666666668,0.3322542401963129,2.7461874264703545
2010-05-21,5.102277777777779,0.3316346568629795,2.7484208986925776
2010-05-22,5.106123611111112,0.24482230732594254,2.83338741489628
2010-05-23,5.113600000000001,0.11616522399260916,2.949901442674058
2010-05-24,5.124183333333334,0.022069471677794328,3.0334138616555397
2010-05-25,5.129347222222224,-0.1206328315629463,3.1349522760073905
2010-05-26,5.127955555555557,-0.18902258850739087,3.7050670329518356
2010-05-27,5.127704166666668,-0.2039141047110945,3.766543271377764
2010-05-28,5.128991666666668,-0.27291434776665,3.8595893477666516
2010-05-29,5.127968055555557,-0.3051572181370204,4.1378558292481324
2010-05-30,5.127143055555557,-0.2999337806370204,4.693457391748132
2010-05-31,5.128084722222223,-0.33445717184072404,4.328705782951835
2010-06-01,5.128258333333335,-0.44370401211850197,2.6674456787851684
2010-06-02,5.129191666666667,-0.4828114426740575,2.3129531093407243
2010-06-03,5.131427777777779,-0.46414806304442785,1.8700536185999839
2010-06-04,5.13506388888889,-0.5173540352666499,1.0636234797110935
2010-06-05,5.140868055555557,-0.4947984681370205,0.9092637459147981
2010-06-06,5.1502902777777795,-0.5233943940629464,1.3001041162851683
2010-06-07,5.162334722222224,-0.5328582945259094,1.2775235723036866
2010-06-08,5.174668055555557,-0.4915492435999834,1.4588811880444275
2010-06-09,5.187438888888891,-0.41680228758146504,0.9720300653592417
2010-06-10,5.199370833333335,-0.4217763385073909,1.1634055051740568
2010-06-11,5.209337500000001,-0.46663122276665014,1.3009603894333166
2010-06-12,5.217600000000001,-0.4026943130444278,1.1824276463777614
2010-06-13,5.226993055555557,-0.3639181787851685,1.254925123229612
2010-06-14,5.239279166666668,-0.3776845560999835,1.2934053894333168
2010-06-15,5.259190277777779,-0.3483911764703538,1.2688675653592427
2010-06-16,5.287293055555557,-0.2895741162851687,1.559947727396279
2010-06-17,5.315122222222223,-0.31731783156294635,1.5031956093407242
2010-06-18,5.341325000000001,-0.2966407135073909,1.4366490468407243
2010-06-19,5.368113888888891,-0.29173550517405755,1.4296216162851672
2010-06-20,5.395329166666668,-0.23469192878516856,1.5200294287851683
2010-06-21,5.4215944444444455,-0.14897896582220566,1.424384521377762
2010-06-22,5.444455555555557,-0.06844585239627972,1.322323630174058
2010-06-23,5.464323611111112,-0.01862322508146481,1.2526329473036877
2010-06-24,5.489761111111113,-0.03530623434072408,1.221878456562946
2010-06-25,5.522401388888889,-0.029864046840724114,0.6591293246185028
2010-06-26,5.555179166666667,-0.06775380378516854,0.6149079704518357
2010-06-27,5.587201388888889,0.03105302233589053,0.4587455887752209
2010-06-28,5.624143055555557,0.0305050310594902,0.1780185800516213
2010-06-29,5.662151388888891,0.03686623399796589,-0.9793509562201886
2010-06-30,5.696255555555557,0.06685749891991248,-1.1234463878088017
2010-07-01,5.726022222222223,0.08326047183084001,-1.2029493607197288
2010-07-02,5.748479166666669,0.11941637173901258,-1.4415622050723473
2010-07-03,5.76493888888889,0.1470528386811614,-1.371658394236717
2010-07-04,5.775168055555557,0.18256469588960944,-1.388399418111833
2010-07-05,5.78031388888889,0.18891858707418244,-1.3992324759630714
2010-07-06,5.781011111111113,0.17629473491623948,-1.8316391793606845
2010-07-07,5.778722222222224,0.15251257238180407,-1.8072347946040275
2010-07-08,5.7759180555555565,0.07848643601816786,-2.1327378249070565
2010-07-09,5.774051388888891,-0.0004612682977183022,-2.1745901205911715
2010-07-10,5.776462500000002,0.040701587533319324,-2.50116408753332
2010-07-11,5.78045138888889,0.04912748285012372,-2.878245538405679
2010-07-12,5.779215277777778,0.025421261546175113,-3.1289698726572857
2010-07-13,5.771173611111112,0.020818678901546983,-3.5283256233459914
2010-07-14,5.7603291666666685,-0.02905082293500033,-3.6119450103983337
2010-07-15,5.742829166666668,-0.05023497123619397,-3.6705941954304735
2010-07-16,5.716341666666668,-0.09321372467972029,-4.012794608653613
2010-07-17,5.687472222222224,-0.09599717279725936,-3.7511417160916305
2010-07-18,5.65806388888889,-0.05596561861911424,-3.806764936936441
2010-07-19,5.62809027777778,-0.036045669124164875,-3.8827112753202804
2010-07-20,5.597855555555556,-0.05386257683766328,-4.012326312051225
2010-07-21,5.567509722222223,-0.1373418008964328,-3.6688345879924555
2010-07-22,5.53707638888889,-0.1732937866631913,-2.9751159355590313
2010-07-23,5.506661111111113,-0.1762693720626403,-2.4847250723818046
2010-07-24,5.476066666666668,-0.12374578390837038,-2.42165421609163
2010-07-25,5.443177777777779,-0.15041892440423824,-2.361758853373539
2010-07-26,5.41075138888889,-0.1636749390966165,-1.9397431164589396
2010-07-27,5.383620833333334,-0.14779169759064778,-1.8648291357426858
2010-07-28,5.356105555555557,-0.09885666545107002,-1.7582488901044855
2010-07-29,5.3221138888888895,-0.06195531099744281,-1.0964919112247788
2010-07-30,5.285237500000001,-0.08742179400938063,-0.9024823726572857
2010-07-31,5.2525208333333335,-0.14205875452361366,-0.879795412143052
2010-08-01,5.225472222222223,-0.1620991356071766,-0.48803975328171223
2010-08-02,5.202291666666667,-0.16617248271461468,0.06954748271461517
2010-08-03,5.184547222222223,-0.15237648868339332,0.07616259979450452
2010-08-04,5.171155555555556,-0.1598384377192059,0.35868288216365096
2010-08-05,5.160236111111112,-0.17182070355942644,0.9809179257816497
2010-08-06,5.151676388888889,-0.1790689703179204,1.0123925814290324
2010-08-07,5.142473611111112,-0.134339849564936,0.9768662384538254
2010-08-08,5.130172222222223,-0.09532976003325565,0.9554908711443677
2010-08-09,5.111516666666668,-0.05826592853646957,0.7570825952031363
2010-08-10,5.087630555555556,-0.014703061227011285,0.5667391723381229
2010-08-11,5.063279166666668,-0.04287351577246585,0.3822610157724658
2010-08-12,5.038618055555556,0.022996169718810612,0.7663857747256344
2010-08-13,5.0118875,0.06259709947087659,0.8928487338624574
2010-08-14,4.983331944444445,0.10803479460402632,2.48063326095153
2010-08-15,4.952943055555556,0.11858051315315392,2.8768097646246242
2010-08-16,4.921158333333334,0.11405079552230005,2.675457537811033
2010-08-17,4.8903875,0.026241635742685704,2.814037530923982
2010-08-18,4.861463888888889,-0.00823790971185972,2.9467740208229714
2010-08-19,4.832823611111111,-0.045008949656763206,3.0101853385456527
2010-08-20,4.804152777777778,0.04795500810264902,2.72055888078624
2010-08-21,4.777643055555556,0.12849352968207972,2.037863414762366
2010-08-22,4.752595833333334,0.17538977623855362,1.5593477237614468
2010-08-23,4.727640277777779,0.27971549937904944,1.4736442228431728
2010-08-24,4.704991666666668,0.3635488212339622,1.4197928454327038
2010-08-25,4.684134722222224,0.4040260939612349,1.0235058504832089
2010-08-26,4.661077777777779,0.3788453891862119,1.0080768330360104
2010-08-27,4.636797222222223,0.37963133510372027,1.5139047760073905
2010-08-28,4.617633333333334,0.33544477260372035,1.1609218940629464
2010-08-29,4.603366666666668,0.3643367749185351,1.2952965584147986
2010-08-30,4.589572222222223,0.514807388344461,2.0482870560999835
2010-08-31,4.5780930555555575,0.5376305827889055,1.7102763616555383
2010-09-01,4.571393055555557,0.4949600272333499,1.0799802505444267
2010-09-02,4.567300000000001,0.49662098788149794,1.0507456787851681
2010-09-03,4.563016666666668,0.47570971473334994,0.8136069519333162
2010-09-04,4.557155555555557,0.5283973073259426,0.16378047045183475
2010-09-05,4.549327777777778,0.5651246105666834,0.11921427832220566
2010-09-06,4.542593055555557,0.5455026776963129,0.22657093341479795
2010-09-07,4.538048611111112,0.5103209184370536,1.0879638037851693
2010-09-08,4.538986111111113,0.43731462214075734,2.0596992667481304
2010-09-09,4.5470958333333344,0.42783646241853507,2.1164010375814644
2010-09-10,4.558762500000001,0.41578625408520165,1.9304512459147976
2010-09-11,4.574640277777779,0.3136183952889055,1.591407993599983
2010-09-12,4.595444444444445,0.33642587214075753,1.7214630167481313
2010-09-13,4.620522222222223,0.28234751565927585,0.1827969287851694
2010-09-14,4.649568055555557,0.2558598420481646,-0.2567612309370535
2010-09-15,4.681162500000001,0.29264128880742396,-0.40847045547409083
2010-09-16,4.720886111111112,0.32368025871483147,-0.48889970315927495
2010-09-17,4.7678777777777785,0.3322542401963129,-0.5504653513074236
2010-09-18,4.815520833333334,0.3316346568629795,-0.5934888235296463
2010-09-19,4.862806944444445,0.24482230732594254,-0.5776292517703876
2010-09-20,4.904927777777779,0.11616522399260916,-0.4910930017703878
2010-09-21,4.941772222222223,0.022069471677794328,-0.43417502723335005
2010-09-22,4.979686111111112,-0.1206328315629463,-0.40805327954816467
2010-09-23,5.0212472222222235,-0.18902258850739087,-0.3888913003814993
2010-09-24,5.061550000000001,-0.2039141047110945,0.2510307713777603
2010-09-25,5.0983430555555564,-0.27291434776665,0.9605712922110949
2010-09-26,5.133929166666668,-0.3051572181370204,0.45789471813702015
2010-09-27,5.166819444444446,-0.2999337806370204,0.1697810028592424
2010-09-28,5.196831944444446,-0.33445717184072404,-0.10637477260372058
2010-09-29,5.2273208333333345,-0.44370401211850197,-0.9172834878814983
2010-09-30,5.255381944444446,-0.4828114426740575,-0.8192371684370541
2010-10-01,5.274911111111112,-0.46414806304442785,-0.8307630480666826
2010-10-02,5.289797222222223,-0.5173540352666499,-0.7924431869555717
2010-10-03,5.304013888888889,-0.4947984681370205,-0.7665487540852012
2010-10-04,5.314665277777779,-0.5233943940629464,0.027729116285168054
2010-10-05,5.322819444444446,-0.5328582945259094,0.17070551674813117
2010-10-06,5.331416666666668,-0.4915492435999834,0.03979924359998288
2010-10-07,5.341268055555557,-0.41680228758146504,-0.871799101307424
2010-10-08,5.3489666666666675,-0.4217763385073909,-1.7735236614926086
2010-10-09,5.3554722222222235,-0.46663122276665014,-1.7905076661222386
2010-10-10,5.364745833333334,-0.4026943130444278,-1.8637181869555712
2010-10-11,5.3728125,-0.3639181787851685,-1.9105609878814969
2010-10-12,5.376645833333335,-0.3776845560999835,-2.2396279439000164
2010-10-13,5.370783333333334,-0.3483911764703538,-2.3003921568629786
2010-10-14,5.355779166666667,-0.2895741162851687,-2.3442050503814973
2010-10-15,5.339008333333334,-0.31731783156294635,-2.3133571684370526
2010-10-16,5.314427777777778,-0.2966407135073909,-2.128787064270386
2010-10-17,5.281472222222224,-0.29173550517405755,-1.8330700503814985
2010-10-18,5.24848888888889,-0.23469192878516856,-1.8574636267703863
2010-10-19,5.216761111111113,-0.14897896582220566,-1.727448811955573
2010-10-20,5.188154166666668,-0.06844585239627972,-1.4270416476037202
2010-10-21,5.163512500000001,-0.01862322508146481,-1.4522226082518683
2010-10-22,5.138234722222223,-0.03530623434072408,-1.410261821214831
2010-10-23,5.111980555555556,-0.029864046840724114,-1.3824498420481643
2010-10-24,5.090427777777778,-0.06775380378516854,-1.4740073073259417
2010-10-25,5.074425000000001,0.03105302233589053,-2.00847802233589
2010-10-26,5.0588444444444445,0.0305050310594902,-2.1040161421706003
2010-10-27,5.043345833333333,0.03686623399796589,-2.1125454006646316
2010-10-28,5.028572222222222,0.06685749891991248,-2.1277630544754675
2010-10-29,5.009148611111112,0.08326047183084001,-2.124742416275284
2010-10-30,4.987019444444446,0.11941637173901258,-1.796435816183457
2010-10-31,4.96872638888889,0.1470528386811614,-1.067112560903384
2010-11-01,4.952505555555556,0.18256469588960944,-1.0564035847784974
2010-11-02,4.936883333333334,0.18891858707418244,-1.0931352537408492
2010-11-03,4.9248319444444455,0.17629473491623948,-1.84479334602735
2010-11-04,4.915350000000001,0.15251257238180407,-1.9531959057151373
2010-11-05,4.9050875000000005,0.07848643601816786,-1.8689072693515005
2010-11-06,4.889784722222223,-0.0004612682977183022,-1.7739901205911703
2010-11-07,4.866483333333334,0.040701587533319324,-0.8825182541999858
2010-11-08,4.837893055555556,0.04912748285012372,-0.6980205384056778
2010-11-09,4.80866388888889,0.025421261546175113,-0.5960851504350635
2010-11-10,4.782186111111113,0.020818678901546983,-0.2910047900126582
2010-11-11,4.756861111111112,-0.02905082293500033,0.1361897118238899
2010-11-12,4.737184722222223,-0.05023497123619397,0.6090502490139726
2010-11-13,4.72811388888889,-0.09321372467972029,0.6724331691241653
2010-11-14,4.723500000000001,-0.09599717279725936,1.0984971727972588
2010-11-15,4.718736111111111,-0.05596561861911424,2.7805628408413363
2010-11-16,4.713283333333335,-0.036045669124164875,2.6620956691241644
2010-11-17,4.706640277777778,-0.05386257683766328,2.683222299059887
2010-11-18,4.699129166666667,-0.1373418008964328,2.7438793008964337
2010-11-19,4.6915763888888895,-0.1732937866631913,2.4350507311076357
2010-11-20,4.684518055555557,-0.1762693720626403,2.6154179831737507
2010-11-21,4.678122222222223,-0.12374578390837038,3.197623561686148
2010-11-22,4.669606944444445,-0.15041892440423824,3.565145313293128
2010-11-23,4.652773611111113,-0.1636749390966165,3.3375679946521717
2010-11-24,4.625223611111112,-0.14779169759064778,3.204568086479537
2010-11-25,4.594233333333334,-0.09885666545107002,3.2332899987844037
2010-11-26,4.565951388888889,-0.06195531099744281,3.323670588775222
2010-11-27,4.540391666666667,-0.08742179400938063,3.3813634606760474
2010-11-28,4.519291666666668,-0.14205875452361366,3.6317670878569484
2010-11-29,4.501109722222223,-0.1620991356071766,3.1926560800516217
2010-11-30,4.482459722222223,-0.16617248271461468,2.5200460938257256
2010-12-01,4.46370138888889,-0.15237648868339332,2.6390084331278367
2010-12-02,4.444681944444445,-0.1598384377192059,2.655156493274761
2010-12-03,4.422109722222222,-0.17182070355942644,2.705377648003872
2010-12-04,4.395655555555556,-0.1790689703179204,2.739080081429032
2010-12-05,4.3689486111111115,-0.134339849564936,2.8430579051204927
2010-12-06,4.346025000000001,-0.09532976003325565,3.011304760033256
2010-12-07,4.3302055555555565,-0.05826592853646957,2.1143937063142477
2010-12-08,4.317850000000001,-0.014703061227011285,2.3218530612270114
2010-12-09,4.30495138888889,-0.04287351577246585,2.3809221268835765
2010-12-10,4.29092638888889,0.022996169718810612,2.2097441080589677
2010-12-11,4.277481944444445,0.06259709947087659,1.8515876227513455
2010-12-12,4.264927777777778,0.10803479460402632,1.5677040942848641
2010-12-13,4.249316666666667,0.11858051315315392,1.6107694868468472
2010-12-14,4.230873611111111,0.11405079552230005,1.310408926699924
2010-12-15,4.211311111111112,0.026241635742685704,-0.3508860801871293
2010-12-16,4.189773611111112,-0.00823790971185972,-0.44686903473258405
2010-12-17,4.168430555555556,-0.045008949656763206,-0.17608827256545861
2010-12-18,4.148047222222223,0.04795500810264902,-0.38733556365820415
2010-12-19,4.125888888888889,0.12849352968207972,-0.4120490852376344
2010-12-20,4.101705555555556,0.17538977623855362,-0.6020953317941082
2010-12-21,4.07642638888889,0.27971549937904944,-1.1294752216012716
2010-12-22,4.051479166666667,0.3635488212339622,-0.9733613212339611
2010-12-23,4.028533333333334,0.4040260939612349,-0.44689276062790084
2010-12-24,4.009134722222223,0.3788453891862119,-0.05464677807510088
2010-12-25,3.9925958333333336,0.37963133510372027,0.13343949822961443
2010-12-26,3.9773888888888895,0.33544477260372035,0.1061663385073906
2010-12-27,3.9630638888888896,0.3643367749185351,0.08493266952590983
2010-12-28,3.9493180555555565,0.514807388344461,-0.12245877723334986
2010-12-29,3.935961111111112,0.5376305827889055,-0.14759169390001625
2010-12-30,3.919395833333334,0.4949600272333499,-0.15835586056668288
2010-12-31,3.899669444444445,0.49662098788149794,-0.28429043232594203
2011-01-01,3.880011111111112,0.47570971473334994,-0.250054159177794
2011-01-02,3.8638138888888895,0.5283973073259426,-0.288544529548164
2011-01-03,3.85147638888889,0.5651246105666834,-0.31293433278890515
2011-01-04,3.8397291666666673,0.5455026776963129,-0.4035651776963124
2011-01-05,3.8279791666666676,0.5103209184370536,-0.5416334184370535
2011-01-06,3.8124375000000006,0.43731462214075734,-0.4664187888074238
2011-01-07,3.7924250000000006,0.42783646241853507,-0.7379281290852013
2011-01-08,3.7715263888888897,0.41578625408520165,-0.6883126429740899
2011-01-09,3.749281944444445,0.3136183952889055,-0.5319003397333497
2011-01-10,3.7244291666666673,0.33642587214075753,-0.5368550388074236
2011-01-11,3.6965222222222227,0.28234751565927585,-0.4862030712148311
2011-01-12,3.6673138888888897,0.2558598420481646,0.1414929357296133
2011-01-13,3.636675000000001,0.29264128880742396,0.11268371119257553
2011-01-14,3.597897222222223,0.32368025871483147,0.01408918572961354
2011-01-15,3.5555652777777786,0.3322542401963129,-0.026819517974090434
2011-01-16,3.5164680555555563,0.3316346568629795,-0.20010271241853478
2011-01-17,3.4779138888888896,0.24482230732594254,-0.08973619621483128
2011-01-18,3.4421777777777787,0.11616522399260916,0.05599033156294668
2011-01-19,3.408373611111112,0.022069471677794328,0.32089025054442816
2011-01-20,3.371241666666668,-0.1206328315629463,0.4437244982296124
2011-01-21,3.3291652777777787,-0.18902258850739087,0.01619064406294693
2011-01-22,3.2853083333333344,-0.2039141047110945,-0.7257275619555715
2011-01-23,3.242091666666668,-0.27291434776665,-1.0421773189000167
2011-01-24,3.198784722222223,-0.3051572181370204,-1.1856275040852016
2011-01-25,3.1535527777777785,-0.2999337806370204,-1.0259523304740903
2011-01-26,3.1065888888888895,-0.33445717184072404,-0.9414650503814974
2011-01-27,3.0585097222222233,-0.44370401211850197,-0.8871390434370535
2011-01-28,3.0100763888888897,-0.4828114426740575,-0.7989316128814976
2011-01-29,2.965270833333334,-0.46414806304442785,-0.7721227702889051
2011-01-30,2.923236111111112,-0.5173540352666499,-0.6768820758444609
2011-01-31,2.8811569444444456,-0.4947984681370205,-0.6573584763074238
2011-02-01,2.8390208333333344,-0.5233943940629464,-0.6002931059370538
2011-02-02,2.7968222222222234,-0.5328582945259094,-0.5486305943629798
2011-02-03,2.7549166666666673,-0.4915492435999834,-0.5480340897333497
2011-02-04,2.712498611111112,-0.41680228758146504,-0.5803629901963128
2011-02-05,2.6729611111111122,-0.4217763385073909,-0.5568514392703869
2011-02-06,2.636075000000001,-0.46663122276665014,-0.5771104439000162
2011-02-07,2.5981166666666677,-0.4026943130444278,-0.6867556869555722
2011-02-08,2.560580555555557,-0.3639181787851685,-0.8746623767703873
2011-02-09,2.524925000000001,-0.3776845560999835,-0.8382404439000164
2011-02-10,2.4914875000000007,-0.3483911764703538,-0.9837629901963127
2011-02-11,2.4611041666666678,-0.2895741162851687,-1.633530050381498
2011-02-12,2.434261111111112,-0.31731783156294635,-1.6509432795481647
2011-02-13,2.415383333333334,-0.2966407135073909,-1.6824092864926086
2011-02-14,2.401330555555557,-0.29173550517405755,-1.6692617170481647
2011-02-15,2.3829277777777786,-0.23469192878516856,-1.3979025156592755
2011-02-16,2.3620888888888896,-0.14897896582220566,-1.3587765897333492
2011-02-17,2.3399416666666677,-0.06844585239627972,-1.41082914760372
2011-02-18,2.31708888888889,-0.01862322508146481,-1.5777989971407573
2011-02-19,2.29680138888889,-0.03530623434072408,-1.663828487881498
2011-02-20,2.277486111111112,-0.029864046840724114,-1.4402887309370533
2011-02-21,2.2550138888888904,-0.06775380378516854,-1.2532600851037208
2011-02-22,2.2288319444444458,0.03105302233589053,-1.203884966780335
2011-02-23,2.2007222222222236,0.0305050310594902,-1.1742272532817124
2011-02-24,2.1725375000000016,0.03686623399796589,-0.9630704006646328
2011-02-25,2.144716666666668,0.06685749891991248,-0.9605741655865792
2011-02-26,2.1170069444444453,0.08326047183084001,-0.8149340829419507
2011-02-27,2.0896611111111123,0.11941637173901258,-0.522410816183457
2011-02-28,2.062855555555557,0.1470528386811614,-0.5135750609033838
2011-03-01,2.0365930555555565,0.18256469588960944,-0.522491084778498
2011-03-02,2.010575000000001,0.18891858707418244,-0.5028269204075156
2011-03-03,1.9849263888888902,0.17629473491623948,-0.45622112380512847
2011-03-04,1.9604444444444455,0.15251257238180407,-0.4079570168262484
2011-03-05,1.9365333333333346,0.07848643601816786,-0.3100197693515012
2011-03-06,1.9131375000000013,-0.0004612682977183022,-0.20767623170228178
2011-03-07,1.8905680555555566,0.040701587533319324,-0.22626964308887476
2011-03-08,1.8693083333333345,0.04912748285012372,-0.21276914951679018
2011-03-09,1.8492375000000014,0.025421261546175113,-0.16899209487950853
2011-03-10,1.8289680555555567,0.020818678901546983,-0.14412006779043574
2011-03-11,1.8085944444444455,-0.02905082293500033,-0.07387695484277718
2011-03-12,1.7884055555555567,-0.05023497123619397,0.01849608234730521
2011-03-13,1.7635666666666678,-0.09321372467972029,0.16631372467972044
2011-03-14,1.7347375000000014,-0.09599717279725936,0.20459300613059236
2011-03-15,1.7090569444444457,-0.05596561861911424,0.3662420075080029
2011-03-16,1.6872708333333346,-0.036045669124164875,0.9524415024574979
2011-03-17,1.6679416666666678,-0.05386257683766328,1.0742542435043299
2011-03-18,1.6495708333333345,-0.1373418008964328,1.1881043008964327
2011-03-19,1.6313402777777788,-0.1732937866631913,1.5239535088854137
2011-03-20,1.6126166666666677,-0.1762693720626403,1.5456527053959737
2011-03-21,1.5936708333333345,-0.12374578390837038,1.512074950575037
2011-03-22,1.5773486111111121,-0.15041892440423824,1.3290703132931272
2011-03-23,1.5668611111111121,-0.1636749390966165,1.2261471613188386
2011-03-24,1.5617194444444458,-0.14779169759064778,1.0934055864795362
2011-03-25,1.5590319444444456,-0.09885666545107002,1.0494913876732923
2011-03-26,1.5577916666666678,-0.06195531099744281,0.6951636443307762
2011-03-27,1.5585708333333346,-0.08742179400938063,0.7285176273427134
2011-03-28,1.5626500000000012,-0.14205875452361366,0.6840754211902804
2011-03-29,1.5686000000000013,-0.1620991356071766,0.40549913560717643
2011-03-30,1.5743180555555567,-0.16617248271461468,0.39452109382572575
2011-03-31,1.5800236111111121,-0.15237648868339332,0.46801954423894915
2011-04-01,1.5884125000000013,-0.1598384377192059,0.4670926043858725
2011-04-02,1.5993055555555569,-0.17182070355942644,0.45984848133720424
2011-04-03,1.609512500000001,-0.1790689703179204,0.46588980365125393
2011-04-04,1.6194722222222233,-0.134339849564936,0.5945342940093803
2011-04-05,1.6299833333333344,-0.09532976003325565,0.5450130933665889
2011-04-06,1.6416944444444455,-0.05826592853646957,0.49623815075869177
2011-04-07,1.6552875000000011,-0.014703061227011285,0.4384155612270112
2011-04-08,1.6709250000000013,-0.04287351577246585,0.4509485157724656
2011-04-09,1.6899791666666677,0.022996169718810612,0.36602466361452274
2011-04-10,1.7118888888888901,0.06259709947087659,0.30451401164023434
2011-04-11,1.7352027777777788,0.10803479460402632,0.18509576095152958
2011-04-12,1.7617694444444456,0.11858051315315392,0.7186500424024016
2011-04-13,1.7909611111111121,0.11405079552230005,0.6876547600332554
2011-04-14,1.8189416666666678,0.026241635742685704,0.5734833642573142
2011-04-15,1.8442569444444454,-0.00823790971185972,-0.00601903473258431
2011-04-16,1.8671430555555566,-0.045008949656763206,-0.3868007725654587
2011-04-17,1.8892180555555567,0.04795500810264902,-0.6178397303248708
2011-04-18,1.9154666666666678,0.12849352968207972,-1.027626863015413
2011-04-19,1.9504222222222234,0.17538977623855362,-1.1094786651274426
2011-04-20,1.9907180555555566,0.27971549937904944,-1.2541002216012715
2011-04-21,2.0305138888888896,0.3635488212339622,-1.3777293767895173
2011-04-22,2.0691347222222234,0.4040260939612349,-1.4554941495167903
2011-04-23,2.1098736111111123,0.3788453891862119,-1.4710523336306562
2011-04-24,2.1535083333333347,0.37963133510372027,-1.4581396684370538
2011-04-25,2.1955319444444457,0.33544477260372035,-1.4456433837148315
2011-04-26,2.23423888888889,0.3643367749185351,-1.5295756638074238
2011-04-27,2.2695347222222235,0.514807388344461,-1.7496754439000168
2011-04-28,2.301359722222223,0.5376305827889055,-1.7689903050111275
2011-04-29,2.33188888888889,0.4949600272333499,-1.7481822494555719
2011-04-30,2.364918055555557,0.49662098788149794,-1.8752057101037205
2011-05-01,2.397962500000001,0.47570971473334994,-1.88667221473335
2011-05-02,2.4283250000000014,0.5283973073259426,-1.8900556406592761
2011-05-03,2.4582041666666674,0.5651246105666834,-1.7583287772333498
2011-05-04,2.4874666666666676,0.5455026776963129,-1.951302677696313
2011-05-05,2.5161958333333345,0.5103209184370536,-1.9448500851037205
2011-05-06,2.543830555555557,0.43731462214075734,-1.8994785110296466
2011-05-07,2.5701194444444457,0.42783646241853507,-1.9162892401963132
2011-05-08,2.59901388888889,0.41578625408520165,-1.9321334763074236
2011-05-09,2.629980555555557,0.3136183952889055,-1.8609322841777947
2011-05-10,2.660823611111112,0.33642587214075753,-1.914582816585202
2011-05-11,2.692968055555557,0.28234751565927585,-1.8866489045481651
2011-05-12,2.725093055555557,0.2558598420481646,-2.473619564270387
2011-05-13,2.7570541666666677,0.29264128880742396,-2.369362122140757
2011-05-14,2.7960833333333346,0.32368025871483147,-1.985763592048165
2011-05-15,2.839637500000001,0.3322542401963129,-1.737891740196313
2011-05-16,2.8804625000000015,0.3316346568629795,-1.77609715686298
2011-05-17,2.920091666666668,0.24482230732594254,-1.7289139739926094
2011-05-18,2.9602555555555563,0.11616522399260916,-1.6404207795481645
2011-05-19,2.9981722222222236,0.022069471677794328,-1.5842416939000168
2011-05-20,3.037573611111112,-0.1206328315629463,-1.454274112881498
2011-05-21,3.0830958333333345,-0.18902258850739087,-1.423406578159276
2011-05-22,3.129875000000001,-0.2039141047110945,-1.4016275619555723
2011-05-23,3.174505555555557,-0.27291434776665,-1.3772578744555726
2011-05-24,3.2167583333333347,-0.3051572181370204,-1.4459344485296466
2011-05-25,3.260366666666668,-0.2999337806370204,-1.1880995526963132
2011-05-26,3.3053069444444456,-0.33445717184072404,-0.8978497726037202
2011-05-27,3.3506277777777793,-0.44370401211850197,-0.44259043232594275
2011-05-28,3.3978527777777794,-0.4828114426740575,-0.49537466843705436
2011-05-29,3.4471472222222235,-0.46414806304442785,-0.5729991591777941
2011-05-30,3.494212500000001,-0.5173540352666499,-0.5595251314000167
2011-05-31,3.5383444444444456,-0.4947984681370205,0.010454023692576031
2011-06-01,3.582443055555557,-0.5233943940629464,-0.05438199482594275
2011-06-02,3.626536111111112,-0.5328582945259094,-0.21801114991853476
2011-06-03,3.669827777777779,-0.4915492435999834,-0.23294520084446046
2011-06-04,3.713887500000001,-0.41680228758146504,-0.28908521241853474
2011-06-05,3.759479166666668,-0.4217763385073909,-0.12536949482594256
2011-06-06,3.807306944444446,-0.46663122276665014,-0.0040090550111279155
2011-06-07,3.8549847222222233,-0.4026943130444278,0.06504292415553903
2011-06-08,3.902404166666668,-0.3639181787851685,0.34784734545183504
2011-06-09,3.95073888888889,-0.3776845560999835,0.4299456672110946
2011-06-10,3.9974347222222235,-0.3483911764703538,0.41162312091479736
2011-06-11,4.041330555555557,-0.2895741162851687,0.26091022739627834
2011-06-12,4.081937500000001,-0.31731783156294635,0.23271366489627954
2011-06-13,4.114477777777779,-0.2966407135073909,-0.1975037309370538
2011-06-14,4.14212638888889,-0.29173550517405755,-0.5183908837148319
2011-06-15,4.175068055555557,-0.23469192878516856,-0.5890427934370539
2011-06-16,4.2116041666666675,-0.14897896582220566,-0.5112918675111275
2011-06-17,4.243698611111112,-0.06844585239627972,0.2880805746185023
2011-06-18,4.269979166666668,-0.01862322508146481,1.255977391748131
2011-06-19,4.290795833333334,-0.03530623434072408,1.226510401007391
2011-06-20,4.306972222222223,-0.029864046840724114,1.1968918246185023
2011-06-21,4.323034722222223,-0.06775380378516854,1.2810524148962796
2011-06-22,4.338893055555556,0.03105302233589053,1.861053922108554
2011-06-23,4.3539722222222235,0.0305050310594902,1.9698560800516212
2011-06-24,4.3685333333333345,0.03686623399796589,1.6292670993353677
2011-06-25,4.383520833333335,0.06685749891991248,1.3019550010800873
2011-06-26,4.398847222222223,0.08326047183084001,0.8728923059469385
2011-06-27,4.421072222222223,0.11941637173901258,0.8145114060387654
2011-06-28,4.449669444444446,0.1470528386811614,0.7582777168743942
2011-06-29,4.478125,0.18256469588960944,1.3043103041103918
2011-06-30,4.506806944444445,0.18891858707418244,0.6632744684813731
2011-07-01,4.535093055555556,0.17629473491623948,0.6182788761948722
2011-07-02,4.562252777777779,0.15251257238180407,0.5365679831737519
2011-07-03,4.589631944444446,0.07848643601816786,0.5135482862040546
2011-07-04,4.616473611111112,-0.0004612682977183022,0.5073209905199412
2011-07-05,4.642625000000001,0.040701587533319324,0.2356734124666814
2011-07-06,4.67291388888889,0.04912748285012372,0.0789586282609874
2011-07-07,4.705505555555557,0.025421261546175113,0.8140731828982699
2011-07-08,4.734484722222223,0.020818678901546983,0.5430299322095642
2011-07-09,4.760648611111112,-0.02905082293500033,0.783735545157223
2011-07-10,4.78653888888889,-0.05023497123619397,0.9253627490139713
2011-07-11,4.814745833333333,-0.09321372467972029,0.9201345580130554
2011-07-12,4.8446444444444445,-0.09599717279725936,0.9603527283528163
2011-07-13,4.873722222222223,-0.05596561861911424,2.7029100630635594
2011-07-14,4.9014500000000005,-0.036045669124164875,2.689929002457499
2011-07-15,4.926527777777778,-0.05386257683766328,2.6620014657265534
2011-07-16,4.9500125000000015,-0.1373418008964328,2.5523293008964325
2011-07-17,4.973304166666667,-0.1732937866631913,3.156656286663192
2011-07-18,4.996858333333334,-0.1762693720626403,2.2867443720626404
2011-07-19,5.0217277777777785,-0.12374578390837038,3.4150180061305924
2011-07-20,5.051641666666668,-0.15041892440423824,3.449110591070904
2011-07-21,5.087656944444445,-0.1636749390966165,3.3380179946521733
2011-07-22,5.125795833333334,-0.14779169759064778,2.607995864257315
2011-07-23,5.164193055555557,-0.09885666545107002,2.5063302765621813
2011-07-24,5.2012333333333345,-0.06195531099744281,2.4557219776641097
2011-07-25,5.235225000000002,-0.08742179400938063,2.433530127342713
2011-07-26,5.266108333333333,-0.14205875452361366,2.475950421190281
2011-07-27,5.288355555555556,-0.1620991356071766,2.524410246718288
2011-07-28,5.3034625,-0.16617248271461468,2.6573766493812823
2011-07-29,5.318373611111112,-0.15237648868339332,2.0333362109056146
2011-07-30,5.330595833333334,-0.1598384377192059,2.0129092710525396
2011-07-31,5.340365277777778,-0.17182070355942644,2.0144554257816494
2011-08-01,5.350844444444445,-0.1790689703179204,2.0112245258734758
2011-08-02,5.36128888888889,-0.134339849564936,1.956050960676047
2011-08-03,5.370933333333333,-0.09532976003325565,2.2750630933665894
2011-08-04,5.3786055555555565,-0.05826592853646957,2.2303270396475803
2011-08-05,5.378511111111112,-0.014703061227011285,2.7228586167825672
2011-08-06,5.371108333333335,-0.04287351577246585,2.185765182439132
2011-08-07,5.362375,0.022996169718810612,2.639295496947856
2011-08-08,5.355245833333334,0.06259709947087659,2.3158237338624565
2011-08-09,5.354812500000001,0.10803479460402632,2.11781937206264
2011-08-10,5.362208333333334,0.11858051315315392,2.10087782018018
2011-08-11,5.375204166666668,0.11405079552230005,1.8664117044776998
2011-08-12,5.390750000000001,0.026241635742685704,0.0483416975906473
2011-08-13,5.407304166666667,-0.00823790971185972,0.01993374304519318
2011-08-14,5.4250875,-0.045008949656763206,0.37225478299009757
2011-08-15,5.442012500000001,0.04795500810264902,0.2810324918973512
2011-08-16,5.4542930555555555,0.12849352968207972,-1.3154532519043003
2011-08-17,5.458161111111111,0.17538977623855362,-1.5608842206829971
2011-08-18,5.455981944444446,0.27971549937904944,-2.7796974438234945
2011-08-19,5.4482083333333335,0.3635488212339622,-2.852757154567295
2011-08-20,5.435058333333334,0.4040260939612349,-2.9090844272945677
2011-08-21,5.417822222222223,0.3788453891862119,-2.8853342780751006
2011-08-22,5.397202777777778,0.37963133510372027,-2.976500779548164
2011-08-23,5.37740138888889,0.33544477260372035,-2.8581794948259427
2011-08-24,5.360108333333335,0.3643367749185351,-2.8277784415852025
2011-08-25,5.345762500000001,0.514807388344461,-2.9752365550111284
2011-08-26,5.335334722222223,0.5376305827889055,-1.319631971677795
2011-08-27,5.327222222222223,0.4949600272333499,-1.363515582788904
2011-08-28,5.316736111111112,0.49662098788149794,-1.377690432325942
2011-08-29,5.306233333333335,0.47570971473334994,-1.36060971473335
2011-08-30,5.2983777777777785,0.5283973073259426,-1.4057750851037198
2011-08-31,5.2909708333333345,0.5651246105666834,-1.4270954439000167
2011-09-01,5.284180555555556,0.5455026776963129,-1.3410165665852012
2011-09-02,5.277923611111111,0.5103209184370536,-1.671577862881497
2011-09-03,5.272761111111112,0.43731462214075734,-1.3870757332518684
2011-09-04,5.269445833333334,0.42783646241853507,-0.5876156290852017
2011-09-05,5.268770833333334,0.41578625408520165,-0.8078904207518686
2011-09-06,5.271191666666667,0.3136183952889055,-1.3411433952889045
2011-09-07,5.272436111111112,0.33642587214075753,-1.4078619832518684
2011-09-08,5.2655972222222225,0.28234751565927585,-1.3639447378814973
2011-09-09,5.252129166666667,0.2558598420481646,-1.3263223420481642
2011-09-10,5.234486111111112,0.29264128880742396,-1.3454607332518682
2011-09-11,5.206293055555556,0.32368025871483147,-0.9186399809370533
2011-09-12,5.17037638888889,0.3322542401963129,-0.8912972957518686
2011-09-13,5.134304166666667,0.3316346568629795,-1.1886054901963121
2011-09-14,5.098958333333334,0.24482230732594254,-1.1127806406592757
2011-09-15,5.061854166666667,0.11616522399260916,-0.9470193906592759
2011-09-16,5.025823611111112,0.022069471677794328,-0.7538930827889057
2011-09-17,4.988308333333334,-0.1206328315629463,-0.2943421684370529
2011-09-18,4.945613888888889,-0.18902258850739087,0.7827420329518358
2011-09-19,4.901755555555557,-0.2039141047110945,1.4014918824888718
2011-09-20,4.8596666666666675,-0.27291434776665,1.5159143477666503
2011-09-21,4.820415277777778,-0.3051572181370204,1.58740860702591
2011-09-22,4.7811263888888895,-0.2999337806370204,1.543807391748133
2011-09-23,4.741797222222223,-0.33445717184072404,1.5709932829518365
2011-09-24,4.702331944444445,-0.44370401211850197,1.7123720676740586
2011-09-25,4.660315277777778,-0.4828114426740575,0.0748294982296136
2011-09-26,4.615172222222222,-0.46414806304442785,0.0519758408222068
2011-09-27,4.571741666666667,-0.5173540352666499,0.14861236859998406
2011-09-28,4.530856944444444,-0.4947984681370205,0.16560819035924318
2011-09-29,4.490040277777778,-0.5233943940629464,0.23502078295183537
2011-09-30,4.449226388888889,-0.5328582945259094,0.27729857230368793
2011-10-01,4.408412500000001,-0.4915492435999834,0.21713674359998392
2011-10-02,4.366066666666667,-0.41680228758146504,0.1847356209147995
2011-10-03,4.322333333333334,-0.4217763385073909,0.027109671840724603
2011-10-04,4.276127777777779,-0.46663122276665014,-1.210829888344461
2011-10-05,4.226790277777778,-0.4026943130444278,-1.3454292980666824
2011-10-06,4.173495833333334,-0.3639181787851685,-0.9805776545481643
2011-10-07,4.119858333333333,-0.3776845560999835,-0.39284044390001527
2011-10-08,4.073329166666667,-0.3483911764703538,0.8853953431370205
2011-10-09,4.0295097222222225,-0.2895741162851687,1.4980643940629474
2011-10-10,3.9853347222222233,-0.31731783156294635,2.222983109340724
2011-10-11,3.9499805555555563,-0.2966407135073909,1.804326824618502
2011-10-12,3.9226888888888896,-0.29173550517405755,1.836713282951836
2011-10-13,3.895186111111112,-0.23469192878516856,1.8231724843407235
2011-10-14,3.867265277777779,-0.14897896582220566,1.7627136880444263
2011-10-15,3.84607638888889,-0.06844585239627972,1.7033694635073895
2011-10-16,3.8341902777777785,-0.01862322508146481,1.6024329473036873
2011-10-17,3.835323611111112,-0.03530623434072408,1.2483159565629456
2011-10-18,3.849325000000001,-0.029864046840724114,0.2225390468407236
2011-10-19,3.8669680555555566,-0.06775380378516854,0.013119081562946
2011-10-20,3.8865152777777787,0.03105302233589053,-0.099234966780335
2011-10-21,3.9113291666666674,0.0305050310594902,-0.12350086439282337
2011-10-22,3.943484722222223,0.03686623399796589,-0.16201762288685478
2011-10-23,3.9837916666666673,0.06685749891991248,-0.23231583225324554
2011-10-24,4.0299305555555565,0.08326047183084001,-0.2671910273863955
2011-10-25,4.070898611111112,0.11941637173901258,0.17101835048321018
2011-10-26,4.106673611111113,0.1470528386811614,0.14794021687439327
2011-10-27,4.1429388888888905,0.18256469588960944,0.07616308188816734
2011-10-28,4.179359722222223,0.18891858707418244,0.03338835737026166
2011-10-29,4.215920833333334,0.17629473491623948,0.00945109841709424
2011-10-30,4.254297222222224,0.15251257238180407,-0.005143127937360742
2011-10-31,4.299100000000001,0.07848643601816786,0.024080230648498388
2011-11-01,4.354898611111112,-0.0004612682977183022,0.04722932385327327
2011-11-02,4.416095833333334,0.040701587533319324,-0.05513075419998626
2011-11-03,4.473961111111112,0.04912748285012372,-0.00042192729456838607
2011-11-04,4.528701388888891,0.025421261546175113,1.1072106828982684
2011-11-05,4.585822222222223,0.020818678901546983,1.1563590988762307
2011-11-06,4.651937500000002,-0.02905082293500033,0.7264466562683327
2011-11-07,4.722394444444445,-0.05023497123619397,-0.4858261398749176
2011-11-08,4.793209722222223,-0.09321372467972029,-0.8153293308758357
2011-11-09,4.8690958333333345,-0.09599717279725936,-1.5414319938694079
2011-11-10,4.946811111111113,-0.05596561861911424,-1.659178825825331
2011-11-11,5.023212500000001,-0.036045669124164875,-1.7628334975425026
2011-11-12,5.100011111111113,-0.05386257683766328,-1.8378152009401154
2011-11-13,5.177347222222224,-0.1373418008964328,-1.831672087992457
2011-11-14,5.2544013888888905,-0.1732937866631913,-1.8727742688923652
2011-11-15,5.329036111111112,-0.1762693720626403,-1.9444334057151376
2011-11-16,5.39468888888889,-0.12374578390837038,-2.062609771647186
2011-11-17,5.44692638888889,-0.15041892440423824,-2.0881741311513182
2011-11-18,5.489273611111113,-0.1636749390966165,-2.4475986720144958
2011-11-19,5.527568055555556,-0.14779169759064778,-2.511109691298241
2011-11-20,5.561863888888889,-0.09885666545107002,-2.594340556771152
2011-11-21,5.598795833333334,-0.06195531099744281,-2.668173855669224
2011-11-22,5.638019444444446,-0.08742179400938063,-2.681930983768398
2011-11-23,5.673269444444445,-0.14205875452361366,-2.6902106899208307
2011-11-24,5.7149736111111125,-0.1620991356071766,-3.227207808837268
2011-11-25,5.7661194444444455,-0.16617248271461468,-3.314613628396497
2011-11-26,5.8205375,-0.15237648868339332,-3.3828276779832733
2011-11-27,5.875473611111111,-0.1598384377192059,-3.4303018400585716
2011-11-28,5.931073611111112,-0.17182070355942644,-3.473919574218352
2011-11-29,5.9875555555555575,-0.1790689703179204,-3.5231532519043034
2011-11-30,6.03970138888889,-0.134339849564936,-3.62002820599062
2011-12-01,6.082695833333334,-0.09532976003325565,-3.7020327399667448
2011-12-02,6.121920833333334,-0.05826592853646957,-3.743654904796864
2011-12-03,6.166633333333333,-0.014703061227011285,-3.923930272106321
2011-12-04,6.216490277777779,-0.04287351577246585,-4.641950095338646
2011-12-05,6.264455555555557,0.022996169718810612,-5.071118391941034
2011-12-06,6.299887500000001,0.06259709947087659,-4.693484599470876
2011-12-07,6.317598611111112,0.10803479460402632,-3.947300072381805
2011-12-08,6.323162500000001,0.11858051315315392,-4.274409679819821
2011-12-09,6.318279166666668,0.11405079552230005,-4.264329962188968
2011-12-10,6.308862500000001,0.026241635742685704,-4.167104135742687
2011-12-11,6.300884722222223,-0.00823790971185972,-4.126313479177029
2011-12-12,6.292970833333334,-0.045008949656763206,-3.843628550343237
2011-12-13,6.285030555555556,0.04795500810264902,-3.9149855636582047
2011-12-14,6.277044444444445,0.12849352968207972,-3.8705379741265236
2011-12-15,6.269297222222224,0.17538977623855362,-3.492353665127443
2011-12-16,6.264059722222223,0.27971549937904944,-2.195441888267938
2011-12-17,6.26943888888889,0.3635488212339622,-1.7059877101228504
2011-12-18,6.28435138888889,0.4040260939612349,-1.4920441495167904
2011-12-19,6.300358333333334,0.3788453891862119,-1.3428703891862122
2011-12-20,6.315600000000001,0.37963133510372027,-0.3645646684370535
2011-12-21,6.322262500000001,0.33544477260372035,0.3839593940629467
2011-12-22,6.3194388888888895,0.3643367749185351,1.69955766952591
2011-12-23,6.314740277777779,0.514807388344461,1.6424523338777612
2011-12-24,6.306784722222222,0.5376305827889055,1.9545846949888737
2011-12-25,6.293076388888889,0.4949600272333499,2.010963583877762
2011-12-26,6.276133333333334,0.49662098788149794,2.0262456787851693
2011-12-27,6.2588388888888895,0.47570971473334994,2.0644513963777618
2011-12-28,6.241577777777778,0.5283973073259426,2.0480249148962812
2011-12-29,6.222230555555556,0.5651246105666834,2.4549781672110953
2011-12-30,6.200794444444445,0.5455026776963129,3.681702877859243
2011-12-31,6.179065277777779,0.5103209184370536,4.879613803785168
2012-01-01,6.1571125,0.43731462214075734,4.963572877859242
2012-01-02,6.134494444444446,0.42783646241853507,5.200002426470354
2012-01-03,6.106447222222224,0.41578625408520165,4.839433190359243
2012-01-04,6.07543888888889,0.3136183952889055,5.078609382488873
2012-01-05,6.049683333333334,0.33642587214075753,6.458557461192576
2012-01-06,6.032183333333334,0.28234751565927585,6.135469151007389
2012-01-07,6.021159722222223,0.2558598420481646,6.634313769062947
2012-01-08,6.014823611111112,0.29264128880742396,7.357201766748133
2012-01-09,6.011565277777779,0.32368025871483147,7.444754463507391
2012-01-10,6.008181944444445,0.3322542401963129,7.438563815359242
2012-01-11,6.004722222222223,0.3316346568629795,7.204976454248134
2012-01-12,6.001298611111111,0.24482230732594254,7.281545748229615
2012-01-13,5.997862500000001,0.11616522399260916,7.313305609340725
2012-01-14,5.994380555555557,0.022069471677794328,6.99354997276665
2012-01-15,5.990191666666668,-0.1206328315629463,5.744441164896281
2012-01-16,5.981118055555557,-0.18902258850739087,5.2435711996185015
2012-01-17,5.969981944444445,-0.2039141047110945,5.000265493599985
2012-01-18,5.966152777777778,-0.27291434776665,4.933094903322209
2012-01-19,5.96890138888889,-0.3051572181370204,4.1462558292481315
2012-01-20,5.972245833333334,-0.2999337806370204,5.509021280637021
2012-01-21,5.974752777777779,-0.33445717184072404,4.595371060729614
2012-01-22,5.977373611111112,-0.44370401211850197,4.639997067674058
2012-01-23,5.982256944444446,-0.4828114426740575,4.559221164896277
2012-01-24,5.989455555555557,-0.46414806304442785,5.146359174155537
2012-01-25,5.996822222222223,-0.5173540352666499,5.315198479711095
2012-01-26,6.004027777777779,-0.4947984681370205,5.285437357025909
2012-01-27,6.010462500000001,-0.5233943940629464,5.465598560729613
2012-01-28,6.016287500000001,-0.5328582945259094,5.514904127859244
2012-01-29,6.022154166666668,-0.4915492435999834,4.313728410266649
2012-01-30,6.028290277777779,-0.41680228758146504,3.130845343137021
2012-01-31,6.034512500000002,-0.4217763385073909,3.1205971718407253
2012-02-01,6.04097638888889,-0.46663122276665014,2.9496548338777613
2012-02-02,6.050655555555556,-0.4026943130444278,2.871038757488872
2012-02-03,6.062843055555557,-0.3639181787851685,2.6014084565629463
2012-02-04,6.072366666666668,-0.3776845560999835,0.6869845560999821
2012-02-05,6.077029166666668,-0.3483911764703538,0.10002867647035307
2012-02-06,6.08053888888889,-0.2895741162851687,-0.43596477260372024
2012-02-07,6.088173611111113,-0.31731783156294635,-1.1688557795481656
2012-02-08,6.099380555555557,-0.2966407135073909,-1.316073175381499
2012-02-09,6.1114097222222235,-0.29173550517405755,-1.295674217048165
2012-02-10,6.12302638888889,-0.23469192878516856,-1.3603344601037204
2012-02-11,6.135015277777779,-0.14897896582220566,-1.4550363119555716
2012-02-12,6.14801388888889,-0.06844585239627972,-1.5652347031592757
2012-02-13,6.159862500000001,-0.01862322508146481,-1.615905941585202
2012-02-14,6.165391666666668,-0.03530623434072408,-1.446085432325943
2012-02-15,6.164725000000002,-0.029864046840724114,-0.43752761982594274
2012-02-16,6.16100277777778,-0.06775380378516854,-0.35724897399260974
2012-02-17,6.150176388888891,0.03105302233589053,-0.4448960778914471
2012-02-18,6.129806944444446,0.0305050310594902,-0.6019786421706014
2012-02-19,6.102481944444445,0.03686623399796589,-2.4620148451090764
2012-02-20,6.067006944444445,0.06685749891991248,-2.8521977766976905
2012-02-21,6.026880555555557,0.08326047183084001,-2.855141027386396
2012-02-22,5.986280555555557,0.11941637173901258,-3.0626969272945685
2012-02-23,5.946829166666668,0.1470528386811614,-3.6638820053478285
2012-02-24,5.910908333333335,0.18256469588960944,-3.786473029222943
2012-02-25,5.876723611111112,0.18891858707418244,-3.7199755315186267
2012-02-26,5.843108333333335,0.17629473491623948,-3.7044030682495737
2012-02-27,5.807673611111113,0.15251257238180407,-4.115186183492916
2012-02-28,5.765625000000002,0.07848643601816786,-4.030444769351502
2012-02-29,5.715872222222224,-0.0004612682977183022,-3.940744287257838
2012-03-01,5.667819444444446,0.040701587533319324,-3.9485210319777644
2012-03-02,5.625486111111113,0.04912748285012372,-3.938613593961236
2012-03-03,5.5861694444444465,0.025421261546175113,-3.894924039323954
2012-03-04,5.547522222222224,0.020818678901546983,-3.302674234457103
2012-03-05,5.5034333333333345,-0.02905082293500033,-2.809049177065
2012-03-06,5.456829166666668,-0.05023497123619397,-2.73626086209714
2012-03-07,5.410063888888891,-0.09321372467972029,-2.561850164209169
2012-03-08,5.355150000000002,-0.09599717279725936,-2.418486160536075
2012-03-09,5.29286388888889,-0.05596561861911424,-2.396231603603108
2012-03-10,5.229459722222224,-0.036045669124164875,-2.390080719764724
2012-03-11,5.166480555555557,-0.05386257683766328,-2.3136179787178928
2012-03-12,5.103223611111112,-0.1373418008964328,-2.169881810214678
2012-03-13,5.04028888888889,-0.1732937866631913,-2.070995102225698
2012-03-14,4.9797777777777785,-0.1762693720626403,-2.0185084057151372
2012-03-15,4.925623611111112,-0.12374578390837038,-2.175544493869407
2012-03-16,4.879190277777779,-0.15041892440423824,-3.116104686706873
2012-03-17,4.838219444444446,-0.1636749390966165,-2.873544505347829
2012-03-18,4.80012638888889,-0.14779169759064778,-1.6256680246315742
2012-03-19,4.764294444444445,-0.09885666545107002,-1.295104445660041
2012-03-20,4.7247416666666675,-0.06195531099744281,-1.493119689002557
2012-03-21,4.683687500000001,-0.08742179400938063,-1.4269323726572865
2012-03-22,4.646370833333334,-0.14205875452361366,-1.3349787454763862
2012-03-23,4.609718055555557,-0.1620991356071766,-1.2782855866150458
2012-03-24,4.570012500000001,-0.16617248271461468,-1.2345066839520518
2012-03-25,4.524404166666668,-0.15237648868339332,-1.20269434464994
2012-03-26,4.476547222222223,-0.1598384377192059,-1.1860421178363492
2012-03-27,4.427383333333335,-0.17182070355942644,-1.2712292964405745
2012-03-28,4.377623611111112,-0.1790689703179204,-1.2142213074598571
2012-03-29,4.332625000000001,-0.134339849564936,-1.2039518171017307
2012-03-30,4.2947652777777785,-0.09532976003325565,-1.150435517744522
2012-03-31,4.255566666666668,-0.05826592853646957,-1.1476340714635307
2012-04-01,4.211644444444445,-0.014703061227011285,-1.1472747165507666
2012-04-02,4.1666750000000015,-0.04287351577246585,-1.0908014842275344
2012-04-03,4.122512500000001,0.022996169718810612,-1.5055086697188105
2012-04-04,4.092758333333334,0.06259709947087659,-1.6243554328042102
2012-04-05,4.077972222222223,0.10803479460402632,-1.4506736834929146
2012-04-06,4.0662069444444455,0.11858051315315392,-1.4321207909309317
2012-04-07,4.059243055555556,0.11405079552230005,-0.7582938510778552
2012-04-08,4.0579125000000005,0.026241635742685704,-0.47348746907601835
2012-04-09,4.062431944444445,-0.00823790971185972,-0.4435273680659179
2012-04-10,4.073362500000001,-0.045008949656763206,-0.280353550343237
2012-04-11,4.08783888888889,0.04795500810264902,-0.1841272303248716
2012-04-12,4.102430555555557,0.12849352968207972,-0.10992408523763553
2012-04-13,4.117609722222223,0.17538977623855362,-0.08299949846077598
2012-04-14,4.133398611111112,0.27971549937904944,0.0045525561765062394
2012-04-15,4.142947222222223,0.3635488212339622,0.19117062321048212
2012-04-16,4.144758333333334,0.4040260939612349,-0.01645109396123401
2012-04-17,4.144579166666667,0.3788453891862119,-1.1214245558528781
2012-04-18,4.145140277777779,0.37963133510372027,-1.1484382795481651
2012-04-19,4.154895833333335,0.33544477260372035,-1.052340605937054
2012-04-20,4.174259722222223,0.3643367749185351,-1.065596497140757
2012-04-21,4.196222222222223,0.514807388344461,-0.9590296105666833
2012-04-22,4.220245833333335,0.5376305827889055,-0.9828764161222397
2012-04-23,4.246794444444445,0.4949600272333499,-0.38708780501112666
2012-04-24,4.275769444444445,0.49662098788149794,-0.1500570989926095
2012-04-25,4.305680555555556,0.47570971473334994,-0.010056936955572249
2012-04-26,4.337936111111111,0.5283973073259426,-0.08833341843705267
2012-04-27,4.375308333333335,0.5651246105666834,-0.16243294390001672
2012-04-28,4.416,0.5455026776963129,-0.16083601102964507
2012-04-29,4.456984722222224,0.5103209184370536,0.288361026007391
2012-04-30,4.497522222222223,0.43731462214075734,1.4038298223036874
2012-05-01,4.537398611111112,0.42783646241853507,1.8564315931370206
2012-05-02,4.581956944444446,0.41578625408520165,1.8685901348036857
2012-05-03,4.631591666666667,0.3136183952889055,1.7424566047110943
2012-05-04,4.671881944444445,0.33642587214075753,2.035025516748131
2012-05-05,4.702665277777779,0.28234751565927585,2.0813205398962786
2012-05-06,4.735033333333334,0.2558598420481646,2.080440157951835
2012-05-07,4.770234722222223,0.29264128880742396,1.2624573223036872
2012-05-08,4.804866666666667,0.32368025871483147,1.0421197412851686
2012-05-09,4.834170833333334,0.3322542401963129,1.004908259803687
2012-05-10,4.857358333333334,0.3316346568629795,0.8450070098036873
2012-05-11,4.877163888888889,0.24482230732594254,0.7313471371185027
2012-05-12,4.895675000000001,0.11616522399260916,0.9854931093407238
2012-05-13,4.912377777777779,0.022069471677794328,0.9828860838777609
2012-05-14,4.929106944444445,-0.1206328315629463,0.9011925537851682
2012-05-15,4.9516638888888895,-0.18902258850739087,1.0333586996185025
2012-05-16,4.978794444444445,-0.2039141047110945,1.3981196602666492
2012-05-17,5.000702777777779,-0.27291434776665,1.349544903322206
2012-05-18,5.01607638888889,-0.3051572181370204,1.0484141625814645
2012-05-19,5.0300625000000005,-0.2999337806370204,1.0092046139703534
2012-05-20,5.044136111111111,-0.33445717184072404,1.114987727396281
2012-05-21,5.057575000000001,-0.44370401211850197,1.014795678785168
2012-05-22,5.070058333333335,-0.4828114426740575,1.2197531093407241
2012-05-23,5.082273611111112,-0.46414806304442785,0.775874451933318
2012-05-24,5.094491666666668,-0.5173540352666499,0.5491957019333167
2012-05-25,5.106516666666668,-0.4947984681370205,0.36561513480368774
2012-05-26,5.1171652777777785,-0.5233943940629464,0.376895782951836
2012-05-27,5.1251125,-0.5328582945259094,0.44574579452590946
2012-05-28,5.132211111111112,-0.4915492435999834,0.36433813248887115
2012-05-29,5.143798611111112,-0.41680228758146504,-0.23166299019631337
2012-05-30,5.159227777777778,-0.4217763385073909,-1.1647847726037188
2012-05-31,5.174600000000001,-0.46663122276665014,-1.5646354439000159
2012-06-01,5.1852791666666675,-0.4026943130444278,-1.6755848536222386
2012-06-02,5.191212500000001,-0.3639181787851685,-1.7139609878814976
2012-06-03,5.197566666666667,-0.3776845560999835,-0.3922154439000154
2012-06-04,5.203270833333334,-0.3483911764703538,-0.6208796568629791
2012-06-05,5.207477777777779,-0.2895741162851687,-0.7919036614926099
2012-06-06,5.209431944444445,-0.31731783156294635,-0.7324474462148303
2012-06-07,5.211613888888889,-0.2966407135073909,-0.30530650871483106
2012-06-08,5.215808333333334,-0.29173550517405755,0.5615938385073911
2012-06-09,5.219136111111112,-0.23469192878516856,1.205222484340724
2012-06-10,5.2207847222222235,-0.14897896582220566,1.2718609102666496
2012-06-11,5.22072638888889,-0.06844585239627972,1.0513861301740566
2012-06-12,5.2195388888888905,-0.01862322508146481,1.2780843361925753
2012-06-13,5.21685138888889,-0.03530623434072408,1.3381215121185015
2012-06-14,5.211591666666668,-0.029864046840724114,0.9716057135073903
2012-06-15,5.204881944444446,-0.06775380378516854,0.5775385260073909
2012-06-16,5.204554166666668,0.03105302233589053,0.47905947766410945
2012-06-17,5.210725000000001,0.0305050310594902,0.47343663560717675
2012-06-18,5.216779166666667,0.03686623399796589,0.6086879326687019
2012-06-19,5.2223805555555565,0.06685749891991248,0.4547619455245317
2012-06-20,5.225623611111112,0.08326047183084001,0.7547825837247155
2012-06-21,5.227455555555556,0.11941637173901258,0.6531280727054322
2012-06-22,5.227691666666667,0.1470528386811614,0.46992216131883957
2012-06-23,5.225031944444446,0.18256469588960944,0.43873669299927953
2012-06-24,5.222390277777778,0.18891858707418244,0.5736911351480404
2012-06-25,5.222675000000001,0.17629473491623948,1.0180302650837616
2012-06-26,5.227643055555556,0.15251257238180407,1.332177705395974
2012-06-27,5.234154166666667,0.07848643601816786,1.3996927306484992
2012-06-28,5.233934722222223,-0.0004612682977183022,1.4788598794088297
2012-06-29,5.223265277777778,0.040701587533319324,1.2873664680222372
2012-06-30,5.207623611111112,0.04912748285012372,1.258248906038765
2012-07-01,5.193994444444445,0.025421261546175113,2.4122509606760487
2012-07-02,5.186222222222223,0.020818678901546983,3.055959098876232
2012-07-03,5.180619444444445,-0.02905082293500033,1.1860980451572236
2012-07-04,5.1737,-0.05023497123619397,1.2625349712361948
2012-07-05,5.1651138888888894,-0.09321372467972029,1.7357665024574978
2012-07-06,5.155377777777778,-0.09599717279725936,2.176952728352816
2012-07-07,5.143812500000001,-0.05596561861911424,1.6688197852857818
2012-07-08,5.1300138888888895,-0.036045669124164875,0.8263651135686099
2012-07-09,5.116786111111111,-0.05386257683766328,0.18407646572655323
2012-07-10,5.104883333333333,-0.1373418008964328,0.13379180089643308
2012-07-11,5.093133333333334,-0.1732937866631913,0.013493786663191593
2012-07-12,5.0811166666666665,-0.1762693720626403,-0.248513961270691
2012-07-13,5.071316666666667,-0.12374578390837038,-0.1775708827582954
2012-07-14,5.0645291666666665,-0.15041892440423824,-0.03144357559576025
2012-07-15,5.057393055555556,-0.1636749390966165,0.148615216874395
2012-07-16,5.047525,-0.14779169759064778,0.1436000309239823
2012-07-17,5.037694444444446,-0.09885666545107002,0.104495554339959
2012-07-18,5.02923888888889,-0.06195531099744281,-0.11395024455811273
2012-07-19,5.020511111111112,-0.08742179400938063,-0.06975598376839656
2012-07-20,5.013183333333335,-0.14205875452361366,-0.17045791214305356
2012-07-21,5.0059208333333345,-0.1620991356071766,-0.20982169772615666
2012-07-22,4.99856388888889,-0.16617248271461468,-0.19605807284094093
2012-07-23,4.9942986111111125,-0.15237648868339332,-0.20725545576105225
2012-07-24,4.9909750000000015,-0.1598384377192059,-0.2798032289474617
2012-07-25,4.984962500000002,-0.17182070355942644,-0.6938084631072409
2012-07-26,4.974722222222224,-0.1790689703179204,-1.038986585237635
2012-07-27,4.965006944444446,-0.134339849564936,-0.9050004282128423
2012-07-28,4.969655555555557,-0.09532976003325565,0.0243408711443671
2012-07-29,4.990325000000001,-0.05826592853646957,-0.029059071463530303
2012-07-30,5.015525000000001,-0.014703061227011285,-0.11515527210632256
2012-07-31,5.039266666666668,-0.04287351577246585,-1.2363931508942017
2012-08-01,5.05808888888889,0.022996169718810612,-1.7440850586076997
2012-08-02,5.06768888888889,0.06259709947087659,-1.7712859883597654
2012-08-03,5.072080555555557,0.10803479460402632,-1.9037820168262487
2012-08-04,5.077727777777779,0.11858051315315392,-1.974974957597599
2012-08-05,5.083873611111112,0.11405079552230005,-1.782591073300077
2012-08-06,5.088030555555557,0.026241635742685704,-0.9802721912982414
2012-08-07,5.086631944444445,-0.00823790971185972,-0.984394034732585
2012-08-08,5.079616666666667,-0.045008949656763206,-0.9712743836765698
2012-08-09,5.0727777777777785,0.04795500810264902,-1.0887327858804265
2012-08-10,5.072109722222223,0.12849352968207972,-1.173936585237635
2012-08-11,5.075580555555556,0.17538977623855362,-1.2316369984607756
2012-08-12,5.077748611111112,0.27971549937904944,-1.3941307771568268
2012-08-13,5.078648611111111,0.3635488212339622,-1.5525307656784058
2012-08-14,5.081631944444445,0.4040260939612349,-1.7556580384056786
2012-08-15,5.090577777777779,0.3788453891862119,-1.3437565002973222
2012-08-16,5.106541666666667,0.37963133510372027,-1.3525063351037194
2012-08-17,5.124748611111112,0.33544477260372035,-1.3265267170481652
2012-08-18,5.142958333333334,0.3643367749185351,-1.3856284415852016
2012-08-19,5.159516666666667,0.514807388344461,-1.79265738834446
2012-08-20,5.173875000000001,0.5376305827889055,-1.6265055827889046
2012-08-21,5.188950000000001,0.4949600272333499,-1.5825766939000172
2012-08-22,5.203718055555557,0.49662098788149794,-1.463005710103721
2012-08-23,5.2167111111111115,0.47570971473334994,-1.1700874925111275
2012-08-24,5.226858333333334,0.5283973073259426,-0.6599223073259434
2012-08-25,5.23323888888889,0.5651246105666834,-0.1453634994555717
2012-08-26,5.235379166666668,0.5455026776963129,-0.29254851102964674
2012-08-27,5.225955555555556,0.5103209184370536,-1.2209431406592754
2012-08-28,5.210247222222224,0.43731462214075734,-1.1292285110296465
2012-08-29,5.198287500000001,0.42783646241853507,-0.7381239624185345
2012-08-30,5.1818375,0.41578625408520165,-0.06862375408520116
2012-08-31,5.15695,0.3136183952889055,0.6890982713777616
2012-09-01,5.138747222222223,0.33642587214075753,0.7514935723036866
2012-09-02,5.130951388888889,0.28234751565927585,0.8090344287851696
2012-09-03,5.122511111111111,0.2558598420481646,0.4762957135073922
2012-09-04,5.111169444444444,0.29264128880742396,-0.19847739991853436
2012-09-05,5.102554166666667,0.32368025871483147,-0.9112344253814968
2012-09-06,5.101740277777778,0.3322542401963129,-0.9186611846407575
2012-09-07,5.107105555555556,0.3316346568629795,-0.9234068790852021
2012-09-08,5.112776388888889,0.24482230732594254,-0.8422653628814984
2012-09-09,5.113527777777779,0.11616522399260916,-0.7143596684370543
2012-09-10,5.1117333333333335,0.022069471677794328,-0.6184694716777943
2012-09-11,5.114305555555556,-0.1206328315629463,-0.23400605732594287
2012-09-12,5.123604166666667,-0.18902258850739087,0.18241842184072524
2012-09-13,5.134630555555557,-0.2039141047110945,0.20861688248887267
2012-09-14,5.1408000000000005,-0.27291434776665,-0.12521898556668298
2012-09-15,5.139947222222222,-0.3051572181370204,-0.10012333741853435
2012-09-16,5.137027777777778,-0.2999337806370204,-0.10242733047409008
2012-09-17,5.134733333333335,-0.33445717184072404,-0.06560949482594342
2012-09-18,5.132948611111112,-0.44370401211850197,0.27075540100739015
2012-09-19,5.132118055555556,-0.4828114426740575,0.0833600537851702
2012-09-20,5.131555555555556,-0.46414806304442785,0.03525917415554031
2012-09-21,5.130990277777778,-0.5173540352666499,0.18036375748887212
2012-09-22,5.130779166666668,-0.4947984681370205,-0.12398069852964572
2012-09-23,5.132716666666667,-0.5233943940629464,-0.6163222726037199
2012-09-24,5.137966666666667,-0.5328582945259094,-1.047108372140757
2012-09-25,5.144023611111112,-0.4915492435999834,-0.4991410341777941
2012-09-26,5.144834722222223,-0.41680228758146504,1.7346342320259094
2012-09-27,5.1399375,-0.4217763385073909,1.8478388385073914
2012-09-28,5.137345833333335,-0.46663122276665014,1.5272853894333167
2012-09-29,5.148923611111112,-0.4026943130444278,1.0041040352666497
2012-09-30,5.173590277777779,-0.3639181787851685,0.1776612343407239
2012-10-01,5.198868055555557,-0.3776845560999835,0.03648316721109546
2012-10-02,5.221772222222223,-0.3483911764703538,-0.015381045751868161
2012-10-03,5.244984722222224,-0.2895741162851687,-0.09807727260372123
2012-10-04,5.271030555555556,-0.31731783156294635,-0.050379390659275325
2012-10-05,5.295843055555556,-0.2966407135073909,-0.1355356753814974
2012-10-06,5.31853888888889,-0.29173550517405755,-0.13080338371483147
2012-10-07,5.342337500000001,-0.23469192878516856,-0.011978904548164387
2012-10-08,5.367527777777779,-0.14897896582220566,0.5777845213777615
2012-10-09,5.394479166666668,-0.06844585239627972,1.2646333523962794
2012-10-10,5.4230083333333345,-0.01862322508146481,1.520614891748131
2012-10-11,5.451973611111113,-0.03530623434072408,1.1773326232296117
2012-10-12,5.477423611111112,-0.029864046840724114,0.847440435729613
2012-10-13,5.500731944444445,-0.06775380378516854,0.8560218593407238
2012-10-14,5.5230652777777784,0.03105302233589053,1.7332150332196656
2012-10-15,5.544320833333335,0.0305050310594902,2.3985074689405086
2012-10-16,5.5664805555555565,0.03686623399796589,2.3699865437798113
2012-10-17,5.5891736111111125,0.06685749891991248,2.3473022233023086
2012-10-18,5.614572222222223,0.08326047183084001,2.0805006392802716
2012-10-19,5.643875000000001,0.11941637173901258,1.9680419615943197
2012-10-20,5.674500000000002,0.1470528386811614,1.9097804946521704
2012-10-21,5.70498888888889,0.18256469588960944,1.6164464152215012
2012-10-22,5.734491666666667,0.18891858707418244,1.5222564129258174
2012-10-23,5.76538888888889,0.17629473491623948,1.449983042861537
2012-10-24,5.7962652777777794,0.15251257238180407,1.3202221498404174
2012-10-25,5.825556944444445,0.07848643601816786,0.7652899528707204
2012-10-26,5.86018888888889,-0.0004612682977183022,-1.3660609539245034
2012-10-27,5.898029166666667,0.040701587533319324,-0.9387307541999858
2012-10-28,5.93166388888889,0.04912748285012372,-0.784791371739013
2012-10-29,5.953906944444445,0.025421261546175113,-0.9766615393239522
2012-10-30,5.96431388888889,0.020818678901546983,-1.0661325677904367
2012-10-31,5.971180555555557,-0.02905082293500033,-0.6291297326205556
2012-11-01,5.977773611111112,-0.05023497123619397,-0.3878719732082508
2012-11-02,5.985084722222224,-0.09321372467972029,-0.26353766420916974
2012-11-03,5.9926111111111116,-0.09599717279725936,-0.2029472716471851
2012-11-04,6.000622222222224,-0.05596561861911424,0.287010063063558
2012-11-05,6.0086819444444455,-0.036045669124164875,0.27736372467972026
2012-11-06,6.015352777777779,-0.05386257683766328,0.24350979905988512
2012-11-07,6.0203958333333345,-0.1373418008964328,-0.37872069910356754
2012-11-08,6.023866666666668,-0.1732937866631913,-1.1399062133368087
2012-11-09,6.025509722222224,-0.1762693720626403,-1.4009070168262494
2012-11-10,6.020834722222223,-0.12374578390837038,-0.3017556049805184
2012-11-11,6.011273611111112,-0.15041892440423824,0.4281453132931268
2012-11-12,6.003119444444446,-0.1636749390966165,0.4428888279855056
2012-11-13,5.998016666666668,-0.14779169759064778,-0.5662249690760198
2012-11-14,5.99401388888889,-0.09885666545107002,-1.2971572234378195
2012-11-15,5.9892930555555575,-0.06195531099744281,-1.3293377445581138
2012-11-16,5.98475138888889,-0.08742179400938063,-1.329329594879509
2012-11-17,5.97832638888889,-0.14205875452361366,-1.2686009676986088
2012-11-18,5.968554166666667,-0.1620991356071766,-1.238788364392823
2012-11-19,5.957777777777779,-0.16617248271461468,-1.2239386283964968
2012-11-20,5.94642638888889,-0.15237648868339332,-1.2263832335388287
2012-11-21,5.936395833333334,-0.1598384377192059,-1.2088907289474604
2012-11-22,5.926047222222223,-0.17182070355942644,-1.1862265186627956
2012-11-23,5.915223611111112,-0.1790689703179204,-1.1681546407931902
2012-11-24,5.903720833333335,-0.134339849564936,-1.2013809837683973
2012-11-25,5.879452777777779,-0.09532976003325565,-1.3331230177445217
2012-11-26,5.844487500000001,-0.05826592853646957,-1.6108882381301974
2012-11-27,5.8076388888888895,-0.014703061227011285,-0.8016024943285439
2012-11-28,5.7716111111111115,-0.04287351577246585,0.704262404661356
2012-11-29,5.741170833333334,0.022996169718810612,0.8198329969478566
2012-11-30,5.715391666666668,0.06259709947087659,0.4006779005291237
2012-12-01,5.691968055555557,0.10803479460402632,0.15366381650708472
2012-12-02,5.6697597222222225,0.11858051315315392,0.3266597646246247
2012-12-03,5.650854166666668,0.11405079552230005,1.0077617044776999
2012-12-04,5.6364888888888895,0.026241635742685704,1.068936142035093
2012-12-05,5.6246944444444456,-0.00823790971185972,1.3268767986007475
2012-12-06,5.613691666666668,-0.045008949656763206,1.3569839496567635
2012-12-07,5.60067638888889,0.04795500810264902,1.5667019363417956
2012-12-08,5.583025000000001,0.12849352968207972,1.6001481369845867
2012-12-09,5.562105555555556,0.17538977623855362,1.8438380015392244
2012-12-10,5.542502777777779,0.27971549937904944,1.5307817228431724
2012-12-11,5.524261111111112,0.3635488212339622,0.720190067654926
2012-12-12,5.504293055555556,0.4040260939612349,0.6973475171498759
2012-12-13,5.479061111111112,0.3788453891862119,0.7520934997026772
2012-12-14,5.447584722222223,0.37963133510372027,0.9234506093407248
2012-12-15,5.413479166666667,0.33544477260372035,1.0860760607296145
2012-12-16,5.378718055555556,0.3643367749185351,1.123611836192577
2012-12-17,5.344462500000001,0.514807388344461,1.3730634449888723
2012-12-18,5.311258333333334,0.5376305827889055,1.9181110838777609
2012-12-19,5.278102777777779,0.4949600272333499,1.9962705283222053
2012-12-20,5.245720833333334,0.49662098788149794,2.1443248454518353
2012-12-21,5.213483333333334,0.47570971473334994,2.2644736185999825
2012-12-22,5.180918055555557,0.5283973073259426,3.370017970451835
2012-12-23,5.149390277777779,0.5651246105666834,3.364818444988872
2012-12-24,5.121165277777779,0.5455026776963129,3.4253320445259106
2012-12-25,5.1048791666666675,0.5103209184370536,3.6081332482296133
2012-12-26,5.0964375,0.43731462214075734,3.3582478778592435
2012-12-27,5.085711111111111,0.42783646241853507,3.0731190931370214
2012-12-28,5.074566666666668,0.41578625408520165,1.6783137459147985
2012-12-29,5.063936111111112,0.3136183952889055,1.64011216026665
2012-12-30,5.0510736111111125,0.33642587214075753,1.6291671834147974
2012-12-31,5.033809722222223,0.28234751565927585,1.6985094287851688
2013-01-01,5.013800000000001,0.2558598420481646,1.5473401579518358
2013-01-02,4.989391666666668,0.29264128880742396,0.7673003778592422
2013-01-03,4.9576833333333346,0.32368025871483147,0.31230307461850143
2013-01-04,4.920818055555556,0.3322542401963129,0.11792770424813215
2013-01-05,4.882261111111112,0.3316346568629795,0.046770898692575724
2013-01-06,4.845254166666667,0.24482230732594254,-0.10974314065927523
2013-01-07,4.813302777777778,0.11616522399260916,-0.0461346684370529
2013-01-08,4.78463888888889,0.022069471677794328,-0.26504169390001625
2013-01-09,4.750958333333335,-0.1206328315629463,-1.0189921684370542
2013-01-10,4.709230555555557,-0.18902258850739087,-0.5495413003814984
2013-01-11,4.664647222222224,-0.2039141047110945,-0.1320664508444619
2013-01-12,4.624398611111112,-0.27291434776665,-0.02281759667779437
2013-01-13,4.59088888888889,-0.3051572181370204,-0.09773167075186912
2013-01-14,4.5599500000000015,-0.2999337806370204,-0.11168288602964677
2013-01-15,4.529098611111113,-0.33445717184072404,0.03635856072961169
2013-01-16,4.498394444444446,-0.44370401211850197,-0.1330237656592762
2013-01-17,4.468600000000001,-0.4828114426740575,-0.560121890659276
2013-01-18,4.439719444444446,-0.46414806304442785,-0.5522380480666838
2013-01-19,4.411440277777779,-0.5173540352666499,-0.5450862425111278
2013-01-20,4.383530555555557,-0.4947984681370205,-0.33906542075186824
2013-01-21,4.355147222222223,-0.5233943940629464,-1.360086161492609
2013-01-22,4.326265277777779,-0.5328582945259094,-1.3117403165852015
2013-01-23,4.297365277777779,-0.4915492435999834,-1.3368160341777942
2013-01-24,4.268955555555557,-0.41680228758146504,-1.5294866013074246
2013-01-25,4.241554166666668,-0.4217763385073909,-1.5054444948259427
2013-01-26,4.211413888888891,-0.46663122276665014,-2.13878266612224
2013-01-27,4.172008333333335,-0.4026943130444278,-2.0736473536222393
2013-01-28,4.126930555555557,-0.3639181787851685,-2.026679043437054
2013-01-29,4.08498888888889,-0.3776845560999835,-1.7856376661222384
2013-01-30,4.047168055555557,-0.3483911764703538,-1.5264435457518686
2013-01-31,4.009787500000002,-0.2895741162851687,-1.507213383714832
2013-02-01,3.9689944444444456,-0.31731783156294635,-0.6413432795481648
2013-02-02,3.9256472222222234,-0.2966407135073909,-0.320006508714831
2013-02-03,3.8816833333333345,-0.29173550517405755,0.030052171840723618
2013-02-04,3.8369222222222232,-0.23469192878516856,0.12876970656294653
2013-02-05,3.7908250000000008,-0.14897896582220566,0.39548729915553943
2013-02-06,3.7426763888888903,-0.06844585239627972,0.43910279684072356
2013-02-07,3.693018055555557,-0.01862322508146481,0.7072718361925747
2013-02-08,3.643700000000001,-0.03530623434072408,0.8242729010073903
2013-02-09,3.599125000000001,-0.029864046840724114,0.5090723801740582
2013-02-10,3.5587930555555567,-0.06775380378516854,0.22229408156294567
2013-02-11,3.5191958333333346,0.03105302233589053,0.25708447766410897
2013-02-12,3.478979166666668,0.0305050310594902,0.38951580227384286
2013-02-13,3.4376972222222237,0.03686623399796589,0.38776987711314465
2013-02-14,3.3958375000000007,0.06685749891991248,0.3089716677467546
2013-02-15,3.3518972222222234,0.08326047183084001,0.35350897261360475
2013-02-16,3.3029833333333345,0.11941637173901258,0.329600294927654
2013-02-17,3.251195833333335,0.1470528386811614,0.3550846613188381
2013-02-18,3.2101708333333345,0.18256469588960944,0.3175978041103902
2013-02-19,3.183350000000001,0.18891858707418244,0.13006474625915118
2013-02-20,3.155675000000001,0.17629473491623948,0.18736359841709438
2013-02-21,3.123429166666668,0.15251257238180407,0.2987249276181959
2013-02-22,3.0908305555555566,0.07848643601816786,0.4203496750929434
2013-02-23,3.057247222222223,-0.0004612682977183022,0.6078807127421628
2013-02-24,3.0242222222222233,0.040701587533319324,0.7380761902444587
2013-02-25,2.996187500000001,0.04912748285012372,0.773351683816543
2013-02-26,2.9851194444444453,0.025421261546175113,0.6947926273427143
2013-02-27,2.9893930555555563,0.020818678901546983,0.6547882655428972
2013-02-28,2.9954888888888895,-0.02905082293500033,0.5135619340461122
2013-03-01,3.0028263888888898,-0.05023497123619397,0.2767419156806385
2013-03-02,3.0146527777777785,-0.09321372467972029,0.21489428023527607
2013-03-03,3.0339902777777787,-0.09599717279725936,-0.6103264383138519
2013-03-04,3.0624833333333346,-0.05596561861911424,-1.018851048047553
2013-03-05,3.0963944444444453,-0.036045669124164875,-1.414015441986946
2013-03-06,3.131530555555557,-0.05386257683766328,-1.5226679787178925
2013-03-07,3.1691416666666674,-0.1373418008964328,-1.7591331991035666
2013-03-08,3.2096069444444453,-0.1732937866631913,-1.762313157781253
2013-03-09,3.251937500000001,-0.1762693720626403,-2.0700014612706927
2013-03-10,3.3007902777777787,-0.12374578390837038,-2.222377827202741
2013-03-11,3.354661111111112,-0.15041892440423824,-2.289242186706873
2013-03-12,3.406048611111112,-0.1636749390966165,-2.2860403386811616
2013-03-13,3.455445833333334,-0.14779169759064778,-2.357320802409352
2013-03-14,3.505540277777779,-0.09885666545107002,-2.5173502789933746
2013-03-15,3.557573611111112,-0.06195531099744281,-2.614284966780335
2013-03-16,3.61188888888889,-0.08742179400938063,-2.644133761546175
2013-03-17,3.673325000000001,-0.14205875452361366,-2.644932912143053
2013-03-18,3.7444791666666677,-0.1620991356071766,-2.484046697726157
2013-03-19,3.8242333333333343,-0.16617248271461468,-2.5523941839520523
2013-03-20,3.8993597222222234,-0.15237648868339332,-2.5043165668721623
2013-03-21,3.960690277777779,-0.1598384377192059,-2.6065185067252385
2013-03-22,4.023036111111113,-0.17182070355942644,-2.721882074218352
2013-03-23,4.091412500000001,-0.1790689703179204,-2.8373435296820793
2013-03-24,4.1612888888888895,-0.134339849564936,-2.9019490393239527
2013-03-25,4.232636111111112,-0.09532976003325565,-3.0616396844111886
2013-03-26,4.305912500000001,-0.05826592853646957,-3.273313238130197
2013-03-27,4.380883333333334,-0.014703061227011285,-3.407513605439655
2013-03-28,4.448693055555557,-0.04287351577246585,-3.397486206449757
2013-03-29,4.510847222222223,0.022996169718810612,-3.343843391941032
2013-03-30,4.574709722222224,0.06259709947087659,-3.1306401550264327
2013-03-31,4.6355875000000015,0.10803479460402632,-3.19495562793736
2013-04-01,4.6980569444444455,0.11858051315315392,-3.267970790930932
2013-04-02,4.762383333333334,0.11405079552230005,-3.327767462188967
2013-04-03,4.820936111111112,0.026241635742685704,-3.2948444135204635
2013-04-04,4.874668055555556,-0.00823790971185972,-3.295096812510362
2013-04-05,4.926573611111111,-0.045008949656763206,-3.3265646614543476
2013-04-06,4.97577638888889,0.04795500810264902,-3.501064730324871
2013-04-07,5.022098611111112,0.12849352968207972,-3.701925474126524
2013-04-08,5.066611111111111,0.17538977623855362,-3.7156675540163304
2013-04-09,5.10910138888889,0.27971549937904944,-3.8171502216012714
2013-04-10,5.153330555555557,0.3635488212339622,-3.8255460434561845
2013-04-11,5.2019319444444445,0.4040260939612349,-3.7632913717390117
2013-04-12,5.2513000000000005,0.3788453891862119,-3.760478722519545
2013-04-13,5.299301388888889,0.37963133510372027,-3.8399327239926078
2013-04-14,5.346306944444445,0.33544477260372035,-3.8427517170481638
2013-04-15,5.3919652777777785,0.3643367749185351,-3.9399687193629793
2013-04-16,5.431916666666667,0.514807388344461,-4.209724055011127
2013-04-17,5.465587500000001,0.5376305827889055,-4.480218082788905
2013-04-18,5.492590277777778,0.4949600272333499,-4.403216971677794
2013-04-19,5.5128458333333334,0.49662098788149794,-1.7838001545481643
2013-04-20,5.531841666666668,0.47570971473334994,-0.8298847147333506
2013-04-21,5.553529166666667,0.5283973073259426,-0.8685931406592761
2013-04-22,5.5770694444444455,0.5651246105666834,-0.9358607216777948
2013-04-23,5.600097222222223,0.5455026776963129,-1.0042665665852017
2013-04-24,5.6232041666666674,0.5103209184370536,-1.0195250851037203
2013-04-25,5.64495138888889,0.43731462214075734,-1.0069326776963132
2013-04-26,5.665313888888889,0.42783646241853507,-0.41815035130742334
2013-04-27,5.685966666666667,0.41578625408520165,1.3222470792481325
2013-04-28,5.702918055555557,0.3136183952889055,1.7714635491555377
2013-04-29,5.715234722222223,0.33642587214075753,1.6576727389703536
2013-04-30,5.728498611111112,0.28234751565927585,2.072153873229614
2013-05-01,5.737204166666668,0.2558598420481646,2.593935991285167
2013-05-02,5.740830555555557,0.29264128880742396,2.8868614889703528
2013-05-03,5.747081944444445,0.32368025871483147,3.4902377968407254
2013-05-04,5.758022222222223,0.3322542401963129,3.4520568709147974
2013-05-05,5.772354166666668,0.3316346568629795,3.418011176470353
2013-05-06,5.788243055555556,0.24482230732594254,3.712601303785168
2013-05-07,5.805290277777778,0.11616522399260916,3.908211164896281
2013-05-08,5.823452777777778,0.022069471677794328,3.909144417211095
2013-05-09,5.843393055555556,-0.1206328315629463,4.400239776007391
2013-05-10,5.862304166666667,-0.18902258850739087,4.714718421840725
2013-05-11,5.878940277777778,-0.2039141047110945,4.56930716026665
2013-05-12,5.894997222222223,-0.27291434776665,4.646250458877762
2013-05-13,5.911318055555556,-0.3051572181370204,4.664839162581467
2013-05-14,5.927511111111112,-0.2999337806370204,4.925756002859242
2013-05-15,5.943170833333334,-0.33445717184072404,5.252953005174058
2013-05-16,5.958654166666667,-0.44370401211850197,6.5207165121185025
2013-05-17,5.974186111111113,-0.4828114426740575,6.897291998229612
2013-05-18,5.990536111111112,-0.46414806304442785,8.074945285266649
2013-05-19,6.007150000000001,-0.5173540352666499,5.711537368599983
2013-05-20,6.023754166666667,-0.4947984681370205,4.887710968137019
2013-05-21,6.037777777777778,-0.5233943940629464,5.053283282951834
2013-05-22,6.048716666666667,-0.5328582945259094,5.2801416278592415
2013-05-23,6.05868888888889,-0.4915492435999834,5.357860354711095
2013-05-24,6.068108333333335,-0.41680228758146504,5.33869395424813
2013-05-25,6.077991666666668,-0.4217763385073909,5.577118005174055
2013-05-26,6.087962500000001,-0.46663122276665014,5.058668722766649
2013-05-27,6.097716666666668,-0.4026943130444278,3.2009776463777593
2013-05-28,6.106268055555557,-0.3639181787851685,3.710650123229613
2013-05-29,6.113409722222223,-0.3776845560999835,3.796274833877762
2013-05-30,6.128647222222223,-0.3483911764703538,3.3924106209147973
2013-05-31,6.152406944444445,-0.2895741162851687,4.3425005051740575
2013-06-01,6.176165277777779,-0.31731783156294635,4.597485887118501
2013-06-02,6.19920277777778,-0.2966407135073909,4.01310460239628
2013-06-03,6.219850000000001,-0.29173550517405755,3.980885505174057
2013-06-04,6.239681944444445,-0.23469192878516856,3.894343317674058
2013-06-05,6.260504166666668,-0.14897896582220566,3.5661414658222066
2013-06-06,6.28391388888889,-0.06844585239627972,3.3748652968407256
2013-06-07,6.310790277777779,-0.01862322508146481,3.2954996139703527
2013-06-08,6.340343055555557,-0.03530623434072408,3.1192965121185
2013-06-09,6.379073611111113,-0.029864046840724114,3.3524571023962775
2013-06-10,6.4249277777777785,-0.06775380378516854,3.397159359340723
2013-06-11,6.47027638888889,0.03105302233589053,3.113337255441886
2013-06-12,6.515640277777779,0.0305050310594902,3.065854691162731
2013-06-13,6.561248611111113,0.03686623399796589,2.8325518215575887
2013-06-14,6.607061111111113,0.06685749891991248,2.4874147233023076
2013-06-15,6.653293055555557,0.08326047183084001,1.2507798059469375
2013-06-16,6.699791666666668,0.11941637173901258,0.8151252949276536
2013-06-17,6.745195833333335,0.1470528386811614,-0.5405820053478276
2013-06-18,6.77847638888889,0.18256469588960944,-0.9877077514451653
2013-06-19,6.797794444444445,0.18891858707418244,-1.188379698185294
2013-06-20,6.8161819444444465,0.17629473491623948,-0.5641433460273523
2013-06-21,6.836298611111112,0.15251257238180407,-0.6734778501595821
2013-06-22,6.8564138888888895,0.07848643601816786,-0.559233658240389
2013-06-23,6.87620138888889,-0.0004612682977183022,-0.4514067872578367
2013-06-24,6.896020833333335,0.040701587533319324,-0.6740557541999871
2013-06-25,6.916286111111112,0.04912748285012372,-0.7194135939612342
2013-06-26,6.929230555555557,0.025421261546175113,-0.7199851504350634
2013-06-27,6.933858333333334,0.020818678901546983,-1.7506770122348796
2013-06-28,6.937372222222223,-0.02905082293500033,-2.011321399287221
2013-06-29,6.930105555555556,-0.05023497123619397,-1.8842039176526948
2013-06-30,6.909955555555556,-0.09321372467972029,-3.3574084975425014
2013-07-01,6.886319444444445,-0.09599717279725936,-3.915322271647185
2013-07-02,6.858669444444445,-0.05596561861911424,-3.862037159158663
2013-07-03,6.828550000000001,-0.036045669124164875,-3.473504330875835
2013-07-04,6.79787638888889,-0.05386257683766328,-3.422013812051225
2013-07-05,6.7655569444444446,-0.1373418008964328,-3.3092151435480104
2013-07-06,6.729811111111111,-0.1732937866631913,-3.2375173244479187
2013-07-07,6.6905430555555565,-0.1762693720626403,-3.1946070168262484
2013-07-08,6.645415277777778,-0.12374578390837038,-3.095336160536074
2013-07-09,6.587572222222223,-0.15041892440423824,-3.4551532978179837
2013-07-10,6.529808333333333,-0.1636749390966165,-3.4841333942367165
2013-07-11,6.479966666666667,-0.14779169759064778,-3.453841635742685
2013-07-12,6.431001388888889,-0.09885666545107002,-3.453811390104485
2013-07-13,6.381820833333334,-0.06195531099744281,-3.541198855669224
2013-07-14,6.330719444444445,-0.08742179400938063,-3.50196431710173
2013-07-15,6.273940277777778,-0.14205875452361366,-3.3905481899208296
2013-07-16,6.211055555555556,-0.1620991356071766,-3.077956419948378
2013-07-17,6.142434722222223,-0.16617248271461468,-2.8192622395076072
2013-07-18,6.082102777777778,-0.15237648868339332,-2.751059622427717
2013-07-19,6.038116666666667,-0.1598384377192059,-2.634944895614127
2013-07-20,5.9954527777777775,-0.17182070355942644,-3.37763207421835
2013-07-21,5.949783333333334,-0.1790689703179204,-3.3870476963487466
2013-07-22,5.902784722222222,-0.134339849564936,-3.558778205990618
2013-07-23,5.854977777777778,-0.09532976003325565,-3.5079813510778552
2013-07-24,5.805479166666666,-0.05826592853646957,-3.5768799047968627
2013-07-25,5.754425,-0.014703061227011285,-3.5840552721063212
2013-07-26,5.710581944444445,-0.04287351577246585,-3.5153750953386447
2013-07-27,5.671515277777778,0.022996169718810612,-3.596178114163254
2013-07-28,5.6292694444444455,0.06259709947087659,-3.3795332105819877
2013-07-29,5.587956944444445,0.10803479460402632,-1.2959917390484688
2013-07-30,5.544022222222223,0.11858051315315392,-1.2629360687087101
2013-07-31,5.495797222222223,0.11405079552230005,-1.2101813510778567
2013-08-01,5.449962500000001,0.026241635742685704,-1.2458708024093514
2013-08-02,5.4070180555555565,-0.00823790971185972,-1.550113479177029
2013-08-03,5.36450138888889,-0.045008949656763206,-1.282159105898792
2013-08-04,5.32297638888889,0.04795500810264902,-1.3332647303248704
2013-08-05,5.282930555555557,0.12849352968207972,-0.8594240852376349
2013-08-06,5.243773611111113,0.17538977623855362,-0.5458300540163317
2013-08-07,5.205637500000001,0.27971549937904944,-0.16801966604571544
2013-08-08,5.164904166666668,0.3635488212339622,1.7125470120993713
2013-08-09,5.113148611111112,0.4040260939612349,1.7808252949276553
2013-08-10,5.0541944444444455,0.3788453891862119,1.8649601663693445
2013-08-11,4.998790277777778,0.37963133510372027,1.9195783871185035
2013-08-12,4.9506402777777785,0.33544477260372035,2.0399149496185025
2013-08-13,4.908961111111113,0.3643367749185351,2.0510354473036863
2013-08-14,4.874416666666668,0.514807388344461,1.9354426116555394
2013-08-15,4.846083333333334,0.5376305827889055,1.7112860838777606
2013-08-16,4.82677638888889,0.4949600272333499,1.5875969172110949
2013-08-17,4.814247222222223,0.49662098788149794,1.577131789896281
2013-08-18,4.799840277777779,0.47570971473334994,1.8761166741555382
2013-08-19,4.781308333333334,0.5283973073259426,2.342627692674058
2013-08-20,4.759880555555556,0.5651246105666834,2.270328167211095
2013-08-21,4.738677777777779,0.5455026776963129,2.295819544525909
2013-08-22,4.717311111111112,0.5103209184370536,2.1967013037851695
2013-08-23,4.699152777777778,0.43731462214075734,2.385199266748132
2013-08-24,4.687955555555557,0.42783646241853507,2.9765413153592424
2013-08-25,4.680508333333335,0.41578625408520165,3.0170387459147987
2013-08-26,4.677202777777779,0.3136183952889055,3.21851216026665
2013-08-27,4.678916666666668,0.33642587214075753,3.1159907945259087
2013-08-28,4.681231944444446,0.28234751565927585,0.9534205398962792
2013-08-29,4.689622222222223,0.2558598420481646,0.9715179357296133
2013-08-30,4.706620833333334,0.29264128880742396,0.9184045445259095
2013-08-31,4.72526388888889,0.32368025871483147,0.8787225190629468
2013-09-01,4.74137638888889,0.3322542401963129,0.8733693709147983
2013-09-02,4.75597777777778,0.3316346568629795,0.6680542320259091
2013-09-03,4.772055555555557,0.24482230732594254,0.7384554704518349
2013-09-04,4.78985277777778,0.11616522399260916,0.33498199822961255
2013-09-05,4.808656944444445,0.022069471677794328,0.08827358387776169
2013-09-06,4.83026388888889,-0.1206328315629463,-0.5816310573259427
2013-09-07,4.858211111111112,-0.18902258850739087,-2.168521855937054
2013-09-08,4.890318055555557,-0.2039141047110945,-0.4180706175111283
2013-09-09,4.925154166666667,-0.27291434776665,-0.3699064855666825
2013-09-10,4.958702777777779,-0.3051572181370204,-0.14821222630742387
2013-09-11,4.9895305555555565,-0.2999337806370204,-0.1739301082518689
2013-09-12,5.019977777777779,-0.33445717184072404,-0.050520605937053376
2013-09-13,5.049059722222223,-0.44370401211850197,0.02997762322961328
2013-09-14,5.077083333333334,-0.4828114426740575,0.10239477600739044
2013-09-15,5.10193888888889,-0.46414806304442785,0.1865425074888713
2013-09-16,5.125198611111112,-0.5173540352666499,0.8908220908222055
2013-09-17,5.1487291666666675,-0.4947984681370205,0.9087359681370208
2013-09-18,5.175358333333334,-0.5233943940629464,0.5303693940629461
2013-09-19,5.205929166666667,-0.5328582945259094,0.5475957945259101
2013-09-20,5.239011111111113,-0.4915492435999834,0.4732047991555387
2013-09-21,5.275265277777779,-0.41680228758146504,0.3622036764703545
2013-09-22,5.312980555555557,-0.4217763385073909,0.23179578295183528
2013-09-23,5.347383333333335,-0.46663122276665014,-0.34341877723335024
2013-09-24,5.378727777777779,-0.4026943130444278,-0.4597001314000162
2013-09-25,5.411586111111113,-0.3639181787851685,-0.5910012656592766
2013-09-26,5.444622222222224,-0.3776845560999835,-0.6776043327889061
2013-09-27,5.467905555555556,-0.3483911764703538,-0.7191810457518684
2013-09-28,5.482133333333334,-0.2895741162851687,-0.7592258837148312
2013-09-29,5.495536111111112,-0.31731783156294635,-0.5238849462148301
2013-09-30,5.5094416666666675,-0.2966407135073909,-0.4954676198259423
2013-10-01,5.5262986111111125,-0.29173550517405755,-0.4338964392703868
2013-10-02,5.543641666666668,-0.23469192878516856,-0.5052830712148308
2013-10-03,5.558694444444446,-0.14897896582220566,-0.602382145288906
2013-10-04,5.569705555555556,-0.06844585239627972,-0.6515930364926087
2013-10-05,5.575711111111112,-0.01862322508146481,-0.6264212193629795
2013-10-06,5.574963888888891,-0.03530623434072408,-0.6109909878814993
2013-10-07,5.559704166666668,-0.029864046840724114,-1.108506786492609
2013-10-08,5.534491666666668,-0.06775380378516854,-2.853404529548165
2013-10-09,5.506644444444445,0.03105302233589053,-2.931030800113668
2013-10-10,5.476156944444446,0.0305050310594902,-2.1836619755039353
2013-10-11,5.441106944444446,0.03686623399796589,-1.314306511775744
2013-10-12,5.401643055555557,0.06685749891991248,-1.0431672211421354
2013-10-13,5.362086111111111,0.08326047183084001,-1.0126799162752842
2013-10-14,5.3234819444444454,0.11941637173901258,-1.053898316183457
2013-10-15,5.285106944444445,0.1470528386811614,-0.46882644979227184
2013-10-16,5.245186111111112,0.18256469588960944,-1.0730841403340536
2013-10-17,5.20335,0.18891858707418244,-1.4329352537408486
2013-10-18,5.158281944444445,0.17629473491623948,-1.514910012694017
2013-10-19,5.111006944444445,0.15251257238180407,-1.4821861834929149
2013-10-20,5.0629541666666675,0.07848643601816786,-1.3204406026848348
2013-10-21,5.013409722222223,-0.0004612682977183022,-1.1619484539245035
2013-10-22,4.9602666666666675,0.040701587533319324,-0.5229682541999862
2013-10-23,4.902005555555556,0.04912748285012372,0.39220029492765474
2013-10-24,4.840995833333334,0.025421261546175113,0.4835829051204911
2013-10-25,4.779941666666668,0.020818678901546983,0.49457298776511904
2013-10-26,4.730409722222223,-0.02905082293500033,0.5156411007127786
2013-10-27,4.704459722222223,-0.05023497123619397,0.5771085823473052
2013-10-28,4.690969444444446,-0.09321372467972029,0.6395776135686094
2013-10-29,4.679362500000001,-0.09599717279725936,0.5933013394639254
2013-10-30,4.669229166666668,-0.05596561861911424,0.5000697852857798
2013-10-31,4.658411111111112,-0.036045669124164875,0.3909678913463861
2013-11-01,4.648112500000001,-0.05386257683766328,0.5377500768376631
2013-11-02,4.638623611111111,-0.1373418008964328,0.8663848564519893
2013-11-03,4.631572222222223,-0.1732937866631913,1.0833882311076362
2013-11-04,4.628320833333334,-0.1762693720626403,1.1579485387293063
2013-11-05,4.6313666666666675,-0.12374578390837038,1.814045783908371
2013-11-06,4.646004166666668,-0.15041892440423824,2.298414757737571
2013-11-07,4.6599416666666675,-0.1636749390966165,2.2793999390966158
2013-11-08,4.666451388888889,-0.14779169759064778,2.8266736420350917
2013-11-09,4.67197638888889,-0.09885666545107002,1.889880276562182
2013-11-10,4.677030555555556,-0.06195531099744281,1.9775914221085553
2013-11-11,4.6822486111111115,-0.08742179400938063,1.6398398495649376
2013-11-12,4.687172222222223,-0.14205875452361366,1.6825531989680582
2013-11-13,4.69183888888889,-0.1620991356071766,1.680593580051621
2013-11-14,4.696783333333334,-0.16617248271461468,1.3523891493812814
2013-11-15,4.701280555555557,-0.15237648868339332,1.4860959331278376
2013-11-16,4.704537500000002,-0.1598384377192059,1.4896342710525388
2013-11-17,4.709981944444445,-0.17182070355942644,1.5078387591149822
2013-11-18,4.718236111111112,-0.1790689703179204,1.5814995258734756
2013-11-19,4.727265277777779,-0.134339849564936,1.8194079051204919
2013-11-20,4.73741388888889,-0.09532976003325565,2.1079158711443666
2013-11-21,4.749102777777779,-0.05826592853646957,2.032829817425359
2013-11-22,4.764066666666667,-0.014703061227011285,1.109636394560344
2013-11-23,4.781419444444445,-0.04287351577246585,1.233120737994688
2013-11-24,4.79787638888889,0.022996169718810612,1.3441274413923017
2013-11-25,4.803118055555556,0.06259709947087659,1.3086181783069013
2013-11-26,4.795506944444445,0.10803479460402632,1.22245826095153
2013-11-27,4.785950000000001,0.11858051315315392,1.1838028201801802
2013-11-28,4.774556944444445,0.11405079552230005,1.039058926699923
2013-11-29,4.760391666666667,0.026241635742685704,1.2530333642573153
2013-11-30,4.745602777777779,-0.00823790971185972,1.3476351319340825
2013-12-01,4.732168055555556,-0.045008949656763206,1.2761742274345416
2013-12-02,4.721076388888889,0.04795500810264902,0.9553019363417967
2013-12-03,4.715481944444445,0.12849352968207972,0.6640245258734763
2013-12-04,4.715004166666667,0.17538977623855362,0.46827272376144774
2013-12-05,4.71536388888889,0.27971549937904944,-0.3424127216012714
2013-12-06,4.719227777777778,0.3635488212339622,-0.8394432656784063
2013-12-07,4.734215277777778,0.4040260939612349,-0.8935747050723452
2013-12-08,4.757373611111111,0.3788453891862119,-1.468219000297322
2013-12-09,4.778520833333333,0.37963133510372027,-1.5471521684370524
2013-12-10,4.793909722222224,0.33544477260372035,-2.528354494825943
2013-12-11,4.804504166666668,0.3643367749185351,-2.590840941585202
2013-12-12,4.814930555555556,0.514807388344461,-2.752404610566682
2013-12-13,4.826576388888889,0.5376305827889055,-2.786873638344461
2013-12-14,4.835105555555556,0.4949600272333499,-3.1130655827889053
2013-12-15,4.842795833333334,0.49662098788149794,-3.3400834878814973
2013-12-16,4.854687500000001,0.47570971473334994,-3.3307305480666836
2013-12-17,4.868306944444445,0.5283973073259426,-3.4087042517703865
2013-12-18,4.8840916666666665,0.5651246105666834,-3.535549610566682
2013-12-19,4.9008722222222225,0.5455026776963129,-3.7173748999185343
2013-12-20,4.915851388888889,0.5103209184370536,-4.041505640659275
2013-12-21,4.928179166666667,0.43731462214075734,-4.558493788807423
2013-12-22,4.934851388888889,0.42783646241853507,-4.538354517974089
2013-12-23,4.938391666666666,0.41578625408520165,-4.615177920751867
2013-12-24,4.942686111111112,0.3136183952889055,-4.32563783973335
2013-12-25,4.947333333333334,0.33642587214075753,-1.761425872140757
2013-12-26,4.951255555555557,0.28234751565927585,-0.9356030712148318
2013-12-27,4.95360138888889,0.2558598420481646,-0.9111278976037198
2013-12-28,4.955972222222223,0.29264128880742396,-0.49794684436298026
2013-12-29,4.9598666666666675,0.32368025871483147,-0.6208802587148317
2013-12-30,4.967806944444446,0.3322542401963129,-0.6843945179740909
2013-12-31,4.9786277777777785,0.3316346568629795,-0.6949291013074232
2014-01-01,4.987454166666668,0.24482230732594254,-0.6139431406592761
2014-01-02,4.989547222222223,0.11616522399260916,-0.42004577954816485
2014-01-03,4.985744444444446,0.022069471677794328,-0.3138139161222396
2014-01-04,4.976209722222223,-0.1206328315629463,0.22842310934072357
2014-01-05,4.958615277777779,-0.18902258850739087,0.28807397739627927
2014-01-06,4.937448611111112,-0.2039141047110945,0.3227988269333165
2014-01-07,4.91337638888889,-0.27291434776665,0.41620462554442805
2014-01-08,4.889658333333335,-0.3051572181370204,0.4724988848036867
2014-01-09,4.867855555555558,-0.2999337806370204,0.6090782250814641
2014-01-10,4.846523611111112,-0.33445717184072404,0.7139335607296127
2014-01-11,4.825566666666668,-0.44370401211850197,0.8441373454518349
2014-01-12,4.803640277777779,-0.4828114426740575,0.9051711648962792
2014-01-13,4.782927777777779,-0.46414806304442785,1.1628869519333171
2014-01-14,4.761202777777779,-0.5173540352666499,1.6768179241555383
2014-01-15,4.737229166666667,-0.4947984681370205,1.6799026348036867
2014-01-16,4.712848611111113,-0.5233943940629464,1.9398791162851676
2014-01-17,4.685311111111112,-0.5328582945259094,2.1022138500814656
2014-01-18,4.6537097222222235,-0.4915492435999834,2.191506188044427
2014-01-19,4.619175000000001,-0.41680228758146504,2.320960620914799
2014-01-20,4.582043055555557,-0.4217763385073909,2.465399949618502
2014-01-21,4.553006944444446,-0.46663122276665014,2.539624278322205
2014-01-22,4.533383333333335,-0.4026943130444278,2.4616443130444274
2014-01-23,4.512937500000001,-0.3639181787851685,2.181314012118501
2014-01-24,4.49126527777778,-0.3776845560999835,-0.3399140550111286
2014-01-25,4.4699388888888905,-0.3483911764703538,-0.932214379085202
2014-01-26,4.449147222222224,-0.2895741162851687,-0.8089064392703874
2014-01-27,4.428270833333335,-0.31731783156294635,-1.108286335103721
2014-01-28,4.40615277777778,-0.2966407135073909,-1.1401787309370546
2014-01-29,4.3798819444444455,-0.29173550517405755,-1.0888131059370536
2014-01-30,4.34925138888889,-0.23469192878516856,-0.7338927934370534
2014-01-31,4.318256944444446,-0.14897896582220566,-0.6009446452889058
2014-02-01,4.288208333333334,-0.06844585239627972,0.5262375190629459
2014-02-02,4.258629166666668,-0.01862322508146481,0.6796607250814648
2014-02-03,4.232212500000001,-0.03530623434072408,0.8290937343407238
2014-02-04,4.210369444444446,-0.029864046840724114,1.0708279357296124
2014-02-05,4.190294444444445,-0.06775380378516854,1.2577926926740577
2014-02-06,4.172612500000001,0.03105302233589053,1.1940011443307759
2014-02-07,4.158443055555557,0.0305050310594902,1.4183852467182871
2014-02-08,4.149584722222223,0.03686623399796589,1.3862157104464783
2014-02-09,4.145066666666668,0.06685749891991248,1.347075834413421
2014-02-10,4.140711111111113,0.08326047183084001,1.577361750391381
2014-02-11,4.136830555555557,0.11941637173901258,1.5590864060387646
2014-02-12,4.134908333333334,0.1470528386811614,1.3020388279855055
2014-02-13,4.135258333333334,0.18256469588960944,1.261843637443725
2014-02-14,4.136366666666667,0.18891858707418244,1.2630480795924848
2014-02-15,4.13751388888889,0.17629473491623948,1.145524709528205
2014-02-16,4.1390069444444455,0.15251257238180407,1.6384804831737518
2014-02-17,4.142691666666668,0.07848643601816786,1.4784885639818326
2014-02-18,4.150148611111112,-0.0004612682977183022,1.4176459905199406
2014-02-19,4.162006944444445,0.040701587533319324,1.5176248013555698
2014-02-20,4.171033333333334,0.04912748285012372,1.482172517149876
2014-02-21,4.173641666666668,0.025421261546175113,1.6416037384538247
2014-02-22,4.17430138888889,0.020818678901546983,1.6402132655428978
2014-02-23,4.163345833333334,-0.02905082293500033,1.6580383229350004
2014-02-24,4.138258333333335,-0.05023497123619397,1.5093099712361944
2014-02-25,4.116201388888889,-0.09321372467972029,1.4113456691241666
2014-02-26,4.101434722222223,-0.09599717279725936,1.543229117241704
2014-02-27,4.089794444444445,-0.05596561861911424,1.64217117417467
2014-02-28,4.0824500000000015,-0.036045669124164875,2.309929002457499
2014-03-01,4.077219444444445,-0.05386257683766328,2.3626431323932193
2014-03-02,4.074844444444445,-0.1373418008964328,2.2944973564519886
2014-03-03,4.07642638888889,-0.1732937866631913,1.2765340644409695
2014-03-04,4.079604166666668,-0.1762693720626403,1.1559985387293064
2014-03-05,4.0815680555555565,-0.12374578390837038,0.6261777283528154
2014-03-06,4.0819277777777785,-0.15041892440423824,0.37749114662646077
2014-03-07,4.082408333333334,-0.1636749390966165,0.2619332724299503
2014-03-08,4.083725000000001,-0.14779169759064778,0.22706669759064776
2014-03-09,4.084908333333335,-0.09885666545107002,-0.03305166788226305
2014-03-10,4.084729166666667,-0.06195531099744281,-0.15277385566922316
2014-03-11,4.083800000000001,-0.08742179400938063,-0.15871153932395224
2014-03-12,4.083319444444445,-0.14205875452361366,-0.3462606899208304
2014-03-13,4.083827777777779,-0.1620991356071766,-0.34106197550393524
2014-03-14,4.084569444444446,-0.16617248271461468,-0.3767302950631628
2014-03-15,4.085141666666667,-0.15237648868339332,-0.770431844649939
2014-03-16,4.085748611111112,-0.1598384377192059,-0.7725768400585711
2014-03-17,4.085659722222223,-0.17182070355942644,-0.8381723519961289
2014-03-18,4.08420138888889,-0.1790689703179204,-1.4231324185709686
2014-03-19,4.0807375000000015,-0.134339849564936,-1.4797309837683974
2014-03-20,4.074668055555557,-0.09532976003325565,-1.5720049621889667
2014-03-21,4.066827777777778,-0.05826592853646957,-1.8538951825746408
2014-03-22,4.058706944444445,-0.014703061227011285,-0.5846705498840997
2014-03-23,4.061895833333335,-0.04287351577246585,-0.3573556508942008
2014-03-24,4.078680555555557,0.022996169718810612,-0.533676725274367
2014-03-25,4.108915277777779,0.06259709947087659,-0.6015123772486545
2014-03-26,4.152376388888889,0.10803479460402632,-0.6484111834929147
2014-03-27,4.191347222222223,0.11858051315315392,-0.6975944020420428
2014-03-28,4.222227777777778,0.11405079552230005,-0.9429452399667444
2014-03-29,4.250220833333334,0.026241635742685704,-1.0107958024093517
2014-03-30,4.274600000000001,-0.00823790971185972,-1.7123620902881405
2014-03-31,4.2955097222222225,-0.045008949656763206,-2.107500772565458
2014-04-01,4.311284722222223,0.04795500810264902,-2.2532397303248715
2014-04-02,4.317125000000001,0.12849352968207972,-2.530951863015413
2014-04-03,4.3155527777777785,0.17538977623855362,-2.6379425540163313
2014-04-04,4.312570833333334,0.27971549937904944,-2.7739529993790493
2014-04-05,4.309622222222223,0.3635488212339622,-2.8378377101228507
2014-04-06,4.306441666666667,0.4040260939612349,-2.8758010939612344
2014-04-07,4.3018180555555565,0.3788453891862119,-2.846330111408434
2014-04-08,4.295505555555556,0.37963133510372027,-2.631136890659275
2014-04-09,4.288450000000001,0.33544477260372035,-2.5818947726037207
2014-04-10,4.281968055555557,0.3643367749185351,-2.593638163807424
2014-04-11,4.2741902777777785,0.514807388344461,-2.731664332788905
2014-04-12,4.264023611111112,0.5376305827889055,-2.635654193900016
2014-04-13,4.253162500000001,0.4949600272333499,-2.58112252723335
2014-04-14,4.240643055555557,0.49662098788149794,-2.603930710103721
2014-04-15,4.226483333333334,0.47570971473334994,-2.570526381400017
2014-04-16,4.212897222222223,0.5283973073259426,-2.609961196214831
2014-04-17,4.197943055555557,0.5651246105666834,-2.634400999455573
2014-04-18,4.182298611111111,0.5455026776963129,-2.32946795547409
2014-04-19,4.168908333333334,0.5103209184370536,-2.174229251770387
2014-04-20,4.156386111111113,0.43731462214075734,-2.061034066585202
2014-04-21,4.143297222222223,0.42783646241853507,-3.3061336846407574
2014-04-22,4.118379166666667,0.41578625408520165,-3.6098320874185346
2014-04-23,4.082140277777778,0.3136183952889055,-3.492092006400016
2014-04-24,4.047383333333334,0.33642587214075753,-3.463809205474091
2014-04-25,4.015069444444445,0.28234751565927585,-3.418083626770387
2014-04-26,3.984405555555557,0.2558598420481646,-1.8169320642703872
2014-04-27,3.9537722222222236,0.29264128880742396,-1.1647468443629796
2014-04-28,3.9221375000000016,0.32368025871483147,-0.707817758714832
2014-04-29,3.890327777777779,0.3322542401963129,-0.2449153513074247
2014-04-30,3.8633041666666683,0.3316346568629795,-0.19693882352964714
2014-05-01,3.841527777777779,0.24482230732594254,0.5793165815629457
2014-05-02,3.8250263888888902,0.11616522399260916,1.0768083871185021
2014-05-03,3.8143263888888903,0.022069471677794328,1.2879374727666506
2014-05-04,3.8067500000000014,-0.1206328315629463,1.4388828315629458
2014-05-05,3.801618055555557,-0.18902258850739087,1.4904045329518345
2014-05-06,3.797556944444446,-0.2039141047110945,1.5326904935999828
2014-05-07,3.7948680555555567,-0.27291434776665,1.7807129588777604
2014-05-08,3.796305555555557,-0.3051572181370204,1.603851662581464
2014-05-09,3.8037833333333344,-0.2999337806370204,1.5921504473036878
2014-05-10,3.8143513888888902,-0.33445717184072404,1.6041057829518353
2014-05-11,3.8280986111111126,-0.44370401211850197,1.8682720676740576
2014-05-12,3.845681944444446,-0.4828114426740575,1.9584628315629458
2014-05-13,3.8648944444444457,-0.46414806304442785,2.1635869519333166
2014-05-14,3.88671388888889,-0.5173540352666499,2.6059734797110954
2014-05-15,3.9104750000000013,-0.4947984681370205,2.597656801470354
2014-05-16,3.9344597222222237,-0.5233943940629464,2.605934671840724
2014-05-17,3.9611736111111124,-0.5328582945259094,2.5886846834147983
2014-05-18,3.990061111111112,-0.4915492435999834,2.2614881324888727
2014-05-19,4.018429166666667,-0.41680228758146504,2.0587064542481324
2014-05-20,4.047702777777779,-0.4217763385073909,1.9810735607296128
2014-05-21,4.076418055555557,-0.46663122276665014,2.085879833877761
2014-05-22,4.104790277777779,-0.4026943130444278,4.585904035266651
2014-05-23,4.133679166666668,-0.3639181787851685,4.893239012118503
2014-05-24,4.160497222222223,-0.3776845560999835,4.914520667211095
2014-05-25,4.186223611111112,-0.3483911764703538,4.8585008986925775
2014-05-26,4.212091666666668,-0.2895741162851687,3.274149116285169
2014-05-27,4.239934722222223,-0.31731783156294635,2.6453831093407247
2014-05-28,4.270159722222223,-0.2966407135073909,2.1488143246185025
2014-05-29,4.305895833333334,-0.29173550517405755,1.6831730051740579
2014-05-30,4.34454027777778,-0.23469192878516856,1.5911516510073902
2014-05-31,4.382483333333335,-0.14897896582220566,0.8004956324888723
2014-06-01,4.422537500000001,-0.06844585239627972,0.3279083523962812
2014-06-02,4.463561111111113,-0.01862322508146481,0.16139544730368754
2014-06-03,4.507031944444446,-0.03530623434072408,0.151940956562946
2014-06-04,4.551991666666668,-0.029864046840724114,0.4238723801740579
2014-06-05,4.597369444444446,-0.06775380378516854,0.3927176926740576
2014-06-06,4.6431666666666676,0.03105302233589053,0.07178031099744325
2014-06-07,4.68510277777778,0.0305050310594902,0.028392191162731735
2014-06-08,4.72168888888889,0.03686623399796589,-0.01588845622018746
2014-06-09,4.756823611111113,0.06685749891991248,0.009652223302308818
2014-06-10,4.79133888888889,0.08326047183084001,-0.2142660273863945
2014-06-11,4.824661111111112,0.11941637173901258,-0.42774414951679013
2014-06-12,4.857920833333335,0.1470528386811614,-0.7286403386811617
2014-06-13,4.890984722222224,0.18256469588960944,-1.1908827514451652
2014-06-14,4.927283333333334,0.18891858707418244,-1.2292019204075155
2014-06-15,4.966955555555557,0.17629473491623948,-1.2432502904717948
2014-06-16,5.00711388888889,0.15251257238180407,-1.2592931279373596
2014-06-17,5.046754166666668,0.07848643601816786,-1.1505739360181677
2014-06-18,5.085006944444445,-0.0004612682977183022,-1.0058790094800591
2014-06-19,5.122227777777779,0.040701587533319324,-0.9592626986444303
2014-06-20,5.160470833333334,0.04912748285012372,-1.1319316495167895
2014-06-21,5.199900000000001,0.025421261546175113,-3.740321261546175
2014-06-22,5.238594444444446,0.020818678901546983,-3.7657464566793246
2014-06-23,5.276675000000001,-0.02905082293500033,-3.455290843731666
2014-06-24,5.314475000000001,-0.05023497123619397,-3.4222400287638055
2014-06-25,5.34583888888889,-0.09321372467972029,-3.422291830875835
2014-06-26,5.368677777777778,-0.09599717279725936,-3.4720139383138506
2014-06-27,5.389581944444446,-0.05596561861911424,-3.501949659158664
2014-06-28,5.403594444444446,-0.036045669124164875,-2.801215441986946
2014-06-29,5.409636111111112,-0.05386257683766328,-1.6654402009401144
2014-06-30,5.4127236111111126,-0.1373418008964328,-1.574048476881345
2014-07-01,5.412406944444445,-0.1732937866631913,-1.4891131577812529
2014-07-02,5.413730555555556,-0.1762693720626403,-1.316461183492915
2014-07-03,5.416294444444446,-0.12374578390837038,-1.3885486605360746
2014-07-04,5.416944444444447,-0.15041892440423824,-1.509192186706874
2014-07-05,5.416370833333335,-0.1636749390966165,-1.4950292275700512
2014-07-06,5.413787500000001,-0.14779169759064778,-1.3253291357426855
2014-07-07,5.411404166666667,-0.09885666545107002,-0.7922141678822621
2014-07-08,5.409813888888889,-0.06195531099744281,-0.25052524455811154
2014-07-09,5.406700000000001,-0.08742179400938063,-0.1726115393239527
2014-07-10,5.401340277777779,-0.14205875452361366,0.32605181007916945
2014-07-11,5.393477777777779,-0.1620991356071766,0.5789546911627319
2014-07-12,5.383077777777778,-0.16617248271461468,0.7060947049368373
2014-07-13,5.370543055555556,-0.15237648868339332,0.7995000997945059
2014-07-14,5.35361388888889,-0.1598384377192059,0.8068912154969845
2014-07-15,5.333294444444446,-0.17182070355942644,0.8231929257816487
2014-07-16,5.312497222222223,-0.1790689703179204,0.8509050814290327
2014-07-17,5.292781944444446,-0.134339849564936,0.7388912384538249
2014-07-18,5.274984722222223,-0.09532976003325565,0.6053450378110334
2014-07-19,5.257780555555556,-0.05826592853646957,0.6031520396475819
2014-07-20,5.240533333333334,-0.014703061227011285,1.4771697278936782
2014-07-21,5.212179166666667,-0.04287351577246585,2.058027682439133
2014-07-22,5.1716125,0.022996169718810612,1.7410579969478572
2014-07-23,5.131418055555557,0.06259709947087659,1.444651511640234
2014-07-24,5.092627777777778,0.10803479460402632,1.5170040942848633
2014-07-25,5.059697222222223,0.11858051315315392,1.536722264624625
2014-07-26,5.034247222222223,0.11405079552230005,1.8247019822554773
2014-07-27,5.0099180555555565,0.026241635742685704,1.903840308701759
2014-07-28,4.987065277777779,-0.00823790971185972,2.477505965267416
2014-07-29,4.9658861111111126,-0.045008949656763206,1.594456171878985
2014-07-30,4.945294444444445,0.04795500810264902,1.8467505474529073
2014-07-31,4.926684722222223,0.12849352968207972,1.7384884147623647
2014-08-01,4.905658333333334,0.17538977623855362,1.7386185570947805
2014-08-02,4.880768055555556,0.27971549937904944,2.124183111732062
2014-08-03,4.854465277777779,0.3635488212339622,1.9413192343215935
2014-08-04,4.826916666666667,0.4040260939612349,2.170390572705433
2014-08-05,4.800955555555556,0.3788453891862119,2.079199055258233
2014-08-06,4.776708333333334,0.37963133510372027,1.5276603315629473
2014-08-07,4.752894444444445,0.33544477260372035,1.0943274496185023
2014-08-08,4.729609722222223,0.3643367749185351,1.2503868361925765
2014-08-09,4.707580555555557,0.514807388344461,0.8269453894333159
2014-08-10,4.687608333333335,0.5376305827889055,0.9460944172110942
2014-08-11,4.6703180555555575,0.4949600272333499,0.9787219172110937
2014-08-12,4.655572222222223,0.49662098788149794,0.9394734565629475
2014-08-13,4.642912500000001,0.47570971473334994,1.7663777852666493
2014-08-14,4.636983333333335,0.5283973073259426,1.7339526926740572
2014-08-15,4.6368486111111125,0.5651246105666834,1.7966934449888718
2014-08-16,4.636148611111112,0.5455026776963129,1.8603487111925765
2014-08-17,4.6344375000000015,0.5103209184370536,1.8972415815629464
2014-08-18,4.632168055555557,0.43731462214075734,1.8591839889703543
2014-08-19,4.629911111111112,0.42783646241853507,0.9895857598036861
2014-08-20,4.638497222222224,0.41578625408520165,0.5507165236925758
2014-08-21,4.659644444444446,0.3136183952889055,0.5364038269333173
2014-08-22,4.682709722222223,0.33642587214075753,0.434197738970354
2014-08-23,4.707297222222223,0.28234751565927585,0.42835526211850183
2014-08-24,4.733581944444445,0.2558598420481646,0.42255821350739176
2014-08-25,4.759616666666668,0.29264128880742396,0.5220753778592417
2014-08-26,4.7853722222222235,0.32368025871483147,0.953280852396279
2014-08-27,4.808123611111112,0.3322542401963129,-0.3240445179740905
2014-08-28,4.823133333333335,0.3316346568629795,-0.5454346568629795
2014-08-29,4.83341527777778,0.24482230732594254,-0.2829042517703888
2014-08-30,4.843450000000002,0.11616522399260916,-0.14728189065927494
2014-08-31,4.852252777777779,0.022069471677794328,0.7733444172110944
2014-09-01,4.859944444444446,-0.1206328315629463,0.47768838711850153
2014-09-02,4.868166666666668,-0.18902258850739087,0.48785592184072346
2014-09-03,4.876998611111112,-0.2039141047110945,0.25158216026665003
2014-09-04,4.886025000000002,-0.27291434776665,0.27122268109998315
2014-09-05,4.907425000000002,-0.3051572181370204,0.33906555147035317
2014-09-06,4.950636111111113,-0.2999337806370204,0.21729766952590907
2014-09-07,5.002970833333334,-0.33445717184072404,-0.10384699482594267
2014-09-08,5.052504166666669,-0.44370401211850197,-0.12313348788149814
2014-09-09,5.098002777777779,-0.4828114426740575,-0.41385800177038745
2014-09-10,5.141468055555556,-0.46414806304442785,-0.4889866591777941
2014-09-11,5.187386111111112,-0.5173540352666499,-0.3270320758444607
2014-09-12,5.2391763888888905,-0.4947984681370205,-1.1617112540852017
2014-09-13,5.293854166666668,-0.5233943940629464,-1.1994597726037202
2014-09-14,5.348127777777779,-0.5328582945259094,-1.3436028165852014
2014-09-15,5.4032791666666675,-0.4915492435999834,-1.3380632564000163
2014-09-16,5.468166666666669,-0.41680228758146504,-1.4760310457518693
2014-09-17,5.541955555555557,-0.4217763385073909,-1.5571792170481644
2014-09-18,5.61525138888889,-0.46663122276665014,-1.5482868327889054
2014-09-19,5.685794444444445,-0.4026943130444278,-1.704766798066683
2014-09-20,5.75321388888889,-0.3639181787851685,-1.7526290434370537
2014-09-21,5.817812500000002,-0.3776845560999835,-1.363127943900017
2014-09-22,5.878405555555558,-0.3483911764703538,-1.5230143790852027
2014-09-23,5.936719444444446,-0.2895741162851687,-1.664478661492609
2014-09-24,5.993927777777779,-0.31731783156294635,-2.0026099462148315
2014-09-25,6.0500347222222235,-0.2966407135073909,-2.5760606753814974
2014-09-26,6.1039833333333355,-0.29173550517405755,-2.65458116149261
2014-09-27,6.159797222222224,-0.23469192878516856,-2.767438626770387
2014-09-28,6.218750000000002,-0.14897896582220566,-3.434437700844461
2014-09-29,6.2777319444444455,-0.06844585239627972,-3.5949527587148307
2014-09-30,6.3375625000000015,-0.01862322508146481,-4.691272608251869
2014-10-01,6.396384722222223,-0.03530623434072408,-4.73241182121483
2014-10-02,6.454941666666668,-0.029864046840724114,-4.7967442864926095
2014-10-03,6.513330555555557,-0.06775380378516854,-4.817243418437053
2014-10-04,6.569806944444446,0.03105302233589053,-4.791526633447002
2014-10-05,6.612669444444446,0.0305050310594902,-4.7818411421706015
2014-10-06,6.632833333333334,0.03686623399796589,-4.759699567331299
2014-10-07,6.641833333333334,0.06685749891991248,-4.631024165586579
2014-10-08,6.651225000000001,0.08326047183084001,-4.605485471830839
2014-10-09,6.661869444444445,0.11941637173901258,-4.526952482850122
2014-10-10,6.671494444444445,0.1470528386811614,-4.429880616458938
2014-10-11,6.677098611111112,0.18256469588960944,-4.628329973667387
2014-10-12,6.671845833333334,0.18891858707418244,-4.360764420407515
2014-10-13,6.653462500000001,0.17629473491623948,-2.9657572349162384
2014-10-14,6.629218055555556,0.15251257238180407,-2.8777306279373587
2014-10-15,6.60372638888889,0.07848643601816786,-2.8792128249070563
2014-10-16,6.56960138888889,-0.0004612682977183022,-2.729473453924503
2014-10-17,6.5284916666666675,0.040701587533319324,-2.6711932541999848
2014-10-18,6.489759722222224,0.04912748285012372,-2.6972205384056793
2014-10-19,6.455745833333335,0.025421261546175113,-2.699500428212842
2014-10-20,6.425983333333335,0.020818678901546983,-2.1744686789015466
2014-10-21,6.39763888888889,-0.02905082293500033,-1.8192547326205548
2014-10-22,6.369765277777779,-0.05023497123619397,-1.333530306541583
2014-10-23,6.342066666666668,-0.09321372467972029,-1.2541862753202793
2014-10-24,6.313718055555557,-0.09599717279725936,-1.3330542160916292
2014-10-25,6.282633333333335,-0.05596561861911424,-1.2976677147142195
2014-10-26,6.255334722222225,-0.036045669124164875,-1.2899557197647258
2014-10-27,6.234734722222224,-0.05386257683766328,-1.2512054787178928
2014-10-28,6.2150805555555575,-0.1373418008964328,-1.1480720879924569
2014-10-29,6.195170833333336,-0.1732937866631913,-1.0918770466701428
2014-10-30,6.172145833333335,-0.1762693720626403,-1.1422097946040268
2014-10-31,6.1480152777777795,-0.12374578390837038,-1.2069361605360742
2014-11-01,6.125583333333335,-0.15041892440423824,-1.157831075595762
2014-11-02,6.1040583333333345,-0.1636749390966165,-1.123050060903383
2014-11-03,6.083968055555557,-0.14779169759064778,-0.888843024631574
2014-11-04,6.067866666666668,-0.09885666545107002,2.5806566654510705
2014-11-05,6.056295833333334,-0.06195531099744281,5.444326144330779
2014-11-06,6.047062500000001,-0.08742179400938063,5.406025960676048
2014-11-07,6.0391722222222235,-0.14205875452361366,5.357219865634725
2014-11-08,6.032127777777779,-0.1620991356071766,5.190971357829399
2014-11-09,6.025845833333335,-0.16617248271461468,5.244326649381282
2014-11-10,6.020788888888891,-0.15237648868339332,5.988587599794504
2014-11-11,6.020236111111112,-0.1598384377192059,6.7306023266080945
2014-11-12,6.024283333333335,-0.17182070355942644,6.664537370226093
2014-11-13,6.030034722222224,-0.1790689703179204,6.626700914762364
2014-11-14,6.0355805555555575,-0.134339849564936,6.739092627342715
2014-11-15,6.040554166666668,-0.09532976003325565,8.66977559336659
2014-11-16,6.045022222222224,-0.05826592853646957,8.695243706314246
2014-11-17,6.054147222222223,-0.014703061227011285,9.375222505671458
2014-11-18,6.069259722222224,-0.04287351577246585,9.419613793550244
2014-11-19,6.084211111111113,0.022996169718810612,8.790459385836746
2014-11-20,6.096509722222224,0.06259709947087659,8.021226511640233
2014-11-21,6.1074888888888905,0.10803479460402632,7.502809649840417
2014-11-22,6.119638888888891,0.11858051315315392,7.471447264624622
2014-11-23,6.134004166666669,0.11405079552230005,7.460278371144365
2014-11-24,6.1518861111111125,0.026241635742685704,7.492205586479535
2014-11-25,6.171675000000002,-0.00823790971185972,7.510229576378525
2014-11-26,6.191387500000001,-0.045008949656763206,7.546954782990097
2014-11-27,6.213525000000002,0.04795500810264902,7.549186658564016
2014-11-28,6.2379000000000016,0.12849352968207972,7.612273136984587
2014-11-29,6.266219444444446,0.17538977623855362,7.552390779317002
2014-11-30,6.299798611111113,0.27971549937904944,7.648152556176505
2014-12-01,6.335063888888891,0.3635488212339622,7.5713872898771495
2014-12-02,6.370858333333335,0.4040260939612349,7.5291155727054315
2014-12-03,6.40655138888889,0.3788453891862119,7.125269888591565
2014-12-04,6.438538888888891,0.37963133510372027,3.5011631093407236
2014-12-05,6.465969444444446,0.33544477260372035,0.5852524496185012
2014-12-06,6.491841666666668,0.3643367749185351,0.4441548917481326
2014-12-07,6.517518055555557,0.514807388344461,0.3150078894333166
2014-12-08,6.543033333333335,0.5376305827889055,0.3473360838777607
2014-12-09,6.5675194444444465,0.4949600272333499,0.13485386165553742
2014-12-10,6.590401388888891,0.49662098788149794,-0.7036890434370533
2014-12-11,6.610968055555557,0.47570971473334994,-1.754011103622239
2014-12-12,6.6233722222222235,0.5283973073259426,-3.112102862881498
2014-12-13,6.6286819444444465,0.5651246105666834,-3.154139888344462
2014-12-14,6.634227777777779,0.5455026776963129,-3.2967304554740906
2014-12-15,6.639511111111112,0.5103209184370536,-5.138832029548165
2014-12-16,6.645672222222224,0.43731462214075734,-4.989653511029646
2014-12-17,6.64912777777778,0.42783646241853507,-5.489964240196313
2014-12-18,6.646569444444447,0.41578625408520165,-5.1603556985296475
2014-12-19,6.640200000000002,0.3136183952889055,-4.884151728622239
2014-12-20,6.630420833333335,0.33642587214075753,-4.876180038807424
2014-12-21,6.617356944444446,0.28234751565927585,-4.80870446010372
2014-12-22,6.601725000000002,0.2558598420481646,-4.766251508714832
2014-12-23,6.588751388888891,0.29264128880742396,-4.79005934436298
2014-12-24,6.578980555555558,0.32368025871483147,-4.817660814270387
2014-12-25,6.56934027777778,0.3322542401963129,-4.659594517974092
2014-12-26,6.560118055555558,0.3316346568629795,-4.652086045751869
2014-12-27,6.54959027777778,0.24482230732594254,-4.346412585103721
2014-12-28,6.537363888888891,0.11616522399260916,-4.2721957795481655
2014-12-29,6.525166666666669,0.022069471677794328,-3.9945694716777953
2014-12-30,6.511300000000002,-0.1206328315629463,-3.8700005017703876
2014-12-31,6.496119444444446,-0.18902258850739087,-3.8274301892703866
2015-01-01,6.484370833333335,-0.2039141047110945,-3.834456728622239
2015-01-02,6.47377777777778,-0.27291434776665,-3.659530096677795
2015-01-03,6.447336111111113,-0.3051572181370204,-2.7221788929740915
2015-01-04,6.394830555555557,-0.2999337806370204,-2.4825634415852016
2015-01-05,6.330569444444446,-0.33445717184072404,-2.3917789392703876
2015-01-06,6.266359722222224,-0.44370401211850197,-2.270322376770387
2015-01-07,6.202848611111113,-0.4828114426740575,-2.276037168437054
2015-01-08,6.139844444444446,-0.46414806304442785,-2.237696381400016
2015-01-09,6.073237500000001,-0.5173540352666499,-1.6762167980666833
2015-01-10,6.00018888888889,-0.4947984681370205,-1.5920570874185351
2015-01-11,5.924323611111113,-0.5233943940629464,-1.189262550381498
2015-01-12,5.848929166666668,-0.5328582945259094,-1.1047375388074236
2015-01-13,5.773087500000001,-0.4915492435999834,-1.1165382564000157
2015-01-14,5.6886486111111125,-0.41680228758146504,-1.0941796568629796
2015-01-15,5.594568055555557,-0.4217763385073909,-1.139791717048165
2015-01-16,5.494150000000001,-0.46663122276665014,0.29281455609998386
2015-01-17,5.388802777777779,-0.4026943130444278,0.4992248685999827
2015-01-18,5.285493055555557,-0.3639181787851685,0.39642512322961265
2015-01-19,5.187461111111113,-0.3776845560999835,0.5375567783222055
2015-01-20,5.095611111111113,-0.3483911764703538,0.6244467320259086
2015-01-21,5.007044444444446,-0.2895741162851687,0.8165296718407241
2015-01-22,4.915622222222224,-0.31731783156294635,0.9720289426740576
2015-01-23,4.821741666666668,-0.2966407135073909,1.0475657135073906
2015-01-24,4.728700000000002,-0.29173550517405755,1.0747021718407244
2015-01-25,4.6362402777777785,-0.23469192878516856,1.1331183176740582
2015-01-26,4.54377638888889,-0.14897896582220566,1.1765359102666497
2015-01-27,4.45065277777778,-0.06844585239627972,1.146126407951834
2015-01-28,4.359372222222223,-0.01862322508146481,1.169584336192576
2015-01-29,4.2768861111111125,-0.03530623434072408,1.5634201232296139
2015-01-30,4.201368055555557,-0.029864046840724114,1.7441626579518346
2015-01-31,4.124095833333335,-0.06775380378516854,1.8753246371185017
2015-02-01,4.050312500000001,0.03105302233589053,1.990967810997443
2015-02-02,3.9968444444444455,0.0305050310594902,1.2479838578293994
2015-02-03,3.9718222222222233,0.03686623399796589,1.0706448771131452
2015-02-04,3.961123611111112,0.06685749891991248,1.089685556635643
2015-02-05,3.950769444444446,0.08326047183084001,1.217303417058049
2015-02-06,3.939906944444446,0.11941637173901258,1.1963433504832097
2015-02-07,3.9296666666666678,0.1470528386811614,1.187280494652172
2015-02-08,3.9237819444444453,0.18256469588960944,0.7413200263326132
2015-02-09,3.9256666666666673,0.18891858707418244,0.7050814129258186
2015-02-10,3.9373736111111124,0.17629473491623948,0.40766498730598266
2015-02-11,3.95452638888889,0.15251257238180407,0.4139610387293077
2015-02-12,3.9722652777777787,0.07848643601816786,0.4662482862040547
2015-02-13,3.9980222222222235,-0.0004612682977183022,0.3961057127421621
2015-02-14,4.0301236111111125,0.040701587533319324,0.7518414680222366
2015-02-15,4.06315,0.04912748285012372,-0.36594414951678933
2015-02-16,4.098141666666668,0.025421261546175113,-0.8605629282128415
2015-02-17,4.132583333333335,0.020818678901546983,-0.891068678901547
2015-02-18,4.166433333333334,-0.02905082293500033,-0.9250491770649987
2015-02-19,4.198929166666668,-0.05023497123619397,-0.9610275287638059
2015-02-20,4.230031944444445,-0.09321372467972029,-1.09548488643139
2015-02-21,4.260963888888891,-0.09599717279725936,-0.44063338275829655
2015-02-22,4.291454166666668,-0.05596561861911424,-0.4911552147142188
2015-02-23,4.319900000000001,-0.036045669124164875,-0.48352099754250166
2015-02-24,4.34648888888889,-0.05386257683766328,-0.4472929787178923
2015-02-25,4.372248611111112,-0.1373418008964328,-0.7475734768813443
2015-02-26,4.3979486111111115,-0.1732937866631913,-0.7866548244479191
2015-02-27,4.4207625,-0.1762693720626403,-0.8261597946040253
2015-02-28,4.432993055555556,-0.12374578390837038,-1.384580604980518
2015-03-01,4.437522222222223,-0.15041892440423824,-1.2204366311513173
2015-03-02,4.445500000000001,-0.1636749390966165,-0.5334917275700495
2015-03-03,4.454240277777779,-0.14779169759064778,-0.7324485801871304
2015-03-04,4.456047222222223,-0.09885666545107002,-0.6801905567711517
2015-03-05,4.451923611111113,-0.06195531099744281,-0.6799683001136686
2015-03-06,4.446458333333334,-0.08742179400938063,-0.6873698726572857
2015-03-07,4.443444444444445,-0.14205875452361366,-0.7633856899208304
2015-03-08,4.442429166666668,-0.1620991356071766,-0.7456633643928234
2015-03-09,4.443719444444445,-0.16617248271461468,-0.7682136283964958
2015-03-10,4.445150000000002,-0.15237648868339332,-0.8267735113166068
2015-03-11,4.4447277777777785,-0.1598384377192059,-0.8345560067252378
2015-03-12,4.442866666666668,-0.17182070355942644,-0.8210459631072401
2015-03-13,4.4397069444444455,-0.1790689703179204,-0.8106379741265235
2015-03-14,4.4368194444444455,-0.134339849564936,-0.8364795948795085
2015-03-15,4.435184722222224,-0.09532976003325565,-0.8158549621889668
2015-03-16,4.443680555555557,-0.05826592853646957,-1.1917479603524193
2015-03-17,4.45586527777778,-0.014703061227011285,-1.6384955498841003
2015-03-18,4.460637500000002,-0.04287351577246585,-1.6430973175608679
2015-03-19,4.464147222222223,0.022996169718810612,-1.7124767252743656
2015-03-20,4.470980555555557,0.06259709947087659,-1.757910988359766
2015-03-21,4.482027777777779,0.10803479460402632,-1.5110625723818039
2015-03-22,4.49467638888889,0.11858051315315392,-1.5202569020420422
2015-03-23,4.5073041666666676,0.11405079552230005,-2.2376882955222994
2015-03-24,4.519897222222223,0.026241635742685704,-2.082472191298241
2015-03-25,4.532750000000001,-0.00823790971185972,-1.9741787569548068
2015-03-26,4.546352777777779,-0.045008949656763206,-1.8750104947876807
2015-03-27,4.56033888888889,0.04795500810264902,-1.9219605636582047
2015-03-28,4.573793055555557,0.12849352968207972,-1.9489532519043014
2015-03-29,4.5866875,0.17538977623855362,-1.450077276238552
2015-03-30,4.598045833333335,0.27971549937904944,0.23523866728761716
2015-03-31,4.60661388888889,0.3635488212339622,0.2901706232104823
2015-04-01,4.609168055555557,0.4040260939612349,-0.24486081618345745
2015-04-02,4.6049958333333345,0.3788453891862119,0.7544921108137878
2015-04-03,4.601516666666669,0.37963133510372027,0.6781853315629455
2015-04-04,4.601355555555557,0.33544477260372035,1.1045330051740576
2015-04-05,4.60052638888889,0.3643367749185351,1.1131368361925758
2015-04-06,4.596597222222224,0.514807388344461,0.9732620560999823
2015-04-07,4.591193055555557,0.5376305827889055,0.9548430283222059
2015-04-08,4.58437638888889,0.4949600272333499,1.0046635838777618
2015-04-09,4.577958333333335,0.49662098788149794,1.0097540121185014
2015-04-10,4.573929166666668,0.47570971473334994,1.0343611185999837
2015-04-11,4.5713444444444455,0.5283973073259426,0.9982582482296135
2015-04-12,4.570125000000001,0.5651246105666834,0.9627503894333174
2015-04-13,4.571152777777779,0.5455026776963129,0.96534454452591
2015-04-14,4.5764972222222235,0.5103209184370536,0.9068485260073915
2015-04-15,4.57612638888889,0.43731462214075734,0.8015589889703536
2015-04-16,4.572951388888891,0.42783646241853507,0.790878815359243
2015-04-17,4.577244444444445,0.41578625408520165,1.1023026348036877
2015-04-18,4.583779166666668,0.3136183952889055,1.2449357713777616
2015-04-19,4.59055138888889,0.33642587214075753,1.215022738970354
2015-04-20,4.59650138888889,0.28234751565927585,0.9598177621185027
2015-04-21,4.601604166666668,0.2558598420481646,0.9508693246185027
2015-04-22,4.604375000000001,0.29264128880742396,0.9009837111925769
2015-04-23,4.605805555555557,0.32368025871483147,0.7665141857296118
2015-04-24,4.608880555555556,0.3322542401963129,0.5168652042481319
2015-04-25,4.610975000000002,0.3316346568629795,0.46239034313702004
2015-04-26,4.612770833333334,0.24482230732594254,0.6074068593407249
2015-04-27,4.615705555555557,0.11616522399260916,0.8004625537851691
2015-04-28,4.619190277777779,0.022069471677794328,0.2357402505444272
2015-04-29,4.62500138888889,-0.1206328315629463,-1.3727018906592756
2015-04-30,4.632197222222224,-0.18902258850739087,-1.4875079670481655
2015-05-01,4.6357791666666675,-0.2039141047110945,-0.5471983952889056
2015-05-02,4.637069444444446,-0.27291434776665,-1.1638217633444616
2015-05-03,4.639275000000001,-0.3051572181370204,-1.1394511151963131
2015-05-04,4.641531944444446,-0.2999337806370204,-1.4935981638074243
2015-05-05,4.64381388888889,-0.33445717184072404,-1.2523567170481649
2015-05-06,4.647215277777779,-0.44370401211850197,-0.8271779323259422
2015-05-07,4.651133333333334,-0.4828114426740575,-0.791988557325942
2015-05-08,4.655173611111112,-0.46414806304442785,-0.37569221473334996
2015-05-09,4.6593180555555564,-0.5173540352666499,-0.29629735362223886
2015-05-10,4.6630472222222235,-0.4947984681370205,-0.322248754085202
2015-05-11,4.666755555555557,-0.5233943940629464,-0.3110278281592769
2015-05-12,4.670343055555557,-0.5328582945259094,-0.305151427696314
2015-05-13,4.671725000000001,-0.4915492435999834,-0.32917575640001695
2015-05-14,4.668083333333335,-0.41680228758146504,-0.1519477124185355
2015-05-15,4.660452777777779,-0.4217763385073909,1.9116568940629457
2015-05-16,4.652783333333335,-0.46663122276665014,1.9411812227666498
2015-05-17,4.645890277777779,-0.4026943130444278,1.5804707019333166
2015-05-18,4.640141666666668,-0.3639181787851685,1.545776512118501
2015-05-19,4.6335305555555575,-0.3776845560999835,2.22748733387776
2015-05-20,4.624023611111113,-0.3483911764703538,2.611367565359241
2015-05-21,4.613380555555557,-0.2895741162851687,2.7305268940629452
2015-05-22,4.6051430555555575,-0.31731783156294635,2.7928414426740567
2015-05-23,4.5980958333333355,-0.2966407135073909,2.7832115468407235
2015-05-24,4.58848888888889,-0.29173550517405755,2.787579949618501
2015-05-25,4.579625000000001,-0.23469192878516856,2.881733595451836
2015-05-26,4.572061111111113,-0.14897896582220566,2.8129178547110945
2015-05-27,4.565283333333335,-0.06844585239627972,2.5958291857296127
2015-05-28,4.5569402777777785,-0.01862322508146481,2.502349613970354
2015-05-29,4.538552777777779,-0.03530623434072408,2.497420123229613
2015-05-30,4.512552777777779,-0.029864046840724114,2.29364460239628
2015-05-31,4.48845138888889,-0.06775380378516854,1.2633024148962793
2015-06-01,4.4630375,0.03105302233589053,0.8245761443307779
2015-06-02,4.435179166666668,0.0305050310594902,0.7283158022738437
2015-06-03,4.406665277777779,0.03686623399796589,0.678468488224257
2015-06-04,4.376412500000001,0.06685749891991248,0.4327300010800889
2015-06-05,4.346479166666668,0.08326047183084001,0.12026036150249403
2015-06-06,4.317023611111113,0.11941637173901258,0.22356001714987578
2015-06-07,4.287100000000001,0.1470528386811614,-0.21048617201449374
2015-06-08,4.256698611111112,0.18256469588960944,-0.09159664033405357
2015-06-09,4.226618055555557,0.18891858707418244,-0.06286997596307145
2015-06-10,4.199577777777779,0.17629473491623948,-0.007872512694017897
2015-06-11,4.175816666666668,0.15251257238180407,0.053337427618194905
2015-06-12,4.152690277777779,0.07848643601816786,0.6718232862040552
2015-06-13,4.129993055555557,-0.0004612682977183022,1.1608015460754957
2015-06-14,4.1098805555555575,0.040701587533319324,-0.31358214308887533
2015-06-15,4.093861111111113,0.04912748285012372,-0.17298859396123537
2015-06-16,4.081916666666668,0.025421261546175113,-0.037671261546174985
2015-06-17,4.07090138888889,0.020818678901546983,-0.06772006779043527
2015-06-18,4.058472222222224,-0.02905082293500033,0.04657860071277792
2015-06-19,4.049883333333335,-0.05023497123619397,-0.24764836209713909
2015-06-20,4.045483333333335,-0.09321372467972029,-0.2506029419869468
2015-06-21,4.041120833333335,-0.09599717279725936,-0.2161236605360747
2015-06-22,4.036944444444446,-0.05596561861911424,0.10202117417466953
2015-06-23,4.03407638888889,-0.036045669124164875,0.20163594690194334
2015-06-24,4.032393055555557,-0.05386257683766328,-0.02986381205122622
2015-06-25,4.033362500000002,-0.1373418008964328,-0.08102069910356721
2015-06-26,4.035175000000001,-0.1732937866631913,-0.04721454667014133
2015-06-27,4.038144444444446,-0.1762693720626403,0.016124927618195645
2015-06-28,4.051063888888891,-0.12374578390837038,-0.06765143831385229
2015-06-29,4.071483333333335,-0.15041892440423824,-0.062397742262429085
2015-06-30,4.088302777777779,-0.1636749390966165,-0.10862783868116105
2015-07-01,4.103423611111113,-0.14779169759064778,-0.13963191352046414
2015-07-02,4.119533333333335,-0.09885666545107002,-0.0563433345489302
2015-07-03,4.13733888888889,-0.06195531099744281,-0.11105024455811283
2015-07-04,4.1576319444444465,-0.08742179400938063,-0.10521015043506468
2015-07-05,4.1767263888888895,-0.14205875452361366,0.026332365634725907
2015-07-06,4.19551388888889,-0.1620991356071766,-0.08141475328171222
2015-07-07,4.213422222222223,-0.16617248271461468,0.014416927159059706
2015-07-08,4.229836111111112,-0.15237648868339332,-0.16912628909438415
2015-07-09,4.245797222222223,-0.1598384377192059,-0.1829587845030161
2015-07-10,4.258716666666668,-0.17182070355942644,-0.19956262977390718
2015-07-11,4.268355555555557,-0.1790689703179204,-0.21561991857096868
2015-07-12,4.2793277777777785,-0.134339849564936,-0.7709879282128407
2015-07-13,4.291159722222224,-0.09532976003325565,-1.4538299621889663
2015-07-14,4.2923236111111125,-0.05826592853646957,-2.0897243492413082
2015-07-15,4.286880555555557,-0.014703061227011285,-2.260844160995211
2015-07-16,4.283673611111112,-0.04287351577246585,-2.3291334286719785
2015-07-17,4.281394444444446,0.022996169718810612,-2.0463906141632555
2015-07-18,4.280969444444446,0.06259709947087659,-2.6378998772486546
2015-07-19,4.281512500000002,0.10803479460402632,-2.522213961270693
2015-07-20,4.284027777777779,0.11858051315315392,-2.6522749575975983
2015-07-21,4.287806944444446,0.11405079552230005,-2.6525244066334115
2015-07-22,4.291697222222224,0.026241635742685704,-2.9112721912982416
2015-07-23,4.2955611111111125,-0.00823790971185972,-2.985656534732584
2015-07-24,4.299756944444447,-0.045008949656763206,-2.507081328121015
2015-07-25,4.3027000000000015,0.04795500810264902,-2.6009883414359827
2015-07-26,4.304623611111113,0.12849352968207972,-2.369783807459858
2015-07-27,4.307348611111113,0.17538977623855362,-2.4830717206829984
2015-07-28,4.310456944444446,0.27971549937904944,-2.5778391104901606
2015-07-29,4.3146666666666675,0.3635488212339622,-2.5572154879006286
2015-07-30,4.324408333333335,0.4040260939612349,-2.605101093961235
2015-07-31,4.340273611111112,0.3788453891862119,-2.4351190002973224
2015-08-01,4.358215277777779,0.37963133510372027,-2.310179946214831
2015-08-02,4.3755708333333345,0.33544477260372035,-2.2813489392703867
2015-08-03,4.395861111111112,0.3643367749185351,-2.3311978860296456
2015-08-04,4.42311388888889,0.514807388344461,-2.3882546105666833
2015-08-05,4.45256388888889,0.5376305827889055,-2.4408611383444607
2015-08-06,4.482681944444446,0.4949600272333499,-2.5409753050111274
2015-08-07,4.514395833333335,0.49662098788149794,-2.5756834878814985
2015-08-08,4.546744444444446,0.47570971473334994,-2.508787492511128
2015-08-09,4.579436111111113,0.5283973073259426,-1.9291667517703872
2015-08-10,4.6120486111111125,0.5651246105666834,-1.862506555011128
2015-08-11,4.640327777777779,0.5455026776963129,-1.8708304554740902
2015-08-12,4.662677777777779,0.5103209184370536,-1.8596653628814974
2015-08-13,4.689136111111113,0.43731462214075734,-1.4581173999185348
2015-08-14,4.719134722222224,0.42783646241853507,-1.0533045179740905
2015-08-15,4.745470833333334,0.41578625408520165,-0.23459042075186798
2015-08-16,4.770466666666668,0.3136183952889055,-0.41675172862223947
2015-08-17,4.792033333333334,0.33642587214075753,-0.49445920547409056
2015-08-18,4.805300000000001,0.28234751565927585,0.19768581767405813
2015-08-19,4.813247222222223,0.2558598420481646,0.23655960239628016
2015-08-20,4.820273611111112,0.29264128880742396,0.14075176674813233
2015-08-21,4.825480555555557,0.32368025871483147,0.08883918572961297
2015-08-22,4.828715277777779,0.3322542401963129,0.06669714869257648
2015-08-23,4.82969027777778,0.3316346568629795,0.0700083986925753
2015-08-24,4.828340277777779,0.24482230732594254,0.7981707482296132
2015-08-25,4.826437500000001,0.11616522399260916,0.6183972760073917
2015-08-26,4.824270833333335,0.022069471677794328,0.7146596949888724
2015-08-27,4.821916666666668,-0.1206328315629463,0.8470494982296126
2015-08-28,4.8197027777777794,-0.18902258850739087,0.8089864773962798
2015-08-29,4.819809722222224,-0.2039141047110945,0.8214377158222067
2015-08-30,4.822243055555557,-0.27291434776665,0.7273379588777613
2015-08-31,4.824097222222224,-0.3051572181370204,0.46572666258146495
2015-09-01,4.825286111111113,-0.2999337806370204,0.8059810028592411
2015-09-02,4.8229402777777794,-0.33445717184072404,0.9555168940629464
2015-09-03,4.813706944444446,-0.44370401211850197,1.201997067674057
2015-09-04,4.801356944444446,-0.4828114426740575,1.3711211648962787
2015-09-05,4.788798611111114,-0.46414806304442785,1.475349451933315
2015-09-06,4.775666666666669,-0.5173540352666499,1.5420207019333165
2015-09-07,4.762022222222224,-0.4947984681370205,1.454776245914799
2015-09-08,4.7480375000000015,-0.5233943940629464,0.8323568940629462
2015-09-09,4.734133333333335,-0.5328582945259094,0.7197249611925763
2015-09-10,4.722325000000001,-0.4915492435999834,1.1648909102666498
2015-09-11,4.715225000000002,-0.41680228758146504,1.0959106209147977
2015-09-12,4.713181944444445,-0.4217763385073909,0.8432610607296147
2015-09-13,4.711050000000002,-0.46663122276665014,1.5922478894333167
2015-09-14,4.7064625000000015,-0.4026943130444278,1.040898479711094
2015-09-15,4.698473611111112,-0.3639181787851685,1.4194445676740588
2015-09-16,4.689244444444446,-0.3776845560999835,2.1377734449888717
2015-09-17,4.681415277777779,-0.3483911764703538,2.718309232025909
2015-09-18,4.672144444444445,-0.2895741162851687,3.111096338507392
2015-09-19,4.662244444444446,-0.31731783156294635,3.2034067204518353
2015-09-20,4.653847222222224,-0.2966407135073909,3.1934601579518356
2015-09-21,4.655037500000001,-0.29173550517405755,3.182364671840724
2015-09-22,4.663169444444446,-0.23469192878516856,3.343855817674058
2015-09-23,4.670608333333335,-0.14897896582220566,2.8750372991555384
2015-09-24,4.677184722222224,-0.06844585239627972,2.784927796840725
2015-09-25,4.682750000000002,-0.01862322508146481,2.7295398917481317
2015-09-26,4.6901583333333345,-0.03530623434072408,2.7388145676740585
2015-09-27,4.699211111111113,-0.029864046840724114,2.72431960239628
2015-09-28,4.706226388888891,-0.06775380378516854,2.7661940815629458
2015-09-29,4.7106319444444456,0.03105302233589053,2.6639816998863317
2015-09-30,4.7141680555555565,0.0305050310594902,2.6683269133849543
2015-10-01,4.717331944444446,0.03686623399796589,2.3141351548909226
2015-10-02,4.72060138888889,0.06685749891991248,3.011874445524532
2015-10-03,4.72345138888889,0.08326047183084001,3.3606214726136057
2015-10-04,4.725743055555556,0.11941637173901258,3.2655072393721
2015-10-05,4.728448611111112,0.1470528386811614,3.1258318835410597
2015-10-06,4.731629166666668,0.18256469588960944,3.2671394707770576
2015-10-07,4.73448888888889,0.18891858707418244,3.359259190703595
2015-10-08,4.73425138888889,0.17629473491623948,3.373453876194871
2015-10-09,4.730704166666667,0.15251257238180407,3.409449927618196
2015-10-10,4.727218055555557,0.07848643601816786,2.9732955084262755
2015-10-11,4.724340277777779,-0.0004612682977183022,3.0544543238532733
2015-10-12,4.719991666666668,0.040701587533319324,2.9383067458000136
2015-10-13,4.712391666666668,0.04912748285012372,2.546147517149876
2015-10-14,4.699548611111113,0.025421261546175113,2.327696794009379
2015-10-15,4.6843166666666685,0.020818678901546983,2.3348646544317866
2015-10-16,4.670512500000002,-0.02905082293500033,1.594538322935
2015-10-17,4.654855555555557,-0.05023497123619397,0.17137941568063803
2015-10-18,4.636898611111112,-0.09321372467972029,0.04131511356860969
2015-10-19,4.619058333333335,-0.09599717279725936,0.008938839463925236
2015-10-20,4.601422222222224,-0.05596561861911424,-0.015789936936442442
2015-10-21,4.576173611111113,-0.036045669124164875,-0.01079460865361323
2015-10-22,4.54259027777778,-0.05386257683766328,-0.6357277009401152
2015-10-23,4.505152777777779,-0.1373418008964328,-0.7811443102146783
2015-10-24,4.465890277777779,-0.1732937866631913,-0.7062631577812531
2015-10-25,4.427890277777779,-0.1762693720626403,-0.6652875723818039
2015-10-26,4.388312500000001,-0.12374578390837038,-0.678233382758296
2015-10-27,4.347030555555557,-0.15041892440423824,-0.5959449644846511
2015-10-28,4.30560138888889,-0.1636749390966165,-0.04225978312560602
2015-10-29,4.264583333333334,-0.14779169759064778,-0.00045830240935221256
2015-10-30,4.224979166666667,-0.09885666545107002,-0.017122501215596497
2015-10-31,4.184912500000001,-0.06195531099744281,-0.017957189002557022
2015-11-01,4.1429791666666675,-0.08742179400938063,-0.7942240393239526
2015-11-02,4.1001416666666675,-0.14205875452361366,-1.4094162454763859
2015-11-03,4.057019444444445,-0.1620991356071766,-1.3945869755039335
2015-11-04,4.014515277777779,-0.16617248271461468,-1.3490094617298294
2015-11-05,3.972748611111113,-0.15237648868339332,-1.501372122427718
2015-11-06,3.9320986111111127,-0.1598384377192059,-1.5545935067252388
2015-11-07,3.89522638888889,-0.17182070355942644,-1.5070723519961284
2015-11-08,3.863205555555557,-0.1790689703179204,-1.4764699185709682
2015-11-09,3.8306875000000016,-0.134339849564936,-1.490347650435064
2015-11-10,3.7962916666666677,-0.09532976003325565,-1.4949619066334103
2015-11-11,3.7650750000000013,-0.05826592853646957,-1.51680907146353
2015-11-12,3.735481944444446,-0.014703061227011285,-2.2667788832174334
2015-11-13,3.708318055555557,-0.04287351577246585,-2.29744453978309
2015-11-14,3.683286111111112,0.022996169718810612,-2.8219489474965878
2015-11-15,3.654241666666668,0.06259709947087659,-2.8525054328042097
2015-11-16,3.6199430555555567,0.10803479460402632,-2.8983111834929147
2015-11-17,3.581991666666668,0.11858051315315392,-3.1375721798198204
2015-11-18,3.5432569444444457,0.11405079552230005,-3.096641073300078
2015-11-19,3.5047500000000014,0.026241635742685704,-2.9509916357426857
2015-11-20,3.466268055555557,-0.00823790971185972,-1.0440301458436958
2015-11-21,3.4272236111111125,-0.045008949656763206,-0.7952146614543474
2015-11-22,3.389147222222223,0.04795500810264902,-0.741435563658204
2015-11-23,3.3527208333333345,0.12849352968207972,-0.785547696348746
2015-11-24,3.3165402777777793,0.17538977623855362,-0.7889300540163313
2015-11-25,3.2805222222222237,0.27971549937904944,-0.47323772160127114
2015-11-26,3.2445097222222237,0.3635488212339622,-0.38905854345618424
2015-11-27,3.208455555555557,0.4040260939612349,-0.90348164951679
2015-11-28,3.17235138888889,0.3788453891862119,-0.7955301114084335
2015-11-29,3.1362208333333346,0.37963133510372027,-0.7111855017703866
2015-11-30,3.101512500000001,0.33544477260372035,-0.6249572726037198
2015-12-01,3.0675805555555566,0.3643367749185351,-0.6005839971407572
2015-12-02,3.035294444444446,0.514807388344461,-0.7187684994555725
2015-12-03,3.0048416666666684,0.5376305827889055,-0.7248055827889058
2015-12-04,2.97351388888889,0.4949600272333499,-0.6508072494555719
2015-12-05,2.9423625000000015,0.49662098788149794,-0.6213168212148314
2015-12-06,2.9144722222222237,0.47570971473334994,-0.5725152702889056
2015-12-07,2.889166666666668,0.5283973073259426,-0.5998973073259425
2015-12-08,2.862918055555557,0.5651246105666834,-0.6037093327889056
2015-12-09,2.8397597222222233,0.5455026776963129,-0.41659573325186783
2015-12-10,2.8203875000000016,0.5103209184370536,-0.3617084184370536
2015-12-11,2.800650000000001,0.43731462214075734,-0.26896462214075667
2015-12-12,2.780666666666668,0.42783646241853507,-0.2395031290852016
2015-12-13,2.7603027777777793,0.41578625408520165,-0.20708903186297933
2015-12-14,2.7399763888888904,0.3136183952889055,-0.08426145084446052
2015-12-15,2.72377638888889,0.33642587214075753,-0.041202261029646026
2015-12-16,2.717393055555557,0.28234751565927585,0.14292609545183543
2015-12-17,2.717243055555557,0.2558598420481646,0.16556376906294634
2015-12-18,2.717044444444446,0.29264128880742396,0.12931426674813146
2015-12-19,2.7169250000000016,0.32368025871483147,0.07939474128516882
2015-12-20,2.7172930555555572,0.3322542401963129,-1.7635472957518685
2015-12-21,2.720743055555557,0.3316346568629795,-1.939377712418535
2015-12-22,2.731584722222224,0.24482230732594254,-1.9717403628814982
2015-12-23,2.7468791666666683,0.11616522399260916,-1.8583777239926091
2015-12-24,2.762568055555557,0.022069471677794328,-1.7873041939000163
2015-12-25,2.7799263888888905,-0.1206328315629463,-2.0459602239926094
2015-12-26,2.7985041666666683,-0.18902258850739087,-2.142481578159276
2015-12-27,2.8157625000000017,-0.2039141047110945,-2.1448483952889057
2015-12-28,2.8318583333333347,-0.27291434776665,-2.156277318900016
2015-12-29,2.848891666666668,-0.3051572181370204,-2.1900677818629797
2015-12-30,2.8677986111111125,-0.2999337806370204,-2.221531497140757
2015-12-31,2.889870833333335,-0.33445717184072404,-2.1904136614926095
2016-01-01,2.9135236111111125,-0.44370401211850197,-2.0998195989926085
2016-01-02,2.9379555555555568,-0.4828114426740575,-1.9128107795481644
2016-01-03,2.9646027777777793,-0.46414806304442785,-1.7541213814000163
2016-01-04,2.9916180555555574,-0.5173540352666499,-1.6442640202889056
2016-01-05,3.018647222222224,-0.4947984681370205,-1.5875154207518682
2016-01-06,3.0464166666666683,-0.5233943940629464,-1.529688939270387
2016-01-07,3.073895833333335,-0.5328582945259094,-1.2413708721407573
2016-01-08,3.0990236111111127,-0.4915492435999834,-1.3948077008444608
2016-01-09,3.1219125000000014,-0.41680228758146504,-1.3827768790852015
2016-01-10,3.143473611111113,-0.4217763385073909,-1.0070306059370537
2016-01-11,3.1669083333333345,-0.46663122276665014,-0.5459437772333494
2016-01-12,3.1935388888888907,-0.4026943130444278,-0.28317790917779484
2016-01-13,3.221833333333335,-0.3639181787851685,-0.2745818212148311
2016-01-14,3.2507041666666683,-0.3776845560999835,-0.22368627723334966
2016-01-15,3.2791125000000014,-0.3483911764703538,-0.3110546568629795
2016-01-16,3.3090236111111127,-0.2895741162851687,-0.20244949482594243
2016-01-17,3.340080555555557,-0.31731783156294635,-0.09409605732594284
2016-01-18,3.370750000000002,-0.2966407135073909,-0.14544261982594225
2016-01-19,3.393205555555557,-0.29173550517405755,-0.16947005038149787
2016-01-20,3.4066750000000017,-0.23469192878516856,-0.1566497378814979
2016-01-21,3.415158333333335,-0.14897896582220566,-0.2508460341777942
2016-01-22,3.4197750000000013,-0.06844585239627972,-0.31866248093705324
2016-01-23,3.423790277777779,-0.01862322508146481,-0.3338337193629793
2016-01-24,3.4243986111111124,-0.03530623434072408,-0.3174257101037202
2016-01-25,3.422590277777779,-0.029864046840724114,-0.32005956427038645
2016-01-26,3.422568055555557,-0.06775380378516854,-0.2821475851037201
2016-01-27,3.4238500000000016,0.03105302233589053,-0.3822363556692237
2016-01-28,3.424141666666668,0.0305050310594902,-0.3799800310594902
2016-01-29,3.4226041666666682,0.03686623399796589,-0.3828037339979657
2016-01-30,3.4199861111111125,0.06685749891991248,0.16048972330230987
2016-01-31,3.4180930555555573,0.08326047183084001,1.0693131392802704
2016-02-01,3.4161513888888906,0.11941637173901258,0.8630989060387658
2016-02-02,3.412334722222224,0.1470528386811614,0.6352791057632832
2016-02-03,3.407934722222224,0.18256469588960944,0.9211672485548352
2016-02-04,3.4020250000000014,0.18891858707418244,1.6677230795924844
2016-02-05,3.394840277777779,0.17629473491623948,1.6635316539726501
2016-02-06,3.3883375000000013,0.15251257238180407,1.5014832609515298
2016-02-07,3.3823291666666684,0.07848643601816786,2.0105177306484983
2016-02-08,3.379586111111113,-0.0004612682977183022,2.0575418238532737
2016-02-09,3.379731944444446,0.040701587533319324,1.883233134688904
2016-02-10,3.379920833333335,0.04912748285012372,1.477951683816543
2016-02-11,3.380483333333335,0.025421261546175113,1.1600954051204915
2016-02-12,3.381836111111113,0.020818678901546983,1.2456785433206752
2016-02-13,3.385691666666668,-0.02905082293500033,1.3830258229350005
2016-02-14,3.3907236111111123,-0.05023497123619397,1.3998446934584166
2016-02-15,3.395681944444446,-0.09321372467972029,1.2821984469019423
2016-02-16,3.404729166666668,-0.09599717279725936,1.1759346727972595
2016-02-17,3.4213166666666686,-0.05596561861911424,1.1829822852857803
2016-02-18,3.451731944444446,-0.036045669124164875,1.183313724679721
2016-02-19,3.492437500000001,-0.05386257683766328,1.1727584101709974
2016-02-20,3.5343430555555573,-0.1373418008964328,2.03333207867421
2016-02-21,3.5767013888888903,-0.1732937866631913,2.0099257311076366
2016-02-22,3.619655555555557,-0.1762693720626403,2.0812804831737526
2016-02-23,3.665881944444446,-0.12374578390837038,2.271863839463926
2016-02-24,3.7155722222222236,-0.15041892440423824,2.2665133688486825
2016-02-25,3.7661416666666683,-0.1636749390966165,2.4081999390966162
2016-02-26,3.8175527777777796,-0.14779169759064778,2.3985722531462024
2016-02-27,3.8699319444444464,-0.09885666545107002,2.4739247210066244
2016-02-28,3.9223638888888903,-0.06195531099744281,2.646258088775221
2016-02-29,3.9735416666666685,-0.08742179400938063,2.270880127342713
2016-03-01,4.024147222222224,-0.14205875452361366,1.4475781989680578
2016-03-02,4.07571527777778,-0.1620991356071766,1.6693838578293985
2016-03-03,4.126984722222224,-0.16617248271461468,1.8511877604923932
2016-03-04,4.17754027777778,-0.15237648868339332,1.4648362109056146
2016-03-05,4.2258263888888905,-0.1598384377192059,1.4676787154969833
2016-03-06,4.27070277777778,-0.17182070355942644,1.4661179257816477
2016-03-07,4.313048611111113,-0.1790689703179204,1.320020359206809
2016-03-08,4.353230555555557,-0.134339849564936,0.7714426273427137
2016-03-09,4.389506944444447,-0.09532976003325565,0.6208228155888105
2016-03-10,4.421241666666669,-0.05826592853646957,0.29269092853646855
2016-03-11,4.450151388888891,-0.014703061227011285,0.17721833900478892
2016-03-12,4.477558333333334,-0.04287351577246585,0.16598184910579944
2016-03-13,4.508681944444446,0.022996169718810612,-0.08934478082992217
2016-03-14,4.542297222222224,0.06259709947087659,-0.36956098835976586
2016-03-15,4.575670833333335,0.10803479460402632,-0.4070389612706935
2016-03-16,4.608312500000002,0.11858051315315392,-0.4322263464864871
2016-03-17,4.635723611111112,0.11405079552230005,-0.46710773996674404
2016-03-18,4.655472222222224,0.026241635742685704,-0.46304719129824157
2016-03-19,4.670020833333335,-0.00823790971185972,-0.49711625695480705
2016-03-20,4.684218055555557,-0.045008949656763206,-0.5702091058987921
2016-03-21,4.6990597222222235,0.04795500810264902,-1.4973480636582044
2016-03-22,4.7138291666666685,0.12849352968207972,-1.5926560296820798
2016-03-23,4.73100138888889,0.17538977623855362,-1.7937244984607752
2016-03-24,4.7525069444444465,0.27971549937904944,-2.2088891104901607
2016-03-25,4.774719444444446,0.3635488212339622,-2.08960159901174
2016-03-26,4.795670833333335,0.4040260939612349,-2.3256969272945685
2016-03-27,4.815688888888891,0.3788453891862119,-2.2962009447417677
2016-03-28,4.834823611111113,0.37963133510372027,-2.482454946214831
2016-03-29,4.855047222222224,0.33544477260372035,-2.674825328159276
2016-03-30,4.87646527777778,0.3643367749185351,-2.74146871936298
2016-03-31,4.892701388888891,0.514807388344461,-2.69850877723335
2016-04-01,4.903406944444446,0.5376305827889055,-2.9670375272333493
2016-04-02,4.914711111111113,0.4949600272333499,-3.164337805011128
2016-04-03,4.924775000000002,0.49662098788149794,-3.0873959878814983
2016-04-04,4.930311111111113,0.47570971473334994,-3.523020825844461
2016-04-05,4.933697222222224,0.5283973073259426,-3.434094529548165
2016-04-06,4.938195833333335,0.5651246105666834,-3.4499871105666835
2016-04-07,4.942256944444446,0.5455026776963129,-3.19009295547409
2016-04-08,4.945216666666669,0.5103209184370536,-2.473870918437054
2016-04-09,4.9491666666666685,0.43731462214075734,-2.3951479554740907
2016-04-10,4.955681944444446,0.42783646241853507,-2.39151840686298
2016-04-11,4.964600000000001,0.41578625408520165,-2.2993862540852006
2016-04-12,4.969948611111112,0.3136183952889055,-2.1015670064000163
2016-04-13,4.969637500000001,0.33642587214075753,-1.5743967054740904
2016-04-14,4.967304166666668,0.28234751565927585,-1.6119850156592759
2016-04-15,4.96563888888889,0.2558598420481646,-1.3878320642703863
2016-04-16,4.968183333333334,0.29264128880742396,-0.6454912888074222
2016-04-17,4.984847222222223,0.32368025871483147,0.31613918572961436
2016-04-18,5.011755555555557,0.3322542401963129,0.7369902042481322
2016-04-19,5.037148611111112,0.3316346568629795,0.7185500653592436
2016-04-20,5.05863888888889,0.24482230732594254,0.7842054704518358
2016-04-21,5.077166666666669,0.11616522399260916,0.8943347760073903
2016-04-22,5.092326388888891,0.022069471677794328,1.1089374727666494
2016-04-23,5.099669444444446,-0.1206328315629463,1.5026300537851685
2016-04-24,5.102748611111113,-0.18902258850739087,1.6106073107296126
2016-04-25,5.105004166666668,-0.2039141047110945,1.6452432713777614
2016-04-26,5.107516666666668,-0.27291434776665,1.8273976810999846
2016-04-27,5.1104472222222235,-0.3051572181370204,1.8600433292481324
2016-04-28,5.110587500000002,-0.2999337806370204,1.8076796139703533
2016-04-29,5.107512500000001,-0.33445717184072404,1.6026113385073912
2016-04-30,5.106872222222224,-0.44370401211850197,1.8414984565629462
2016-05-01,5.108730555555557,-0.4828114426740575,2.158080887118502
2016-05-02,5.108575000000002,-0.46414806304442785,2.1649063963777615
2016-05-03,5.109059722222224,-0.5173540352666499,2.3086276463777615
2016-05-04,5.110387500000002,-0.4947984681370205,1.839077634803687
2016-05-05,5.11054027777778,-0.5233943940629464,1.6581874496185014
2016-05-06,5.111150000000001,-0.5328582945259094,1.6323749611925757
2016-05-07,5.113934722222224,-0.4915492435999834,1.3229478547110944
2016-05-08,5.118272222222224,-0.41680228758146504,0.5945300653592422
2016-05-09,5.123291666666668,-0.4217763385073909,0.6558180051740572
2016-05-10,5.128547222222224,-0.46663122276665014,0.7880840005444282
2016-05-11,5.132702777777779,-0.4026943130444278,1.0596582019333167
2016-05-12,5.137925000000001,-0.3639181787851685,1.9969931787851691
2016-05-13,5.14800138888889,-0.3776845560999835,1.7590165005444292
2016-05-14,5.162650000000001,-0.3483911764703538,1.935074509803688
2016-05-15,5.1785513888888905,-0.2895741162851687,1.6323560607296135
2016-05-16,5.1914097222222235,-0.31731783156294635,0.9289081093407245
2016-05-17,5.19038888888889,-0.2966407135073909,-0.09974817538149777
2016-05-18,5.178219444444446,-0.29173550517405755,-0.32815060593705314
2016-05-19,5.16598888888889,-0.23469192878516856,-0.13496362677038662
2016-05-20,5.15699027777778,-0.14897896582220566,-0.21167797862223842
2016-05-21,5.1512222222222235,-0.06844585239627972,-0.2864430364926089
2016-05-22,5.146234722222223,-0.01862322508146481,0.30138850285924373
2016-05-23,5.146300000000002,-0.03530623434072408,0.7643395676740569
2016-05-24,5.150100000000002,-0.029864046840724114,0.47976404684072455
2016-05-25,5.154402777777779,-0.06775380378516854,0.4870176926740581
2016-05-26,5.158654166666668,0.03105302233589053,0.18629281099744327
2016-05-27,5.162366666666667,0.0305050310594902,0.17079496894051138
2016-05-28,5.167856944444446,0.03686623399796589,0.43661015489092386
2016-05-29,5.174719444444445,0.06685749891991248,0.9814230566356439
2016-05-30,5.180415277777779,0.08326047183084001,0.6279909170580489
2016-05-31,5.185497222222223,0.11941637173901258,0.3420864060387668
2016-06-01,5.193933333333335,0.1470528386811614,0.31834716131883933
2016-06-02,5.204098611111112,0.18256469588960944,0.07567002633261377
2016-06-03,5.215186111111112,0.18891858707418244,0.23256196848137364
2016-06-04,5.227556944444446,0.17629473491623948,0.26548165397265044
2016-06-05,5.24202638888889,0.15251257238180407,0.2927943720626399
2016-06-06,5.259193055555556,0.07848643601816786,0.4633205084262777
2016-06-07,5.273506944444446,-0.0004612682977183022,0.5442876571866075
2016-06-08,5.2849111111111124,0.040701587533319324,0.5453873013555696
2016-06-09,5.296283333333335,0.04912748285012372,0.5579225171498764
2016-06-10,5.30826388888889,0.025421261546175113,0.3763148495649377
2016-06-11,5.319294444444446,0.020818678901546983,-0.5521131233459917
2016-06-12,5.3241569444444465,-0.02905082293500033,-0.7697727881761112
2016-06-13,5.3225305555555575,-0.05023497123619397,-0.877628917652695
2016-06-14,5.3177625000000015,-0.09321372467972029,-0.6938821086536134
2016-06-15,5.308722222222224,-0.09599717279725936,-0.06339171609163011
2016-06-16,5.293618055555557,-0.05596561861911424,2.645347563063559
2016-06-17,5.27370138888889,-0.036045669124164875,2.48467761356861
2016-06-18,5.252730555555557,-0.05386257683766328,2.383465354615442
2016-06-19,5.233830555555557,-0.1373418008964328,2.5205112453408773
2016-06-20,5.216126388888891,-0.1732937866631913,2.630500731107635
2016-06-21,5.198065277777779,-0.1762693720626403,1.8812040942848633
2016-06-22,5.175802777777779,-0.12374578390837038,1.1459430061305935
2016-06-23,5.148880555555557,-0.15041892440423824,1.1882050355153493
2016-06-24,5.120931944444447,-0.1636749390966165,1.2397429946521716
2016-06-25,5.091844444444447,-0.14779169759064778,1.5409472531462023
2016-06-26,5.061983333333335,-0.09885666545107002,1.5685399987844033
2016-06-27,5.031912500000002,-0.06195531099744281,1.2837094776641098
2016-06-28,5.002645833333336,-0.08742179400938063,0.7567759606760462
2016-06-29,4.973923611111113,-0.14205875452361366,0.8291351434125029
2016-06-30,4.944030555555557,-0.1620991356071766,0.9157352467182882
2016-07-01,4.911559722222224,-0.16617248271461468,0.9146127604923919
2016-07-02,4.876931944444446,-0.15237648868339332,1.0337778775722828
2016-07-03,4.843831944444446,-0.1598384377192059,0.9000064932747622
2016-07-04,4.813454166666668,-0.17182070355942644,0.9096998702260931
2016-07-05,4.780947222222224,-0.1790689703179204,1.012121748095699
2016-07-06,4.749315277777779,-0.134339849564936,0.8836912384538258
2016-07-07,4.727675000000001,-0.09532976003325565,0.8153214266999227
2016-07-08,4.711897222222223,-0.05826592853646957,0.6740353729809146
2016-07-09,4.695447222222224,-0.014703061227011285,0.5212558390047887
2016-07-10,4.676037500000002,-0.04287351577246585,0.3755026824391328
2016-07-11,4.649275000000001,0.022996169718810612,0.6153954969478574
2016-07-12,4.620619444444446,0.06259709947087659,1.1251167894180125
2016-07-13,4.59446527777778,0.10803479460402632,1.5168332609515296
2016-07-14,4.568855555555558,0.11858051315315392,1.4808972646246237
2016-07-15,4.546887500000002,0.11405079552230005,0.8340617044776997
2016-07-16,4.531200000000002,0.026241635742685704,-1.7961083024093525
2016-07-17,4.52312777777778,-0.00823790971185972,-1.8135565347325844
2016-07-18,4.517931944444446,-0.045008949656763206,-1.8759229947876812
2016-07-19,4.510434722222224,0.04795500810264902,-1.9963897303248712
2016-07-20,4.50255277777778,0.12849352968207972,-2.0780463074598576
2016-07-21,4.492284722222224,0.17538977623855362,-2.0553411651274427
2016-07-22,4.477312500000002,0.27971549937904944,-1.4176946660457161
2016-07-23,4.4619500000000025,0.3635488212339622,-1.3808321545672964
2016-07-24,4.447848611111113,0.4040260939612349,-1.3412080384056795
2016-07-25,4.434680555555557,0.3788453891862119,-1.5315259447417668
2016-07-26,4.422387500000003,0.37963133510372027,-1.5626855017703876
2016-07-27,4.40898888888889,0.33544477260372035,-1.418433661492609
2016-07-28,4.3922958333333355,0.3643367749185351,-1.420632608251869
2016-07-29,4.374905555555557,0.514807388344461,-1.6503796105666828
2016-07-30,4.359498611111112,0.5376305827889055,-1.7337958605666826
2016-07-31,4.344569444444446,0.4949600272333499,-1.2588628050111275
2016-08-01,4.330280555555557,0.49662098788149794,-1.38856821010372
2016-08-02,4.316129166666668,0.47570971473334994,-1.3521722147333497
2016-08-03,4.302108333333335,0.5283973073259426,-1.3901723073259422
2016-08-04,4.2887111111111125,0.5651246105666834,-0.7401690550111271
2016-08-05,4.270981944444446,0.5455026776963129,-0.4591512888074242
2016-08-06,4.24551527777778,0.5103209184370536,-0.3985028628814984
2016-08-07,4.216344444444445,0.43731462214075734,-0.30099239991853377
2016-08-08,4.186815277777779,0.42783646241853507,-0.2546517401963117
2016-08-09,4.158040277777779,0.41578625408520165,0.01450680147035388
2016-08-10,4.134256944444446,0.3136183952889055,-0.12587533973334958
2016-08-11,4.113909722222224,0.33642587214075753,-0.691668927696313
2016-08-12,4.093093055555557,0.28234751565927585,-1.1551072378814977
2016-08-13,4.0718972222222245,0.2558598420481646,-1.2210903976037208
2016-08-14,4.047825000000001,0.29264128880742396,-1.1677996221407567
2016-08-15,4.014713888888891,0.32368025871483147,-0.8960608142703872
2016-08-16,3.9726152777777797,0.3322542401963129,-0.8215361846407578
2016-08-17,3.9282986111111127,0.3316346568629795,-0.6079332679740908
2016-08-18,3.8839652777777793,0.24482230732594254,-0.14178758510372044
2016-08-19,3.838786111111113,0.11616522399260916,-0.015618001770386594
2016-08-20,3.7962555555555575,0.022069471677794328,0.21867497276664988
2016-08-21,3.759729166666668,-0.1206328315629463,-0.31409633510371987
2016-08-22,3.7258430555555573,-0.18902258850739087,-0.31715380038149776
2016-08-23,3.692000000000002,-0.2039141047110945,-0.34475256195557213
2016-08-24,3.656995833333335,-0.27291434776665,-0.3000814855666831
2016-08-25,3.621112500000002,-0.3051572181370204,-0.23928861519631311
2016-08-26,3.5877444444444464,-0.2999337806370204,-0.297810663807424
2016-08-27,3.5598930555555572,-0.33445717184072404,-0.245435883714831
2016-08-28,3.5351555555555576,-0.44370401211850197,-0.08445154343705374
2016-08-29,3.5101361111111133,-0.4828114426740575,0.08000866489627945
2016-08-30,3.485120833333335,-0.46414806304442785,-0.3279727702889053
2016-08-31,3.4598416666666685,-0.5173540352666499,-0.23648763140001683
2016-09-01,3.4347069444444465,-0.4947984681370205,-0.23490847630742456
2016-09-02,3.4094402777777795,-0.5233943940629464,-0.1817125503814978
2016-09-03,3.3833847222222238,-0.5328582945259094,-0.9005264276963124
2016-09-04,3.3577375000000016,-0.4915492435999834,-0.2518549230666832
2016-09-05,3.3329152777777793,-0.41680228758146504,0.517220343137021
2016-09-06,3.3099611111111127,-0.4217763385073909,0.5451485607296136
2016-09-07,3.289943055555557,-0.46663122276665014,0.602688167211095
2016-09-08,3.2720972222222233,-0.4026943130444278,0.2859304241555398
2016-09-09,3.2538708333333353,-0.3639181787851685,0.09238067878516854
2016-09-10,3.2331513888888903,-0.3776845560999835,0.5851998338777615
2016-09-11,3.2121888888888903,-0.3483911764703538,0.6972022875814656
2016-09-12,3.1939500000000014,-0.2895741162851687,0.6589574496185026
2016-09-13,3.1798736111111126,-0.31731783156294635,0.6261108871185022
2016-09-14,3.1746486111111127,-0.2966407135073909,0.4653254357296132
2016-09-15,3.175708333333335,-0.29173550517405755,1.1876938385073916
2016-09-16,3.1771652777777795,-0.23469192878516856,1.0935266510073913
2016-09-17,3.178918055555557,-0.14897896582220566,0.7273942435999838
2016-09-18,3.180444444444446,-0.06844585239627972,0.831668074618502
2016-09-19,3.1819888888888905,-0.01862322508146481,0.6539676695259096
2016-09-20,3.181816666666668,-0.03530623434072408,0.7471562343407246
2016-09-21,3.180144444444446,-0.029864046840724114,0.7443862690629466
2016-09-22,3.1812722222222236,-0.06775380378516854,0.7811482482296135
2016-09-23,3.1874263888888903,0.03105302233589053,0.6761872554418876
2016-09-24,3.1971097222222236,0.0305050310594902,0.6670519133849547
2016-09-25,3.2072388888888903,0.03686623399796589,0.6505615437798123
2016-09-26,3.2161986111111127,0.06685749891991248,0.6802772233023104
2016-09-27,3.224947222222224,0.08326047183084001,0.6694589726136051
2016-09-28,3.2344819444444464,0.11941637173901258,0.5094350171498766
2016-09-29,3.242652777777779,0.1470528386811614,0.47029438354106157
2016-09-30,3.2496902777777796,0.18256469588960944,0.4000783596659463
2016-10-01,3.257315277777779,0.18891858707418244,0.4240994684813736
2016-10-02,3.264931944444446,0.17629473491623948,0.6294399873059832
2016-10-03,3.269572222222224,0.15251257238180407,0.6485818720626407
2016-10-04,3.270205555555557,0.07848643601816786,-0.18602532490705648
2016-10-05,3.269694444444446,-0.0004612682977183022,-0.9255665094800589
2016-10-06,3.2680500000000015,0.040701587533319324,-0.965084920866652
2016-10-07,3.264483333333335,0.04912748285012372,-0.9699441495167899
2016-10-08,3.259008333333335,0.025421261546175113,-0.9207629282128416
2016-10-09,3.253370833333335,0.020818678901546983,-0.8478561789015473
2016-10-10,3.249930555555557,-0.02905082293500033,-1.2172130659538882
2016-10-11,3.2471111111111126,-0.05023497123619397,-1.2765428065415834
2016-10-12,3.242613888888891,-0.09321372467972029,-1.2314001642091688
2016-10-13,3.2368930555555573,-0.09599717279725936,-1.1562292160916294
2016-10-14,3.229669444444446,-0.05596561861911424,-0.07270382582533004
2016-10-15,3.2210486111111125,-0.036045669124164875,-0.7843362753202794
2016-10-16,3.2115527777777793,-0.05386257683766328,-0.889690200940114
2016-10-17,3.199909722222224,-0.1373418008964328,-0.7712345879924564
2016-10-18,3.186934722222224,-0.1732937866631913,-0.8576409355590314
2016-10-19,3.1729888888888906,-0.1762693720626403,-0.7837195168262485
2016-10-20,3.15999027777778,-0.12374578390837038,-0.9145778272027412
2016-10-21,3.149093055555557,-0.15041892440423824,-0.868340797817984
2016-10-22,3.1358416666666686,-0.1636749390966165,-0.8411667275700501
2016-10-23,3.118736111111113,-0.14779169759064778,-0.8209444135204634
2016-10-24,3.0989944444444464,-0.09885666545107002,-0.7454711123267079
2016-10-25,3.0776055555555573,-0.06195531099744281,-0.49331691122477916
2016-10-26,3.055330555555557,-0.08742179400938063,-0.24890876154617494
2016-10-27,3.0326166666666685,-0.14205875452361366,-0.21355791214305347
2016-10-28,3.0094513888888907,-0.1620991356071766,-0.17035225328171277
2016-10-29,2.9875416666666688,-0.16617248271461468,-0.1443691839520527
2016-10-30,2.9672930555555572,-0.15237648868339332,-0.1405832335388289
2016-10-31,2.946994444444446,-0.1598384377192059,-0.15148934005857176
2016-11-01,2.9267013888888904,-0.17182070355942644,-0.3192140186627951
2016-11-02,2.9095513888888904,-0.1790689703179204,-0.25414908523763496
2016-11-03,2.8931027777777794,-0.134339849564936,-0.2777629282128417
2016-11-04,2.8708027777777794,-0.09532976003325565,-0.2674730177445215
2016-11-05,2.846533333333335,-0.05826592853646957,-0.029934071463530484
2016-11-06,2.8245750000000016,-0.014703061227011285,0.15712806122701153
2016-11-07,2.8046152777777795,-0.04287351577246585,0.19892490466135465
2016-11-08,2.787005555555557,0.022996169718810612,0.15133160805896792
2016-11-09,2.768833333333335,0.06259709947087659,0.3305695671957896
2016-11-10,2.7483777777777796,0.10803479460402632,0.9782540942848625
2016-11-11,2.7278722222222243,0.11858051315315392,1.32921393129129
2016-11-12,2.708156944444446,0.11405079552230005,1.2871255933665886
2016-11-13,2.6907916666666685,0.026241635742685704,0.1759666975906474
2016-11-14,2.6745652777777797,-0.00823790971185972,0.15767263193408204
2016-11-15,2.6587222222222238,-0.045008949656763206,0.21028672743454152
2016-11-16,2.6456347222222236,0.04795500810264902,0.06207693634179606
2016-11-17,2.6334416666666685,0.12849352968207972,-0.03626852968207972
2016-11-18,2.621081944444446,0.17538977623855362,0.01386161265033553
2016-11-19,2.60857638888889,0.27971549937904944,0.21170811173206222
2016-11-20,2.595045833333335,0.3635488212339622,0.3240720120993716
2016-11-21,2.5810652777777796,0.4040260939612349,0.9582419615943211
2016-11-22,2.5670736111111125,0.3788453891862119,1.3804143330360108
2016-11-23,2.553081944444446,0.37963133510372027,1.5862867204518358
2016-11-24,2.5389486111111124,0.33544477260372035,1.6029399496185022
2016-11-25,2.5243638888888906,0.3643367749185351,1.446299336192577
2016-11-26,2.509268055555557,0.514807388344461,1.3159245560999835
2016-11-27,2.494443055555557,0.5376305827889055,1.3189263616555391
2016-11-28,2.480104166666668,0.4949600272333499,1.3789358060999841
2016-11-29,2.465895833333335,0.49662098788149794,1.391483178785169
2016-11-30,2.451645833333335,0.47570971473334994,1.426644451933317
2016-12-01,2.4369638888888905,0.5283973073259426,1.388638803785169
2016-12-02,2.4252805555555574,0.5651246105666834,1.3232615005444281
2016-12-03,2.4204638888888907,0.5455026776963129,1.3433667667481322
2016-12-04,2.4233875000000014,0.5103209184370536,1.3489582482296134
2016-12-05,2.4298625000000014,0.43731462214075734,1.1654895445259097
2016-12-06,2.435375000000002,0.42783646241853507,0.9607885375814651
2016-12-07,2.4420027777777795,0.41578625408520165,0.952544301470354
2016-12-08,2.449650000000002,0.3136183952889055,0.9837316047110942
2016-12-09,2.458775000000002,0.33642587214075753,0.7127991278592427
2016-12-10,2.470336111111113,0.28234751565927585,0.04164970656294642
2016-12-11,2.482023611111113,0.2558598420481646,-0.2845501198259428
2016-12-12,2.4935180555555574,0.29264128880742396,-0.3331593443629793
2016-12-13,2.4992166666666686,0.32368025871483147,-0.3945635920481651
2016-12-14,2.4997000000000016,0.3322542401963129,-0.40362090686297947
2016-12-15,2.500436111111113,0.3316346568629795,-0.4040707679740902
2016-12-16,2.500231944444446,0.24482230732594254,-0.3283875851037199
2016-12-17,2.499984722222224,0.11616522399260916,-0.2204832795481641
2016-12-18,2.4998916666666684,0.022069471677794328,-0.2882944716777938
2016-12-19,2.5008888888888903,-0.1206328315629463,-0.3715893906592756
2016-12-20,2.5031805555555575,-0.18902258850739087,-0.39349130038149793
2016-12-21,2.505433333333335,-0.2039141047110945,-1.0395192286222388
2016-12-22,2.507701388888891,-0.27291434776665,-1.3747870411222392
2016-12-23,2.5100597222222243,-0.3051572181370204,-1.6422358374185353
2016-12-24,2.511375000000002,-0.2999337806370204,-1.840774552696313
2016-12-25,2.511187500000002,-0.33445717184072404,-1.9233969948259426
2016-12-26,2.511612500000002,-0.44370401211850197,-1.7855751545481646
2016-12-27,2.5130375000000016,-0.4828114426740575,-1.7578927239926088
2016-12-28,2.514461111111113,-0.46414806304442785,-1.7806463814000166
2016-12-29,2.516101388888891,-0.5173540352666499,-1.7290806869555724
2016-12-30,2.5198750000000016,-0.4947984681370205,-1.7554098651963126
2016-12-31,2.5263944444444464,-0.5233943940629464,-1.7336667170481648
2017-01-01,2.5306041666666683,-0.5328582945259094,-1.728745872140757
2017-01-02,2.5321138888888903,-0.4915492435999834,-1.6928979786222382
2017-01-03,2.5373625000000017,-0.41680228758146504,-1.7725602124185347
2017-01-04,2.545523611111113,-0.4217763385073909,-1.4297472726037201
2017-01-05,2.5550500000000023,-0.46663122276665014,-1.1930854439000171
2017-01-06,2.5652527777777796,-0.4026943130444278,-1.2668917980666832
2017-01-07,2.577629166666669,-0.3639181787851685,-1.198044321214832
2017-01-08,2.5966069444444466,-0.3776845560999835,-1.1729223883444613
2017-01-09,2.6160055555555575,-0.3483911764703538,-1.2212810457518684
2017-01-10,2.6309694444444465,-0.2895741162851687,-1.184728661492609
2017-01-11,2.6442250000000023,-0.31731783156294635,-1.1632405017703873
2017-01-12,2.662258333333335,-0.2966407135073909,-0.8649509531592758
2017-01-13,2.685561111111113,-0.29173550517405755,-0.3738256059370537
2017-01-14,2.709100000000002,-0.23469192878516856,-0.18907473788149828
2017-01-15,2.7328736111111134,-0.14897896582220566,-0.2168946452889055
2017-01-16,2.7570569444444466,-0.06844585239627972,-0.28094442538149805
2017-01-17,2.7835680555555573,-0.01862322508146481,-0.3779448304740907
2017-01-18,2.8102972222222244,-0.03530623434072408,-0.45232432121483146
2017-01-19,2.8342805555555577,-0.029864046840724114,-0.5860831753814981
2017-01-20,2.857281944444446,-0.06775380378516854,-0.5738614739926085
2017-01-21,2.886263888888891,0.03105302233589053,-0.7016502445581124
2017-01-22,2.9220666666666686,0.0305050310594902,-0.7369050310594897
2017-01-23,2.958673611111113,0.03686623399796589,-0.8138731784424099
2017-01-24,2.995700000000002,0.06685749891991248,-0.8865574989199125
2017-01-25,3.032162500000002,0.08326047183084001,-0.9734229718308398
2017-01-26,3.0677805555555575,0.11941637173901258,-1.046196927294568
2017-01-27,3.1033402777777797,0.1470528386811614,-1.1093931164589388
2017-01-28,3.1386791666666687,0.18256469588960944,-1.1799105292229426
2017-01-29,3.1720555555555574,0.18891858707418244,-1.2196408092964044
2017-01-30,3.203119444444446,0.17629473491623948,-1.1034141793606835
2017-01-31,3.2344208333333353,0.15251257238180407,-0.3256000723818039
2017-02-01,3.2661138888888908,0.07848643601816786,-0.3286003249070564
2017-02-02,3.2936819444444465,-0.0004612682977183022,-0.10122067614672625
2017-02-03,3.317819444444446,0.040701587533319324,-0.3091876986444301
2017-02-04,3.3401222222222238,0.04912748285012372,-0.42824970507234583
2017-02-05,3.3599000000000014,0.025421261546175113,-0.04832126154617459
2017-02-06,3.3759930555555573,0.020818678901546983,-0.10847840112376894
2017-02-07,3.3853013888888905,-0.02905082293500033,-0.024583899287221433
2017-02-08,3.3940638888888905,-0.05023497123619397,0.023171082347305638
2017-02-09,3.407238888888891,-0.09321372467972029,-0.03769183087583576
2017-02-10,3.4218833333333354,-0.09599717279725936,0.05911383946392598
2017-02-11,3.4366416666666684,-0.05596561861911424,-0.312342714714219
2017-02-12,3.4515027777777796,-0.036045669124164875,-0.8661237753202793
2017-02-13,3.4663652777777796,-0.05386257683766328,-1.1165027009401147
2017-02-14,3.482587500000002,-0.1373418008964328,-1.130912365770234
2017-02-15,3.502336111111113,-0.1732937866631913,-1.155375657781253
2017-02-16,3.523526388888891,-0.1762693720626403,-1.1742570168262487
2017-02-17,3.545963888888891,-0.12374578390837038,-1.0212181049805185
2017-02-18,3.571097222222224,-0.15041892440423824,-1.019678297817984
2017-02-19,3.5971652777777794,-0.1636749390966165,-1.0324903386811608
2017-02-20,3.617226388888891,-0.14779169759064778,-1.0451013579649082
2017-02-21,3.6304541666666683,-0.09885666545107002,-0.9852641678822629
2017-02-22,3.643861111111113,-0.06195531099744281,-1.0355724667803348
2017-02-23,3.658931944444446,-0.08742179400938063,-0.9215101504350638
2017-02-24,3.67829027777778,-0.14205875452361366,-0.6882315232541647
2017-02-25,3.7032680555555575,-0.1620991356071766,-0.6931689199483793
2017-02-26,3.733675000000002,-0.16617248271461468,-0.7198358506187186
2017-02-27,3.7681708333333352,-0.15237648868339332,-0.7184610113166066
2017-02-28,3.8035291666666686,-0.1598384377192059,-0.3253573956141276
2017-03-01,3.8389263888888907,-0.17182070355942644,-0.3494390186627957
2017-03-02,3.875351388888891,-0.1790689703179204,-1.0916157519043022
2017-03-03,3.912443055555557,-0.134339849564936,-1.0631032059906191
2017-03-04,3.94916527777778,-0.09532976003325565,-0.32016885107785575
2017-03-05,3.983886111111113,-0.05826592853646957,-0.23428684924130788
2017-03-06,4.01577777777778,-0.014703061227011285,0.3192586167825672
2017-03-07,4.0476694444444465,-0.04287351577246585,0.051204071328021135
2017-03-08,4.08069027777778,0.022996169718810612,0.7326468858367443
2017-03-09,4.114258333333336,0.06259709947087659,1.6648112338624563
2017-03-10,4.148134722222224,0.10803479460402632,1.5544971498404176
2017-03-11,4.181700000000002,0.11858051315315392,1.4907194868468454
2017-03-12,4.215351388888891,0.11405079552230005,1.3459311489221444
2017-03-13,4.248191666666669,0.026241635742685704,1.3805666975906474
2017-03-14,4.27804027777778,-0.00823790971185972,1.3848642986007478
2017-03-15,4.305300000000002,-0.045008949656763206,1.3823756163234302
2017-03-16,4.330087500000001,0.04795500810264902,1.2646241585640186
2017-03-17,4.3509736111111135,0.12849352968207972,1.1631995258734755
2017-03-18,4.368541666666669,0.17538977623855362,1.7120685570947793
2017-03-19,4.38661388888889,0.27971549937904944,1.403003945065396
2017-03-20,4.410061111111113,0.3635488212339622,1.2957234009882603
2017-03-21,4.437330555555558,0.4040260939612349,1.8356433504832093
2017-03-22,4.4646194444444465,0.3788453891862119,3.7048684997026773
2017-03-23,4.491830555555557,0.37963133510372027,4.018204776007391
2017-03-24,4.519118055555557,0.33544477260372035,4.037770505174057
2017-03-25,4.546127777777779,0.3643367749185351,3.89586878063702
2017-03-26,4.5692625000000024,0.514807388344461,3.535596778322204
2017-03-27,4.5867972222222235,0.5376305827889055,3.495238861655538
2017-03-28,4.598959722222224,0.4949600272333499,3.525746917211093
2017-03-29,4.607048611111113,0.49662098788149794,3.4659970676740577
2017-03-30,4.614297222222224,0.47570971473334994,3.058659729711093
2017-03-31,4.621120833333335,0.5283973073259426,2.865148526007391
2017-04-01,4.62231527777778,0.5651246105666834,2.9778934449888714
2017-04-02,4.618351388888891,0.5455026776963129,2.9001459334147976
2017-04-03,4.61380277777778,0.5103209184370536,2.0202096371185023
2017-04-04,4.6100527777777796,0.43731462214075734,1.9166326000814653
2017-04-05,4.608686111111113,0.42783646241853507,1.2088107598036868
2017-04-06,4.6080513888888905,0.41578625408520165,1.111829023692576
2017-04-07,4.608083333333335,0.3136183952889055,0.3622982713777612
2017-04-08,4.608423611111113,0.33642587214075753,-0.7398494832518687
2017-04-09,4.608001388888891,0.28234751565927585,-0.6900155712148308
2017-04-10,4.607698611111113,0.2558598420481646,-0.6542251198259423
2017-04-11,4.606775000000002,0.29264128880742396,-0.6877496221407569
2017-04-12,4.606086111111113,0.32368025871483147,-0.7180997031592755
2017-04-13,4.60830277777778,0.3322542401963129,-0.7288903513074243
2017-04-14,4.6130569444444465,0.3316346568629795,-0.7330249346407574
2017-04-15,4.618986111111113,0.24482230732594254,-0.33747508510372004
2017-04-16,4.626194444444446,0.11616522399260916,0.28330699822961397
2017-04-17,4.634333333333336,0.022069471677794328,0.03293052832220539
2017-04-18,4.639063888888891,-0.1206328315629463,0.41956894267405714
2017-04-19,4.636606944444447,-0.18902258850739087,0.5757489773962794
2017-04-20,4.630418055555557,-0.2039141047110945,-0.010837284177794282
2017-04-21,4.624123611111113,-0.27291434776665,-1.830209263344461
2017-04-22,4.617443055555557,-0.3051572181370204,-2.2359525040852013
2017-04-23,4.6111263888888905,-0.2999337806370204,-2.2365259415852012
2017-04-24,4.605036111111113,-0.33445717184072404,-2.104245605937054
2017-04-25,4.597931944444446,-0.44370401211850197,-1.1388945989926085
2017-04-26,4.590576388888891,-0.4828114426740575,-0.5737649462148322
2017-04-27,4.587045833333335,-0.46414806304442785,0.18276889637776222
2017-04-28,4.591819444444447,-0.5173540352666499,0.43820125748887206
2017-04-29,4.602579166666668,-0.4947984681370205,0.4048859681370209
2017-04-30,4.6164416666666686,-0.5233943940629464,0.428619394062947
2017-05-01,4.636215277777779,-0.5328582945259094,0.6553096834147983
2017-05-02,4.659688888888891,-0.4915492435999834,0.5918603547110944
2017-05-03,4.679338888888891,-0.41680228758146504,0.48646339869257554
2017-05-04,4.693729166666669,-0.4217763385073909,0.3540471718407247
2017-05-05,4.703118055555557,-0.46663122276665014,0.38084650054442826
2017-05-06,4.708206944444447,-0.4026943130444278,0.5221540352666503
2017-05-07,4.7075722222222245,-0.3639181787851685,0.6650126232296124
2017-05-08,4.698051388888891,-0.3776845560999835,0.7889665005444277
2017-05-09,4.684833333333335,-0.3483911764703538,0.7768911764703534
2017-05-10,4.674522222222224,-0.2895741162851687,0.7603852273962796
2017-05-11,4.668276388888891,-0.31731783156294635,0.9003747760073899
2017-05-12,4.663787500000002,-0.2966407135073909,0.9275198801740574
2017-05-13,4.659458333333335,-0.29173550517405755,1.0219438385073911
2017-05-14,4.655219444444446,-0.23469192878516856,1.0374724843407241
2017-05-15,4.651138888888891,-0.14897896582220566,0.64117341026665
2017-05-16,4.646461111111113,-0.06844585239627972,0.0659847412851698
2017-05-17,4.638469444444446,-0.01862322508146481,-0.25284621936297885
2017-05-18,4.628647222222224,-0.03530623434072408,0.08665901211850277
2017-05-19,4.61992638888889,-0.029864046840724114,0.8982709912851687
2017-05-20,4.609594444444446,-0.06775380378516854,0.9484926926740582
2017-05-21,4.5908250000000015,0.03105302233589053,0.8684553109974437
2017-05-22,4.565509722222224,0.0305050310594902,0.8756519133849544
2017-05-23,4.540102777777779,0.03686623399796589,0.8976976548909236
2017-05-24,4.515337500000002,0.06685749891991248,0.7831383344134213
2017-05-25,4.493973611111112,0.08326047183084001,-0.07223408294195072
2017-05-26,4.4772708333333355,0.11941637173901258,-0.6103538717390128
2017-05-27,4.459383333333336,0.1470528386811614,-1.391769505347829
2017-05-28,4.433593055555558,0.18256469588960944,-1.607157751445165
2017-05-29,4.4018458333333355,0.18891858707418244,-1.5774310870741826
2017-05-30,4.368031944444446,0.17629473491623948,-1.502660012694017
2017-05-31,4.332680555555557,0.15251257238180407,-1.9028597946040258
2017-06-01,4.296936111111114,0.07848643601816786,-1.831755880462613
2017-06-02,4.266354166666669,-0.0004612682977183022,-1.693226231702282
2017-06-03,4.241419444444446,0.040701587533319324,-1.513454365311097
2017-06-04,4.220230555555558,0.04912748285012372,-1.355691371739013
2017-06-05,4.202479166666668,0.025421261546175113,-0.9959004282128414
2017-06-06,4.188769444444446,0.020818678901546983,-0.8085881233459913
2017-06-07,4.183493055555558,-0.02905082293500033,-0.8537755659538884
2017-06-08,4.182743055555558,-0.05023497123619397,-0.8358414176526952
2017-06-09,4.182983333333336,-0.09321372467972029,-0.815769608653614
2017-06-10,4.186270833333335,-0.09599717279725936,-0.9246069938694074
2017-06-11,4.194458333333335,-0.05596561861911424,-1.0161593813808856
2017-06-12,4.207011111111113,-0.036045669124164875,-1.1436321086536123
2017-06-13,4.2207902777777795,-0.05386257683766328,-1.207927700940114
2017-06-14,4.233098611111113,-0.1373418008964328,-1.1214234768813447
2017-06-15,4.241843055555558,-0.1732937866631913,-0.9248826022256983
2017-06-16,4.250779166666668,-0.1762693720626403,-0.9181764612706917
2017-06-17,4.26095277777778,-0.12374578390837038,-1.584206993869407
2017-06-18,4.269412500000002,-0.15041892440423824,-2.4596602422624287
2017-06-19,4.280856944444446,-0.1636749390966165,-2.4598486720144943
2017-06-20,4.302979166666669,-0.14779169759064778,-2.4978541357426853
2017-06-21,4.3323694444444465,-0.09885666545107002,-2.523512778993375
2017-06-22,4.36138888888889,-0.06195531099744281,-2.432766911224779
2017-06-23,4.389063888888891,-0.08742179400938063,-2.433642094879508
2017-06-24,4.410351388888891,-0.14205875452361366,-2.343292634365276
2017-06-25,4.421781944444446,-0.1620991356071766,-2.254016142170601
2017-06-26,4.42550277777778,-0.16617248271461468,-1.4166636283964966
2017-06-27,4.424891666666668,-0.15237648868339332,-0.2245151779832722
2017-06-28,4.423477777777779,-0.1598384377192059,0.4863606599414285
2017-06-29,4.421386111111113,-0.17182070355942644,0.9634345924483151
2017-06-30,4.416641666666669,-0.1790689703179204,1.2174273036512535
2017-07-01,4.412805555555558,-0.134339849564936,1.219867627342714
2017-07-02,4.417431944444446,-0.09532976003325565,1.1442311489221455
2017-07-03,4.42895277777778,-0.05826592853646957,0.8416464840920251
2017-07-04,4.442772222222224,-0.014703061227011285,0.6245975056714558
2017-07-05,4.456623611111112,-0.04287351577246585,0.13124990466135605
2017-07-06,4.468904166666669,0.022996169718810612,-0.2969003363854777
2017-07-07,4.479801388888891,0.06259709947087659,-0.34439848835976544
2017-07-08,4.489898611111113,0.10803479460402632,-0.3159334057151375
2017-07-09,4.49607777777778,0.11858051315315392,0.23034170906906887
2017-07-10,4.49516666666667,0.11405079552230005,0.5131158711443657
2017-07-11,4.498773611111114,0.026241635742685704,0.6056514198128699
2017-07-12,4.508519444444446,-0.00823790971185972,0.6397184652674157
2017-07-13,4.51657777777778,-0.045008949656763206,0.6684311718789857
2017-07-14,4.5262222222222235,0.04795500810264902,0.5918227696751297
2017-07-15,4.539658333333335,0.12849352968207972,0.3285148036512546
2017-07-16,4.5571083333333355,0.17538977623855362,0.2515018904281135
2017-07-17,4.575208333333336,0.27971549937904944,0.12907616728761723
2017-07-18,4.588844444444446,0.3635488212339622,0.1092734009882605
2017-07-19,4.598500000000001,0.4040260939612349,0.20247390603876558
2017-07-20,4.607558333333335,0.3788453891862119,0.5292629441471218
2017-07-21,4.61765277777778,0.37963133510372027,0.8493825537851686
2017-07-22,4.628601388888891,0.33544477260372035,0.873620505174058
2017-07-23,4.640009722222224,0.3643367749185351,0.9129868361925759
2017-07-24,4.6554180555555575,0.514807388344461,1.2111078894333172
2017-07-25,4.677194444444446,0.5376305827889055,1.6345083060999843
2017-07-26,4.705143055555557,0.4949600272333499,0.8968969172110961
2017-07-27,4.737197222222225,0.49662098788149794,-0.3311515434370533
2017-07-28,4.770381944444447,0.47570971473334994,-1.0497583258444605
2017-07-29,4.803893055555557,0.5283973073259426,-1.4806236962148307
2017-07-30,4.839270833333335,0.5651246105666834,-1.560395443900016
2017-07-31,4.873795833333335,0.5455026776963129,-1.6126318443629786
2017-08-01,4.900233333333335,0.5103209184370536,-1.3485542517703868
2017-08-02,4.919748611111112,0.43731462214075734,-1.2950632332518675
2017-08-03,4.936448611111112,0.42783646241853507,-1.3022850735296454
2017-08-04,4.952516666666669,0.41578625408520165,-1.3096362540852011
2017-08-05,4.968269444444447,0.3136183952889055,-1.2112211730666829
2017-08-06,4.984641666666668,0.33642587214075753,-1.169067538807424
2017-08-07,5.003494444444446,0.28234751565927585,-1.2125086267703864
2017-08-08,5.023784722222224,0.2558598420481646,-0.885644564270387
2017-08-09,5.045273611111113,0.29264128880742396,-0.5219148999185341
2017-08-10,5.056588888888891,0.32368025871483147,0.1920641857296131
2017-08-11,5.057331944444446,0.3322542401963129,0.47408048202591013
2017-08-12,5.058497222222224,0.3316346568629795,0.47653478758146567
2017-08-13,5.059311111111112,0.24482230732594254,0.5211999148962798
2017-08-14,5.058955555555558,0.11616522399260916,0.6502125537851675
2017-08-15,5.056191666666669,0.022069471677794328,0.9560721949888724
2017-08-16,5.054216666666669,-0.1206328315629463,1.1010828315629457
2017-08-17,5.058269444444447,-0.18902258850739087,1.0877531440629467
2017-08-18,5.064929166666668,-0.2039141047110945,1.3676516047110945
2017-08-19,5.070043055555557,-0.27291434776665,1.2202046255444292
2017-08-20,5.07356527777778,-0.3051572181370204,0.8652586070259098
2017-08-21,5.075426388888891,-0.2999337806370204,0.7065073917481313
2017-08-22,5.077369444444447,-0.33445717184072404,0.6580877273962791
2017-08-23,5.081354166666669,-0.44370401211850197,0.2520165121185015
2017-08-24,5.086972222222225,-0.4828114426740575,-0.20116077954816514
2017-08-25,5.0892652777777805,-0.46414806304442785,-0.2954505480666845
2017-08-26,5.082865277777779,-0.5173540352666499,-0.22351124251112808
2017-08-27,5.06811527777778,-0.4947984681370205,-0.22931680964075746
2017-08-28,5.048975000000002,-0.5233943940629464,-0.33724727260372056
2017-08-29,5.028100000000002,-0.5328582945259094,-0.5419083721407577
2017-08-30,5.007727777777779,-0.4915492435999834,0.1284881324888728
2017-08-31,4.9870083333333355,-0.41680228758146504,1.404460620914798
2017-09-01,4.965818055555557,-0.4217763385073909,1.6212916162851694
2017-09-02,4.945995833333335,-0.46663122276665014,1.9153020560999838
2017-09-03,4.926700000000002,-0.4026943130444278,1.8506609797110947
2017-09-04,4.909069444444446,-0.3639181787851685,1.8638487343407237
2017-09-05,4.892513888888891,-0.3776845560999835,1.8095040005444274
2017-09-06,4.879079166666669,-0.3483911764703538,1.790978676470354
2017-09-07,4.866612500000002,-0.2895741162851687,0.8429616162851682
2017-09-08,4.851212500000003,-0.31731783156294635,0.22410533156294554
2017-09-09,4.835894444444447,-0.2966407135073909,2.1144129357296126
2017-09-10,4.8210208333333355,-0.29173550517405755,1.8403813385073902
2017-09-11,4.806476388888891,-0.23469192878516856,1.8402155398962794
2017-09-12,4.794044444444447,-0.14897896582220566,1.85893452137776
2017-09-13,4.786170833333335,-0.06844585239627972,1.7902750190629455
2017-09-14,4.781672222222223,-0.01862322508146481,1.9279510028592441
2017-09-15,4.777738888888891,-0.03530623434072408,1.9575673454518343
2017-09-16,4.7734819444444465,-0.029864046840724114,1.997382102396279
2017-09-17,4.768304166666669,-0.06775380378516854,1.8544496371185024
2017-09-18,4.761234722222224,0.03105302233589053,1.8073789221085539
2017-09-19,4.751966666666668,0.0305050310594902,2.0025283022738436
2017-09-20,4.743268055555557,0.03686623399796589,2.0088657104464795
2017-09-21,4.734954166666668,0.06685749891991248,1.9871883344134218
2017-09-22,4.722091666666668,0.08326047183084001,1.973981194835827
2017-09-23,4.702219444444446,0.11941637173901258,2.1166975171498765
2017-09-24,4.681931944444446,0.1470528386811614,2.141348550207727
2017-09-25,4.669786111111112,0.18256469588960944,2.0939825263326135
2017-09-26,4.667397222222224,0.18891858707418244,2.1840175240369284
2017-09-27,4.670534722222223,0.17629473491623948,2.2105038761948723
2017-09-28,4.674141666666668,0.15251257238180407,2.230679094284863
2017-09-29,4.6762458333333345,0.07848643601816786,1.599934397315167
2017-09-30,4.676683333333335,-0.0004612682977183022,0.4304446016310526
2017-10-01,4.676794444444446,0.040701587533319324,0.20083730135557054
2017-10-02,4.677087500000002,0.04912748285012372,0.04578501714987668
2017-10-03,4.6774319444444465,0.025421261546175113,0.5271467940093806
2017-10-04,4.677838888888891,0.020818678901546983,0.48500909887623034
2017-10-05,4.677455555555557,-0.02905082293500033,0.7989286007127778
2017-10-06,4.671748611111113,-0.05023497123619397,1.05315302679175
2017-10-07,4.660030555555558,-0.09321372467972029,1.1988498357908313
2017-10-08,4.643950000000002,-0.09599717279725936,1.2833805061305932
2017-10-09,4.623293055555558,-0.05596561861911424,-1.3949941036031084
2017-10-10,4.599881944444446,-0.036045669124164875,-1.4081696086536126
2017-10-11,4.577391666666669,-0.05386257683766328,-1.4131957564956703
2017-10-12,4.560220833333336,-0.1373418008964328,-1.4045456991035676
2017-10-13,4.544683333333335,-0.1732937866631913,-1.3570562133368085
2017-10-14,4.526075000000002,-0.1762693720626403,-1.7274722946040266
2017-10-15,4.50856388888889,-0.12374578390837038,-1.771818104980518
2017-10-16,4.493925000000002,-0.15041892440423824,-1.7715060755957617
2017-10-17,4.4799555555555575,-0.1636749390966165,-1.9732806164589387
2017-10-18,4.46712777777778,-0.14779169759064778,-2.12033608018713
2017-10-19,4.457572222222224,-0.09885666545107002,-2.345048890104485
2017-10-20,4.4496277777777795,-0.06195531099744281,-2.378005800113668
2017-10-21,4.441325000000003,-0.08742179400938063,-2.1625698726572873
2017-10-22,4.435869444444446,-0.14205875452361366,-1.7358106899208308
2017-10-23,4.435419444444445,-0.1620991356071766,-1.5523203088372668
2017-10-24,4.437808333333335,-0.16617248271461468,-1.5939691839520511
2017-10-25,4.440420833333335,-0.15237648868339332,-1.61104434464994
2017-10-26,4.441143055555557,-0.1598384377192059,-1.7003046178363488
2017-10-27,4.4407916666666685,-0.17182070355942644,-1.4806376297739072
2017-10-28,4.444573611111112,-0.1790689703179204,-1.3958379741265234
2017-10-29,4.449241666666669,-0.134339849564936,-1.1205684837683982
2017-10-30,4.4471763888888916,-0.09532976003325565,-1.5541799621889674
2017-10-31,4.44265277777778,-0.05826592853646957,-1.5890535159079753
2017-11-01,4.439091666666668,-0.014703061227011285,-1.7120552721063214
2017-11-02,4.4354569444444465,-0.04287351577246585,-2.1382500953386456
2017-11-03,4.434070833333335,0.022996169718810612,-2.2027336697188105
2017-11-04,4.4390236111111125,0.06259709947087659,-2.3362873772486537
2017-11-05,4.45701527777778,0.10803479460402632,-1.474716739048471
2017-11-06,4.4872611111111125,0.11858051315315392,-1.5611749575975975
2017-11-07,4.524816666666668,0.11405079552230005,-1.4122007955222997
2017-11-08,4.557269444444446,0.026241635742685704,-1.2335110801871303
2017-11-09,4.585466666666668,-0.00823790971185972,-1.2262287569548065
2017-11-10,4.6174750000000016,-0.045008949656763206,-1.1341327170099031
2017-11-11,4.64372638888889,0.04795500810264902,-0.8076813969915368
2017-11-12,4.664204166666668,0.12849352968207972,-0.4036976963487455
2017-11-13,4.683525000000001,0.17538977623855362,-0.34691477623855266
2017-11-14,4.699563888888891,0.27971549937904944,-0.4672793882679381
2017-11-15,4.712844444444446,0.3635488212339622,-0.5643932656784061
2017-11-16,4.725483333333335,0.4040260939612349,-0.6175094272945675
2017-11-17,4.740856944444447,0.3788453891862119,-0.6077023336306567
2017-11-18,4.759559722222225,0.37963133510372027,-0.5131910573259427
2017-11-19,4.780470833333336,0.33544477260372035,-0.14524893927038723
2017-11-20,4.8047972222222235,0.3643367749185351,-0.38013399714075713
2017-11-21,4.835054166666669,0.514807388344461,-0.9271948883444623
2017-11-22,4.875755555555557,0.5376305827889055,-1.374719471677794
2017-11-23,4.927129166666669,0.4949600272333499,-1.38342252723335
2017-11-24,4.9833402777777795,0.49662098788149794,-1.4339612656592755
2017-11-25,5.039294444444446,0.47570971473334994,-1.0353374925111272
2017-11-26,5.0945847222222245,0.5283973073259426,-1.3016486962148308
2017-11-27,5.147763888888891,0.5651246105666834,-1.4728884994555722
2017-11-28,5.201655555555558,0.5455026776963129,-1.831491566585202
2017-11-29,5.261381944444446,0.5103209184370536,-1.7137028628814974
2017-11-30,5.322468055555557,0.43731462214075734,-1.6671160110296457
2017-12-01,5.382054166666668,0.42783646241853507,-1.708223962418535
2017-12-02,5.4397027777777796,0.41578625408520165,-1.7538223651963127
2017-12-03,5.494447222222224,0.3136183952889055,-1.6827322841777939
2017-12-04,5.5428513888888915,0.33642587214075753,-1.8739439276963137
2017-12-05,5.576318055555557,0.28234751565927585,-3.0083322378814974
2017-12-06,5.6000513888888905,0.2558598420481646,-3.0512445642703865
2017-12-07,5.622411111111113,0.29264128880742396,-3.369052399918535
2017-12-08,5.6536194444444465,0.32368025871483147,-3.092633036492609
2017-12-09,5.691466666666669,0.3322542401963129,-3.091054240196313
2017-12-10,5.7243319444444465,0.3316346568629795,-2.655966601307424
2017-12-11,5.755605555555558,0.24482230732594254,-1.8294278628814986
2017-12-12,5.787263888888891,0.11616522399260916,-2.152762446214831
2017-12-13,5.821280555555558,0.022069471677794328,-2.20035002723335
2017-12-14,5.858222222222224,-0.1206328315629463,-1.5142560573259425
2017-12-15,5.895893055555557,-0.18902258850739087,-1.4518704670481641
2017-12-16,5.934456944444445,-0.2039141047110945,-1.1525428397333486
2017-12-17,5.97452638888889,-0.27291434776665,-1.112278707788905
2017-12-18,6.0145083333333345,-0.3051572181370204,-0.9410177818629797
2017-12-19,6.052200000000001,-0.2999337806370204,-1.3115995526963118
2017-12-20,6.086238888888889,-0.33445717184072404,-1.3021150503814962
2017-12-21,6.111752777777779,-0.44370401211850197,-1.136382098992609
2017-12-22,6.123279166666668,-0.4828114426740575,-0.9874677239926084
2017-12-23,6.122461111111113,-0.46414806304442785,-1.0053130480666825
2017-12-24,6.11696527777778,-0.5173540352666499,-0.9539445758444611
2017-12-25,6.111841666666669,-0.4947984681370205,-1.4033765318629787
2017-12-26,6.106098611111113,-0.5233943940629464,-1.3483708837148312
2017-12-27,6.098459722222223,-0.5328582945259094,-0.7506014276963128
2017-12-28,6.0885958333333345,-0.4915492435999834,-0.6937132564000151
2017-12-29,6.079034722222223,-0.41680228758146504,-0.4418991013074231
2017-12-30,6.0711875000000015,-0.4217763385073909,0.18458883850739077
2017-12-31,6.063825000000001,-0.46663122276665014,0.27413955609998475
2018-01-01,6.058869444444445,-0.4026943130444278,0.36949153526665124
2018-01-02,6.054984722222224,-0.3639181787851685,0.7342667898962795
2018-01-03,6.050579166666668,-0.3776845560999835,1.8237720560999844
2018-01-04,6.042711111111113,-0.3483911764703538,3.773013398692577
2018-01-05,6.031400000000001,-0.2895741162851687,3.791507449618502
2018-01-06,6.0201986111111125,-0.31731783156294635,3.955119220451837
2018-01-07,6.00817638888889,-0.2966407135073909,3.8307976579518384
2018-01-08,5.995558333333335,-0.29173550517405755,4.544510505174057
2018-01-09,5.982769444444446,-0.23469192878516856,4.467255817674058
2018-01-10,5.969793055555558,-0.14897896582220566,3.1801859102666494
2018-01-11,5.955120833333334,-0.06844585239627972,3.038991685729614
2018-01-12,5.938268055555557,-0.01862322508146481,2.990688502859243
2018-01-13,5.9203486111111125,-0.03530623434072408,2.4449576232296133
2018-01-14,5.902461111111113,-0.029864046840724114,2.4257362690629467
2018-01-15,5.885094444444446,-0.06775380378516854,2.2136593593407228
2018-01-16,5.866241666666669,0.03105302233589053,2.9160386443307766
2018-01-17,5.8453444444444465,0.0305050310594902,3.1841505244960655
2018-01-18,5.822034722222224,0.03686623399796589,3.67376571044648
2018-01-19,5.797825000000001,0.06685749891991248,4.018984167746755
2018-01-20,5.776106944444447,0.08326047183084001,5.086965917058048
2018-01-21,5.757697222222224,0.11941637173901258,6.662553072705433
2018-01-22,5.741065277777779,0.1470528386811614,7.810548550207727
2018-01-23,5.724400000000001,0.18256469588960944,7.801701970777057
2018-01-24,5.705938888888891,0.18891858707418244,7.812142524036927
2018-01-25,5.687247222222224,0.17629473491623948,7.796791376194872
2018-01-26,5.671150000000001,0.15251257238180407,7.393670760951531
2018-01-27,5.6589944444444455,0.07848643601816786,7.391185786204056
2018-01-28,5.650065277777779,-0.0004612682977183022,7.017395990519942
2018-01-29,5.651562500000002,0.040701587533319324,6.326402579133347
2018-01-30,5.665397222222223,0.04912748285012372,6.257808628260988
2018-01-31,5.681306944444446,0.025421261546175113,6.158605127342712
2018-02-01,5.696884722222224,0.020818678901546983,5.969296598876232
2018-02-02,5.713056944444446,-0.02905082293500033,4.8769938784905555
2018-02-03,5.735279166666668,-0.05023497123619397,2.9079558045695255
2018-02-04,5.762751388888891,-0.09321372467972029,2.8737956691241644
2018-02-05,5.790665277777779,-0.09599717279725936,2.7253318950194836
2018-02-06,5.81767638888889,-0.05596561861911424,2.3119558963968942
2018-02-07,5.8431305555555575,-0.036045669124164875,1.5305817802352755
2018-02-08,5.866830555555557,-0.05386257683766328,1.0030320212821076
2018-02-09,5.884544444444446,-0.1373418008964328,1.0711306897853232
2018-02-10,5.902154166666668,-0.1732937866631913,1.0834729533298588
2018-02-11,5.92550277777778,-0.1762693720626403,1.2390999276181955
2018-02-12,5.947998611111112,-0.12374578390837038,1.2887471727972597
2018-02-13,5.96752638888889,-0.15041892440423824,1.2958925355153492
2018-02-14,5.9851180555555565,-0.1636749390966165,1.235890216874395
2018-02-15,5.999441666666668,-0.14779169759064778,1.2496833642573155
2018-02-16,6.010512500000001,-0.09885666545107002,0.7953441654510718
2018-02-17,6.021494444444446,-0.06195531099744281,0.40279419988633214
2018-02-18,6.033397222222224,-0.08742179400938063,0.06202457178715878
2018-02-19,6.044681944444447,-0.14205875452361366,-1.037956523254165
2018-02-20,6.0548027777777795,-0.1620991356071766,-2.7120369755039344
2018-02-21,6.064112500000001,-0.16617248271461468,-3.8762733506187175
2018-02-22,6.0736902777777795,-0.15237648868339332,-3.9073137890943843
2018-02-23,6.085290277777779,-0.1598384377192059,-3.9111185067252374
2018-02-24,6.097705555555557,-0.17182070355942644,-3.9492181853294617
2018-02-25,6.106023611111112,-0.1790689703179204,-4.0789546407931905
2018-02-26,6.109350000000001,-0.134339849564936,-4.126343483768396
2018-02-27,6.111054166666668,-0.09532976003325565,-4.167057739966745
2018-02-28,6.106143055555557,-0.05826592853646957,-4.186877127019086
2018-03-01,6.092938888888891,-0.014703061227011285,-4.198569160995212
2018-03-02,6.077723611111113,-0.04287351577246585,-4.137183428671978
2018-03-03,6.062208333333335,0.022996169718810612,-4.4065378363854775
2018-03-04,6.042316666666668,0.06259709947087659,-4.421247099470876
2018-03-05,6.009095833333335,0.10803479460402632,-4.433463961270693
2018-03-06,5.966850000000002,0.11858051315315392,-4.348763846486487
2018-03-07,5.923775000000001,0.11405079552230005,-4.1914924621889655
2018-03-08,5.8807236111111125,0.026241635742685704,-4.061965246853797
2018-03-09,5.835258333333334,-0.00823790971185972,-3.9993537569548057
2018-03-10,5.786447222222224,-0.045008949656763206,-3.849104939232125
2018-03-11,5.74192638888889,0.04795500810264902,-3.474214730324871
2018-03-12,5.699412500000001,0.12849352968207972,-3.391906029682079
2018-03-13,5.652788888888891,0.17538977623855362,-3.407845331794109
2018-03-14,5.608952777777779,0.27971549937904944,-3.5856682771568265
2018-03-15,5.571523611111113,0.3635488212339622,-3.5070724323450735
2018-03-16,5.53880138888889,0.4040260939612349,-3.5148274828501234
2018-03-17,5.505411111111113,0.3788453891862119,-3.8129231669639894
2018-03-18,5.467813888888891,0.37963133510372027,-3.796111890659276
2018-03-19,5.4272333333333345,0.33544477260372035,-3.811678105937053
2018-03-20,5.383572222222224,0.3643367749185351,-3.7495756638074242
2018-03-21,5.334865277777778,0.514807388344461,-3.848672666122237
2018-03-22,5.2756652777777795,0.5376305827889055,-3.771295860566683
2018-03-23,5.205102777777779,0.4949600272333499,-3.6563961383444608
2018-03-24,5.129486111111112,0.49662098788149794,-3.584773765659275
2018-03-25,5.053769444444446,0.47570971473334994,-3.475812492511127
2018-03-26,4.978368055555558,0.5283973073259426,-3.2454320295481653
2018-03-27,4.905633333333335,0.5651246105666834,-3.0340912772333497
2018-03-28,4.835795833333336,0.5455026776963129,-2.57963184436298
2018-03-29,4.766551388888891,0.5103209184370536,-2.2478723073259426
2018-03-30,4.694687500000002,0.43731462214075734,0.34899787785924286
2018-03-31,4.6209305555555575,0.42783646241853507,0.9848996486925752
2018-04-01,4.5487833333333345,0.41578625408520165,1.0234304125814653
2018-04-02,4.476098611111112,0.3136183952889055,1.18794966026665
2018-04-03,4.40677777777778,0.33642587214075753,1.2911296834147978
2018-04-04,4.35024027777778,0.28234751565927585,1.5220788732296135
2018-04-05,4.302134722222224,0.2558598420481646,1.5356721023962798
2018-04-06,4.25556527777778,0.29264128880742396,1.408126766748131
2018-04-07,4.21215138888889,0.32368025871483147,1.4211683523962797
2018-04-08,4.173686111111113,0.3322542401963129,1.4633929820259097
2018-04-09,4.140568055555558,0.3316346568629795,1.5791306209147977
2018-04-10,4.109572222222225,0.24482230732594254,1.4166054704518345
2018-04-11,4.078425000000002,0.11616522399260916,2.1824097760073906
2018-04-12,4.050986111111113,0.022069471677794328,2.5472777505444273
2018-04-13,4.026683333333335,-0.1206328315629463,2.738949498229612
2018-04-14,4.000250000000002,-0.18902258850739087,2.70877258850739
2018-04-15,3.971036111111113,-0.2039141047110945,2.7678779935999827
2018-04-16,3.940263888888891,-0.27291434776665,2.402650458877762
2018-04-17,3.9108041666666686,-0.3051572181370204,2.33901971813702
2018-04-18,3.8846819444444463,-0.2999337806370204,2.3152518361925765
2018-04-19,3.8613930555555576,-0.33445717184072404,2.3200641162851685
2018-04-20,3.843500000000002,-0.44370401211850197,2.442870678785169
2018-04-21,3.8368222222222244,-0.4828114426740575,2.4169892204518346
2018-04-22,3.8432666666666684,-0.46414806304442785,2.390214729711095
2018-04-23,3.8558875000000015,-0.5173540352666499,2.4894665352666507
2018-04-24,3.8683652777777797,-0.4947984681370205,2.4417665236925767
2018-04-25,3.8809013888888906,-0.5233943940629464,2.2548263385073914
2018-04-26,3.8935166666666685,-0.5328582945259094,2.0726749611925763
2018-04-27,3.9059166666666685,-0.4915492435999834,1.6689659102666496
2018-04-28,3.9174763888888906,-0.41680228758146504,1.9486592320259106
2018-04-29,3.9277513888888906,-0.4217763385073909,0.920358282951836
2018-04-30,3.9356166666666685,-0.46663122276665014,0.6410145560999837
2018-05-01,3.941108333333335,-0.4026943130444278,0.5969193130444281
2018-05-02,3.9470083333333355,-0.3639181787851685,1.0089098454518344
2018-05-03,3.9540458333333355,-0.3776845560999835,0.9796387227666499
2018-05-04,3.9615055555555574,-0.3483911764703538,0.8218856209147987
2018-05-05,3.9694319444444464,-0.2895741162851687,0.7468088385073909
2018-05-06,3.977223611111113,-0.31731783156294635,0.7667608871185017
2018-05-07,3.9843305555555575,-0.2966407135073909,0.7536434912851688
2018-05-08,3.991161111111113,-0.29173550517405755,0.7382410607296139
2018-05-09,3.997559722222224,-0.23469192878516856,0.5484655398962799
2018-05-10,4.001647222222224,-0.14897896582220566,0.3673317435999833
2018-05-11,4.003347222222224,-0.06844585239627972,-0.4315680364926095
2018-05-12,3.9999597222222243,-0.01862322508146481,-0.8383364971407574
2018-05-13,3.9906166666666683,-0.03530623434072408,-0.37864376565927527
2018-05-14,3.9788763888888905,-0.029864046840724114,0.11965432461850248
2018-05-15,3.966758333333335,-0.06775380378516854,0.508328803785169
2018-05-16,3.957295833333335,0.03105302233589053,0.43498447766411
2018-05-17,3.949947222222224,0.0305050310594902,0.44621441338495427
2018-05-18,3.9432375000000017,0.03686623399796589,0.4465629326687009
2018-05-19,3.936870833333335,0.06685749891991248,0.5072716677467544
2018-05-20,3.93042777777778,0.08326047183084001,0.615645083724716
2018-05-21,3.926375000000002,0.11941637173901258,0.6028752949276545
2018-05-22,3.923362500000002,0.1470528386811614,0.5842513279855059
2018-05-23,3.919150000000002,0.18256469588960944,0.5029519707770571
2018-05-24,3.914945833333335,0.18891858707418244,0.5351355795924836
2018-05-25,3.90985277777778,0.17629473491623948,0.545852487305983
2018-05-26,3.9031402777777795,0.15251257238180407,0.7336804831737508
2018-05-27,3.894155555555557,0.07848643601816786,0.8230246750929433
2018-05-28,3.8827027777777796,-0.0004612682977183022,0.49909182385327355
2018-05-29,3.860937500000002,0.040701587533319324,-0.8446390875333197
2018-05-30,3.8275041666666683,0.04912748285012372,-0.6442983161834567
2018-05-31,3.7920541666666683,0.025421261546175113,-0.5274754282128415
2018-06-01,3.7569333333333352,0.020818678901546983,-0.9597520122348804
2018-06-02,3.721659722222224,-0.02905082293500033,-0.8996088992872218
2018-06-03,3.685754166666668,-0.05023497123619397,-0.8435191954304722
2018-06-04,3.649222222222224,-0.09321372467972029,-0.7570084975425021
2018-06-05,3.612234722222224,-0.09599717279725936,-0.5285708827582963
2018-06-06,3.5748027777777795,-0.05596561861911424,-0.4321704924919966
2018-06-07,3.5386902777777793,-0.036045669124164875,-0.4096446086536123
2018-06-08,3.504934722222224,-0.05386257683766328,-0.33873881205122536
2018-06-09,3.474055555555557,-0.1373418008964328,-0.2537137546591218
2018-06-10,3.4450805555555575,-0.1732937866631913,-0.19945343555903103
2018-06-11,3.415019444444446,-0.1762693720626403,0.9042499276181957
2018-06-12,3.383883333333335,-0.12374578390837038,0.8655291172417037
2018-06-13,3.3531513888888904,-0.15041892440423824,0.5536008688486835
2018-06-14,3.323895833333335,-0.1636749390966165,0.2424457724299504
2018-06-15,3.297168055555557,-0.14779169759064778,0.22129030870175956
2018-06-16,3.2725055555555578,-0.09885666545107002,0.19368444322884776
2018-06-17,3.2481430555555577,-0.06195531099744281,0.24647892210855385
2018-06-18,3.223922222222224,-0.08742179400938063,0.21183290512049188
2018-06-19,3.2005027777777797,-0.14205875452361366,0.17155597674583617
2018-06-20,3.17599027777778,-0.1620991356071766,0.19877552449606561
2018-06-21,3.149787500000002,-0.16617248271461468,0.5527183160479481
2018-06-22,3.1234680555555574,-0.15237648868339332,0.5572417664611711
2018-06-23,3.097788888888891,-0.1598384377192059,0.5567162154969836
2018-06-24,3.0747791666666684,-0.17182070355942644,0.6020415368927597
2018-06-25,3.054870833333335,-0.1790689703179204,0.4715314703179209
2018-06-26,3.037773611111113,-0.134339849564936,0.42189957178715837
2018-06-27,3.0209180555555575,-0.09532976003325565,0.2207450378110336
2018-06-28,3.005948611111113,-0.05826592853646957,0.08165065075869211
2018-06-29,2.995708333333335,-0.014703061227011285,-0.38200527210632196
2018-06-30,2.987556944444446,-0.04287351577246585,-0.44835009533864495
2018-07-01,2.9792902777777797,0.022996169718810612,-0.506286447496588
2018-07-02,2.9716916666666684,0.06259709947087659,-0.47895543280420977
2018-07-03,2.9667902777777795,0.10803479460402632,-0.47249173904847086
2018-07-04,2.9631027777777796,0.11858051315315392,-0.3613499575975983
2018-07-05,2.959559722222224,0.11405079552230005,-0.3409438510778553
2018-07-06,2.956013888888891,0.026241635742685704,-0.31792219129824095
2018-07-07,2.950856944444446,-0.00823790971185972,-0.2949523680659178
2018-07-08,2.9442458333333352,-0.045008949656763206,-0.2912368836765697
2018-07-09,2.9372500000000015,0.04795500810264902,-0.4042050081026483
2018-07-10,2.9303638888888908,0.12849352968207972,-0.4801907519043014
2018-07-11,2.9255125000000017,0.17538977623855362,-1.6362356095718869
2018-07-12,2.9203138888888907,0.27971549937904944,-2.1836960549346047
2018-07-13,2.9112583333333353,0.3635488212339622,-2.3778071545672956
2018-07-14,2.897304166666668,0.4040260939612349,-2.2506635939612343
2018-07-15,2.8810180555555576,0.3788453891862119,-2.082196778075101
2018-07-16,2.865283333333335,0.37963133510372027,-2.06358133510372
2018-07-17,2.849586111111113,0.33544477260372035,-1.974364217048165
2018-07-18,2.833836111111113,0.3643367749185351,-1.9875062193629796
2018-07-19,2.816970833333335,0.514807388344461,-2.0894448883444614
2018-07-20,2.798784722222224,0.5376305827889055,-1.5084153050111277
2018-07-21,2.780312500000002,0.4949600272333499,-1.7406058605666832
2018-07-22,2.761729166666669,0.49662098788149794,-1.7190168212148316
2018-07-23,2.74286527777778,0.47570971473334994,-1.6719083258444616
2018-07-24,2.722672222222224,0.5283973073259426,-1.7050695295481644
2018-07-25,2.702798611111113,0.5651246105666834,-1.7269232216777943
2018-07-26,2.6840986111111134,0.5455026776963129,-1.6886012888074244
2018-07-27,2.666844444444447,0.5103209184370536,-1.6361653628814985
2018-07-28,2.656834722222224,0.43731462214075734,-1.3488160110296463
2018-07-29,2.651612500000002,0.42783646241853507,-1.3341156290852019
2018-07-30,2.644450000000002,0.41578625408520165,-1.2919029207518684
2018-07-31,2.6370277777777797,0.3136183952889055,-1.18231283973335
2018-08-01,2.6305083333333354,0.33642587214075753,-1.1889342054740912
2018-08-02,2.62384027777778,0.28234751565927585,-1.112521126770387
2018-08-03,2.6170194444444466,0.2558598420481646,-1.1858792864926093
2018-08-04,2.609295833333335,0.29264128880742396,-1.4159371221407573
2018-08-05,2.6003083333333357,0.32368025871483147,-1.4803219253814988
2018-08-06,2.590884722222224,0.3322542401963129,-1.1074722957518686
2018-08-07,2.58060277777778,0.3316346568629795,-0.8085707679740908
2018-08-08,2.569604166666669,0.24482230732594254,-0.5067598073259427
2018-08-09,2.558768055555557,0.11616522399260916,0.21140005378516885
2018-08-10,2.543556944444446,0.022069471677794328,0.3307069172110952
2018-08-11,2.5248041666666685,-0.1206328315629463,0.4921619982296132
2018-08-12,2.5094263888888904,-0.18902258850739087,0.5725961996185025
2018-08-13,2.497784722222224,-0.2039141047110945,0.846796049155539
2018-08-14,2.4867819444444463,-0.27291434776665,0.835799069988872
2018-08-15,2.4752027777777794,-0.3051572181370204,0.8759544403592425
2018-08-16,2.463473611111113,-0.2999337806370204,0.788126836192576
2018-08-17,2.451498611111113,-0.33445717184072404,0.8652918940629466
2018-08-18,2.4399444444444462,-0.44370401211850197,1.090426234340724
2018-08-19,2.4285319444444466,-0.4828114426740575,0.6982794982296123
2018-08-20,2.415419444444446,-0.46414806304442785,0.6563952852666499
2018-08-21,2.4009916666666684,-0.5173540352666499,0.7893623685999833
2018-08-22,2.386195833333335,-0.4947984681370205,0.9159359681370205
2018-08-23,2.3708680555555572,-0.5233943940629464,1.2505263385073908
2018-08-24,2.353658333333335,-0.5328582945259094,1.3488666278592434
2018-08-25,2.33474027777778,-0.4915492435999834,1.400475632488872
2018-08-26,2.316611111111113,-0.41680228758146504,1.3438578431370205
2018-08-27,2.3012097222222243,-0.4217763385073909,1.1598999496185023
2018-08-28,2.300011111111113,-0.46663122276665014,1.205953444988873
2018-08-29,2.320911111111113,-0.4026943130444278,1.3314498685999838
2018-08-30,2.3636902777777795,-0.3639181787851685,1.4938945676740576
2018-08-31,2.4182666666666686,-0.3776845560999835,1.7900845560999834
2018-09-01,2.4741000000000017,-0.3483911764703538,1.8582911764703542
2018-09-02,2.534075000000002,-0.2895741162851687,1.7481657829518347
2018-09-03,2.5970583333333352,-0.31731783156294635,1.7305928315629455
2018-09-04,2.660851388888891,-0.2966407135073909,1.6424559912851686
2018-09-05,2.7259569444444467,-0.29173550517405755,1.2004452273962791
2018-09-06,2.7934597222222246,-0.23469192878516856,0.9688988732296124
2018-09-07,2.8657305555555572,-0.14897896582220566,0.6079150769333166
2018-09-08,2.9421208333333353,-0.06844585239627972,-0.12767498093705382
2018-09-09,3.0248763888888908,-0.01862322508146481,-0.270253163807424
2018-09-10,3.115000000000002,-0.03530623434072408,-0.3436937656592759
2018-09-11,3.208443055555558,-0.029864046840724114,-0.44257900871483175
2018-09-12,3.3036666666666687,-0.06775380378516854,-0.8449128628814979
2018-09-13,3.3991208333333356,0.03105302233589053,-0.8991738556692243
2018-09-14,3.4943902777777796,0.0305050310594902,-0.9822286421706011
2018-09-15,3.589401388888891,0.03686623399796589,-1.0829342895535217
2018-09-16,3.684187500000002,0.06685749891991248,-1.1367116655865794
2018-09-17,3.778863888888891,0.08326047183084001,-1.383791027386396
2018-09-18,3.871000000000002,0.11941637173901258,-1.5554163717390126
2018-09-19,3.9620055555555576,0.1470528386811614,-1.6740583942367167
2018-09-20,4.054758333333336,0.18256469588960944,-1.8729896958896097
2018-09-21,4.147970833333336,0.18891858707418244,-1.984889420407516
2018-09-22,4.241261111111113,0.17629473491623948,-2.344889179360684
2018-09-23,4.334637500000001,0.15251257238180407,-1.9081500723818035
2018-09-24,4.429038888888891,0.07848643601816786,-1.9895253249070566
2018-09-25,4.524486111111113,-0.0004612682977183022,-2.0060248428133924
2018-09-26,4.617629166666669,0.040701587533319324,-2.140330754199986
2018-09-27,4.6984069444444465,0.04912748285012372,-2.2295344272945683
2018-09-28,4.759891666666669,0.025421261546175113,-2.499979594879509
2018-09-29,4.80010277777778,0.020818678901546983,-2.7795881233459916
2018-09-30,4.826687500000002,-0.02905082293500033,-2.792636677065
2018-10-01,4.849452777777779,-0.05023497123619397,-2.819551139874917
2018-10-02,4.867206944444447,-0.09321372467972029,-2.7996598864313915
2018-10-03,4.88618888888889,-0.09599717279725936,-2.8315250494249624
2018-10-04,4.912593055555558,-0.05596561861911424,-2.897960770269775
2018-10-05,4.940608333333335,-0.036045669124164875,-2.945229330875835
2018-10-06,4.964377777777781,-0.05386257683766328,-3.132181867606782
2018-10-07,4.9819472222222245,-0.1373418008964328,-3.067272087992457
2018-10-08,4.993294444444446,-0.1732937866631913,-3.0426673244479203
2018-10-09,5.002247222222224,-0.1762693720626403,-3.0386445168262486
2018-10-10,5.015537500000002,-0.12374578390837038,-2.911125049424964
2018-10-11,5.033229166666668,-0.15041892440423824,-2.672143575595762
2018-10-12,5.049105555555557,-0.1636749390966165,-2.7310972831256057
2018-10-13,5.062995833333336,-0.14779169759064778,-2.9368708024093526
2018-10-14,5.0768625000000025,-0.09885666545107002,-2.9973391678822643
2018-10-15,5.091101388888891,-0.06195531099744281,-3.0248127445581128
2018-10-16,5.106513888888891,-0.08742179400938063,-3.116425428212842
2018-10-17,5.122506944444447,-0.14205875452361366,-3.0777815232541643
2018-10-18,5.140297222222224,-0.1620991356071766,-3.1771980866150455
2018-10-19,5.160154166666668,-0.16617248271461468,-3.192981683952052
2018-10-20,5.1794527777777795,-0.15237648868339332,-3.2260762890943844
2018-10-21,5.197516666666669,-0.1598384377192059,-3.366678228947461
2018-10-22,5.215622222222224,-0.17182070355942644,-3.3938015186627957
2018-10-23,5.234537500000002,-0.1790689703179204,-3.9834685296820798
2018-10-24,5.255929166666668,-0.134339849564936,-4.061255983768397
2018-10-25,5.283673611111113,-0.09532976003325565,-4.1280105177445225
2018-10-26,5.316311111111113,-0.05826592853646957,-3.8390451825746417
2018-10-27,5.349391666666668,-0.014703061227011285,-1.4130219387729883
2018-10-28,5.380912500000002,-0.04287351577246585,0.8516276824391326
2018-10-29,5.410265277777779,0.022996169718810612,3.6364052191700784
2018-10-30,5.437212500000001,0.06259709947087659,3.580190400529124
2018-10-31,5.462205555555557,0.10803479460402632,3.9074263165070846
2018-11-01,5.4867097222222245,0.11858051315315392,4.633709764624624
2018-11-02,5.507805555555557,0.11405079552230005,4.708143648922146
2018-11-03,5.522823611111113,0.026241635742685704,4.828268086479536
2018-11-04,5.536250000000002,-0.00823790971185972,5.0319879097118605
2018-11-05,5.551009722222224,-0.045008949656763206,5.390332560767876
2018-11-06,5.567837500000001,0.04795500810264902,6.021874158564019
2018-11-07,5.588297222222224,0.12849352968207972,6.138875914762366
2018-11-08,5.609872222222224,0.17538977623855362,6.263738001539226
2018-11-09,5.627480555555557,0.27971549937904944,6.154470611732062
2018-11-10,5.641472222222224,0.3635488212339622,6.272978956543814
2018-11-11,5.656533333333335,0.4040260939612349,6.462773906038765
2018-11-12,5.672898611111114,0.3788453891862119,6.562255999702675
2018-11-13,5.691006944444446,0.37963133510372027,6.539028387118503
2018-11-14,5.718081944444446,0.33544477260372035,6.531473282951836
2018-11-15,5.753561111111113,0.3643367749185351,6.467102113970355
2018-11-16,5.7907277777777795,0.514807388344461,6.284798167211095
2018-11-17,5.828227777777779,0.5376305827889055,6.2268083060999855
2018-11-18,5.866231944444447,0.4949600272333499,6.2501413616555395
2018-11-19,5.9049263888888905,0.49662098788149794,6.321785956562946
2018-11-20,5.9438819444444455,0.47570971473334994,6.3140750074888725
2018-11-21,5.982136111111113,0.5283973073259426,6.238133248229613
2018-11-22,6.0170625000000015,0.5651246105666834,6.166479556099984
2018-11-23,6.046040277777779,0.5455026776963129,6.398123711192576
2018-11-24,6.067559722222224,0.5103209184370536,6.42178602600739
2018-11-25,6.085000000000002,0.43731462214075734,6.118685377859243
2018-11-26,6.102581944444447,0.42783646241853507,3.705914926470354
2018-11-27,6.121279166666668,0.41578625408520165,1.4966012459147988
2018-11-28,6.143031944444447,0.3136183952889055,-1.3029836730666835
2018-11-29,6.1676125000000015,0.33642587214075753,-1.7310383721407576
2018-11-30,6.19270138888889,0.28234751565927585,-2.212715571214831
2018-12-01,6.217506944444446,0.2558598420481646,-2.994033453159276
2018-12-02,6.242230555555556,0.29264128880742396,-2.285538511029645
2018-12-03,6.267326388888891,0.32368025871483147,-1.5736733142703863
2018-12-04,6.2946083333333345,0.3322542401963129,-1.6611959068629791
2018-12-05,6.325069444444447,0.3316346568629795,-1.9983707679740912
2018-12-06,6.355830555555557,0.24482230732594254,-2.630986196214831
2018-12-07,6.385184722222224,0.11616522399260916,-2.5536832795481645
2018-12-08,6.414020833333334,0.022069471677794328,-2.452423638344459
2018-12-09,6.4401027777777795,-0.1206328315629463,-1.3208032795481646
2018-12-10,6.46110138888889,-0.18902258850739087,-1.2354121337148296
2018-12-11,6.479659722222223,-0.2039141047110945,-1.4684122841777936
2018-12-12,6.501008333333335,-0.27291434776665,-1.5114273189000162
2018-12-13,6.523733333333334,-0.3051572181370204,-1.5115761151963114
2018-12-14,6.538026388888889,-0.2999337806370204,-1.530092608251867
2018-12-15,6.5430430555555565,-0.33445717184072404,-1.2835858837148308
2018-12-16,6.54590138888889,-0.44370401211850197,-1.1198640434370528
2018-12-17,6.549177777777779,-0.4828114426740575,-1.0483663351037202
2018-12-18,6.5523958333333345,-0.46414806304442785,-1.0889144369555714
2018-12-19,6.5551111111111116,-0.5173540352666499,-1.1247570758444596
2018-12-20,6.558345833333334,-0.4947984681370205,-1.160880698529644
2018-12-21,6.562208333333334,-0.5233943940629464,-0.6908139392703863
2018-12-22,6.568566666666668,-0.5328582945259094,-0.5763750388074237
2018-12-23,6.577386111111112,-0.4915492435999834,0.0021631324888732317
2018-12-24,6.586261111111113,-0.41680228758146504,0.8885411764703539
2018-12-25,6.59364027777778,-0.4217763385073909,0.8861360607296125
2018-12-26,6.5889555555555575,-0.46663122276665014,0.8376756672110944
2018-12-27,6.564247222222224,-0.4026943130444278,0.732447090822206
2018-12-28,6.517019444444446,-0.3639181787851685,0.7408987343407244
2018-12-29,6.456073611111114,-0.3776845560999835,0.8192776116555385
2018-12-30,6.392779166666669,-0.3483911764703538,0.8709453431370195
2018-12-31,6.3260611111111125,-0.2895741162851687,0.905846338507391
2019-01-01,6.25715277777778,-0.31731783156294635,0.18383172045183538
2019-01-02,6.186387500000002,-0.2966407135073909,-0.3920801198259421
2019-01-03,6.112700000000002,-0.29173550517405755,-0.45496449482594215
2019-01-04,6.035429166666669,-0.23469192878516856,-0.46207057121483164
2019-01-05,5.953868055555557,-0.14897896582220566,-0.25255575640001665
2019-01-06,5.870455555555557,-0.06844585239627972,-0.37334303649260886
2019-01-07,5.786630555555558,-0.01862322508146481,-0.5366739971407566
2019-01-08,5.702587500000002,-0.03530623434072408,-1.2006145989926091
2019-01-09,5.618830555555557,-0.029864046840724114,-1.225633175381498
2019-01-10,5.536044444444446,-0.06775380378516854,-1.0899573073259428
2019-01-11,5.451915277777779,0.03105302233589053,-1.0116349667803348
2019-01-12,5.3656916666666685,0.0305050310594902,-0.4478633643928237
2019-01-13,5.285256944444446,0.03686623399796589,1.3135434882242565
2019-01-14,5.212862500000002,0.06685749891991248,1.7572800010800875
2019-01-15,5.143204166666669,0.08326047183084001,1.7492020281691592
2019-01-16,5.075258333333335,0.11941637173901258,1.742991961594321
2019-01-17,5.009079166666668,0.1470528386811614,1.8972013279855062
2019-01-18,4.94246527777778,0.18256469588960944,1.9076366929992792
2019-01-19,4.875344444444446,0.18891858707418244,1.9687369684813738
2019-01-20,4.808120833333335,0.17629473491623948,1.5882510984170937
2019-01-21,4.740834722222225,0.15251257238180407,1.567986038729306
2019-01-22,4.672540277777779,0.07848643601816786,0.8393066195373884
2019-01-23,4.603193055555558,-0.0004612682977183022,0.007601546075495673
2019-01-24,4.536772222222224,0.040701587533319324,0.0338595235777922
2019-01-25,4.483347222222225,0.04912748285012372,0.11185862826098622
2019-01-26,4.449125000000002,0.025421261546175113,0.17178707178715721
2019-01-27,4.436080555555558,0.020818678901546983,0.444100765542897
2019-01-28,4.4366222222222245,-0.02905082293500033,0.6370952673794448
2019-01-29,4.440858333333335,-0.05023497123619397,0.5707099712361943
2019-01-30,4.448976388888891,-0.09321372467972029,0.5902373357908309
2019-01-31,4.455659722222224,-0.09599717279725936,0.5610041172417036
2019-02-01,4.457568055555557,-0.05596561861911424,0.6180642297302259
2019-02-02,4.465712500000002,-0.036045669124164875,1.0163331691241642
2019-02-03,4.49087777777778,-0.05386257683766328,1.165318132393218
2019-02-04,4.527366666666668,-0.1373418008964328,0.9459751342297665
2019-02-05,4.564809722222225,-0.1732937866631913,0.872150731107635
2019-02-06,4.601070833333336,-0.1762693720626403,0.796865205395973
2019-02-07,4.632343055555557,-0.12374578390837038,0.29740272835281506
2019-02-08,4.657938888888891,-0.15041892440423824,-0.08251996448465124
2019-02-09,4.681644444444446,-0.1636749390966165,-0.12396950534782764
2019-02-10,4.704525000000002,-0.14779169759064778,0.30560003092398136
2019-02-11,4.72661527777778,-0.09885666545107002,-0.0770919456600419
2019-02-12,4.74250138888889,-0.06195531099744281,-1.8158794112247783
2019-02-13,4.749731944444447,-0.08742179400938063,-2.4159768171017313
2019-02-14,4.753134722222224,-0.14205875452361366,-2.3660759676986087
2019-02-15,4.754418055555558,-0.1620991356071766,-2.3473189199483793
2019-02-16,4.753788888888891,-0.16617248271461468,-2.458283072840941
2019-02-17,4.753491666666669,-0.15237648868339332,-2.4767818446499406
2019-02-18,4.753598611111113,-0.1598384377192059,-2.4697601733919052
2019-02-19,4.75189027777778,-0.17182070355942644,-2.4560695742183514
2019-02-20,4.747862500000002,-0.1790689703179204,-2.4447935296820797
2019-02-21,4.740776388888891,-0.134339849564936,-2.4814365393239535
2019-02-22,4.72875277777778,-0.09532976003325565,-2.5077563510778558
2019-02-23,4.718556944444447,-0.05826592853646957,-2.5356243492413086
2019-02-24,4.719701388888891,-0.014703061227011285,-2.6133316609952106
2019-02-25,4.734229166666669,-0.04287351577246585,-2.601688984227535
2019-02-26,4.755681944444447,0.022996169718810612,-2.943678114163256
2019-02-27,4.778409722222224,0.06259709947087659,-3.153340155026432
2019-02-28,4.801733333333336,0.10803479460402632,-3.230434794604027
2019-03-01,4.82497638888889,0.11858051315315392,-2.9185569020420425
2019-03-02,4.851518055555557,0.11405079552230005,-2.9595688510778553
2019-03-03,4.88347777777778,0.026241635742685704,-3.192052746853797
2019-03-04,4.909572222222224,-0.00823790971185972,-3.366667645843695
2019-03-05,4.920933333333336,-0.045008949656763206,-3.499257717009904
2019-03-06,4.924825000000002,0.04795500810264902,-3.390113341435983
2019-03-07,4.928583333333335,0.12849352968207972,-3.165410196348746
2019-03-08,4.933606944444446,0.17538977623855362,-3.2139967206829976
2019-03-09,4.943263888888891,0.27971549937904944,-3.177646054934606
2019-03-10,4.957225000000001,0.3635488212339622,-3.128107154567295
2019-03-11,4.971462500000001,0.4040260939612349,-2.635488593961234
2019-03-12,4.988293055555557,0.3788453891862119,-3.160805111408434
2019-03-13,5.006044444444446,0.37963133510372027,-3.0620091128814972
2019-03-14,5.014781944444446,0.33544477260372035,-1.7835600503814981
2019-03-15,5.014638888888891,0.3643367749185351,-1.150308997140758
2019-03-16,5.013027777777779,0.514807388344461,-1.2991684994555721
2019-03-17,5.012065277777779,0.5376305827889055,-0.9023625272333499
2019-03-18,5.011287500000002,0.4949600272333499,-0.8325808605666831
2019-03-19,5.010434722222223,0.49662098788149794,-0.833389043437053
2019-03-20,5.011187500000002,0.47570971473334994,-0.8125638814000169
2019-03-21,5.016759722222224,0.5283973073259426,-0.8708236962148314
2019-03-22,5.026706944444447,0.5651246105666834,-0.9174982216777954
2019-03-23,5.041287500000002,0.5455026776963129,-0.9134568443629801
2019-03-24,5.061858333333335,0.5103209184370536,-0.8995125851037198
2019-03-25,5.0791625000000025,0.43731462214075734,-0.489477122140757
2019-03-26,5.0840305555555565,0.42783646241853507,-0.4835336846407556
2019-03-27,5.076166666666667,0.41578625408520165,-0.46361958741853304
2019-03-28,5.060708333333336,0.3136183952889055,-0.34599339528890555
2019-03-29,5.04350277777778,0.33642587214075753,-0.35159531658520166
2019-03-30,5.02655138888889,0.28234751565927585,-0.2852322378814973
2019-03-31,5.010018055555557,0.2558598420481646,-0.5995445642703858
2019-04-01,4.993654166666669,0.29264128880742396,-0.6199621221407572
2019-04-02,4.97595138888889,0.32368025871483147,-0.24129831427038634
2019-04-03,4.954847222222224,0.3322542401963129,1.5922318709147985
2019-04-04,4.9301777777777795,0.3316346568629795,3.5225208986925756
2019-04-05,4.904633333333335,0.24482230732594254,3.4515443593407236
2019-04-06,4.881008333333336,0.11616522399260916,3.3054931093407243
2019-04-07,4.859638888888892,0.022069471677794328,3.449624972766649
2019-04-08,4.840897222222225,-0.1206328315629463,3.436068942674056
2019-04-09,4.825219444444446,-0.18902258850739087,3.3858031440629466
2019-04-10,4.813337500000002,-0.2039141047110945,2.901909938044429
2019-04-11,4.81552638888889,-0.27291434776665,2.9613879588777623
2019-04-12,4.8332097222222234,-0.3051572181370204,2.6932808292481325
2019-04-13,4.862116666666668,-0.2999337806370204,1.4441504473036872
2019-04-14,4.901087500000002,-0.33445717184072404,0.7953696718407233
2019-04-15,4.945902777777779,-0.44370401211850197,0.8598012343407254
2019-04-16,4.996202777777778,-0.4828114426740575,0.4329419982296152
2019-04-17,5.048905555555557,-0.46414806304442785,0.3352425074888729
2019-04-18,5.101786111111113,-0.5173540352666499,0.33656792415553904
2019-04-19,5.153904166666669,-0.4947984681370205,0.2612276348036872
2019-04-20,5.203908333333335,-0.5233943940629464,0.2398193940629465
2019-04-21,5.252318055555557,-0.5328582945259094,0.20087357230368752
2019-04-22,5.301102777777779,-0.4915492435999834,0.11677979915553982
2019-04-23,5.350819444444447,-0.41680228758146504,0.3999828431370203
2019-04-24,5.400884722222225,-0.4217763385073909,1.355891616285168
2019-04-25,5.450972222222225,-0.46663122276665014,2.9733256672110935
2019-04-26,5.501086111111113,-0.4026943130444278,4.284608201933318
2019-04-27,5.552144444444446,-0.3639181787851685,4.365440401007391
2019-04-28,5.603675000000003,-0.3776845560999835,4.466676222766648
2019-04-29,5.654663888888891,-0.3483911764703538,4.4117272875814635
2019-04-30,5.704134722222225,-0.2895741162851687,4.303439394062944
2019-05-01,5.752262500000002,-0.31731783156294635,4.283055331562944
2019-05-02,5.802480555555558,-0.2966407135073909,4.067826824618501
2019-05-03,5.85552777777778,-0.29173550517405755,1.9888743940629452
2019-05-04,5.910145833333335,-0.23469192878516856,0.20321276211850228
2019-05-05,5.964656944444446,-0.14897896582220566,0.13065535471109407
2019-05-06,6.016150000000002,-0.06844585239627972,-0.011037480937054298
2019-05-07,6.064898611111113,-0.01862322508146481,-0.11727538602964631
2019-05-08,6.112786111111113,-0.03530623434072408,0.009186789896279718
2019-05-09,6.1600486111111135,-0.029864046840724114,-0.036184564270387264
2019-05-10,6.202506944444446,-0.06775380378516854,-0.07008647399260975
2019-05-11,6.225734722222224,0.03105302233589053,0.5675455887752195
2019-05-12,6.231245833333335,0.0305050310594902,0.5939158022738426
2019-05-13,6.229812500000002,0.03686623399796589,0.5586545993353668
2019-05-14,6.221654166666669,0.06685749891991248,0.5244883344134201
2019-05-15,6.208938888888891,0.08326047183084001,0.5208006392802702
2019-05-16,6.1903611111111125,0.11941637173901258,0.5595558504832093
2019-05-17,6.167629166666669,0.1470528386811614,0.6203179946521713
2019-05-18,6.144808333333335,0.18256469588960944,0.6189603041103895
2019-05-19,6.12126527777778,0.18891858707418244,0.9898161351480396
2019-05-20,6.096931944444446,0.17629473491623948,1.3697733206393163
2019-05-21,6.072355555555557,0.15251257238180407,1.5534652053959739
2019-05-22,6.047023611111113,0.07848643601816786,1.6471566195373868
2019-05-23,6.020787500000002,-0.0004612682977183022,1.3446737682977177
2019-05-24,5.992730555555557,0.040701587533319324,-0.023765476422207617
2019-05-25,5.963191666666669,0.04912748285012372,-1.5979858161834573
2019-05-26,5.933768055555558,0.025421261546175113,-2.970189317101731
2019-05-27,5.905511111111114,0.020818678901546983,-3.077996456679325
2019-05-28,5.879763888888891,-0.02905082293500033,-2.882713065953889
2019-05-29,5.85599027777778,-0.05023497123619397,-2.8360886398749177
2019-05-30,5.83421527777778,-0.09321372467972029,-2.7713348864313914
2019-05-31,5.8142875000000025,-0.09599717279725936,-2.748623660536075
2019-06-01,5.792320833333335,-0.05596561861911424,-3.014355214714219
2019-06-02,5.7613069444444465,-0.036045669124164875,-3.0465946086536126
2019-06-03,5.715909722222224,-0.05386257683766328,-3.2130471453845586
2019-06-04,5.66352638888889,-0.1373418008964328,-3.1675179213257882
2019-06-05,5.6131333333333355,-0.1732937866631913,-2.8688395466701424
2019-06-06,5.563425000000002,-0.1762693720626403,-2.6014889612706935
2019-06-07,5.515216666666668,-0.12374578390837038,-2.647470882758296
2019-06-08,5.471019444444446,-0.15041892440423824,-2.5962671867068723
2019-06-09,5.43090277777778,-0.1636749390966165,-2.024227838681161
2019-06-10,5.3933236111111125,-0.14779169759064778,1.2931347531462039
2019-06-11,5.357577777777779,-0.09885666545107002,1.8596122210066268
2019-06-12,5.331887500000002,-0.06195531099744281,1.964734477664109
2019-06-13,5.322809722222225,-0.08742179400938063,1.9939454051204908
2019-06-14,5.320273611111113,-0.14205875452361366,2.8394518100791695
2019-06-15,5.317888888888891,-0.1620991356071766,3.3885435800516195
2019-06-16,5.317522222222224,-0.16617248271461468,3.3273169271590595
2019-06-17,5.317558333333335,-0.15237648868339332,3.301151488683393
2019-06-18,5.317572222222224,-0.1598384377192059,3.1325995488303167
2019-06-19,5.319137500000002,-0.17182070355942644,2.8113498702260933
2019-06-20,5.323900000000002,-0.1790689703179204,2.762835636984587
2019-06-21,5.336581944444447,-0.134339849564936,2.847424571787158
2019-06-22,5.353836111111113,-0.09532976003325565,2.8744936489221455
2019-06-23,5.3652208333333355,-0.05826592853646957,2.8260450952031366
2019-06-24,5.3661833333333355,-0.014703061227011285,2.7528530612270106
2019-06-25,5.354836111111113,-0.04287351577246585,2.7923707379946876
2019-06-26,5.335673611111114,0.022996169718810612,2.715663552503411
2019-06-27,5.3127111111111125,0.06259709947087659,2.4403584560846787
2019-06-28,5.287109722222224,0.10803479460402632,2.3935221498404173
2019-06-29,5.26092638888889,0.11858051315315392,2.4091597646246234
2019-06-30,5.234383333333335,0.11405079552230005,2.4445658711443663
2019-07-01,5.208056944444446,0.026241635742685704,2.7487014198128694
2019-07-02,5.190251388888891,-0.00823790971185972,2.8186531874896366
2019-07-03,5.187981944444447,-0.045008949656763206,2.8760270052123182
2019-07-04,5.193363888888891,0.04795500810264902,2.781681103008461
2019-07-05,5.198831944444446,0.12849352968207972,2.4823411925401424
2019-07-06,5.204369444444446,0.17538977623855362,2.2969074459836687
2019-07-07,5.2148930555555575,0.27971549937904944,2.2620581117320615
2019-07-08,5.229650000000002,0.3635488212339622,2.2311345120993717
2019-07-09,5.2445569444444455,0.4040260939612349,1.6497502949276552
2019-07-10,5.257581944444446,0.3788453891862119,-2.4137606669639897
2019-07-11,5.267408333333336,0.37963133510372027,-3.017039668437054
2019-07-12,5.271691666666669,0.33544477260372035,-2.690803105937054
2019-07-13,5.265611111111113,0.3643367749185351,-2.7089478860296463
2019-07-14,5.2542388888888905,0.514807388344461,-3.284379610566683
2019-07-15,5.242604166666668,0.5376305827889055,-3.847568082788905
2019-07-16,5.2301430555555575,0.4949600272333499,-3.792436416122239
2019-07-17,5.217043055555557,0.49662098788149794,-3.7759973767703863
2019-07-18,5.202422222222225,0.47570971473334994,-3.918131936955573
2019-07-19,5.183352777777779,0.5283973073259426,-3.963083418437053
2019-07-20,5.1589597222222245,0.5651246105666834,-4.022417666122239
2019-07-21,5.125919444444446,0.5455026776963129,-4.105088788807424
2019-07-22,5.088279166666668,0.5103209184370536,-4.11560008510372
2019-07-23,5.057995833333335,0.43731462214075734,-4.01231045547409
2019-07-24,5.041409722222223,0.42783646241853507,-3.9862461846407564
2019-07-25,5.0393444444444455,0.41578625408520165,-3.9431306985296453
2019-07-26,5.044550000000002,0.3136183952889055,-3.5951683952889057
2019-07-27,5.050679166666668,0.33642587214075753,-3.27277170547409
2019-07-28,5.057109722222224,0.28234751565927585,-3.1074572378814977
2019-07-29,5.063693055555557,0.2558598420481646,-3.08755289760372
2019-07-30,5.070259722222223,0.29264128880742396,-3.044901011029645
2019-07-31,5.07783888888889,0.32368025871483147,-3.266852480937053
2019-08-01,5.086093055555557,0.3322542401963129,-3.0586806290852007
2019-08-02,5.095233333333335,0.3316346568629795,-3.018201323529645
2019-08-03,5.10722777777778,0.24482230732594254,-2.9473834184370533
2019-08-04,5.11996527777778,0.11616522399260916,-2.83146383510372
2019-08-05,5.131841666666668,0.022069471677794328,-2.854577805011127
2019-08-06,5.1367527777777795,-0.1206328315629463,-2.3977866128814984
2019-08-07,5.135583333333336,-0.18902258850739087,-1.9938940781592764
2019-08-08,5.132409722222224,-0.2039141047110945,-1.9758289508444613
2019-08-09,5.111813888888891,-0.27291434776665,-1.7952328744555726
2019-08-10,5.076372222222224,-0.3051572181370204,-1.6685483374185344
2019-08-11,5.04008888888889,-0.2999337806370204,-0.7808217749185349
2019-08-12,5.003322222222224,-0.33445717184072404,0.5614682829518356
2019-08-13,4.963293055555557,-0.44370401211850197,0.36541095656294675
2019-08-14,4.917784722222224,-0.4828114426740575,0.41602672045183486
2019-08-15,4.870597222222224,-0.46414806304442785,0.5208841741555401
2019-08-16,4.83282777777778,-0.5173540352666499,0.6068595908222061
2019-08-17,4.804694444444446,-0.4947984681370205,0.6124373570259105
2019-08-18,4.778673611111113,-0.5233943940629464,1.0387207829518346
2019-08-19,4.754904166666668,-0.5328582945259094,1.46762079452591
2019-08-20,4.734393055555557,-0.4915492435999834,2.9578228547110936
2019-08-21,4.721663888888891,-0.41680228758146504,2.8958050653592418
2019-08-22,4.721754166666669,-0.4217763385073909,2.90068883850739
2019-08-23,4.727581944444447,-0.46663122276665014,3.0620492783222053
2019-08-24,4.731847222222225,-0.4026943130444278,2.9651804241555384
2019-08-25,4.736494444444446,-0.3639181787851685,2.670757067674057
2019-08-26,4.741845833333335,-0.3776845560999835,2.32783872276665
2019-08-27,4.7475819444444465,-0.3483911764703538,2.1751425653592418
2019-08-28,4.753293055555558,-0.2895741162851687,2.1139477273962792
2019-08-29,4.760312500000002,-0.31731783156294635,2.0450053315629466
2019-08-30,4.768637500000002,-0.2966407135073909,2.0133365468407236
2019-08-31,4.777275000000002,-0.29173550517405755,1.8821271718407238
2019-09-01,4.784950000000002,-0.23469192878516856,1.9687419287851684
2019-09-02,4.790306944444446,-0.14897896582220566,1.956338688044428
2019-09-03,4.796647222222224,-0.06844585239627972,1.8694652968407246
2019-09-04,4.806433333333335,-0.01862322508146481,1.8091898917481326
2019-09-05,4.817336111111112,-0.03530623434072408,3.162303456562947
2019-09-06,4.826104166666669,-0.029864046840724114,2.9817598801740575
2019-09-07,4.835494444444446,-0.06775380378516854,3.190592692674057
2019-09-08,4.866612500000001,0.03105302233589053,3.1590011443307766
2019-09-09,4.92047638888889,0.0305050310594902,3.030685246718289
2019-09-10,4.97665277777778,0.03686623399796589,1.7138143215575903
2019-09-11,5.031616666666668,0.06685749891991248,0.3531925010800882
2019-09-12,5.089505555555557,0.08326047183084001,0.2722339726136059
2019-09-13,5.152681944444446,0.11941637173901258,0.17290168381654475
2019-09-14,5.217959722222224,0.1470528386811614,0.003654105763283483
2019-09-15,5.278408333333335,0.18256469588960944,-0.09230636255627567
2019-09-16,5.335930555555557,0.18891858707418244,-0.15618247596307114
2019-09-17,5.396106944444446,0.17629473491623948,-0.5747350126940162
2019-09-18,5.460638888888891,0.15251257238180407,-1.0438181279373595
2019-09-19,5.52627777777778,0.07848643601816786,-2.5527642137959465
2019-09-20,5.5847555555555575,-0.0004612682977183022,-2.5322942872578373
2019-09-21,5.630920833333335,0.040701587533319324,-2.616955754199986
2019-09-22,5.670181944444446,0.04912748285012372,-2.330642760627901
2019-09-23,5.7111638888888905,0.025421261546175113,-2.217585150435064
2019-09-24,5.756670833333335,0.020818678901546983,-2.2098228455682136
2019-09-25,5.804294444444446,-0.02905082293500033,-2.055576954842777
2019-09-26,5.850261111111113,-0.05023497123619397,-2.038692806541584
2019-09-27,5.8959027777777795,-0.09321372467972029,-2.044689053098057
2019-09-28,5.940570833333336,-0.09599717279725936,-2.0872403272027413
2019-09-29,5.984891666666669,-0.05596561861911424,-2.1755927147142193
2019-09-30,6.031116666666669,-0.036045669124164875,-2.366737664209169
2019-10-01,6.078273611111113,-0.05386257683766328,-2.3314110342734473
2019-10-02,6.125108333333335,-0.1373418008964328,-1.9944331991035669
2019-10-03,6.170813888888891,-0.1732937866631913,-2.0041867688923647
2019-10-04,6.214197222222225,-0.1762693720626403,-1.8242611834929154
2019-10-05,6.254212500000002,-0.12374578390837038,-3.6358000494249634
2019-10-06,6.290550000000002,-0.15041892440423824,-3.4471310755957623
2019-10-07,6.324983333333336,-0.1636749390966165,-3.648641727570051
2019-10-08,6.356484722222225,-0.14779169759064778,-3.882693024631576
2019-10-09,6.381986111111114,-0.09885666545107002,-3.4581294456600418
2019-10-10,6.403463888888891,-0.06195531099744281,-3.5215085778914466
2019-10-11,6.418991666666669,-0.08742179400938063,-3.5115698726572866
2019-10-12,6.429983333333336,-0.14205875452361366,-3.4679245788097206
2019-10-13,6.442030555555558,-0.1620991356071766,-3.4599314199483797
2019-10-14,6.456212500000003,-0.16617248271461468,-3.412040017285387
2019-10-15,6.468079166666668,-0.15237648868339332,-1.3133693446499397
2019-10-16,6.475009722222224,-0.1598384377192059,-1.312837951169683
2019-10-17,6.479293055555558,-0.17182070355942644,-1.3058056853294626
2019-10-18,6.477862500000002,-0.1790689703179204,-1.1387935296820808
2019-10-19,6.466858333333335,-0.134339849564936,-0.45785181710173134
2019-10-20,6.450843055555557,-0.09532976003325565,0.8974867044776993
2019-10-21,6.439319444444446,-0.05826592853646957,2.6536131507586935
2019-10-22,6.43077777777778,-0.014703061227011285,2.185258616782568
2019-10-23,6.421822222222224,-0.04287351577246585,2.2520512935502435
2019-10-24,6.411134722222224,0.022996169718810612,2.2288691080589675
2019-10-25,6.402133333333335,0.06259709947087659,2.046602900529123
2019-10-26,6.397438888888891,0.10803479460402632,1.9641929831737517
2019-10-27,6.393869444444446,0.11858051315315392,1.9658833757357352
2019-10-28,6.392058333333335,0.11405079552230005,2.281890871144367
2019-10-29,6.390555555555557,0.026241635742685704,2.5692028087017578
2019-10-30,6.38630277777778,-0.00823790971185972,2.6926017986007498
2019-10-31,6.379462500000002,-0.045008949656763206,2.456546449656762
2019-11-01,6.371258333333335,0.04795500810264902,2.1174533252306844
2019-11-02,6.362181944444446,0.12849352968207972,2.326991192540144
2019-11-03,6.352948611111113,0.17538977623855362,2.488994945983668
2019-11-04,6.338265277777779,0.27971549937904944,2.4146858895098404
2019-11-05,6.318845833333335,0.3635488212339622,1.970272012099371
2019-11-06,6.299379166666668,0.4040260939612349,2.0202614060387654
2019-11-07,6.27873888888889,0.3788453891862119,2.608082388591568
2019-11-08,6.2579833333333355,0.37963133510372027,2.8767186648962793
2019-11-09,6.239851388888891,0.33544477260372035,2.9390371718407238
2019-11-10,6.229345833333335,0.3643367749185351,2.9206507250814644
2019-11-11,6.223758333333334,0.514807388344461,3.0461009449888747
2019-11-12,6.21757638888889,0.5376305827889055,3.039793028322204
2019-11-13,6.209358333333335,0.4949600272333499,3.032681639433315
2019-11-14,6.199191666666668,0.49662098788149794,1.9451873454518354
2019-11-15,6.18877638888889,0.47570971473334994,2.197513896377762
2019-11-16,6.1791388888888905,0.5283973073259426,2.381463803785169
2019-11-17,6.170556944444447,0.5651246105666834,3.113318444988872
2019-11-18,6.16818888888889,0.5455026776963129,2.458641766748133
2019-11-19,6.170765277777781,0.5103209184370536,1.2305804704518337
2019-11-20,6.168437500000001,0.43731462214075734,-0.47175212214075657
2019-11-21,6.160631944444447,0.42783646241853507,-0.33380174019631287
2019-11-22,6.1483097222222245,0.41578625408520165,0.011904023692576149
2019-11-23,6.1314430555555575,0.3136183952889055,1.1756052158222046
2019-11-24,6.109600000000002,0.33642587214075753,1.2403074611925757
2019-11-25,6.084298611111112,0.28234751565927585,1.3253538732296137
2019-11-26,6.057987500000002,0.2558598420481646,1.412152657951835
2019-11-27,6.029583333333336,0.29264128880742396,1.2221087111925755
2019-11-28,6.0004597222222245,0.32368025871483147,1.2211933523962786
2019-11-29,5.975773611111114,0.3322542401963129,1.7349721486925742
2019-11-30,5.956747222222225,0.3316346568629795,1.7546181209147969
2019-12-01,5.9386694444444466,0.24482230732594254,1.82717491489628
2019-12-02,5.9197708333333345,0.11616522399260916,1.7320639426740578
2019-12-03,5.90016527777778,0.022069471677794328,1.4257652505444276
2019-12-04,5.891148611111113,-0.1206328315629463,1.402817553785168
2019-12-05,5.8951277777777795,-0.18902258850739087,1.4125614773962791
2019-12-06,5.90400277777778,-0.2039141047110945,1.3505779935999827
2019-12-07,5.916970833333336,-0.27291434776665,0.8619435144333163
2019-12-08,5.928743055555557,-0.3051572181370204,0.1370808292481312
2019-12-09,5.938455555555558,-0.2999337806370204,0.8174782250814643
2019-12-10,5.948188888888891,-0.33445717184072404,0.8466016162851682
2019-12-11,5.957923611111113,-0.44370401211850197,0.778780401007391
2019-12-12,5.968269444444446,-0.4828114426740575,0.8488753315629467
2019-12-13,5.979697222222224,-0.46414806304442785,1.3321175074888714
2019-12-14,5.982804166666669,-0.5173540352666499,0.3845498685999835
2019-12-15,5.9799708333333355,-0.4947984681370205,0.17282763480368718
2019-12-16,5.98011527777778,-0.5233943940629464,0.12961244961850138
2019-12-17,5.979725000000002,-0.5328582945259094,-0.3928667054740905
2019-12-18,5.97521527777778,-0.4915492435999834,-0.2883327008444606
2019-12-19,5.962173611111114,-0.41680228758146504,-0.183037990196313
2019-12-20,5.936595833333335,-0.4217763385073909,0.7585138385073908
2019-12-21,5.905993055555558,-0.46663122276665014,0.760971500544427
2019-12-22,5.877708333333336,-0.4026943130444278,0.7926526463777603
2019-12-23,5.849180555555558,-0.3639181787851685,0.01973762322961259
2019-12-24,5.821162500000002,-0.3776845560999835,0.626522056099984
2019-12-25,5.79396666666667,-0.3483911764703538,0.6240911764703525
2019-12-26,5.766925000000002,-0.2895741162851687,0.7483157829518353
2019-12-27,5.7391611111111125,-0.31731783156294635,0.9834900537851687
2019-12-28,5.711102777777779,-0.2966407135073909,0.7928712690629469
2019-12-29,5.681690277777779,-0.29173550517405755,0.2350452273962802
2019-12-30,5.649645833333336,-0.23469192878516856,0.2050460954518343
2019-12-31,5.617550000000003,-0.14897896582220566,0.059095632488871896
2020-01-01,5.5854652777777805,-0.06844585239627972,-0.027686092048165342
2020-01-02,5.553470833333335,-0.01862322508146481,-0.04551427491853448
2020-01-03,5.518187500000002,-0.03530623434072408,0.04511873434072475
2020-01-04,5.477769444444446,-0.029864046840724114,0.0857612690629477
2020-01-05,5.43428888888889,-0.06775380378516854,0.164131581562948
2020-01-06,5.386597222222224,0.03105302233589053,0.11301642210855517
2020-01-07,5.335934722222224,0.0305050310594902,0.1598935800516218
2020-01-08,5.284431944444446,0.03686623399796589,-0.4902981784424096
2020-01-09,5.2334666666666685,0.06685749891991248,-0.4736574989199121
2020-01-10,5.185631944444446,0.08326047183084001,-0.5398924162752843
2020-01-11,5.139798611111113,0.11941637173901258,-0.5818816495167901
2020-01-12,5.093427777777779,0.1470528386811614,-1.0764806164589382
2020-01-13,5.051786111111113,0.18256469588960944,-1.101017473667387
2020-01-14,5.011131944444447,0.18891858707418244,-1.0957171981852938
2020-01-15,4.965772222222224,0.17629473491623948,-1.1930669571384613
2020-01-16,4.916177777777779,0.15251257238180407,-1.5103570168262481
2020-01-17,4.866233333333335,0.07848643601816786,-1.4500531026848347
2020-01-18,4.82361388888889,-0.0004612682977183022,-1.5954859539245034
2020-01-19,4.792906944444446,0.040701587533319324,-2.5132751986444295
2020-01-20,4.768508333333335,0.04912748285012372,-2.5679691495167902
2020-01-21,4.74168888888889,0.025421261546175113,-3.066443483768397
2020-01-22,4.709180555555557,0.020818678901546983,-3.391999234457102
2020-01-23,4.672034722222223,-0.02905082293500033,-3.935983899287221
2020-01-24,4.634575000000002,-0.05023497123619397,-3.8826733620971394
2020-01-25,4.59697777777778,-0.09321372467972029,-4.000764053098058
2020-01-26,4.559436111111113,-0.09599717279725936,-4.268105604980518
2020-01-27,4.520279166666668,-0.05596561861911424,-4.138646881380885
2020-01-28,4.475316666666668,-0.036045669124164875,-3.307937664209168
2020-01-29,4.4270361111111125,-0.05386257683766328,-2.7495068676067804
2020-01-30,4.379855555555558,-0.1373418008964328,-2.518513754659123
2020-01-31,4.3337069444444465,-0.1732937866631913,-2.4334131577812532
2020-02-01,4.288015277777779,-0.1762693720626403,-2.3370792390484705
2020-02-02,4.242691666666669,-0.12374578390837038,-1.3492792160916303
2020-02-03,4.198136111111113,-0.15041892440423824,-0.6747171867068729
2020-02-04,4.153450000000002,-0.1636749390966165,-0.02710839423671657
2020-02-05,4.1104125000000025,-0.14779169759064778,0.02571253092398082
2020-02-06,4.072319444444446,-0.09885666545107002,0.014537221006625856
2020-02-07,4.034238888888891,-0.06195531099744281,0.015716422108553868
2020-02-08,3.9927055555555575,-0.08742179400938063,0.08271623845382489
2020-02-09,3.9475708333333355,-0.14205875452361366,0.1828212545236137
2020-02-10,3.8991569444444467,-0.1620991356071766,0.3976088578293986
2020-02-11,3.8478444444444464,-0.16617248271461468,0.6243280382701701
2020-02-12,3.7978569444444465,-0.15237648868339332,0.6745195442389489
2020-02-13,3.7532319444444466,-0.1598384377192059,1.411273159941428
2020-02-14,3.7102277777777797,-0.17182070355942644,1.4955929257816492
2020-02-15,3.6697402777777794,-0.1790689703179204,1.5433286925401435
2020-02-16,3.6308819444444467,-0.134339849564936,1.421791238453824
2020-02-17,3.590738888888891,-0.09532976003325565,1.5839242044777
2020-02-18,3.546122222222224,-0.05826592853646957,1.5818103729809136
2020-02-19,3.4980430555555575,-0.014703061227011285,1.7383266723381214
2020-02-20,3.4501319444444465,-0.04287351577246585,1.8150749046613543
2020-02-21,3.4053125000000017,0.022996169718810612,1.79669133028119
2020-02-22,3.3613777777777796,0.06259709947087659,1.801025122751346
2020-02-23,3.31509027777778,0.10803479460402632,1.8058749276181956
2020-02-24,3.268109722222224,0.11858051315315392,1.8423097646246238
2020-02-25,3.2197277777777797,0.11405079552230005,2.0402214266999215
2020-02-26,3.1722486111111126,0.026241635742685704,2.467509753146203
2020-02-27,3.1290222222222237,-0.00823790971185972,2.210882354156305
2020-02-28,3.0892819444444464,-0.045008949656763206,1.7950603385456518
2020-02-29,3.0503680555555572,0.04795500810264902,1.6870102696751295
2020-03-01,3.013031944444446,0.12849352968207972,1.727141192540143
2020-03-02,2.978818055555557,0.17538977623855362,2.133458834872558
2020-03-03,2.9480986111111127,0.27971549937904944,1.066519222843174
2020-03-04,2.9193347222222243,0.3635488212339622,0.40778312321048177
2020-03-05,2.891209722222224,0.4040260939612349,-0.04490248285012399
2020-03-06,2.8654625000000014,0.3788453891862119,0.04869211081378866
2020-03-07,2.8415166666666685,0.37963133510372027,0.10685199822961333
2020-03-08,2.8205416666666685,0.33544477260372035,0.18401356072961322
2020-03-09,2.8024819444444464,0.3643367749185351,0.29018128063702053
2020-03-10,2.7850125000000014,0.514807388344461,1.0618467783222056
2020-03-11,2.7708027777777797,0.5376305827889055,0.9095666394333165
2020-03-12,2.762394444444446,0.4949600272333499,0.9276455283222054
2020-03-13,2.7582430555555573,0.49662098788149794,0.9441359565629464
2020-03-14,2.755670833333335,0.47570971473334994,0.3156194519333169
2020-03-15,2.754606944444446,0.5283973073259426,0.2346624148962796
2020-03-16,2.756359722222224,0.5651246105666834,0.19618233387776085
2020-03-17,2.760773611111113,0.5455026776963129,0.2107237111925756
2020-03-18,2.767218055555557,0.5103209184370536,0.0607943593407243
2020-03-19,2.7785388888888907,0.43731462214075734,0.12181315563702055
2020-03-20,2.7938986111111133,0.42783646241853507,-0.026401740196312973
2020-03-21,2.8116722222222243,0.41578625408520165,-0.028791809640757227
2020-03-22,2.833033333333335,0.3136183952889055,0.04934827137776182
2020-03-23,2.858473611111113,0.33642587214075753,0.0011005167481319966
2020-03-24,2.887859722222224,0.28234751565927585,0.021792762118502118
2020-03-25,2.9193902777777794,0.2558598420481646,0.027416546840724365
2020-03-26,2.952988888888891,0.29264128880742396,-0.1879635110296461
2020-03-27,2.986500000000002,0.32368025871483147,-0.6758469253814983
2020-03-28,3.015109722222224,0.3322542401963129,-1.184363962418535
2020-03-29,3.03656527777778,0.3316346568629795,-1.0325332679740906
2020-03-30,3.053984722222224,0.24482230732594254,-0.9041403628814981
2020-03-31,3.069511111111113,0.11616522399260916,-0.8773430017703869
2020-04-01,3.081873611111113,0.022069471677794328,-1.2622764161222388
2020-04-02,3.086233333333335,-0.1206328315629463,-1.163600501770387
2020-04-03,3.0817902777777797,-0.18902258850739087,-1.0961010226037204
2020-04-04,3.072036111111113,-0.2039141047110945,-1.2201220064000164
2020-04-05,3.0616694444444463,-0.27291434776665,-1.2090884300111278
2020-04-06,3.0535152777777794,-0.3051572181370204,-1.2036913929740907
2020-04-07,3.047431944444446,-0.2999337806370204,-1.2148314971407574
2020-04-08,3.045837500000002,-0.33445717184072404,-1.2957136614926092
2020-04-09,3.0481819444444467,-0.44370401211850197,-2.099144598992609
2020-04-10,3.050879166666669,-0.4828114426740575,-2.0654010573259427
2020-04-11,3.051358333333335,-0.46414806304442785,-2.222876936955572
2020-04-12,3.0500527777777795,-0.5173540352666499,-2.196365409177794
2020-04-13,3.044275000000002,-0.4947984681370205,-2.087809865196313
2020-04-14,3.034534722222224,-0.5233943940629464,-2.049473661492609
2020-04-15,3.0245958333333354,-0.5328582945259094,-2.030070872140757
2020-04-16,3.0144833333333354,-0.4915492435999834,-2.0612674230666834
2020-04-17,3.004472222222224,-0.41680228758146504,-2.1260032679740903
2020-04-18,2.9953513888888907,-0.4217763385073909,-2.107575050381498
2020-04-19,2.9871694444444463,-0.46663122276665014,-2.051871555011128
2020-04-20,2.9797069444444464,-0.4026943130444278,-2.07634596473335
2020-04-21,2.972813888888891,-0.3639181787851685,-2.0935623767703873
2020-04-22,2.966172222222224,-0.3776845560999835,-2.0731543327889055
2020-04-23,2.958313888888891,-0.3483911764703538,-2.094589379085202
2020-04-24,2.949147222222224,-0.2895741162851687,-2.154906439270387
2020-04-25,2.939376388888891,-0.31731783156294635,-2.107391890659276
2020-04-26,2.9279736111111134,-0.2966407135073909,-1.9283328976037204
2020-04-27,2.917219444444447,-0.29173550517405755,-1.8704839392703876
2020-04-28,2.9110722222222245,-0.23469192878516856,-1.7240469601037207
2020-04-29,2.9095444444444465,-0.14897896582220566,-1.9045654786222388
2020-04-30,2.9095930555555576,-0.06844585239627972,-1.6408138698259427
2020-05-01,2.9077833333333354,-0.01862322508146481,-1.3221601082518688
2020-05-02,2.909331944444447,-0.03530623434072408,-0.7963590434370541
2020-05-03,2.9193597222222243,-0.029864046840724114,-0.8088290087148318
2020-05-04,2.9343180555555577,-0.06775380378516854,-0.6328975851037202
2020-05-05,2.946647222222224,0.03105302233589053,-0.3293669112247795
2020-05-06,2.9545513888888912,0.0305050310594902,-0.32338975328171304
2020-05-07,2.960138888888891,0.03686623399796589,-0.3353384562201886
2020-05-08,2.9607041666666687,0.06685749891991248,-0.3658949989199128
2020-05-09,2.9529069444444467,0.08326047183084001,-0.33483408294195155
2020-05-10,2.938337500000002,0.11941637173901258,0.2369127949276542
2020-05-11,2.924184722222224,0.1470528386811614,0.4574291057632829
2020-05-12,2.911375000000002,0.18256469588960944,0.678393637443724
2020-05-13,2.900804166666669,0.18891858707418244,0.7582772462591504
2020-05-14,2.892804166666669,0.17629473491623948,0.8809010984170936
2020-05-15,2.884663888888891,0.15251257238180407,0.9408235387293068
2020-05-16,2.8769597222222245,0.07848643601816786,1.1788871750929426
2020-05-17,2.8706666666666685,-0.0004612682977183022,1.2644612682977185
2020-05-18,2.8648430555555575,0.040701587533319324,1.2247886902444585
2020-05-19,2.858173611111113,0.04912748285012372,1.2186989060387652
2020-05-20,2.8506944444444464,0.025421261546175113,1.2138842940093801
2020-05-21,2.842647222222224,0.020818678901546983,1.2118674322095637
2020-05-22,2.8348069444444466,-0.02905082293500033,1.2695772118238886
2020-05-23,2.8279791666666685,-0.05023497123619397,1.6082558045695265
2020-05-24,2.8219819444444463,-0.09321372467972029,1.657231780235275
2020-05-25,2.8176541666666686,-0.09599717279725936,1.6543430061305928
2020-05-26,2.8164041666666684,-0.05596561861911424,1.4272281186191145
2020-05-27,2.818409722222224,-0.036045669124164875,1.3533026135686097
2020-05-28,2.820484722222224,-0.05386257683766328,1.002044521282108
2020-05-29,2.8205805555555576,-0.1373418008964328,1.076427912007544
2020-05-30,2.8204236111111127,-0.1732937866631913,0.7705368422187472
2020-05-31,2.8228291666666685,-0.1762693720626403,0.4044402053959737
2020-06-01,2.8268819444444464,-0.12374578390837038,-0.1634694938694075
2020-06-02,2.829797222222224,-0.15041892440423824,-0.14271163115131721
2020-06-03,2.8346652777777797,-0.1636749390966165,-0.21299033868116163
2020-06-04,2.8445652777777797,-0.14779169759064778,0.30822641981287024
2020-06-05,2.857587500000002,-0.09885666545107002,0.2556024987844034
2020-06-06,2.8710361111111125,-0.06195531099744281,0.6925858665529995
2020-06-07,2.885018055555557,-0.08742179400938063,1.294070405120492
2020-06-08,2.903280555555557,-0.14205875452361366,1.686111532301392
2020-06-09,2.9253472222222237,-0.1620991356071766,1.5597519133849551
2020-06-10,2.945768055555557,-0.16617248271461468,1.453071093825726
2020-06-11,2.9648388888888904,-0.15237648868339332,1.2675375997945049
2020-06-12,2.9837000000000016,-0.1598384377192059,1.0341384377192067
2020-06-13,3.0022777777777794,-0.17182070355942644,1.0125429257816492
2020-06-14,3.0220111111111128,-0.1790689703179204,0.996724525873476
2020-06-15,3.0423027777777794,-0.134339849564936,0.7777037384538255
2020-06-16,3.0611805555555573,-0.09532976003325565,0.9434825378110336
2020-06-17,3.0800625000000013,-0.05826592853646957,1.0288700952031364
2020-06-18,3.1014083333333353,-0.014703061227011285,1.190294727893678
2020-06-19,3.1245888888888906,-0.04287351577246585,1.2942846268835773
2020-06-20,3.148115277777779,0.022996169718810612,1.2458885525034118
2020-06-21,3.1711222222222237,0.06259709947087659,1.2052806783069023
2020-06-22,3.1930388888888905,0.10803479460402632,0.8279263165070854
2020-06-23,3.2145291666666687,0.11858051315315392,0.7958903201801797
2020-06-24,3.2353027777777794,0.11405079552230005,0.7796464266999228
2020-06-25,3.2543513888888906,0.026241635742685704,0.8937403087017587
2020-06-26,3.2723986111111127,-0.00823790971185972,0.9781726319340824
2020-06-27,3.2894069444444463,-0.045008949656763206,1.2089353385456518
2020-06-28,3.3046527777777794,0.04795500810264902,1.4520588807862393
2020-06-29,3.3214263888888906,0.12849352968207972,1.411080081429032
2020-06-30,3.350140277777779,0.17538977623855362,1.3354699459836696
2020-07-01,3.3895027777777793,0.27971549937904944,1.4234483895098402
2020-07-02,3.429706944444446,0.3635488212339622,1.5057442343215939
2020-07-03,3.4672402777777793,0.4040260939612349,1.3607336282609879
2020-07-04,3.4982750000000014,0.3788453891862119,0.3932129441471227
2020-07-05,3.5248569444444455,0.37963133510372027,0.34317838711850246
2020-07-06,3.5511486111111124,0.33544477260372035,-0.12526005038149796
2020-07-07,3.577465277777779,0.3643367749185351,-0.7704687193629793
2020-07-08,3.6047430555555566,0.514807388344461,-1.3435504439000157
2020-07-09,3.630491666666668,0.5376305827889055,-1.8611222494555717
2020-07-10,3.6528000000000014,0.4949600272333499,-1.4484266939000163
2020-07-11,3.6729222222222235,0.49662098788149794,-1.5592098767703866
2020-07-12,3.691516666666668,0.47570971473334994,-1.5685597147333499
2020-07-13,3.708993055555557,0.5283973073259426,-1.691390362881498
2020-07-14,3.7245694444444455,0.5651246105666834,-1.75402738834446
2020-07-15,3.7382736111111123,0.5455026776963129,-1.6337762888074234
2020-07-16,3.7511319444444458,0.5103209184370536,-1.5664528628814978
2020-07-17,3.762743055555557,0.43731462214075734,-1.616724344362979
2020-07-18,3.7717763888888904,0.42783646241853507,-1.8506128513074236
2020-07-19,3.7789986111111125,0.41578625408520165,-1.9447848651963122
2020-07-20,3.785873611111113,0.3136183952889055,-1.8861586730666828
2020-07-21,3.792972222222224,0.33642587214075753,-1.8323980943629796
2020-07-22,3.7992444444444464,0.28234751565927585,-1.6292586267703872
2020-07-23,3.804201388888891,0.2558598420481646,-1.557061230937054
2020-07-24,3.8089375000000016,0.29264128880742396,-1.3829121221407572
2020-07-25,3.814768055555557,0.32368025871483147,-1.4651149809370538
2020-07-26,3.8239652777777793,0.3322542401963129,-1.5508861846407571
2020-07-27,3.841269444444446,0.3316346568629795,-1.7815707679740906
2020-07-28,3.864484722222224,0.24482230732594254,-1.7473070295481645
2020-07-29,3.8854041666666683,0.11616522399260916,-1.6982360573259425
2020-07-30,3.894634722222224,0.022069471677794328,-1.4927041939000167
2020-07-31,3.893759722222224,-0.1206328315629463,-1.580793557325942
2020-08-01,3.8918250000000016,-0.18902258850739087,-1.5968024114926087
2020-08-02,3.8914263888888905,-0.2039141047110945,-1.180512284177794
2020-08-03,3.912234722222224,-0.27291434776665,-0.5426537077889051
2020-08-04,3.957736111111113,-0.3051572181370204,-0.4995788929740907
2020-08-05,4.0097263888888905,-0.2999337806370204,-0.5577926082518683
2020-08-06,4.060712500000001,-0.33445717184072404,-0.574255328159275
2020-08-07,4.1081680555555575,-0.44370401211850197,-0.5124640434370537
2020-08-08,4.155050000000002,-0.4828114426740575,-0.5202385573259425
2020-08-09,4.202959722222223,-0.46414806304442785,-1.1228116591777935
2020-08-10,4.251879166666669,-0.5173540352666499,-1.0728584647333503
2020-08-11,4.302944444444447,-0.4947984681370205,-1.145145976307424
2020-08-12,4.3558013888888905,-0.5233943940629464,-1.1134069948259424
2020-08-13,4.408955555555558,-0.5328582945259094,-0.9357639276963129
2020-08-14,4.462769444444446,-0.4915492435999834,-1.118220200844461
2020-08-15,4.516301388888891,-0.41680228758146504,-1.4984991013074245
2020-08-16,4.569229166666669,-0.4217763385073909,-1.2891194948259428
2020-08-17,4.621626388888891,-0.46663122276665014,-0.9556618327889058
2020-08-18,4.672761111111113,-0.4026943130444278,-0.9367334647333496
2020-08-19,4.723312500000002,-0.3639181787851685,-1.0303943212148319
2020-08-20,4.77343888888889,-0.3776845560999835,-1.1724209994555712
2020-08-21,4.824297222222224,-0.3483911764703538,-1.4085727124185348
2020-08-22,4.8760777777777795,-0.2895741162851687,-1.476170328159276
2020-08-23,4.928786111111113,-0.31731783156294635,-1.7168016128814985
2020-08-24,4.984105555555558,-0.2966407135073909,-1.7927981753814985
2020-08-25,5.038659722222224,-0.29173550517405755,-1.8522575503814986
2020-08-26,5.087087500000003,-0.23469192878516856,-1.957728904548166
2020-08-27,5.134687500000002,-0.14897896582220566,-2.4130418675111276
2020-08-28,5.184975000000001,-0.06844585239627972,-1.6071958142703864
2020-08-29,5.234344444444446,-0.01862322508146481,0.9336121139703537
2020-08-30,5.282306944444446,-0.03530623434072408,1.6953326232296124
2020-08-31,5.328694444444446,-0.029864046840724114,1.566169602396279
2020-09-01,5.373122222222224,-0.06775380378516854,1.151964914896279
2020-09-02,5.398650000000002,0.03105302233589053,0.44329697766410975
2020-09-03,5.401245833333335,0.0305050310594902,0.3849158022738429
2020-09-04,5.398558333333336,0.03686623399796589,0.38124209933536674
2020-09-05,5.398566666666668,0.06685749891991248,0.35724250108008676
2020-09-06,5.401711111111112,0.08326047183084001,0.6020284170580494
2020-09-07,5.406958333333335,0.11941637173901258,0.5622919615943213
2020-09-08,5.412384722222224,0.1470528386811614,0.5292291057632834
2020-09-09,5.4165486111111125,0.18256469588960944,0.4425533596659459
2020-09-10,5.420541666666669,0.18891858707418244,0.431873079592484
2020-09-11,5.423994444444446,0.17629473491623948,0.3507108206393158
2020-09-12,5.427488888888891,0.15251257238180407,0.1353318720626396
2020-09-13,5.430545833333335,0.07848643601816786,0.1769677306484987
2020-09-14,5.432930555555558,-0.0004612682977183022,0.23653071274216186
2020-09-15,5.434673611111113,0.040701587533319324,-0.09270853197776419
2020-09-16,5.437043055555558,0.04912748285012372,-0.4445038717390125
2020-09-17,5.441043055555557,0.025421261546175113,-0.5587976504350638
2020-09-18,5.445754166666668,0.020818678901546983,-0.5589061789015466
2020-09-19,5.450269444444446,-0.02905082293500033,-0.47455195484277773
2020-09-20,5.4542333333333355,-0.05023497123619397,-0.38399836209714017
2020-09-21,5.457888888888891,-0.09321372467972029,-0.4230084975425025
2020-09-22,5.459484722222224,-0.09599717279725936,-0.406487549424963
2020-09-23,5.45730277777778,-0.05596561861911424,-0.3953371591586649
2020-09-24,5.453520833333336,-0.036045669124164875,0.10719150245749656
2020-09-25,5.449516666666669,-0.05386257683766328,1.137012576837663
2020-09-26,5.440666666666669,-0.1373418008964328,1.264008467563099
2020-09-27,5.42765277777778,-0.1732937866631913,0.37630767555207945
2020-09-28,5.4143000000000026,-0.1762693720626403,-2.1846972946040273
2020-09-29,5.400808333333336,-0.12374578390837038,-2.94972921609163
2020-09-30,5.388112500000002,-0.15041892440423824,-2.953026908929095
2020-10-01,5.374105555555557,-0.1636749390966165,-2.5960972831256055
2020-10-02,5.356644444444447,-0.14779169759064778,2.63381391981287
2020-10-03,5.337291666666669,-0.09885666545107002,3.858564998784404
2020-10-04,5.316905555555557,-0.06195531099744281,4.641716422108554
2020-10-05,5.299912500000001,-0.08742179400938063,4.720842627342715
2020-10-06,5.294297222222224,-0.14205875452361366,4.842761532301391
2020-10-07,5.298619444444446,-0.1620991356071766,4.890479691162733
2020-10-08,5.309847222222224,-0.16617248271461468,4.883325260492393
2020-10-09,5.325873611111113,-0.15237648868339332,4.852836210905616
2020-10-10,5.343256944444446,-0.1598384377192059,4.983914826608096
2020-10-11,5.361026388888891,-0.17182070355942644,5.030127648003872
2020-10-12,5.377752777777779,-0.1790689703179204,5.021649525873477
2020-10-13,5.394775000000002,-0.134339849564936,4.959898182898271
2020-10-14,5.4140152777777795,-0.09532976003325565,4.903647815588811
2020-10-15,5.433262500000001,-0.05826592853646957,5.065336761869803
2020-10-16,5.449870833333335,-0.014703061227011285,5.0274988945603445
2020-10-17,5.464209722222224,-0.04287351577246585,5.041330460216911
2020-10-18,5.477863888888891,0.022996169718810612,4.961806608058968
2020-10-19,5.49197638888889,0.06259709947087659,4.869093178306903
2020-10-20,5.50675138888889,0.10803479460402632,4.735547149840419
2020-10-21,5.521530555555557,0.11858051315315392,4.694888931291291
2020-10-22,5.538105555555557,0.11405079552230005,4.920843648922145
2020-10-23,5.556694444444446,0.026241635742685704,5.42406391981287
2020-10-24,5.575693055555558,-0.00823790971185972,4.93521152082297
2020-10-25,5.5957194444444465,-0.045008949656763206,4.264956171878984
2020-10-26,5.618333333333335,0.04795500810264902,5.200044991897351
2020-10-27,5.63902638888889,0.12849352968207972,5.100813414762365
2020-10-28,5.644947222222225,0.17538977623855362,4.881996334872557
2020-10-29,5.636775000000002,0.27971549937904944,4.8458428339542845
2020-10-30,5.625755555555557,0.3635488212339622,4.773028956543817
2020-10-31,5.616798611111113,0.4040260939612349,4.410508628260986
2020-11-01,5.611334722222224,0.3788453891862119,-0.7925134447417671
2020-11-02,,0.37963133510372027,
2020-11-03,,0.33544477260372035,
2020-11-04,,0.3643367749185351,
2020-11-05,,0.514807388344461,
2020-11-06,,0.5376305827889055,
2020-11-07,,0.4949600272333499,
2020-11-08,,0.49662098788149794,
2020-11-09,,0.47570971473334994,
2020-11-10,,0.5283973073259426,
2020-11-11,,0.5651246105666834,
2020-11-12,,0.5455026776963129,
2020-11-13,,0.5103209184370536,
2020-11-14,,0.43731462214075734,
2020-11-15,,0.42783646241853507,
2020-11-16,,0.41578625408520165,
2020-11-17,,0.3136183952889055,
2020-11-18,,0.33642587214075753,
2020-11-19,,0.28234751565927585,
2020-11-20,,0.2558598420481646,
2020-11-21,,0.29264128880742396,
2020-11-22,,0.32368025871483147,
2020-11-23,,0.3322542401963129,
2020-11-24,,0.3316346568629795,
2020-11-25,,0.24482230732594254,
2020-11-26,,0.11616522399260916,
2020-11-27,,0.022069471677794328,
2020-11-28,,-0.1206328315629463,
2020-11-29,,-0.18902258850739087,
2020-11-30,,-0.2039141047110945,
2020-12-01,,-0.27291434776665,
2020-12-02,,-0.3051572181370204,
2020-12-03,,-0.2999337806370204,
2020-12-04,,-0.33445717184072404,
2020-12-05,,-0.44370401211850197,
2020-12-06,,-0.4828114426740575,
2020-12-07,,-0.46414806304442785,
2020-12-08,,-0.5173540352666499,
2020-12-09,,-0.4947984681370205,
2020-12-10,,-0.5233943940629464,
2020-12-11,,-0.5328582945259094,
2020-12-12,,-0.4915492435999834,
2020-12-13,,-0.41680228758146504,
2020-12-14,,-0.4217763385073909,
2020-12-15,,-0.46663122276665014,
2020-12-16,,-0.4026943130444278,
2020-12-17,,-0.3639181787851685,
2020-12-18,,-0.3776845560999835,
2020-12-19,,-0.3483911764703538,
2020-12-20,,-0.2895741162851687,
2020-12-21,,-0.31731783156294635,
2020-12-22,,-0.2966407135073909,
2020-12-23,,-0.29173550517405755,
2020-12-24,,-0.23469192878516856,
2020-12-25,,-0.14897896582220566,
2020-12-26,,-0.06844585239627972,
2020-12-27,,-0.01862322508146481,
2020-12-28,,-0.03530623434072408,
2020-12-29,,-0.029864046840724114,
2020-12-30,,-0.06775380378516854,
2020-12-31,,0.03105302233589053,
